0ffffa13100000d280000468cd6d520e4
0ffffa50b000012ed00003cf2d6d5fcdc
0ffffa17a00000ef60000447bd6d40bd5
0ffffa2ad0000109f000041a0d6d703d1
0ffff9f4b00000b2900004a72d6d528e0
0ffffa12d00000ca600004710dfdb3eef
0ffff9fcf00000cfe0000481edad519d1
0ffffa1ec00000e8200004479d6d719e0
0ffffa32b000011b100004012d6d5f5ca
0ffffa3d6000011030000400fd2d703dc
0ffffa12b00000c6500004752d6d72fef
0ffffa13700000deb000045c6d6d919d9
0ffffa3da0000118500003f8bd2d5fcd9
0ffff9fd500000dc100004758d2d0fcc6
0ffff9f760000092800004c3fd6d245fe
0ffff9d16000006990000512fdfd762fa
0ffff9fbf00000af600004a2edfd43eef
0ffffa1af00000e3a000044fedad520e4
0ffffa34c00000e6b00004329dadb36fa
0ffff9f0c00000aa000004b39dad736e4
0ffffa53a0000116e00003e3bd6db19ef
0ffffa0bb00000d1a00004712dfd72fe4
0ffff9b810000076c000051fcd6ce28d1
0ffffa762000013ef00003996e3db12e4
0ffffa26800000f530000432dd6de19d9
0ffffa6770000145c00003a16d6d9fce0
0ffffa39b000010fc00004052dfd919e0
0ffffa22500000e4800004478d6d720e7
0ffffa2a100000f190000432cd6d519e7
0ffffa2a90000101d00004224d6d90bd5
0ffffa4540000121500003e81d6d903d9
0ffffa5ba000012c100003c6bdfd719ef
0ffff9b340000051c00005491d2d74ce7
0ffff9be70000057200005386d6d554f2
0ffffa4540000121500003e81d6d703dc
0ffffa2e200000fe300004223d6d20be0
0ffffa31500000ee6000042e8d6d420f2
0ffff9e1a000009c100004d0bd2d528dc
0ffffa1fa00001049000042abd6d4fcca
0ffffa2a100000f190000432cd6d719e4
0ffffa0f800000d620000468ddad420e0
0ffffb2630000185b00002a1fdad4c9ce
0ffff9fd300000d800000479ad6d40bca
0ffffa3da0000118500003f8be7d920e0
0ffffa13300000d690000464adfde36e4
0ffffa50f0000136f00003c6edad5fcd9
0ffff9ecd00000a1700004c00d6d936e4
0ffffa10200000ea700004543d6d50bd1
0ffffa07600000bce0000489fd6d72feb
0ffffa26800000f530000432dd6d512e0
1fffff132000022d5ffffe05a09110b2a
1ffffed1e00002246ffffe50d0d0d0b14
1fffffd8100001b94ffffdb200d140326
1fffffc3b000017b2ffffe04e0504c9f2
1000002630000172effffda920d0fed17
1fffff39d00001d40ffffe380050dedfa
1fffff0ff00001fe3ffffe38311111210
1ffffddfd00001e1ffffff874f8f8d0dc
1fffff3fc00002107ffffdf56050ff51b
1ffffe89700001f48ffffec9d0902e6e7
1ffffeb3800002197ffffe7acf8fbb3e0
1ffffeb6700002122ffffe7ed0d08fc01
1fffff377000020caffffe019f804c105
1fffffb2700001a0effffdf0b0911f509
1ffffdf7700001efbfffff61905fdf5f6
1ffffed7000002347ffffe3b7090b031f
1fffff27000001b50ffffe69d0d0dfcf6
1ffffe6d6000020dbffffecccf806e6fe
200001920000005f7ffffd4b80d0dc10c
1ffffe942000021c5ffffe975fc02d7f6
1000000d9000013ccffffdf871a120b01
1ffffea21000022fdffffe75c0504ed09
200001738000007dfffffd4c00d14d710
1fffff59400001e5fffffe0620011ed09
1ffffed48000022e7ffffe4410509f514
1ffffef33000022c6ffffe270090bfc1b
10000029a000017bdffffd9cb0912ed22
100000e7000000ea7ffffd6e01616fc1f
1fffff82100001b4cffffe0de0d0df505
1ffffdf59000020b1fffff483f8fbdffa
1ffffe9a6000021e4ffffe8f2fc00d0f2
1ffffe6c80000216effffec4bf8ffd0f2
1ffffe717000021a5ffffebc30002e6fe
200001a2e000005e9ffffd3b61118e605
1fffff25800001994ffffe86e0d0dfcef
1ffffe89000001ecdffffed19110d1905
1fffff7fa00001e4dffffde030d11031f
1000009480000124fffffd872050bc910
1ffffe49f00001e64fffff17c0506fcf6
1fffff27700001da6ffffe4430504d7f2
1fffff32700001d32ffffe406000bdff2
1fffff2cd00001f1cffffe276090ffc09
1ffffeb3300002267ffffe6de0004dffe
1ffffe0cc00001f70fffff450f8f8c9e0
1ffffef7a00001f5affffe5970508e6f6
1ffffe4b100001e53fffff1790008fcfa
1ffffe90e00001fdfffffeb8b0508f5fa
1ffffec21000022c4ffffe5900509f50c
1ffffd9e800001ea9fffffc07fcf2d7e4
1ffffea29000020d6ffffe9790506edfa
200004138ffffe7dfffffca2837281210
2000027ecfffffaebffffd0c31e18e6fe
20000371affffefbdffffcc8d2726fc2d
20000281efffffb79ffffd0041a21f510
2000039c6ffffed91ffffcc032b24fc17
2000048dcffffe2bbffffc78e2733fc40
2000014780000042bffffdb41160dd7dc
20000374cfffff04bffffcbce1a2df535
200003be0ffffec37ffffcb3c1a24d71f
2000034e8fffff16fffffcd15372a2831
20000165c0000087bffffd50322180b17
200002afafffff89dffffcff81e1be614
200002cb2fffff765ffffcf72271ffc22
2000031a8fffff32fffffce9f2216d7fa
200003a0effffec89ffffccc03318edfe
200002866fffffa71ffffd0c12f1b0b14
2000020c4000000d3ffffd21e1a1ffc17
200002ee6fffff6f1ffffcdad2b343643
200006874ffffca63ffffbfdb2f38df43
200002772fffffb65ffffd0c50d16c105
2000032cefffff2c9ffffcddc2f230b26
200002189fffffe40ffffd3e92214edf6
200004d40ffffdf57ffffc67e2234ed43
200001c9000000387ffffd3ac1a14e610
20000275afffffbbdffffd0862723121f
20000241cfffffebbffffd0d31a280b31
2000015fa0000089dffffd5441a12ed0c
200000f4400000c43ffffd86e1a14fc09
200003964ffffedb3ffffcc442721ed14
200001d0c0000044bffffd26d1124fc31
200003aecffffed2bffffcb401e2aed38
200001d6e00000429ffffd22c222f364b
200003dc8ffffea4fffffcb342b21ed14
20000116600000cb1ffffd5d60d18ed10
2000023a2ffffff35ffffd0d50921df09
20000436affffe62dffffc9a02f2afc43
200002e08fffff64fffffcf2d33211910
200001d3c0000039bffffd2eb1a1f0314
100000b8900000df4ffffda861a12fc05
2000025bafffffc9dffffd14b271d0326
200003902ffffedd5ffffcc853321031f
20000264cfffffbcbffffd1882f180326
2000027ecfffffaebffffd0c31e18e6fe
200003794ffffef43ffffcc8b2f260b22
2000037acffffeeebffffccca3723121f
200002dbefffff619ffffcfad2f1afc1f
200002beefffff7a9ffffcff41e16d710
20000215600000001ffffd25b221afc17
2000023b3fffffd9effffd2592f1d190c
2000015c6000006fdffffd71b1a18fc01
0ffff8909fffff54b000076a480808080
0ffff9bd900001298000046a4ff808080
0ffff9bdb000012d90000466200808080
1ffffce2100002130000005867f808080
0ffffba9400000be700002e3b80ff8080
200001648fffffb10ffffe28affff8080
2000017a0fffffa3bffffe20300ff8080
20000a784ffff9513ffffb52a7fff8080
0ffffbb3300000c0d00002d7580008080
2000017dbfffffa42ffffe1c0ff008080
200001931fffff92cffffe17b00008080
20000a8daffff93fdffffb4e57f008080
20000615affffd34dffffbe3d807f8080
20000e87cffff6d1bffff9b56ff7f8080
20000e9d2ffff6c05ffff9b11007f8080
200016b6cffff052bffff7e727f7f8080
0ffff7714ffffdd680000a0718080ff80
0ffff89abfffffaef00007072ff80ff80
0ffff89e6fffffaf60000702f0080ff80
0ffff9e67000017d300003eeb7f80ff80
0ffff926dfffffbf90000668080ffff80
0ffffcc7000000b9100001c9cffffff80
0ffffcd0f00000bb700001bd600ffff80
2000054aeffffc8f1ffffd55a7fffff80
0ffff92a8fffffc000000663d8000ff80
0ffffcd7100000b9500001b95ff00ff80
0ffffce0e00000b7a00001b110000ff80
2000056a1ffffc7c0ffffd4917f00ff80
200000a65fffff12dfffff844807fff80
200009e68ffffa203ffffb194ff7fff80
200009ff9ffffa0f4ffffb10c007fff80
20001266affff3aadffff8eee7f7fff80
0ffff76d9ffffdd610000a0b480800080
0ffff89a9fffffaae000070b4ff800080
0ffff89abfffffaef0000707200800080
0ffff9e03000017b400003f6e7f800080
0ffff9230fffffbb10000670580ff0080
0ffffcc6e00000b5000001cdeffff0080
0ffffccd200000b6f00001c5b00ff0080
200005434ffffc96bffffd55c7fff0080
0ffff926dfffffbf90000668080000080
0ffffcd0d00000b7600001c18ff000080
0ffffcd7100000b9500001b9500000080
2000055c5ffffc85cffffd4d47f000080
2000009aefffff15ffffff8cb807f0080
200009deeffffa27dffffb196ff7f0080
200009f44ffffa167ffffb151007f0080
2000125f0ffff3b27ffff8ef07f7f0080
0ffff64e4ffffc57e0000ca8180807f80
0ffff777bffffe30500009a82ff807f80
0ffff77b6ffffe30c00009a3f00807f80
0ffff8a4d0000009300006a407f807f80
0ffff803dffffe40f0000909080ff7f80
0ffffa284fffffbe30000566affff7f80
0ffffa323fffffc09000055a400ff7f80
0fffffd2effffec9900000a3c7fff7f80
0ffff8078ffffe4160000904d80007f80
0ffffa385fffffbe700005563ff007f80
0ffffa422fffffbcc000054df00007f80
0ffffff23ffffeba9000009317f007f80
0ffffd22dffffefcb0000324e807f7f80
2000046e8ffffc5abffffe676ff7f7f80
20000487bffffc4ddffffe5ac007f7f80
20000dc52ffff701dffffa4a87f7f7f80
0ffff9d16000006990000512f808080ff
1ffffafe6000023e60000212fff8080ff
1ffffafe800002427000020ed008080ff
1ffffd75000002b2bfffff22c7f8080ff
1ffffca4400001ed400000b8f80ff80ff
2000019ca000004cdffffd534ffff80ff
200001aa600000431ffffd4f100ff80ff
200009cbaffff9cddffffb8507fff80ff
1ffffcaa800001ef300000b0c800080ff
200001b080000040fffffd4b0ff0080ff
200001bfc0000031bffffd4ac000080ff
200009df8ffff9c1fffffb7cc7f0080ff
200005b9effffdc39ffffbb1d807f80ff
20000ddb2ffff74e5ffff9e7cff7f80ff
20000de8effff7449ffff9e39007f80ff
2000160a2ffff0cf5ffff81987f7f80ff
0ffff8b23ffffeef700007aba8080ffff
0ffff9db800000c3d00004afdff80ffff
0ffff9df500000c8500004a780080ffff
1ffffb08a000029cb00001abb7f80ffff
0ffffa67a00000d470000410b80ffffff
1ffffdc2000001e7efffff9f0ffffffff
1ffffdc8400001e9dfffff96d00ffffff
20000573effffd2d9ffffc8ce7fffffff
0ffffa6b700000d8f000040868000ffff
1ffffdce600001e7bfffff92cff00ffff
1ffffdd8500001ea1fffff8660000ffff
2000058f6ffffd1a1ffffc8487f00ffff
20000132e00000abfffffd5f7807fffff
200009836ffffaae1ffffaefaff7fffff
20000998cffffa9cbffffaeb5007fffff
200011b26ffff42f1ffff92167f7fffff
0ffff8ae6ffffeeaf00007b3f808000ff
0ffff9db600000bfc00004b3fff8000ff
0ffff9db800000c3d00004afd008000ff
1ffffb0880000298a00001afd7f8000ff
0ffffa67800000d060000414d80ff00ff
1ffffdbe500001e77fffffa33ffff00ff
1ffffdc8200001e5cfffff9af00ff00ff
20000573effffd2d9ffffc8ce7fff00ff
0ffffa67a00000d470000410b800000ff
1ffffdce400001e3afffff96eff0000ff
1ffffdce600001e7bfffff92c000000ff
20000587cffffd21bffffc84a7f0000ff
2000012b200000af8ffffd63b807f00ff
200009836ffffaae1ffffaefaff7f00ff
200009912ffffaa45ffffaeb7007f00ff
200011b26ffff42f1ffff92167f7f00ff
0ffff78f3ffffd70d0000a4ca80807fff
0ffff8b88fffff4530000750dff807fff
0ffff8bc5fffff49b0000748800807fff
0ffff9e5a000011e1000044cb7f807fff
0ffff944afffff55d00006b1b80ff7fff
0ffffb23400000ed0000033beffff7fff
0ffffb29800000eef0000333b00ff7fff
10000063200000632ffffe7ac7fff7fff
0ffff9487fffff5a500006a9680007fff
0ffffb2fa00000ecd000032faff007fff
0ffffb39900000ef30000323400007fff
2000007ec0000053bffffe6e47f007fff
0ffffe1a2000002b100000fe5807f7fff
200004fecffffdf44ffffc3e6ff7f7fff
200005144ffffde6fffffc35f007f7fff
20000d5aaffff78edffffa2947f7f7fff
0ffff9d53000006e1000050aa80808000
1ffffb0230000242e000020aaff808000
1ffffb0250000246f0000206800808000
1ffffd72900002b54fffff22a7f808000
1ffffca4600001f1500000b4d80ff8000
20000195000000547ffffd536ffff8000
200001aa600000431ffffd4f100ff8000
200009c40ffff9d57ffffb8527fff8000
1ffffcae500001f3b00000a8780008000
200001aa600000431ffffd4f1ff008000
200001bfc0000031bffffd4ac00008000
200009d96ffff9c41ffffb80d7f008000
200005b9effffdc39ffffbb1d807f8000
20000dd38ffff755fffff9e7eff7f8000
20000de8effff7449ffff9e39007f8000
200016028ffff0d6fffff819a7f7f8000
0ffff8b5effffeefe00007a778080ff00
0ffff9df500000c8500004a78ff80ff00
0ffff9e3000000c8c00004a350080ff00
1ffffb0c700002a1300001a367f80ff00
0ffffa6b700000d8f0000408680ffff00
1ffffdc2200001ebffffff9aeffffff00
1ffffdcc100001ee5fffff8e800ffff00
20000573effffd2d9ffffc8ce7fffff00
0ffffa6f200000d96000040438000ff00
1ffffdd2300001ec3fffff8a7ff00ff00
1ffffddc000001ea8fffff8230000ff00
2000058f6ffffd1a1ffffc8487f00ff00
20000136b00000b07ffffd572807fff00
200009836ffffaae1ffffaefaff7fff00
20000998cffffa9cbffffaeb5007fff00
200011b26ffff42f1ffff92167f7fff00
0ffff8b23ffffeef700007aba80800000
0ffff9df300000c4400004abaff800000
0ffff9df500000c8500004a7800800000
1ffffb0c5000029d200001a787f800000
0ffffa67a00000d470000410b80ff0000
1ffffdc2000001e7efffff9f0ffff0000
1ffffdc8400001e9dfffff96d00ff0000
2000056c4ffffd353ffffc8d07fff0000
0ffffa6b700000d8f0000408680000000
1ffffdcbf00001ea4fffff92aff000000
1ffffdd2300001ec3fffff8a700000000
20000581affffd23dffffc88b7f000000
2000012b400000b39ffffd5f9807f0000
2000097bcffffab5bffffaefcff7f0000
200009912ffffaa45ffffaeb7007f0000
200011aacffff436bffff92187f7f0000
0ffff792effffd7140000a48780807f00
0ffff8bc5fffff49b00007488ff807f00
0ffff8c00fffff4a20000744500807f00
0ffff9e9700001229000044467f807f00
0ffff9487fffff5a500006a9680ff7f00
0ffffb23600000f110000337cffff7f00
0ffffb2d500000f37000032b600ff7f00
10000063400000673ffffe76a7fff7f00
0ffff94c2fffff5ac00006a5380007f00
0ffffb33700000f1500003275ff007f00
0ffffb3d400000efa000031f100007f00
20000082900000583ffffe65f7f007f00
0ffffe1df000002f900000f60807f7f00
200004feeffffdf85ffffc3a4ff7f7f00
200005181ffffdeb7ffffc2da007f7f00
20000d5aaffff78edffffa2947f7f7f00
0ffffb1600000182f00002b358080807f
1ffffc41a000032b1fffffe0bff80807f
1ffffc41a000032b1fffffe0b0080807f
1ffffd5f200002d25fffff18e7f80807f
1ffffd28000002e57fffff3d780ff807f
200000e8600000d11ffffd85cffff807f
200000f6200000c75ffffd81900ff807f
200009176ffffa521ffffbb787fff807f
1ffffd2e200002e35fffff3968000807f
200000fc400000c53ffffd7d8ff00807f
2000010b800000b5fffffd7d40000807f
2000092b4ffffa463ffffbaf47f00807f
20000505affffe47dffffbe45807f807f
20000d26effff7d29ffffa1a4ff7f807f
20000d34affff7c8dffffa161007f807f
20001555effff1539ffff84c07f7f807f
0ffff9f6d0000008d000054c08080ff7f
0ffffb20200001dd300002503ff80ff7f
0ffffb23f00001e1b0000247e0080ff7f
1ffffc490000032bffffffd857f80ff7f
1ffffbac400001edd00001b1180ffff7f
1ffffe3ba0000285dffffe86affffff7f
1ffffe41c0000283bffffe82900ffff7f
200004bfaffffdb1dffffcbf67fffff7f
1ffffbb0100001f2500001a8c8000ff7f
1ffffe47e00002819ffffe7e8ff00ff7f
1ffffe4e0000027f7ffffe7a70000ff7f
200004db2ffffd9e5ffffcb707f00ff7f
100000b58000019ffffffcec1807fff7f
200008cf2ffffb325ffffb222ff7fff7f
200008e48ffffb20fffffb1dd007fff7f
200010fe2ffff4b35ffff953e7f7fff7f
0ffff9f3000000045000055458080007f
0ffffb20000001d9200002545ff80007f
0ffffb20200001dd3000025030080007f
1ffffc490000032bffffffd857f80007f
1ffffbac200001e9c00001b5380ff007f
1ffffe3ba0000285dffffe86affff007f
1ffffe41c0000283bffffe82900ff007f
200004bfaffffdb1dffffcbf67fff007f
1ffffbac400001edd00001b118000007f
1ffffe47e00002819ffffe7e8ff00007f
1ffffe47e00002819ffffe7e80000007f
200004d38ffffda5fffffcb727f00007f
100000ade00001a79ffffcec3807f007f
200008cf2ffffb325ffffb222ff7f007f
200008dceffffb289ffffb1df007f007f
200010fe2ffff4b35ffff953e7f7f007f
0ffff8d3dffffe8a300007ed080807f7f
0ffff9fd2000005e900004f13ff807f7f
0ffffa00f0000063100004e8e00807f7f
1ffffb2a40000237700001ed17f807f7f
0ffffa894000006f30000452180ff7f7f
1ffffc1e6000021fe000010d0ffff7f7f
1ffffc24a0000221d0000104d00ff7f7f
10000067e00001119ffffdc747fff7f7f
0ffffa8d10000073b0000449c80007f7f
1ffffc2ac000021fb0000100cff007f7f
1ffffc34b0000222100000f4600007f7f
10000083600000fe1ffffdbee7f007f7f
1fffff154000015dfffffecf7807f7f7f
200004776ffffe921ffffc2a0ff7f7f7f
2000048ccffffe80bffffc25b007f7f7f
20000ca66ffff8131ffffa5bc7f7f7f7f
0ffffabfb000000af00004806b2287dd6
2000069b3ffffc47effffc47d4926eca9
2000072deffffc3f9ffffbbb90549ab4a
2000057d3ffffcea2ffffcc85334632a3
0ffffae51000015cc000030ac9fe1fe3b
0ffffa7f8000010ff00003bdddb840661
0ffffa22d00000f4c000043700dc15502
200006306ffffd051ffffbf7349587b1a
0ffffa00000000bc000004925f1da57ee
0ffff97640000009c00005ce1c6d84dda
0ffffa11900000a1c000049a4b1db1cfb
0ffffad300000166c00003135e38d1179
1ffffcb5300002af1fffffe75c1e6b54a
200003ad1ffffe638ffffd2570e2ee1ac
1fffffa7700000fc3ffffe9f3a155ecd4
200008a06ffffac69ffffbbcc76465db6
20000b96affff8f2dffffa8fc5b795c0f
0ffff9044fffff8ef00006bb183ceeda2
0ffff9eb4ffffff740000569189d65c51
1fffff4f400002263ffffdcfdc51cb123
0ffff815dffffeac5000088d0a688fe92
1ffffbe8a000031050000055b3b85e376
200008838ffffaedfffffbb20611cb346
20000afeeffff90e9ffffb0d16e29b012
200005076ffffe39dffffbf08b37ef6dc
1ffffeb00000025d7ffffe39747e70874
1fffffc9400000ee0ffffe8aaaf72540a
1ffffb97e00002241000019079de3d159
0ffff9a090000047700005664a699ccea
2000008a2fffff4b6fffff6954c2174b8
10000021000001d87ffffd49ad15a446a
200002538ffffecebffffe18057e1b58e
200006e8bffffc31affffc1013d5e62c7
10000075c00000a23ffffe29152136509
1ffffb197000026a100001cc63190ce0c
20000126a0000066dffffdb0566e0e76a
1ffffbc4100003028000008955b82a501
0ffffd4b800000a6900001560b61dcc84
2000037f4ffffede3ffffcd8756224538
0ffffb17400001ab9000028a1baeb113a
0ffffa29a000006bf00004b6b9ad5383b
200002f2afffff5b2ffffceb1c15be5d1
200008038ffffb7dfffffba443331bcc0
0ffffac850000171a00003138ac9bac39
2000046c2ffffcc5cffffe001593c7090
20000a8f8ffff975fffffb16d7439fce3
20000d9f2ffff7365ffffa3bf5658aa72
0ffffafc3000017fe00002d0ae3f16a51
0ffff9f9200000cb6000048a3c8b2dfdc
0ffffa625000018e0000035f8228ceef3
0ffffd02d0000023500002212e53b7bb2
1ffffd71800002cbffffff0cb19b78a45
0ffffb22900001b5000002754d6af0a6f
0ffff8f7cfffffd6500006819fdc75a97
1ffffc57c000032dbfffffc7926868e78
1ffffc19c00001e0500001519f8f23832
0ffff9726fffff8bd000064df89851d57
1ffffdaea0000258cfffff42a6de6783d
0ffffa02b000009bf00004af2b6f935de
200002276fffffbe1ffffd54f54f4ed17
20000c696ffff8501ffffa5cc2a69ce97
0ffffe8d8fffffe0a00000d55a06a388f
20001012cffff54abffff9aaf67558431
1fffff9e000001165ffffe8e8b35e28f7
0ffffa76800000da400003fbdc2047429
20000809affffb7bdffffba032838a543
20000ef9effff6379ffff9db250589c8e
1fffffc4200001595ffffe25162baac0b
1ffffc10700002fcc00000406d8bba35f
20000784dffffbeecffffbb4bea5ab68f
20000d3d4ffff76c3ffffa69263449d43
1ffffb85d000022e10000199010d7687f
0ffffdbfbffffff3a0000191eaa59479e
20000b03cffff939bffffadd75247e29d
20000a9c4ffff9c13ffffabf72f7628d1
0ffff9120fffff70300006cb594f34ebc
200002f04fffffa53ffffca35f85f486c
1ffffe47e00002819ffffe7e8cb0dd65c
0ffffa658000008f60000456d8df24c49
0ffff94defffff93a000066b798e258f0
1ffffe01600002901ffffeb72669b835a
1fffffe44000011e3ffffe3f79d703211
1fffffab200002065ffffd92eee4a666b
1ffffb8f000002e1400000df53a8cc731
0ffff9a440000047e0000562198e0eeb6
20000f310ffff6247ffff9b69617801e7
2000054faffffd89dffffc56045301352
2000066d2ffffca05ffffc1dd3b19b8b6
0ffffa88900000d0400003f348e144823
0ffffadb200001fc600002793328f9096
2000052e3ffffdbeaffffc439fb3fcbc5
20000ae9affff933dffffafd979430840
20000abc0ffff9757ffffaea86f5747c6
0ffff98640000034200005941f7823a17
2000074c8ffffc34fffffba74145cf17e
1ffffeb6600001fe1ffffe91cc02bf72c
20000a854ffff9c43ffffad3a43703bed
0ffff984e0000007700005c179595d2fa
2000071baffffc59dffffbb3f1a5304d5
1ffffda8a00002b8dffffee825da19e6a
0ffffad0c000020c7000027292e8fe80b
0ffffad9a000014f40000323bc8ad1c73
200001fb4fffff16bffffe29a59ecdfa0
0ffffb28800001fe90000226d3abc7563
1ffffccf8000021d4000005ddfaf82c3f
0ffffbac000000d9a00002c578709b5af
1ffffd947000014c10000067e1d0e51e7
0ffffb3940000190b00002829f3f97546
200008a24ffffaf73ffffb89e5134db24
200007007ffffc126ffffc16f544952c6
20000266affffff2dffffce1009423418
1ffffdbd5000022defffff5c6822de865
200002de2fffffa31ffffcb7cc540aadc
20000bbc2ffff8695ffffaf237a1585c0
1ffffba2e000029ac00001107d9c2ae33
1fffff9e80000161bffffe43b3c1d6f24
0ffffa8f400001323000038c1ca8cdc46
1ffffcea2000020e900000515c903fa36
0ffff9575fffff6020000694885c55e33
200009cc0ffffa0c3ffffb4744c46f690
20000b97cffff8b1bffffacf2793e00a1
1ffffc207000032720000006608b0c768
100000a8000000dd7ffffdba561f21e6c
1ffffb3710000264900001b4252a20604
0ffffa239000010d2000041e40cba38f3
200009370ffffae67ffffb04b027d041c
1ffffd21700002860fffffa3b2ddd213e
0ffffc490000004c300002b37a13228b8
200004860ffffd0e7ffffd9e3760b2184
1ffffc7fd0000209200000c3855ca2ef7
0ffff9da6000009f400004d4f04973c10
0ffffedcffffff4ba0000119bfe4b7c87
200003c84ffffe4d3ffffd1fe0f16a19d
0ffff7b0bffffdf6500009a72aaa479af
200006360ffffcb37ffffc4266410eed4
200005ba4ffffd0b3ffffc6815a09c825
200005496ffffd781ffffc6de4215d2f3
0ffff89f2ffffed8f00007d5388ef6cbb
0ffff9de300000a3c00004ccaf29a2005
20000d6ccffff760bffffa44b4a539c0b
0ffff89ddfffff25b000078b0d0974dd3
1ffffc722000029760000042bd6ddc43d
200005e1cffffcd13ffffc7a924199a91
200006dd2ffffc9c5ffffbb10076009ea
0ffffb04f0000095e00003b13f20573da
2000065b6ffffd0a1ffffbc6f2077707f
0ffffbeae0000061200002fe2e41448aa
0ffffb44800001d150000236dded1356d
1ffffe44b00001472fffffbadc827ecd2
20000a372ffff9da5ffffb0c64f50f916
1ffffc063000022a7000011cd08c3bee7
1ffffc2b50000245900000da29e080576
0ffffb39500000e71000032b8c7042ee6
100000c5600001001ffffd7a73a1e5059
200007748ffffc44fffffb6f2d075b957
1ffffbfcb0000271100000de9dae90f66
1ffffbeb40000276d00000ea1aaeae172
100000058000011daffffe1e6bd76722a
0ffff84e4ffffed7700008291968ceda2
1ffffb48900002ccc000013b45882ca0a
20000b566ffff9131ffffab08526520ef
200005902ffffd915ffffc0daea53bc7d
2000033bdfffff21fffffcda3af58b5b7
20000787affffbc1dffffbddc421fa713
20000868effffb8c9ffffb2fbda7ac433
10000069a0000133dffffda3931081233
1ffffc1b40000250d00000e06d8dfd82e
0ffffb22100001a4c0000285cd6fb5c52
100000c42000012d5ffffd4eecd2aab35
0ffffe73c0000065a000006a887682dd2
1ffffecd000002447ffffe35052e41745
200005f7bffffcc6bffffc6f4f07e45b6
0ffffa536000010ec00003ebfe587f634
0ffff8b1ffffffd6200006c8e36a05f81
2000049faffffd7d9ffffd14c6c1123bf
2000086a2ffffb5f5ffffb5b44b707561
0ffff9f9200000cb6000048a3af8292f0
0ffffa1eb000019bb0000397a7480e581
1ffffb95b000029e1000011c75987a5cd
1ffffba810000226d000017f145c23819
1ffffec880000254fffffe293d40cb472
1ffffcde400002b71fffffb62fae2fb5a
200006b0effffcc49ffffbb5bde61b542
20000d40cffff7b0bffffa21c1c719e0f
1ffffbb9400002a5800000ef126bc2c6e
0ffffa5c700000c070000431f29cc399a
1ffffb4570000267300001a26f29a9718
200007a1cffffbc7bffffbbda473cfa2d
0ffffc82a00000efb00001d7cfe0532c1
0ffffa1f3000007ef00004aea83e90805
0ffffc3d700000b8900002545010540b3
0ffffa0e3000003410000509aa7a04376
0ffff83b6fffff3e700007d6f298d6a82
0ffffa02b000009bf00004af2a1cae9ec
1fffff8f400001de3ffffdd6b25070e49
200005856ffffd37dffffc728dd50b58b
1000000f3000004b8ffffee717cfa73e8
0ffffa49a00000c0b0000442bff89667a
1ffffe98900002040ffffea988433bc2e
1ffffe0e100002750ffffec5ffed583fd
200005f14ffffce43ffffc57547069b02
2000044d0ffffe600ffffc86faa78e6c0
20000125800000a7fffffd70f46164078
1ffffcdbb00001b6900000b8ed8e084a9
1ffffcd1600002291000004f1b0182978
0ffffc803fffffcf300002f829046288d
1fffff85800001f6affffdc82b7502a57
20000c956ffff8001ffffa7fb4b4d9f36
200005348ffffdd8fffffc22f1f5d5235
20000053f000000b8ffffee08b055f2ae
0ffffaf5000001fc8000025d502b9ed0d
1000001e600001b96ffffd6adc45c3b3e
20000b2d0ffff91c7ffffad0e4a4cd2da
200008694ffffb67bffffb54025724acc
0ffffa0c20000068700004d8394f53102
0ffffa0310000196f00003b7c3182a188
2000012e8ffffffbbffffe13960c6a0c8
0ffffd98bfffff44d000026688d7a738b
0ffffb25200001cd8000025ce74a327c7
0ffffd10bfffffee800002480f436748d
1ffffc8da00001a62000011816cd562e5
20000318affffecf5ffffd4f07ef31ef4
1ffffbf3900002b3b00000a7b7a9e1917
20000bbf8ffff899fffffabea5d3fc8aa
20000695bffffbef2ffffca607f141a9e
1ffffb3b40000282500001921519e1225
1ffffb89400002266000019d19cbb9f5d
20000109c000006bbffffdc9e0f17eadc
1fffffddc00001483ffffe1d62203f6f7
0ffff9b5300000195000057ead0b06030
1ffffe63f00001f5fffffeed9a61289e8
2000045d2ffffd8c9ffffd48b7ce2caa8
20000ef56ffff6481ffff9cf5727b187b
20000b598ffff91bfffffaa4944731d4d
200008d8fffffb032ffffb47722794abb
0ffff9ecc0000116d000044c927950ed1
0ffffa4e8000015f200003a1d34aa40fb
1ffffd21e00002e79fffff4182ba78965
200000f9200000bc5ffffd89728ffd639
1ffffba5c00002096000019c99a020c6c
2000040d6ffffe27dffffcff647406de2
1ffffe3a9000012b1fffffe17bf19a999
0ffffac3500001c9700002c353aa4e4bb
20000d622ffff7735ffffa3cf565bdaa9
10000079a000019bdffffd2c7db65697d
2000070dcffffc4fbffffbcbf344a111e
1ffffeb00000025d7ffffe397bf12b446
1fffff80400002153ffffdaf5de320a62
0ffff9289ffffff87000062e41a9f74de
0ffffa873000019260000335a02a4eafc
100000e1000001007ffffd5e4182c2f7c
200004ef8ffffde1fffffc5f81730d212
0ffffbeab000019d300001c596fc044c9
0ffff8e8cfffffcc7000069a9148549c6
200001d5200000205ffffd467260bdc30
20000445dffffe1d8ffffcd0109168ca6
200009940ffffa857ffffb0724c797d07
1ffffc3330000287d0000092244c93f47
20000fc08ffff5acfffff99c75870c11a
1ffffca86000020f800000924fd0a7a74
200010562ffff5335ffff97e46067b6b0
0ffffa8e000001f8600002ca5318fc6cf
20000805affffbdbdffffb452ca78ac33
0ffffc7150000054600002837d31d2493
0ffff9244fffffe3b00006471d9b32bbc
1ffffcd2a00002b58fffffc4667c34242
2000099ccffffa3f7ffffb44149551da2
20000673cffffcedbffffbca818654000
1fffff5de00001b39ffffe32a49c08f4c
200007596ffffc061ffffbc96fa56cc98
1ffffc1cc00001c3e000016ac8ef99cf9
20000afc0ffff92d7ffffaf167d4e2667
1ffffce1400002a62fffffc520ac097fa
0ffff96c0000009a4000054a53aa545a8
1fffff0be000023d9ffffdfc81305f661
200003cffffffdf32ffffd7225d182db3
1ffffb57c00002655000019193daf334a
0ffffb5ecfffffecb00003feb9327148c
20000b96affff8f2dffffa8fc4a7336cb
20000bf70ffff8c27ffffa5ea0075af90
200007b00ffffb7cbffffbf9d580ead96
1ffffd510000027dffffff7cd61a6afd8
200006187ffffc0f6ffffd05256455b91
0ffffb468000019e5000026a048b1fdb1
0ffffc2a70000045400002d9cdc1d45a1
2000078b0ffffbf27ffffbaa337501536
1ffffdfe6000029b1ffffeaf43dd2f350
1ffffdbf0000024f9fffff3bf57d40cf6
2000076beffffbad9ffffc0dc7501bbee
20000656effffd1a9ffffbbb2bd649210
2000034cefffff089ffffce132e1bea47
1ffffcd82000015cc0000116861d2229d
0ffff88effffff1fe000079fe9aa6fda4
20000a650ffff9c07ffffaf7d224b98ef
0ffffa90d00000ed900003ce0a0d51d46
0ffffa60200001be500003323658f2de9
200003f48ffffe4cfffffcf2453e79cd2
1ffffea3a00000b26fffffef0d73c1db3
1fffffdf9000006f9ffffef21c0684ee3
1fffff1430000185effffeab368b6baeb
0ffffacdd00002246000025e0088180e2
20000dd16ffff6f81ffffa4707349b074
0ffffac090000164900003284e2dd402f
0ffff96400000085100005675db91a98c
200002db6fffff121ffffd4a160d9a40b
1ffffd60200002b31fffff37917bb8d14
1fffff6850000203dffffdd8aa739d122
1ffffbac9000026f600001314d6aeca6e
1fffff1e400002373ffffdf05e820fc72
200003ac6fffff411ffffc491ad72eef3
200006e40ffffbc53ffffc8096b18f992
200006d0affffc78dffffbe0c2e43f634
0ffff8eedfffff2b4000073308dba3cf3
0ffffc93a0000089f000022b4f62273ce
0ffff9e7d00000edc000047a04c9d76ff
0ffff9034fffff6e700006dc1e28f7217
0ffffaa2100001409000036ace7f26423
1ffffd71800002cbffffff0cb58b7f45b
0ffffaa3800000f7e00003b0da4e1324c
0ffffb913000010ff00002a959d234a2a
0ffff8b51fffff4ce000074cc83a8c996
0ffff925bfffff9b0000068d2aade49c8
1ffffe9da0000263dffffe45aedfdbf5a
20000bd3effff8dd9ffffa672087ac6cf
0ffffc92a000014cc000016b7fdeef1b8
0ffff935ffffffcd8000064aeadc615bd
20000ff2effff5829ffff993b6073cd3b
0ffffa1dd0000052400004dc09cda5245
0ffff85d0ffffed930000818589b60894
200001e90fffff1a5ffffe381591e65d3
0ffffb51efffffb7000004406834251af
1ffffefb900000c55fffff82cbc5e50ee
0ffffd11800000b4900001823a422d39d
200004564ffffe033ffffcd8e53e690c7
200000e2500000534ffffe09c77fd620c
2000034bdffffec9cffffd21c1030f4c4
200006768ffffcbafffffbfa0263fe14e
200000800fffff942fffff2abd0572aad
0ffff9e9e00000b9600004ab720955919
1fffff73800001fcfffffdd481b25523e
20000c5b6ffff834dffffa8645f71478d
1fffff5d4ffffffccfffffe8bf823008c
0ffffa2a100000f190000432ccf99da07
200007f34ffffbe23ffffb515f6790b04
1ffffcf5900001dac000007b45bd022d4
200007dbeffffba99ffffba0f2e40d607
200001c8effffefb5ffffe77a1119d987
20000bb84ffff8dd3ffffa83537700da1
20000c36affff83edffffaa0f5543a51a
0ffffa216000013d700003f0f6983711a
0ffffafd300001a0600002afaee931076
0ffff84a9ffffed70000082d4acbe388c
0ffff99a2fffffeda00005c538bf93ee4
0ffffb0210000150000002f9c9405314e
1ffffc8780000319bfffffab648a2dc67
1ffffcf2700001dc2000007a9981bf13b
0ffffaccf00001d5400002ad314b7ebe1
0ffffaf3600001c7b0000292f4c9b7f73
0ffffb15100001dbe000025ccb9dcd014
0ffffb1250000182800002b788bb3b85f
0ffffa2300000083700004a659e0e52fe
1ffffb674000027f7000016814fb5494a
200000031fffffe9dfffff532847d14ad
0ffffbcd600000ac000002cf684487e39
200008906ffffb4d1ffffb46df062a33c
0ffff9560000009bb000055f5388013a7
2000054b0ffffd867ffffc5e0622e4f13
2000018ee00000569ffffd5770804963a
0ffff9e79000001ae000054b8f7f26ca1
0ffffa50000000a11000045b58107280f
1ffffe8090000184bfffff403d144613f
1ffffcc5500002782000000ddcde9c335
0ffffa0dd0000116b000042b00f85f4f2
1ffffd71800002cbffffff0cb30c1d159
0ffffc6f7000016d3000016e8e3efd8c4
0ffffc09b00001155000022b48c15dce3
1ffffe3580000287fffffe8ab18ce8d66
1ffffedae000024e9ffffe1d0a535e37c
200001934fffffec8ffffdbdedd1d92a1
1ffffd88d000018f70000031b53d90fbb
20000347effffe715ffffd7d77c0035d7
20000a97cffff9d1bffffab3a0175d1c1
200009412ffffa845ffffb5bb393aa64a
200008ce9ffffadd0ffffb77d1f55e68f
20000699effffc0edffffc827643239a7
0ffff8838fffff12600007b8dcf9849c5
1ffffe938000023abffffe79a27f4f90c
2000087f8ffffb4dfffffb56ffe53a4e4
0ffffa6c4000016ac00003781c39a8ce5
2000042a6ffffe671ffffca225e336d4f
0ffffe9be0000002a00000a5ae43c308c
200004a19ffffd8ecffffd0212e24e69d
0ffffa58a00000ca90000429b809ba934
20000b6d6ffff9101ffffa9c512609bce
20000d762ffff77b5ffffa20e5f7b2c32
0ffffb6d20000110d00002cfa3fc91a91
20000429affffee3dffffc2758c6d8e17
0ffffd698fffff71a000026979073759f
1ffffb4f2000023bd00001c33e5b5ca32
0ffff7467ffffd8890000a7f6a0987197
0ffff9f5500000c6e0000492806862219
2000025f5fffff720ffffd695242e2ae1
0ffffb2f200001e7100002373d194c661
0ffff8f78fffffce30000689deebb43a1
1000008de00000d79ffffdda73fd1875a
1000003da0000183dffffd80acd1a8a4a
0ffffafba00001e50000026db04af0935
0fffffbdcfffff4f40000032e9f732b85
1ffffb0660000253900001f5f63912320
0ffffb72efffff6e9000046749749739c
200008650ffffb0c7ffffbb285d1ebf06
1ffffbcfb000025d6000012297e8bd1b7
2000079ccffffb88bffffc0117f08d517
20000b4eaffff906dffffac472f478fd0
200006d82ffffb555ffffcfc857577886
1fffff9b400001b23ffffdf634cf0106a
2000086e4ffffb133ffffba28662af6ea
1ffffcceb000023c1000003fab6ffdd40
200007152ffffc205ffffbf373825a562
1ffffd65400002d03fffff14d3fadac5a
1ffffd2ea000011e500000fb1962ae9e5
20000580affffd78dffffc3582336f0e8
1ffffc67a00003215fffffc401ea29f53
1000005cf00001572ffffd8ddd125b6f3
1ffffd61800001a4200000424cf2b5a4c
20000e7e6ffff6b71ffff9d933179ac55
1ffffd9c600002bd1ffffef04bdf29b66
0ffff8f11fffff74600006e8c87d000a5
1ffffb7f1000029840000138b688fdfed
200006f20ffffc3b7ffffbfbf3022954c
0ffffe1d0fffffbdc0000168b8c7a69b7
0ffff8489ffffe960000086f4be8564ef
200004db5ffffe1e0ffffc386025418ec
1fffffb63000005cafffff30203fdaa88
200008796ffffb501ffffb5b01b58ebda
0ffffaea50000064d00003fd6d8f7138e
20000d09effff7eb9ffffa1ebfe7482b9
0ffff9966000006290000555fdbb412cf
1ffffb918000029a70000123c4f96caef
200002b18fffffbffffffcc80c23a8844
0ffff87deffffe5b90000872781947437
200001833fffff99affffe1fe5dc896ae
1ffffca890000272e0000031539bfe500
200010cf0ffff4fa7ffff93ce297f80cb
20000ccf8ffff7e1fffffa6304b5ec163
1ffffdb0400001b75fffffe07f31a482c
0ffffb1db0000184500002adb719dfc87
1ffffef7a00002070ffffe4699249025c
1ffffc5540000327bfffffd03599ef872
20000b85cffff8f3bffffa9fe526b2ce7
200005cb5ffffcce8ffffc9434c2f1cb5
1ffffbb020000211e000018ba08caea00
2000038d8fffff23fffffc850da50d948
1ffffcf5e0000186100000cee10e1d2a9
0ffffbe0500001497000022068222122a
2000022f6ffffff21ffffd1963b28493d
0fffffbe1fffffac4fffffd7b73e52c93
0ffffaf0100001d37000028acb5bb9804
1ffffcc8600002fc5fffff8750aae863d
0ffff98870000003d00005c16b8bd32fa
1ffffeaf6000011c1fffff7bb76afc2a0
0ffffa912000016f2000034e39bc082dc
20000a434ffff9c23ffffb1813f35a0a6
1ffffc35900001ca8000014cb46ca1bda
0ffff9b50000008aa000050f5b4e4f0a0
200003548fffff00fffffce11451a1a11
1ffffd0c6000016f400000ce513f71ad4
200003e04fffff113ffffc444b96ff01d
0ffffaa350000169300003418e7cf1f15
0ffffaaf0000017ed00003205edcf1f14
20000831cffffb9fbffffb544f063c7b6
200005c4fffffcabaffffcbd9683050b9
200000eeb00000ce0ffffd832974ca6d3
0ffff9f5900000cf0000048a41f904917
200004a68ffffe4afffffc410095c3a1f
200007e38ffffba1fffffba0d4248083d
1ffffe3ce00001c99fffff416040b09f4
200006d40ffffca97ffffbad3f25ddfc9
0ffff8fe3fffff415000070da900a7bc2
200004bb2ffffde43ffffc92db77e01bb
0ffffadf90000198d00002d54bb9eb539
1ffffd997000023cffffff72a8f078315
1fffff04a0000168fffffed76f23c500d
0ffffbe6600000a5200002bf3ee083eb8
1ffffde4000001b47fffffaf19522bb00
0ffff9bf400000e8f00004a81faa6d9a2
1ffffc07400001d59000016f4eae7fd0a
1ffffff080000144fffffe0c96bd1e96c
200005a61ffffd474ffffc40f673a7203
20000bb9cffff8d7bffffa874436e1bb1
1fffff1c40000201bffffe282dd1dda02
0ffffac2c0000134400003559c19e0973
1ffffc7d9000025810000076de9cfa0f9
200006d26ffffc9b1ffffbbd1df4e841d
10000022400001ab3ffffd753e8340469
0ffffa5e10000103e00003ebc8da99909
1ffffc3df000032aafffffe4e3b9dd46b
0ffffa1110000091800004aac85849d28
200010c0effff4c89ffff97c87f63ba72
0ffffa3f00000145000003cb5e79bc3e1
0ffffac3900001c6100002c54e09eae05
1ffffe24f000025d5ffffec6622fc2e3c
1ffffc74800001e5900000f3130b5a095
0ffffb1e800001a860000285d9f9bad69
20000f172ffff6465ffff9af125768ee2
200007d6cffffb56bffffbf836efe96fe
1fffff74000002197ffffdb779b3ec06a
0ffff9fa5000007a900004d88d79b373d
0ffffb2d400001aa200002751eacb557e
0ffffa06b000011df000042b228810ff6
0ffffb0d300001cac0000275aeed3283b
0ffff9ea100000481000051ac9ed52e15
200005565ffffd244ffffcb4d70244cd6
0ffff970100000a6e0000539c2b8108b2
2000095a0ffffa873ffffb3fe4c511fb2
1fffff74e00001b09ffffe1e76ad71034
1ffffd82800002b17fffff1653eaea11d
1ffffbfd800002ea50000065dc3bb804b
0ffffd8c500000a7d00001129bc3c33cf
1ffffb6e500001fec00001df8bbcaed67
20000be7affff8bddffffa72b527b57b0
1ffffb0a30000258100001eda79974a28
0ffff9a5100000d9b00004d1c5c8254dc
0ffffa241000011d6000040dcdfbee4cc
1ffffdd4a000029bdffffed8e73a8d024
200007230ffffc2a7ffffbdb73d3bed54
200006e40ffffc1d7ffffc27c5c009dd4
0ffff89dbfffff21a000078f2baf37992
0ffff87cdffffeb070000820086a034e8
1ffffd23c000011c900001082b31dedd3
20000453cffffe607ffffc7f7da3da0b8
1ffffc41500001ea4000011f9e2fd313f
2000020a6fffffd71ffffd5963ff3c231
1ffffee990000247cffffe150fc10043c
200008d6affffb16dffffb35d2a713435
1ffffc204000021d1000010ed22e55947
200009b9cffffa23bffffb41f5c38e7d2
0ffff9eae00000d9e000048a7f2d124c3
0ffffe46d0000050900000acca2665ada
0ffff9a0b00000316000057ce0be16899
20000630affffd2cdffffbcf9ee68f835
200002345fffffcacffffd3c220374202
1ffffdfdf00002042fffff47a74c816ea
1ffffd71800002cbffffff0cb48aeb86b
0ffff8e03fffff2d9000073faabb75cf2
0ffff97f8000004790000587dc28fd5d9
0ffff8ce7fffffb9200006c860bb25e9b
1ffffbea70000279f00000e9d35b3e90b
0ffff84dcffffec7300008399be9646bf
0ffffb66d00000a2800003420f50970da
0ffffa934000011c2000039f000d51dc9
20000478affffe1c6ffffc9eba8598a89
1ffffba9300002f0800000b5a0e86802c
200005e0affffd0cdffffc3fd4221e001
1fffffeed0000010cfffff413a56107ac
1ffffddfc00002a5bffffec3924c6af32
1ffffe34600000bf40000052ec927d585
1ffffffde00001839ffffdc1bac3cbaeb
2000098d6ffffa381ffffb5a7482490ce
1ffffd77400002967fffff3d23fc1d212
0ffffa9dc000012bd00003839d5b3224c
200001e21fffff9c4ffffdbd452ecdad6
0ffff9ccd000004cb000053408dabd200
20000d4caffff770dffffa5515c51b727
0ffffab37000000da000048bb17f56f83
200008bdcffffae3bffffb8186c40254e
1ffffd11b00002c92fffff70d46ca1d50
0ffffb23b00001d9900002502d4ccfe3f
200004dd2ffffd901ffffcc48fc2fa58d
0ffffa2be00000b51000046c7bad9290a
20000f806ffff5e11ffff9a966e790b1b
2000094aeffffada9ffffafc7de7db266
1ffffe75500001e7affffeeadcc048cc9
20000bd68ffff896fffffaaa77e5c4221
2000087b2ffffb725ffffb375dd67a9a7
0ffffaa5300001d7400002d48478db393
0ffff9984000009f800005181b1bc9d83
2000021faffffebbdffffe5e5a666df8b
1ffffe0480000298fffffeab36eacc843
0ffffa51b0000091a000046a0a1faf9b7
0ffffa62f00000b380000435eab920872
200007cacffffb82bffffbd8b6e20f700
1fffff08800001831ffffeb8fd44a5632
0ffffc12d000014f100001e92b700e0df
20000af60ffff9437ffffae1a4b4cd01b
2000049a8ffffe76fffffc218ab659d48
200005b76ffffd2a1ffffc4c65126053e
200004e64ffffddb3ffffc6f8372ffc76
2000019a3fffff7deffffe245a150ab93
1ffffbce600002de600000a2e5091b9fe
20000b1f0ffff8fe7ffffafcb5b298eeb
1ffffde6c00001f54fffff6bead19cf1b
20000e708ffff6acfffff9f135967dec5
200005f00ffffd117ffffc2bc1125881a
1ffffdbea000021dcfffff6d438ed290d
0ffff709dffffd4cc0000af8091935b80
200003082ffffeb0dffffd7ed26f78a97
1ffffd8d500001d2dfffffe8a200b6a31
200007266ffffc5b1ffffba7eef50acc4
0ffff8e09fffff39c000073349bd34bcb
1ffffbbea00001fe7000019085ac86119
1fffffb94000014baffffe3ed46105b17
0ffff74b4ffffdad90000a561a88d5689
1ffffbe3d00002eb5000007f02198e978
1ffffcc1a00001de100000ac24fd01edc
1ffffd47d0000262dfffff9f935f1645d
1ffffe0aa0000296dffffea722ec29877
20000b408ffff8d4fffffb04171209ce1
20000715cffffc83bffffb906c36a896e
0ffff8fb4fffff59400006f9183bd0fd5
0ffffb2540000194f0000292197e8f449
1ffffb56b00002ba3000013f23e81bc1c
0ffff8f6f000003350000626e5e967699
0ffff9f1e000010cc0000451f18aee083
1fffffd9c00000f75ffffe724d80e8ca9
2000025c600000411ffffc9ddb9752459
200006f7cffffbfdbffffc33577f5b5b0
200003d7cffffe8dbffffccf1651b4438
200002b6efffff469ffffd3ad5ff3e168
20000d1a2ffff7875ffffa71a7444cdf7
200001e88ffffff7fffffd5b4641c7c2d
0ffffaee0000022d7000023466aa84c13
1ffffbec200002de8000008354abf4d75
1ffffee10000024c7ffffe18fa62fd36a
1ffffda8a00002b8dffffee8259a29c62
2000050e8ffffe12fffffc0fcda6bf271
1fffff3e400002133ffffdf3c2901067e
1ffffe10c000010c4000002839c595a2e
0ffffa7bc0000184e000034e9f48dbffc
1ffffe0d300001d91fffff62327002cfd
2000047b0ffffdf67ffffcc0872040e14
200003bd0fffff187ffffc609e6673413
0ffff8ca9fffff3b300007484d0a468ec
0ffffa7fc0000118100003b59d4f45113
20000fa52ffff5d45ffff99104178b7e9
1ffffd7dc00002c7bfffff04970bc276a
0ffff94c7fffffdc500006256ecab6e01
0ffff924bfffff7a800006ae2c2945420
20000aa94ffff9403ffffb3226d1b8554
0ffffaf5000001a4300002b49eee02a18
0ffff979efffff90c0000641798903e5a
200009920ffffa3b7ffffb527442b99df
1ffffee3300001c24ffffea0bbb22b6e4
0ffff9f4c000012c0000042f9458321e2
20000c1e8ffff882fffffa75c145f85e4
200001b34fffff4aeffffe3da8e5aa085
0ffff92f9fffffed200006324bcdc1d96
0ffff9fce00001454000040e707add09d
0ffffa24b0000042e00004e4292ff713a
200005b70ffffcee7ffffc87d7ef2d9d0
1ffffe2310000285cffffe9fadcf3ac2c
0ffffa302000013f300003e03f78bcae9
0ffff951efffff57f00006a35941b5a88
1ffffbd33000026ce000010d54ad07764
1ffffe79300000ebcfffffdf8835c17fd
1ffffedc500001ebcffffe7dd9a2caf09
0ffffb169000009cc0000398de3fe40c0
200001f5400000103ffffd3613b1c2577
20000bd9cffff8b3bffffa8ab1c589593
200002cf4fffff2a3ffffd3e656e5b318
1ffffbb8d000030eb000008803093b531
1ffffd0a900002ea8fffff563f7c9aa4e
0ffffab9b0000173f00003202c8c5ef1d
1000002d200001c05ffffd555b142c84a
1ffffe16e00002929ffffe9f044baad31
200004c20ffffe377ffffc38a18625e41
1ffffed48000022e7ffffe441c00983ed
1fffff86000001acbffffe11f0a0beaff
200004bd6ffffe341ffffc40af24ce5fa
200007a7effffbc59ffffbb99734b6f5c
200004f14ffffe043ffffc3bdf343ccde
20000db8effff7009ffffa5746c3e8674
1ffffdbc600002458fffff48b27d2b5d1
0ffffab7a00001a8500002eeb11910532
1ffffb4e4000021f600001e01ee91d664
0ffff98c70000085d000053d6bcabad99
1fffffd5600001941ffffdd9845fe2274
20000ab1affff9afdffffabb2407c4e02
200006294ffffd5c3ffffba819779814b
20000209a0000053dffffcde9a7418510
10000004a00000d85ffffe65647d6bbd2
20000c630ffff82a7ffffa8875854ce47
200013118ffff30bfffff8e0373718868
0ffff90d0fffffbc800006855c1da349b
200007774ffffc123ffffb9ea1251e7c8
1ffffdecb00002718ffffeeb2ccf29109
20000a80cffff9d4bffffac7d2478084d
1ffffd3280000299bfffff7fa67c62c25
200003612fffff385ffffc9d8ea44de32
0ffffab930000163b0000330adee93d1d
200009180ffffab57ffffb5475b552f78
0ffffaf0d00001ebd0000272052845263
200008d48ffffab8fffffb94f5417a18d
2000067e6ffffcdb1ffffbd240b5702e9
0ffffaa3a00000fbf00003acbc4f26f4d
20000d27effff77d9ffffa6d77c48e20b
0ffffa9bc00001d9a00002da908a0bad8
0ffff9fff00001316000041eeec909eb1
1ffffe00b000010c00000038a90574326
1ffffb35a0000216c0000201daccd82f6
1fffffc9400001ac3ffffdcdd15fed142
1000003b000001ca7ffffd3d5ad57f27a
0ffffa5480000133500003c6de7a3f008
0ffffa28100000b090000474cdde56e17
200003c50ffffe08bffffd672c96e0ba6
200008e72ffffada5ffffb6122743a846
0ffffb23300001af3000027b61ad94e18
0ffffbcab00001a3e00001dbf961e3f66
200003eaeffffefe9ffffc4c0a45f9e03
0ffff92ad0000041900005e40f38bdc95
0ffffad6a00001dc9000029bb1a9d0425
20000910cffffaf8bffffb19216741fde
1ffffc39a00002d49000004096e97e104
200006a0effffc5c9ffffc2cd6e18f74c
2000033a7fffff654ffffc980df755b15
0ffff9502fffffdcc0000621392dd05b4
200005040ffffe397ffffbf43926f8422
200001877fffff396ffffe7c466d6c58d
200001cb000000827ffffcef7cb4ae335
20000d20affff7c0dffffa322637748af
0ffffadce00001b8e00002b87218f2b57
1ffffe11500002157fffff20c9a1fc22b
200004068ffffefefffffc2fd89698cd0
1ffffd6f9000026acfffff71439c0b0d3
200005178ffffd063ffffd12279edcf9f
0ffffb0b30000189c00002b7a859a8d5e
100000386000004f2ffffeb9cb528878a
200007932ffffc3a5ffffb5adc074acc9
1ffffcc6f0000207d000007c8dce3ade9
200001fdffffffed0ffffd50ca268e8db
20000fa3affff5d9dffff98d12673839b
1ffffda670000229efffff79e73df6013
1ffffdf84000029d3ffffeb352fbf9966
0ffffa4990000136100003cf4f8d121e0
200001eebfffff650ffffde729b7c0fc8
0ffffb773000010d500002c6282211d1b
0ffffa5c500001b9d000033a81997b8ba
200009026ffffa9f1ffffb8065a2bc33a
2000019dcfffffde3ffffdc0352ce94d3
1fffff36c000022ebffffde01cc108c77
1fffffc6800001defffffd9e505272453
1ffffcc82000029a5fffffea06ec65540
200007c04ffffba93ffffbbd25c3b193e
200007452ffffc645ffffb7fcc16d8776
200006e96ffffc981ffffba8ef466e066
2000057f2ffffd7e5ffffc3191e3cf20a
10000045600001901ffffd6cbf7392876
0ffffebbdffffffef0000089a360b3c90
20000b48effff9449ffffa8d1ed76844b
1ffffca35000022c1000007d233c5e1e2
0ffffc0fc0000018b00003215fb175e8a
0ffffb5a7000019310000260119d425ec
0ffff9da50000025d000054c8841b52e8
200001216fffffc48ffffe583ff300abe
200004cdaffffdcfdffffc9394315cd72
0ffff96d5000004d800005948bb80a7c3
0ffffa8e80000119d00003a4da88ebe48
0ffffa65c0000139800003b0a56b23daf
0ffff95ccfffff99700006569b6a65e31
200001fd0000001c7ffffd22226252325
200001fb1000005deffffce34ee5f5c2b
0fffface30000141c000033cad8bc436d
20000952fffffa562ffffb77a6023c991
2000055a2ffffd389ffffc9cd181b9794
0ffff9a8700000589000054d6cfea46c6
0ffffafcb0000190200002c02e4a51e73
1fffff55600002241ffffdcbcb2219d2a
0ffffbd9200001469000022c7d5e6c3b0
0ffffa45b00000b82000044f288b4ce24
1000004560000192dffffd6a69d3c9aeb
1ffffbb2400002b0d00000eb10daae75d
1ffffb7e000002966000013a511a4d53c
0ffff952c0000032100005ca9ebd33ea3
0ffff98f20000065c000055a3a5b7b7a9
1ffffeffa0000241dffffe04a9923971f
200005cc8ffffd297ffffc38eea6909b0
2000025ecfffffd2bffffd08c1e280666
0ffff8e50fffff52900007165b7b049e1
1ffffe91600002681ffffe4dc28eae76e
0ffffb5cd00001a080000251667b12abe
0ffffb16b00001b6d0000281955b228d4
1ffffe1500000131000000009c13009e4
2000040d2ffffe585ffffcce330048f75
200007e56ffffbd81ffffb6951c72373d
1000009e200001675ffffd3bbe84f4267
200004a00ffffd0a4ffffd87c3b372b8a
0ffffaa5d00001ba700002ef06a896e42
0ffffa04a0000063800004e4bab9f1142
0ffff97020000031800005ad3ffd677ca
20000cb2affff80edffffa53a6c7357c0
200009076ffffade1ffffb3cf55666cf3
1ffffbc09000031bc000007347080d630
200009196ffffa9c1ffffb6c3723825cb
20000f188ffff62cfffff9c6d7c7a2f37
0ffffce7100000cb20000196ef81130b2
0ffffc2f7000011c000001ff4c302e9c7
200001ece00000949ffffcbb6916ac179
200002d9affffda5affffeb7f52224582
1ffffb8ff00001e3300001da348d57a2f
0ffffa3210000106c0000415cdaa6eafd
0ffffa7060000102000003dafd3c23034
20000e0d4ffff6fc3ffffa06a4963c2b5
200007344ffffc653ffffb8fee560c2d4
1ffffca3b00001e1800000c4df40d6c5b
20000076cfffffd81ffffef225fd1c587
1ffffd30e000010f200001081a026e8d7
1ffffe2f00000140bfffffd66923be2ef
1ffffb5390000254a00001a640fbf0331
1ffffc62a00001be0000012b43adb37f3
1ffffdb4e00002b49ffffee0089098279
0ffff9744fffffc8c00006101980562d9
1ffffbffc00002d99000007603a938ee9
1ffffdba300001f7efffff97924ebfae8
200000405fffff0f4fffffef8252d5391
1ffffc17200001a390000190a00f95126
2000055b5ffffd90cffffc43dfb48ddc0
0ffffa333000012b500003f0aef94d8f1
0ffff90bf000001160000632ebd889782
0ffff87d4fffff361000079c1d38819a9
20000595dffffd1d0ffffc7c4e57a31b7
20000c526ffff8531ffffa70f3d5dd681
100000a8900000da8ffffdbd71913fefd
1ffffbeb40000276d00000ea1c4f0107c
0ffff97a1000000e400005c5c8bcee4c2
0ffffacc80000182500002fedf5a72251
1ffffda3600000f6a00000abb825a4c2e
200003d74ffffe3e3ffffd1e572ce8915
1ffffcb7a000025fb0000034802d9df1a
200008de1ffffa97cffffbad6595b59a4
100000858000015bfffffd5fcc423940e
1ffffc55e00002e3b0000012db2dea763
0ffff9d86000005e40000516fb1ed39e5
20000191a0000023dffffd86f38e09114
0ffff8b92fffff598000073c3bdac24ae
2000043f8ffffe2dfffffcc57650f105d
200004670ffffdee7ffffcdc974eed51a
1ffffeb2b000014b7fffff47ac330e8d3
1ffffc65600001cc2000011a6f8ddd3da
20000b130ffff92a7ffffadd3594fe654
2000018d800000cedffffce19976df10d
0ffff944dfffffd3500006360e4975308
10000013b00000f5bffffe38de233fce5
0ffff9ade0000091e000050f7a0ceb094
200005d66ffffd5b1ffffbfcae449a7db
0ffffa7ba00000c32000040e9c4f623d2
0ffffa01600000e8b0000464f2ac57bf7
200002a01fffff990ffffd00426271907
2000040deffffe3edffffce6f4afbbfcd
0ffff927afffff62900006c2bb9bb7d19
0ffffa5c300000c6f0000429ae2aa5c66
0ffff9062fffffcbe000067d3d7af23b0
0ffff9d28000008e200004eddc398ddf4
20000cbd4ffff7fc3ffffa5b6786c5bb1
1ffffcfcd00002c98fffff85a34c7f93e
0ffff9498ffffff440000610dccd744bc
0ffffae2000001d2e000029c17b83d283
0ffff884dffffec5a0000803090fa7da9
200001993fffff288ffffe7a9611665cb
0ffff9340fffff1720000700587b87f52
100000ee700000f6affffd5a9f628f20e
0ffffa1e9000006aa00004c34e199767e
200006132ffffcf65ffffc23445390e7f
2000027dfffffe7b6ffffe3f4f05937ac
200004928ffffe42fffffc5d1ea3aa416
200007023ffffc072ffffc20d2f5c40ac
20000afd6ffff9141ffffb0927f34e934
1ffffbb370000260000001396bbe3de54
1ffffd4b800002d5bfffff296cae6a74e
1ffffc27a000025c200000c9f11b8a8e5
0ffffa85f000007af0000449e8bf0757f
0ffffb6ec0000179e00002648bedca1bd
1ffffed5c00001068fffff68efd2e3adc
0ffffb77f000017e000002562c0fc1517
1ffffdb98000028d3fffff034f3e1ab15
20000cd70ffff7c67ffffa76b6948d3c9
0ffff8fd0fffff92200006bf5d59c41e3
1fffff94600001d09ffffddf31604ee1c
200004d12ffffe145ffffc4c30942f6e1
200007e82ffffba55ffffb98d0a3887b4
0ffffb5260000102e00002f7d01dcfda2
2000021f1fffff445ffffdd7d6a166be6
1ffffbcf400002a4100000da1b8bf8f4b
0ffffae06000022aa0000244f10819afa
1ffffb8ef0000267d0000156eb8b9903b
200000692000000d6ffffeca358fc2fc6
0ffffa2b80000197b000038dd6d9839cb
20001193effff44d9ffff921e6e7fe7ea
20000614effffd189ffffbff9254a18fb
1ffffb9d100002554000015ace8c8096c
0ffff912f000000610000636e2fa87cbd
20000ea48ffff690fffff9d89336f9729
1ffffe5b600002121ffffedaa3db782d8
0ffff9bce000009bc00004f67dfd31dba
1ffffeb3d00000b3bfffffde353f336ba
2000066e6ffffbf01ffffccd7622c2786
20000afacffff95abffffac5d6372587e
0ffffb36f0000123500002f38f2cec08c
20000714effffbf89ffffc1b155fc87a4
0ffffd28f00000b5b00001696ea2448c6
100000430000010a7ffffdf3751c8a412
1fffff0ba0000215dffffe24223d89a2d
1ffffe766000026a9ffffe66a74de4d4f
1ffffd582000021fffffffd0cf7166e74
0ffff95abfffffcdd00006252e5946827
0ffffaa0e00000b9900003f31d9e90bac
200000df400000de3ffffd81f260bf44e
0ffff9fa7000007ea00004d469bc6f1fb
1ffffdb5200000f48000009c9ae474b0d
2000072d6ffffbf01ffffc0ad52109767
200002579ffffff10ffffcf240c4e591c
2000090bdffffa978ffffb7f1575748ae
200003ed2ffffe7c5ffffccac64173724
200003bfaffffed1dffffca3eff2cc0fc
1ffffcb3a000030ddfffff8aa23a6987f
0ffff8e4dfffffc3e00006a70f8a840a8
200009be0ffff9eb7ffffb756760e980e
0ffffae7500000f3b0000372323e97de7
200001141ffffe6bcfffffbc8332c5381
20000f158ffff637fffff9bef4c71cae0
1ffffdf6e0000222ffffff3022fd3b9c9
200000a9a0000073bffffe222a46b13e4
0ffff9c9100000c1a00004c4c2c9549f3
2000015e7fffff78effffe65d79bba7a3
0ffff9fae00000157000053b783d74243
1fffffa8400001643ffffe36b4ec4a5fa
0ffff9d9700000f83000047e641b05cd2
2000015cdffffea6efffff38b7b015d9c
200006cacffffca2bffffbbd324674453
0ffffc4a8fffffe4e0000318eb7374794
200011138ffff4a1fffff94f95f6ea8f2
1ffffb80d0000215000001b7a03d71e2e
1ffffe0ab00000a2f0000098bd93119a4
200001bd300000154ffffd6a5303a7217
1ffffd6ff00002186fffffc326a9891a9
0ffffb78900001dd900001f7a22cc1f01
0ffffd98600000d6b00000d7ac03c41eb
10000066d00000ca8ffffe0ec72b3a6fb
20000574affffda4dffffc160d54d867e
0ffffba4a00000a48000030355dde6e8d
0ffffa5c2000013c500003b6324a65124
0ffffa333000012b500003f0ac99aa0da
2000035d8ffffe7cdffffd5bfa779f8b0
200007f0effffb5c9ffffbd814b13804c
200002868fffffbafffffcf84162a0229
1ffffdfb20000118500000340fa170fb6
0ffffaa050000107b00003a488e061815
1ffffc4ba00002d0a00000303d5dedf6c
200004140ffffecd7ffffc534c455bee7
0ffffb3a900001f49000021e4afab9f43
0ffffb1cd00001e8f00002480ec86d662
1ffffe69a000021edffffebefa0148e02
2000039b6fffff2e1ffffc6d0b45aa95e
0ffffd7990000087e0000145eb82aeb8e
0ffffb07700001e490000263277b4760c
0ffffca4600001198000018b7a018ded5
200003b28fffff3efffffc4508470895f
200006522ffffd035ffffbd6f326b7f25
200005208ffffdd0fffffc3f0e93187b6
0ffffb83500001dcd00001eb8a4f72379
0ffffb21200001fdb000022f3e786bc51
200009aa6ffffa1f1ffffb5604e2e9a6e
20000e9e4ffff67f3ffff9f077c6d1c26
20000308efffff805ffffcaf2d344c9e5
0ffffa569fffff8f10000565d87263187
1ffffbe25000021570000154dcae1cb17
0ffffaa4c0000120800003879f3ca7861
1ffffe6ca0000274dffffe662e6f7b156
0ffff9f9f000006e600004e4ea2e629fc
20000f944ffff5d53ffff9a127c7b39b7
20000d5c0ffff7757ffffa4107d683bfd
0ffffa41f000012d100003dfe38a16621
20000eb6effff68a9ffff9cc64376d0ee
0ffff9ba500000bfe00004d5835c97aca
200000f0800000a15ffffdad2bc6d3f0e
0ffffa30e0000157900003c77f083a2d7
2000037efffffe402ffffd770d856ed9d
0ffffb0de00001b36000028dce9b789a5
1fffff87900001828ffffe3948659e915
1fffff89800001be3ffffdfccff02c0fc
1ffffb9400000294f000012551d87e36e
20000e7e6ffff6b71ffff9d932b759d26
0ffff82f4ffffea33000087c1829cf59a
0ffffa3e20000039c00004d338ede6f72
1ffffda2800002bafffffeec33ed10c6a
0ffffabf300001a8c00002e6daeca81c6
0ffffd7d90000026900001a2bf233548c
1ffffde4000001a76fffffbc7f8173310
200004efaffffdf5dffffc4bbe7398751
2000075a2ffffc175ffffbb6e2e47fded
1ffffeb22000024a3ffffe4a9a81ba922
0ffffac210000195500002f6cd8c1ec14
1ffffb8db000023f300001802e3c1046f
1ffffb5850000200300001f48b8baca58
0ffffabcb00000e6a00003a8298de4475
0ffffa89800001662000035ed3591594a
20000803affffb91dffffb9071446a072
0ffffa92600000c1800003f8691122eff
1ffffdc7400002ae3ffffed3df1f6f568
20000146200000e75ffffd115f5565971
0ffff9ae100000209000057ec83091ec1
0ffff982d000003bd00005900f49535f9
1ffffe43b0000209affffefae5ea99ae1
0ffff9769000008b5000054e414b82ea1
2000025aa000001edffffcc18dd5a2139
0ffff9fc300000b78000049aa02dd78f6
200001f5600000241ffffd2240221c873
20000b304ffff9393ffffab12436a17e8
1ffffb7b800002452000018cd0dd14061
1ffffc94d000030bdfffffabde2d4c96a
20000540cffffdd4bffffc1add34d9823
1ffffda5f00002992fffff0b0699790fb
200000859ffffff4affffec49b17c58df
20000798cffffbe8bffffba603555137e
1fffff67500000f1affffeeb877e84ceb
200012ff4ffff3263ffff8d896b7496f7
20000b782ffff9115ffffa9040c64a491
0ffffba39000018780000220ff2f5461d
200009260ffffad37ffffb28a4b747041
20000f6fcffff609bffff991e3d7fd88c
2000024b200000065ffffce96e43ad346
1ffffb5f4000026a400001851cabe880a
200004563ffffe306ffffcad2305679f5
20000a420ffff9ef7ffffaec82862dc37
1ffffdcd600002ac1ffffecfcd9e3857b
0ffffb8380000085100003420da1a72e3
200003522ffffe25dffffdbe57edcd6a4
20000fff2ffff57e5ffff98b96170dbb6
20000a3d2ffff9c45ffffb1c2483eb913
20000b2b6ffff90e1ffffae0c633ee78b
1ffffcb9f00001db200000b4fa70adb1f
0ffffa7fb000018d700003422fc9cd5f6
0ffff9df4000004ee000051f1be91173a
20000b070ffff9567ffffabdb5c6e5106
200000f1600000b01ffffd9d648f3f621
200007f46ffffba11ffffb90b254ed871
0ffff9e660000047a000051ef80f310eb
0ffff9430000000fd00005fc5a6cad78c
20000f75affff5dfdffff9b5743638006
200001a84ffffedacffffeb8b631768ba
1000002b000000d47ffffe41c61b796e1
0ffffabdb00001f5f000029c2e8af92cb
200006b06ffffbb06ffffcca3694a7b99
200005e5effffd739ffffbd4cea6e17e1
0ffff954efffff885000066f7cc83715b
0ffff8d9ffffff5140000722ec3cb6bcc
0ffffac130000178e0000313af3ce3b30
200004bc7ffffdd62ffffc9f9023ad2b1
20000795effffc079ffffb8a5f25bb03f
1ffffebf700001872fffff00750cac9c9
1ffffbb3600002d5600000c5fe9b18d24
0ffffc36a00000ac70000265383455519
0ffff902afffff5a200006f0b98931301
1fffff6a8000018ffffffe4a359f6411e
200005892ffffd085ffffc9c679edb153
0ffffafdd00001b4b000029b097e4af01
0ffffac16000010790000382fb0bf337b
0ffff996fffffff0600005c64930a2aa4
10000076a00001a6dffffd249ce6b617b
1ffffe4fa00001f69fffff00bae26e328
0ffff9dd1000007f300004f1cd1ec52e1
20000d91affff767dffffa188366cc0d8
2000081c2ffffb895ffffb80303498d47
2000049f1ffffdb38ffffcdf73811c8af
200009eaaffff9fedffffb3546342fa3c
0ffffa0a6000011e60000426f59a27afd
1ffffd961000019b000000178b20daed7
0ffff9b6f000005230000544eb5a3f2f9
1ffffc55f00001d4b00001206c9fbf81c
1fffff5fa0000146cffffe9c98d682827
20000761bffffc09effffbbd3e857ae8d
200009edeffffa1b9ffffb15876667e58
1ffffe98e000021f1ffffe8f04ab796fb
0ffffa01200000e09000046d321863f1f
1ffffcfbd00002e8cfffff66fe6d0a448
20000e6beffff6a99ffff9f9347639d45
0ffff980dffffffad00005d20d4bf6407
0ffffbd1e0000080900002f6c863638f0
0ffffa0050000072d00004dbc0ad6338c
0ffff9392fffffbdb00006573daac5bf7
1ffffba4c00002d7b00000d29749e4e64
1ffffd92c000028bafffff2b5e6f6e846
1fffffdc200001f55ffffd7269c348734
0ffff977d00000b3f000052504aa552aa
0ffff9280fffff6ec00006b6584e03bdd
20000178e00000049ffffdbed72bfa510
200004904ffffdd13ffffcd0072f7d67e
1ffffc98700002f6afffffbdc6894d33b
200008c82ffffaa95ffffbb0e700ca9eb
1ffffd8790000109500000b6fca1ffac3
0ffff73c6ffffda7c0000a6afba8a6785
200007e4affffb60dffffbe036410b308
0ffffa79b00001b94000031d2ecab99b9
1ffffbabf00001d0100001cf7bb0b4763
1ffffd6b600002ce1fffff10c5b999b4c
200002a4cffffebb7ffffdd8e2e2c2cba
20000b054ffff9343ffffae16484ec073
0ffffd158000002da0000203fc83d51ac
200005488ffffde0fffffc06eb95485db
1ffffb91100002ace0000110c09afc72f
20000368fffffec4affffd098f137cdb4
2000012b200000565ffffdbc258d1a263
1ffffec8400001750fffff0818d3cbdea
0ffffad5e000017760000301810c4fac8
1fffff54d000017b2ffffe74ea532a0c6
20000201a000001fdffffd1a2262e306e
200007ba8ffffbe6fffffb85c0a59da14
0ffffb2a900001ca300002584cceb1e3c
0ffffb271000012fb00002f713dcf46c2
20001145cffff463bffff95aa76579a9d
200002ebafffffa1dffffcab5e050f846
0ffff89d6fffff8ee0000723f2e8973b1
100000af000001667ffffd2b9ab48c03e
1ffffd6ae00002587fffff85eb70ae24e
1fffffa42fffffe27fffffbbe4bf20b8f
200008a00ffffb4bfffffb38bc77db986
200004e4effffdf49ffffc57c37444233
0ffffaacb00000bc400003e2293ff7270
200006b36ffffc6a1ffffc0cd7c355f59
0ffffb70600001ca60000210fa5fb2970
0ffffe33c000006cc00000a40b6606fe7
2000026a0fffff653ffffd6aa4c070bec
0ffffa75a0000109100003ced92f4dcde
1ffffe07300002067fffff3a00c1b6d57
0ffff97fd00000c92000050804ea64ca2
1ffffc0a500002a69000009bbeae11677
20000059700000400ffffea712b2959e7
200008bb2ffffb2a5ffffb3e3f55da5f6
20000132c000004ebffffdbc05ad1a17e
1ffffcf4e0000132e00001223d0f9ac95
20000bf68ffff872fffffaade6142d68f
200006cdaffffc83dffffbd8e1e42e3e3
0ffffc1ae000000a000003239833b16a4
1ffffbfc800002faf0000057b578191ff
1ffffc5eb000020dc00000e0721c2c7d0
200007b2cffffbdabffffb99bfa3e83a1
1ffffdf190000154d0000001b29093acf
20000aa26ffff9bf1ffffabb6fd77b07b
0ffffa9f800000f2400003bbdeaec3cdd
0ffff7a1fffffdf4900009b7ea79560aa
0ffff8304ffffec3b000085b1c88a38af
20000f24cffff628bffff9beb4c74ba6b
1fffffc8e00001709ffffe0944cd3be4c
200002af4fffff4e3ffffd3af6df90f61
20000a1a0ffff9df7ffffb24a5142d33a
1fffffcd200000b78ffffebddf3331fdb
2000044aaffffe6adffffc7df4547734e
1ffffee2600002331ffffe30b3ededb5c
1fffff65000001bfbffffe1fb37dfcb0f
1ffffe66b00001de7fffff01ae5252d2f
0ffffaf570000193500002c4681c48e21
1fffff05c000023fbffffe009e0394a77
20000b40cffff8fcbffffadc75b3bcc90
1fffffab200002065ffffd92ebd33d123
0ffffb0e8000016f600002d0619ca0ecc
2000022c0fffffc17ffffd4cf51fff679
1ffffd5f100002194fffffd347993a0b0
1ffffe9780000265fffffe49b1efa0975
20000243a0000021dffffcd5bea4e1f17
0ffff9d7000001206000045955ba04fc3
1ffffdc5400000c9100000b8e072450bd
20000479cffffe56bffffc62cc14380ae
0ffffb5a800001cfe0000221da1f80852
0ffff8c35fffff3e6000074c8b6d55db5
2000055acffffdc6bffffc0e8f65f005c
0ffff9aa1000008d60000517cb1bebea4
20000a260ffff9b37ffffb4426e1ebba6
1ffffd87600001c90ffffff76c02b3f51
0ffffb2e000001c28000025c5a99fb366
0ffffcb45000013b5000015a318086bf9
200007204ffffc327ffffbd73d55ea583
20000b874ffff8ee3ffffaa3d2a5ab7c0
1ffffec8f00000f9dfffff81aa8521dec
20000550effffd5c9ffffc8197e193970
0ffff993f000008ac0000530ea1ab8490
200003ac6fffff411ffffc4919271a27e
2000072f3ffffbf02ffffc09a2730bb92
2000060a2ffffd175ffffc0bafc3c9461
200000f4c00000e0bffffd69d0f16eb2b
0ffffa5cb00001de9000031696180c38f
1ffffd640000024f4fffff9558c1ee36a
20000bf3cffff8a5bffffa7e614638e09
1ffffe0480000298fffffeab352a68638
1ffffd5f200002d25fffff18e16b88679
0ffff8d32fffffda100006a330c8019a1
1fffffdfc00001a1fffffdc0dbf6c7566
20000dfcaffff724dffff9ef2247bb311
200003386fffffa51ffffc5ad9279c96d
0ffffbd320000067e0000310644f3768b
2000017d6fffff711ffffe4eb77e104ba
20000756effffbcfdffffc01e534d52c1
0ffffcf910000092f00001bc0d32b40c2
0ffff9afb000005560000549288b3b0d0
20000e814ffff6983ffff9f4e4f60aef3
1ffffcdfa00002f0dfffff7b63fb8f35c
1ffffebce000023adffffe4f0d01dec32
0ffff7fddffffe6cc00008e408980f5a6
0ffffa3ff00000ec10000421ecdcd1b05
2000028ba000000ddffffca10b467ec5f
200011354ffff4a03ffff92f54b7aabac
0ffff9a9d000008540000520007c256d8
0ffff9cc900000449000053c4eaa0653c
20000727affffc2ddffffbd371b33a300
0ffffb755000013fb000029860bd1e9a4
0ffffa98c0000190b0000326028ba15d7
0ffff7b48ffffdfad000099ed82b44591
0ffff99fafffffb1900005fab83ed6924
2000041beffffeed9ffffc2b8886e8632
200002f5afffff2bdffffd16225f58205
200000859fffffbebffffefc137f0cf89
0ffff99a800000e8a00004cdd6f8862cb
1ffffc57c000032dbfffffc796180d57e
0ffff8a6ffffff5f70000748eecab59ac
1ffffd1d600002867fffffa6eb2ec8e25
0ffffb27000001cdd00002585d29fe468
0ffffa2d400000e1c000043f1b193b80d
2000066b2ffffc565ffffc69278e290b6
200005e8cffffd54bffffbf070c5f2225
20000396afffff16dffffc88df4510a50
0ffffa10affffffd4000053f4b6053193
200000cfbfffffd8dffffe97367ed17b9
1ffffbcd8000026b30000113d98c89d69
1ffffc5de000032b9fffffc38e4bc9570
20000e320ffff6ef7ffff9ee42c6b9cc0
200006c48ffffc90fffffbd511a50f05b
0ffff97310000019900005c1cef893b0e
200009378ffffa41fffffba727cf6848d
0ffff820affffea580000888b97960598
200003429ffffe576ffffd9d6351f06a2
1ffffb7240000207500001d319cc5b359
20000109e00000aa5ffffd8ad25140d0c
0ffffaa7100001e3100002c5c25a9efe5
20000cf78ffff7f1fffffa2ae2677d7be
0ffff89a4fffff295000078b192d51585
0ffff9238fffffcb5000065fd8fbcd2a4
0ffff8a7bfffff77d00007302c394ed92
2000076d6ffffba81ffffc11b6afe990b
200006a70ffffc5a7ffffc28c6314d938
1ffffb9da00001e1800001ce434d24915
0ffffa942fffffe2d00004d4fde1279a3
1ffffe96a000022f6ffffe815b911a205
0ffff9dab0000032000005402a0126aef
0ffff9eee000006d100004f1707817264
20000d146ffff7c51ffffa3a43b6cd5ea
1ffffd2c700002b17fffff6d9e1d48b13
200007adcffffb9bbffffbdd2772319e2
2000071eaffffc4edffffbbbd174be5e4
20000acb2ffff9525ffffafe1794b1e59
0ffff9f1600000be5000049ef09862d1f
0ffffa318000007d1000049ddaddc543c
0ffffa8ee00000c0a00003fd1c40a6403
1ffffdf020000276effffee1dfe01184f
0ffff99c0000002a900005875b9c527ec
20000414cffffe50bffffcce15907f509
10000037000001b4fffffd567c0634245
0ffffa96a0000221e0000298b4783bcc5
200006f8effffbf51ffffc3be634157be
100000b06000014d1ffffd435c93ed27d
0ffffa62c0000124d00003c69f282fe3c
200001c9d00000095ffffd699915499b6
0ffffb4400000134800002d4194f1a4c1
1ffffbab000002b4000000ef5ea96944b
1ffffe71000002507ffffe85c55ab864d
0ffffad1c000013e2000033c9d6ae3b7c
2000074b2ffffc4e5ffffb8f8106f2b36
1fffffb50000017c7ffffe1183ecc905a
0ffffac4b00001eaa00002a020986ba0b
0ffffc3c100000a600000266fac2d3fe8
0ffffb07f000019c800002a9e2eca3cf4
1fffff9f8000007bcfffff279491262e0
200007760ffffc3f7ffffb731f17a0655
1ffffc57c000032dbfffffc79f5ad9472
0ffffaa4100001a730000303de8c4d2db
1ffffe15e000019a4fffff96ac12f1e21
200003786fffff5d1ffffc61bbb6ff656
20000333afffff8ddffffc76ae5735f2f
0ffff94ae0000020f00005e37a897a7a8
0ffffb21b00001989000029229bf1ff42
1ffffec4000001e6cffffe9bfee17f3ff
0ffffb60000000ba7000033129305c8a9
0ffffa9240000193b00003291469c5a30
0ffffad3700001ec6000028f6fca0c605
20000323cfffff6cbffffca7ccc55e6e6
200008968ffffb4afffffb42c006bd55e
0ffffbd8300000e36000028e9b01f3dfe
1ffffcb5300001e2c00000b3cfed6b4c7
1fffffb1400002043ffffd8eda946e54a
1ffffba59000027ab000012d4039df27c
0ffff988afffff9280000630b92b95f4b
1ffffd3740000120a00000f1950fb6fc8
0ffffccde0000051600002292d5242792
20000d01cffff7a3bffffa6e16b46d2a7
1fffff61a000021fdffffdc3af917f037
1ffffd8be000019d9000001ec811a91e6
0ffffb50700001a24000025a7bae2c3ed
1ffffeb5500001e10ffffeb064fbca7ec
1ffffd72a0000133d00000a23ab0b8f9a
0ffffb06dfffffe2700004618ca216fa8
20000166c0000032bffffda367ce2134b
1ffffb911000027a300001431f9c0cd21
1fffff2c800001bbfffffe5c67bca1229
20000f298ffff63ffffff9a2e2978a598
1ffffb6200000205f00001e6331c63217
1ffffd77300001453000008b5ed296919
1ffffd77700002168fffffbd044d0e6ce
20000335cffffe574ffffda9bcd61fda1
20000b5c2ffff8d55ffffae7e5b329a15
1ffffef3600002461ffffe0cccf2a065a
1ffffb5d40000229400001c7103a80e6a
1ffffdd0000001393000003dfd62929f3
1ffffd19c000028e9fffffa2524ef5670
0ffff81cdffffea1000008910db896ac4
1fffff54f00000d98fffff16620e4a699
200004d58ffffdeffffffc6bd00278460
0ffffa37e000005d700004b67839cff70
0ffffaa2c00001ce500002de953943c1b
2000015c6000006d1ffffd74018f99755
0ffffa99e000018fa0000325dc5be80aa
2000089c0ffffae57ffffba1c7027ee36
2000098daffffa5fdffffb32d2f47bcf6
2000064fcffffc7dbffffc5db62f68a4e
1ffffd28000002e57fffff3d77dab2170
20000bc58ffff883ffffface66a37bdf7
1fffffcfc00001e5bffffd8e5d529cf4c
200001f8a0000040dffffd028f83a0630
200004048ffffeb4fffffc7b2284d5e17
200000ea4000001e3ffffe36b79eb33ec
200007ac2ffffb8d5ffffbed059109858
0ffffa4d20000132700003cf31398281d
1ffffb6a300002678000017cacbbc9117
20000e1aeffff6de9ffffa1645e59c5e2
20000ca94ffff7f43ffffa777434990e0
1ffffd2e200002e35fffff396d4d68a6a
1ffffd84700001a1300000228901fbcfd
200008020ffffb837ffffba054a46076d
0ffffb58500000db90000318313f772df
200008e78ffffb15fffffb25bf773cf6d
1ffffd660000021ddfffffc55990aa61c
2000050d2ffffe2c5ffffbf80c475f9f9
0ffffaf290000135e00003234bdf16e73
0ffffa26d0000087f000049e0c9e16f2e
2000021f000000427ffffcda4b449a177
1ffffe22d00001cd0fffff5668f411453
1ffffc0fe0000258f00000e3384ee8a33
0ffffa46d0000004e0000500ab31457b6
100000034000017a3ffffdc4f19f9c440
0ffffc0210000001d0000344db1395db5
0ffff92c1fffff7b600006a5c82c71be5
20000710affffc30dffffbe7a1d2184b3
200000951ffffff08ffffeba44d1251d4
200003029fffff729ffffcc358a7bd7d7
0ffffae8f00001dab000028aef89bde2d
0ffffbb46000012f4000026698d263835
0ffff9bba00000732000051fbfbb559fe
200004073ffffeda2ffffc53ab356a6cd
1ffffbf0d00002b4300000a80e6d3f972
0ffffbbdd0000105b0000288a36e861c8
2000044b3ffffe04affffce323701a6b6
20000aaeaffff9badffffab34f0779777
2000061ceffffd4c9ffffbc40dd71f818
200005104ffffd1ebffffd02132310391
2000005f9000002a4ffffeb7450c08390
0ffff9b43ffffff8d000059faa0dd5717
0ffff975effffffd900005da79cfa2db6
1ffffd0f800002edffffff4db628a9446
0ffffa05500000f1400004588c7aabed0
20000732affffc56dffffb9fc2a6d5453
200009626ffffa331ffffb8ab670b8003
0ffffaddd000015ff000030f0dcaf2d6e
20000e23effff6bd9ffffa2de7b49cfd9
1ffffb67600002cec000011a13791a9fd
1000004ba00001a1dffffd54daf39a843
0ffff8f52fffffcc4000068e504e27780
2000138d4ffff2b43ffff8ba87b6ea48d
2000080e2ffffb6b5ffffbac05131eee0
1ffffbf8f000029ac00000b9314db4678
0ffffd845fffffe0700001e14e2476f8e
1ffffcf70000024fc0000005712c292cb
2000082b6ffffb7a1ffffb7ff3c571c53
200003f4affffe60dffffcde73df69be0
200008b54ffffb543ffffb1aac87398c0
200003b99ffffe3ceffffd3ee82739c82
0ffff95d800000a0a0000552d1286da91
200003e82ffffe3d5ffffd0e376e0b178
200002b4effffff09ffffc9478e5e8663
0ffffaae100000e8f00003b4c94b80b73
0ffff908ffffffafe0000695eebcb77c4
1ffffe30c0000270bffffea6872a2ac42
0ffff9403000002bd00005e3ab1b1b786
0ffff950afffffed00000610ba98fdce4
0ffff9d5c00000f7c0000482921ac21bf
1ffffc7c300001f8b00000d6826e94f2d
1ffffce3500001a7000000bfdadfb9ad4
0ffffad6200001cc500002ac3e2b1ca0a
200003ad0fffff13bffffc75aa25286be
2000073c0ffffc717ffffb7bff67b28f6
0ffffb58b00000b6a000033af8f2e5517
200003ab8ffffeb5fffffcd3c68225c62
1ffffbd9300001da2000019a2e8c792ba
0ffffa3c800000f3c000041dd90c0a0df
1fffff42500002008ffffe02bcf28e00f
1ffffdb130000151500000446bc394424
1fffffb7600002021ffffd8acc84b2759
0ffffbb4f00000a1600002f4d18027ac7
2000025a1fffff6bcffffd74a2014dfcb
200002264fffff163ffffdfe058cb849a
0ffffa157000011fb000041a6c7b9a9ae
200001ebcfffffe1bffffd6db4ce7c018
20000c4acffff85abffffa7114461ef81
200003778ffffed1fffffcec64d10fa6b
0ffffacb20000155a000032c3c98cec6d
0ffff9bbc00000773000051b9cad51fcc
0ffffacb0fffff94e00004eafb0265586
0ffff939b0000047600005cf20782fdb3
0ffffa89b00001e3a00002e32059190c3
1ffffc57a00001ec70000106f95fcab10
0ffff94de0000004800005fcacfeb368c
0ffffab5b000016e5000032b205bed9b2
20000d836ffff7221ffffa6bf74368e3f
0ffff903afffff7aa00006cfb8fb3fdca
200002e88ffffedabffffd74748da80b2
0ffffad4e00001a3b00002d57d6dafe0b
200004d34ffffdb6bffffca7fed36a095
20000f67effff5e99ffff9b9a465e8a9e
200008c22ffffabf5ffffba124f1182b9
200000a990000049effffe4be8d69e4c5
1ffffd65400002d03fffff14d6fae015e
0ffffa9a3000012f70000383a9f85a047
200005482ffffda55ffffc4251132cdcc
0ffff981f000001f600005acebed52ece
0ffff8df5fffff112000075c8b48d6126
2000057d2ffffccc9ffffce5842526cb6
0ffffaaf500001119000038b880859c68
0ffff8c17fffff017000078a694f679bf
1fffff2410000126fffffef8dc155430b
10000069a0000133dffffda3946114b67
20000b1c2ffff91d5ffffae10363e82f9
200009e90ffff9f07ffffb4527037ef5f
1ffffac0b00002577000023922d8081bd
1ffffc05900002d3d00000759799c1220
0ffff84e7ffffe662000089868b9350fc
1ffffe46700002181ffffeea20ef3d4e6
0ffffa1c40000096e000049a1e08c3a59
0ffffa56e000016660000393370a445b7
0ffffc49a00000abc0000254f240268b4
200001e2c0000002bffffd5611ef291e8
1ffffe80900001124fffffb239e4c10f5
100000de8000015afffffd072bd672f5d
0ffff997f0000010e00005a54d8fc6fb5
0ffff9ffe00000b7f0000496797b2a8db
200001c9000000387ffffd3ac261f0a7a
20000f24effff63c9ffff9aae207281ac
0ffffcdd200000ee6000017e522fc35a8
2000070fcffffc99bffffb80aca73c4f2
1fffff430000022a7ffffdd7fed270f7b
0ffffbc61000007260000311eb01608a6
1ffffe78e00002709ffffe5e017fb1151
0ffff9c2e000006ff000051b7e49c280d
1ffffd2b600002bb1fffff650dbd68919
20000c9ccffff7d0bffffaa737e2eb3e5
0ffffa077000013650000412610b6fcb4
0ffffd39ffffffea9000022189a5542a4
0ffffb52200001ae8000024b381c8c470
10000044a00000f83ffffe04d8b4a9ac3
0ffff99b40000012300005a0189bee9eb
1ffffbc640000279e000010dedcc08f06
0ffff8a49fffff12400007974b4bc57c7
20000421effffed79ffffc3b49b65847c
0ffff967d00000899000055f045b06fb3
0ffffaa4400001ff100002ad169872706
0ffff9581fffff788000067bc9dae5a39
1ffffe5a4000027b3ffffe72534fe536a
0ffffa4db00000cd500004322b5e83513
1ffffd43e00001c230000042f8c109af5
0ffffc8b400000812000023d1c312e580
0ffff9f7e00000bb5000049bef0d517a8
20000427cffffeadbffffc5edc348873e
0ffffb68f000008f400003532d1082db8
1ffffbb390000289b00001105e0d1db45
2000020ea0000092dffffc9b28379d73d
1ffffbc920000233c00001502d7d9d11f
200005a66ffffd171ffffc70546fd90d2
1ffffdcbe0000286dffffef7143cbe51e
0ffffa3b000000f42000042030fc710a2
0ffffd0ac0000107c00001364f41640dc
200007e6effffbd29ffffb6d40d690813
1ffffd3a600002df1fffff31479a7086e
1ffffb2c6000027c800001a6f088d85fc
1ffffed2200001b75ffffebce3a15691c
20000588cffffdc0bffffbe62d171ec40
0ffffa4490000182600003894f58890c2
0ffff9cb60000095600004edf2e8d7524
0ffffa869000017e1000034a43784383c
0ffffb347000006e400003a7781334cfd
1ffffdadf0000140000000586b5486d43
0ffff9509fffff73900006884b99c784f
200006a1cffffce7bffffba22e075f826
1ffffd84300001b1a0000013331036513
0ffff9c6400000dda00004ac1e4a7c6a7
0ffffb71b000008bb000034c89e326c0c
20000dab8ffff745fffffa2003a5fa7b0
0ffffa2630000073a00004b2ad689507e
0ffff9b1bfffffa7900005f2287cf6f56
20000d606ffff7511ffffa60a6948ab5e
1ffffbd8400002d9c000009c1ef929760
20000214400000413ffffce65cb3fc6f3
0ffffa412000018a1000038532c8ae2d5
0ffffb38700001a0e0000274f3bc430e3
0ffffb6d800001514000028dcffee43fa
20000150f00000476ffffda63cc30aebe
20000ee48ffff648fffff9df7485789a4
0ffffb6740000091a0000351dd11c74f0
1ffffd140000026a3fffffcc5f3f20a49
1ffffb9de00002438000016b912e46870
0ffffa3f5fffff8d8000057f2c11a6a88
1ffffbeec000022ae00001327e1f02755
0ffffaf10000017a800002e15e6c2476a
20000c292ffff8705ffffa7d853650ed1
2000065f0ffffc6e7ffffc5d774f6af29
1ffffc2e60000230200000edcfddf082b
1ffffcdb800002b47fffffbcd2ea684ec
0ffffadaa000016fc0000302bf3c7555a
2000088eeffffb529ffffb42e2e7a527b
1ffffbb6e0000209f000018db0eae8cb0
0ffffaaca0000131a000036ebe382167c
0ffff9e07ffffffe1000056d68ff36d2e
1ffffd78800000f6e00000d8b09194bcc
0ffffc09cffffff9400003463c6273c89
0ffffa71d00000b95000042108dfd372c
0ffffb269000020450000223944c7642f
2000000aafffffe44fffff52c67e615a1
20000a838ffff9a1fffffaf754150d421
0ffffbcb70000193800001ee871c45cd7
0ffffb1ca0000151500002de7e7fe6d2d
0ffffc174000011b10000219449eb77d4
0ffffaf1200001d55000028925fab30e0
0ffff9ced000008db00004f201e946a21
200002558fffffcbfffffd18cfe0e8d24
1ffffd91500000e1200000d6c6cc60387
0ffff8cdcfffff2b600007549a8b044e2
20000c64effff8609ffffa50f157bb76e
1ffffedcc00001cddffffe9b0e9344739
1fffff55600002241ffffdcbcb336db64
20000d2feffff7b19ffffa31e767f7111
0ffffc8720000104000001bf737f55ac0
200001914ffffe7a9fffff2e9cf755a9e
20000bf6effff8ae9ffffa7271468ada0
1ffffbe3d00001e0d0000187fdadfd1f8
200006eacffffc7ebffffbc0a0654cf67
20000405affffe73dffffcba83711d9e4
1ffffbcd900002e4a000009c475b1757c
200006893ffffbcebffffcd394652568c
0ffffae77000005fb00004050e9035ab6
0ffffc62b00000d630000210bc7171ecf
1ffffdf22000029f5ffffeb7635c5c047
0fffff1ddfffff857000009f12f2c7d9d
200000d6c00000357ffffe33655eefdd5
200003e5affffdb45ffffd9ae5001d582
1ffffeba800001611fffff2a21331710c
0ffff8918ffffefbc00007c0dc39052e9
200004e92ffffdbc5ffffc8b32e0f955c
20000cc68ffff802fffffa4b64369f397
1ffffd07f00002d36fffff7056bce6d75
1fffffddd00000206fffff43f32fefca2
1ffffeab6000012d8fffff6c3ee447212
0ffffc6090000044500002a3e9e2afd95
20000badaffff8efdffffa7b9407a3ba5
200005658ffffdc7fffffc027f46419f7
200005158ffffda7fffffc72b6e2b6026
1ffffc9d900001bae00000f4362bcf7a2
0ffffa3fb00000e3f000042a2a2eaf5e3
2000087d5ffffb4acffffb5cce467b688
1ffffb0d0000023c1000020655d993c34
1fffff0dd00001d27ffffe646b0482549
200003522fffff6f5ffffc762ef73656c
0ffff8d6ffffffde9000069aef59a0583
0ffffb2dc00000e10000033e6dcdfcd89
1ffffb10b000023c800002022ea958300
200002eb2fffff525ffffcfa9401a1c15
20000da3effff74d9ffffa202656b1ab3
20000325efffff979ffffc7ada766bd6d
200007a18ffffb9ffffffbe545311acae
200004a7effffcbdaffffdcc579194781
0ffffa6770000145c00003a16d2c3e3eb
0ffff8f64fffffa5900006b31948ab0b3
0ffffacac00000649000041c9b81042ca
20000f0c4ffff6313ffff9cef6f6eff06
200008874ffffb5a3ffffb430f466bd1c
200000e7600000c59ffffd92503f685e4
20000be4affff8c8dffffa6adfb728ff1
200006934ffffc7a3ffffc1d33314880d
0ffff9f54000013c4000041f157933bd3
200002d92fffff945ffffccb5fe3dfd42
0ffffb641000019ee0000249f1de66e28
1ffffc3df000032aafffffe4eeab49a61
1ffffbdcd000031c400000561669f1a55
200004cc8ffffe10fffffc543254b3060
0ffffb0aa00001eee0000254be4c0e41f
0ffffd85efffffdb900001e388b6959b9
1ffffd74e00002636fffff70cb70ff35f
1ffffcc3f0000205d000008395c9b8c80
200003fb4ffffeae3ffffc8b2f839c061
0ffff7c2affffde8400009a2b87b76eb2
1fffff65b00001c71ffffe17bab40e413
1ffffda58000013a20000068c3d0b70e0
0ffffc5c40000154300001990ab22352b
1ffffd9fb000020aafffff9ff68de46f9
1ffffd1930000204e000002a6982a2777
1ffffb58300001fc200001f8abdb3ce61
2000087efffffaf8affffbaca2f3ac386
20000b422ffff8e35ffffaf436c2dbbc6
1ffffc53b000018a0000016dddfe9cbca
0ffffabb2000012b40000366382d4d02e
1ffffc48a00002c5e000003f232b8ed30
0ffffc592000017810000179cc8f8d5da
1ffffcef600002d35fffff89502bc8c1f
1ffffeffa0000241dffffe04ae5323d75
1fffff32700001cd2ffffe45fe428fc01
200007624ffffc5f3ffffb678c177b6ee
1ffffb944000029d1000011d117aff34b
1ffffb75e000027d2000015b75fbd7b64
2000055b0ffffd2d7ffffca667500f7ce
20000455effffebb9ffffc22a9c6da71b
0ffffb60600001a00000024afa40d5378
1ffffe5b600001e68fffff06b25dfbec9
1ffffbb3000002c9300000d256aae6a77
20000197a000000ddffffd96b4bd9926e
1ffffc3690000329cfffffed43987b168
2000093a2ffffa33dffffbb3a7f465ca1
200012880ffff36d7ffff90a17f689c3c
1ffffef230000173dffffedefe83e4f19
0ffffa32e00000a9c0000470781dde2fd
20000625cffffd17bffffbef735616363
1fffff01a00000e04fffff6288447a59e
20000d23affff7b5dffffa3a07f7679b0
0ffff90f1fffff88200006b6c9bd329c0
1ffffc57c000032dbfffffc793c83a97f
1ffffb65b00002c4100001262468dd723
20000151cfffff4caffffe9f744efd087
200007ee0ffffb7b7ffffbbc6652d10c5
1ffffe62d000024bcffffe99a6deb6239
0ffff9be1000004af0000544cfd8f673e
20000e630ffff6de7ffff9cdc187d9fdf
20000c400ffff8597ffffa7d23e63c760
0ffffd37400000fb000001168ea0f07b1
2000064f0ffffcfa7ffffbe2e215730ed
2000084ceffffb509ffffb8753943e50c
20000962cffffa6ebffffb4f44d43dd60
200005f36ffffd421ffffbf83e84aa9f8
200002c22ffffe022ffffe7417303318b
2000041a8ffffe1b3ffffcfe84a2f44d9
1ffffce1b00002883fffffe25f8c992f6
200001932000001e5ffffd8ae52e3c630
200009c92ffffa285ffffb2de71544a46
1ffffb711000025820000184c1fc53856
0ffffa70f000018bb0000352ee39fa4d7
20000b2b8ffff921fffffaccf494eddb1
20000b892ffff9245ffffa6c5e67e97df
20000ee8effff6249ffff9ff170409883
0ffffa2470000129900004016cba8a6c5
0ffff92e4fffff4b100006d31979e4d37
0ffff9436000001c000005effacb3c495
200003b6bffffed0affffcaec015a41f2
0ffff9538000004a700005b1dca93bda5
0ffffaa870000120f0000383602b47e77
2000097b4ffffa663ffffb3f03140b3db
100000bdc0000107bffffd7a91016e96c
1ffffe78e00002709ffffe5e040d7dc60
1ffffee610000059100000037897b53e8
1ffffe7ee000025d5ffffe6b737ed1134
1ffffe04600001c89fffff7bc41f83aef
0ffff9ad80000085b000051bdc1d6f8ab
0ffffab3700000ce700003c978a2a723d
1ffffe7f2000022a1ffffe9ef43f63014
1ffffd07500002a4ffffff9fb14cac113
200000d7900000a5bffffdc20b6682902
1ffffdfd400000acc000009c69733b88c
0ffffa5ab000002f400004c2fe9016fb4
1ffffe420000020deffffef6892390360
1ffffefbe000007dbfffffc90917a5efa
0ffffa7640000012e00004c32ac0e2b9f
0ffffa6e7000013a700003a56a8a196fe
200007116ffffca81ffffb70cbd7dcecd
2000067a6ffffc471ffffc68e76e38100
1ffffdbb000002b27ffffedbf1def297e
0ffff90b70000001200006436fccb4588
20000ce20ffff7ef7ffffa43051791b42
1ffffd5210000120200000d509b3c2813
20000996cffffa52bffffb36a384cc57b
0ffffae370000127f0000340696c10776
200002fc2fffff655ffffcd6aef289c63
1ffffc88b000016610000159e9e355c5a
1ffffbf51000024c6000010d24ca4ccd1
0ffffa4e20000152f00003ae30faa10f3
0ffffa9cc000010b500003a49da98377f
0ffff9ad50000008300005978c0db7616
0ffff9a29000008870000524486c98083
200001164ffffee1bfffff44d1c3a52a1
2000035e9ffffef98ffffcdec1330fbe5
200002870000000a7ffffca90b75edd46
0ffffb0790000152200002f2cc1003b22
20000224cfffffabaffffd6b4cf37b0b2
200001903000001beffffd909927e11ed
200005fb6ffffd761ffffbbcaae75ae1c
0ffff8c91fffff0a70000779cba8b5f19
20000d54affff7a4dffffa1982c7bd12b
2000062f2ffffd325ffffbcbadc6ad468
1ffffd21100001fbe000002c4a913ea36
200003248fffffb0fffffc631a275f1f8
0ffff84f1ffffe7a70000883c93a85ce3
200001e7affffe016fffff5127f086687
10000000800000173fffff296fe352fbf
200002e15ffffefbcffffd5ba4e3272f2
200002a8affffff4dffffc9c99757930c
0ffffac690000138c000034d48ea9bc50
1ffffb80a0000260b000016d40cb9d20d
0ffffab0200001a3600002fb349b57d37
1ffffc60600001cd3000011e458df7916
10000052e000015e9ffffd9022b1f493c
200004b6dffffd118ffffd68ffd653698
0ffffae2800000299000043fda009ee81
0ffff999000000b7e00004ff510a80daa
20000499effffe139ffffc8493c2d0f51
200006624ffffc8b3ffffc3db700ff405
0ffff8108ffffe77100008c6da89e44af
100000c1600001601ffffd1f6ce5b363e
0ffff9f7e00000a2c00004b37c8e22fe3
1ffffd60f000016fa000007970ee9c796
0ffff83bbffffed1300008422b08107aa
0ffff982800000a910000524d18ad1ba0
0ffff994c000002dc000058b9ffa3741c
1ffffe5a00000258fffffe9556de9603f
20000472effffea29ffffc1e3a969bbd9
200000f66fffff632ffffee3cd26240bb
200007d26ffffb7b1ffffbd894516843b
20000bf3cffff8a5bffffa7e6517b337a
200005605ffffd144ffffcbb41c32d892
20000c44affff85cdffffa752325fb8e8
0ffffcb2c0000102000001947ab18e6ca
0ffffaf9500002114000024482aa30c23
0ffffad2c000020db000027046590efc2
0ffffaaf300001fc500002a4a6490310b
200005346ffffdc51ffffc36c0244d536
200002700ffffe96cffffe331410bf990
0ffff9507000005e500005a16e495d29c
2000083d8ffffb4bfffffb9b66b3f3ff0
20000bfb2ffff8765ffffaa5e734d11b1
20000dab6ffff7321ffffa33d46568c45
20000ac20ffff95f7ffffafa46449f834
100000564000018f3ffffd5c902486579
200004a36ffffe421ffffc4cf2559623c
0ffff945efffff7e7000068878d0672de
200011246ffff4a11ffff93f7767dfee2
0ffffb3540000125b00002f23e5e2f3bc
0ffff82feffffeb780000867796a20891
1ffffb90b00002a0b000011d20cafda3d
0ffffa97100001b8b00002ffc5bb9730e
0ffff9fb700000383000051b33cd67884
1ffffe72b000026a2ffffe6adeff4b824
0ffffc14f0000024400003109f615518a
20000298cfffffa0bffffcffe3129266b
0ffff9c6b0000074700005132b8cd06d6
20000c4aaffff846dffffa84e585cf204
1ffffcdcc00002d19fffff9dc6bd17d78
1ffffac440000253d000023914f88c6d2
200002a2cfffff303ffffd6615e0a2df3
0ffff87a3fffff49f000078ba008348af
0ffffb19a00001f8c000023bbfc97ec4e
1fffffa93000007f9fffff1ac09ec8980
0ffff9bd600000ac000004e5f3582540a
1ffffe0aa0000296dffffea7253d20c7d
0ffff91fafffff4d600006dfb889a2522
20000681effffd1f9ffffb8ae997b92e0
1ffffb6bb00002984000014b27ea16f5e
20000b1b0ffff95e7ffffaa1a1c74e805
0ffff9307fffff1ac00007006878a566b
200005cc2ffffceb1ffffc76a602e3fd4
20000bd6fffff8adaffffa93d647a76ab
1fffff61b00001033ffffedfe42e7ecc5
0ffffcc9000000d4700001acb33f53793
2000007f2fffffb59fffff0af092305a1
0ffffc3cf00000f6b0000214982497251
20000a89cffff9b3bffffadf74b6125c7
1ffffc9fa000029fa000000c2a2eea24c
1ffffb258000028be000019ed72891a22
0ffffaa000000174f00003395c5ccd5f4
0ffff9058fffffb790000691d86abad96
1ffffc2930000257400000cc3f4d7e729
20000182e00000829ffffd37ffb1ed109
0ffff89c7ffffef9000007b86d39278fe
0ffffddf100000a6800000c08ae421ac4
20000f604ffff5f13ffff9b9c5669bceb
200004ab9ffffd4bcffffd3ab66151fa6
1ffffcfa400002955fffffbbf38da354c
1ffffcc53000018220000103528f03be7
2000075a8ffffc52fffffb7b7f97a175c
0ffffd40a0000026e00001df4c34046a3
200003dbfffffe526ffffd06a3d2314d1
0ffffaada00001522000034db07b65e56
2000026acfffffa6bffffd2841b059f55
200004db6ffffe295ffffc2d5006f5bfe
1ffffdb4e00002b49ffffee007998b43e
1ffffede400001739ffffef318344c5f7
200001ec2000001d5ffffd3241e15ed0d
1ffffc5fa00002728000007b2f7bc82e4
0ffff9858000001bc00005acd04917026
1ffffc6f900001fc400000e0d0dc7afc4
0ffff97effffffa3c000062aab61173a3
0ffff78a7ffffdc5400009fe694c17f92
0ffffb6f00000039500003a1bae2b5bd0
20000d376ffff7961ffffa4593f61a75d
0ffffaf8b00001fcf0000259213a0f92c
200009892ffffa705ffffb2702755cc2e
0ffff9dc000000d41000049f5cacfd7a0
0ffff9e8e00000a4600004c2446c978ab
0ffffd2420000011300002121e5314a84
1ffffeeaf00000e7bfffff724c232d8aa
2000044f0ffffe467ffffc9d90d148503
1ffffb4e50000298d000016882082a41d
1fffff6640000016afffffc58b747ec8e
0ffffa36900000aa3000046c4d9b2504a
0ffffb0da0000138d00003080f8c2ae82
20000c156ffff8901ffffa71f48791d5e
0ffffa64100000d810000410ccbb3334e
1ffffc91000002ed3fffffcee71a30c46
1ffffbbdf0000222e000016b0b2ff1d6e
0ffffa26f000008c00000499ea6ed3e13
200007f07ffffb812ffffbb590279269a
0ffffafb10000101700003503e6f646ee
1000000c80000180fffffdb4f0805bb7b
1ffffc11b00003256000001724887de74
0ffff98fd0000004b00005b90c5a83d17
200004486ffffced0ffffdfd039485b8d
0ffffa72d00001c8a00003150509010e8
200003144fffff213ffffd01d2f01b9e4
0ffff97e5fffffa9900006248aeae6643
20000119400000ac3ffffd7915f167655
1ffffdd1c0000133e0000040b8a42040b
20000f188ffff62cfffff9c6d6475f532
0ffff817effffe77f00008be7c48c6cd5
20000222cfffffbabffffd5cf66f60d4b
200007effffffb5c6ffffbd997e334cca
0ffff895ffffff14900007a3e9bab12b2
2000054daffffd3fdffffca157ff3e2fd
20000195c00000cbbffffcdc883578346
2000111e4ffff4a33ffff9438536c9c86
20000d148ffff7d8fffffa2670d788e60
20000453affffe49dffffc95908198907
1ffffdeeb00000f7600000609c9321cd5
1ffffbb70000025c600001395c4b0c97f
200003d52ffffed45ffffc8bcdd34920b
20000532cffffdb6bffffc46a2038f20f
1ffffe4150000247cffffebfdefe888dd
0ffffa9c3000017070000341a0dd75716
1ffffe5a60000197bfffff5610fe39fa7
2000070c8ffffc7cfffffba06ef67d858
200000faf00000bf2ffffd85faf3085c0
1ffffd2b00000131f00000ec5140435ce
200008cb8ffffad9fffffb7d53d31aa16
0ffffa2c40000067600004ba81be678af
0ffff9711fffffd890000603c9897f70e
1ffffeacc00000796000001ec1c204bb7
200001c2a0000012dffffd6677b097067
0ffffcb7600000825000020efb92307a2
0ffff825effffe61500008c67a1a868d1
200007990ffffc107ffffb7e6e25fa121
0ffff99d6000005740000559f86b89db2
0ffff913cfffffa9100006919a58ee4d8
200008af2ffffb565ffffb1ebf37efc0d
200008f18ffffa9ffffffb9085a1ea040
0ffff82f0ffffe9b100008845a2891fbc
0ffff8c85ffffef210000792889be51f4
1fffffe1e0000097dffffec89271e41e3
1fffffabe00001315ffffe6686ff25613
1ffffe0a80000292cffffeab4931dbe64
1ffffda5e00001d2efffffcfadd13121e
0ffff9b3c0000062000005389a4a1c3e1
0ffffb7900000134a000029e6e2fa35f7
0ffffa3810000082a00004920a41051f3
1ffffbb110000212d0000187c82e6cd74
200002d69ffffe9f8ffffdc2d200ab386
1000000cc00001a8bffffd8d5de1dbc33
200001719000006f8ffffd5c6fc0696e5
2000063faffffcf5dffffbf6f4d567e06
0ffffa4fd0000112600003ec02f896952
0ffff9b870000082f00005136b7c9e6ba
200009338ffffaa1fffffb4c11d399085
200008b50ffffb2c7ffffb4241662f2f8
0ffffa5eb0000207000002ec25880c0a7
20000111dfffffaadffffe812815c9e89
0ffffbded00000e47000028768c0ec4bc
0ffff8fd5fffff24e000072a88fa43e16
200007076ffffc2a1ffffbf7a5129e642
200011a30ffff42a7ffff93576769911c
0ffff8a73ffffe78c000082ba80826b59
1fffff66300000d6afffff07f60cddab1
0ffff80a0ffffe92a00008b25919cfe86
0ffff831bffffe7b000008a1281f66687
2000081a8ffffb7afffffb901133d9117
1fffff9e400001a73ffffdfe147e5ed49
0ffffa46d00001cb8000033f07c8124d5
0ffff9310fffffa4700006785a6b122eb
0ffffe387fffffb5e00001557b76c739c
200001ae0000009b7ffffcf3eb145a541
20000eaf4ffff6923ffff9cc84873e480
1ffffe94e000024edffffe63d17e4b607
20000ac50ffff9547ffffb022513fae71
0ffff96360000070c000057bf0084ecb7
0ffffa02bfffffe9c0000560dc002388a
200002fd6fffff381ffffd023380be5fb
200010ceeffff4e69ffff950b6278e193
200008688ffffb50fffffb6b21552be50
0ffffa23a0000097c0000491bcbd75723
200008f3affffafddffffb316146bef61
0ffff961700000a9300005466109be280
10000000d000008baffffeb56e530f8c5
0ffffb69d0000013a00003cd3e41765a1
0ffff9965fffffe9200005cd8b0f87bf8
0ffff846cffffed2800008359e98c75cd
20000877affffb2ddffffb7eb4643fdef
1fffff64300000360fffffa88a642c283
0ffffdbfc0000094400000f238742dfac
1ffffb420000026ee000019e526b0f51e
0ffffcf2100000de000001785bc2517d3
1ffffecea0000252dffffe25246f22466
2000059aaffffd6adffffc2934e4a7109
200007d1cffffc0bbffffb49fb17182bb
1ffffbff90000276300000d6fc8ddc73e
200001831fffffd63ffffde32ab792fe5
1fffff2a80000232fffffde8380389375
0ffffb47100001f87000020deeee22c3c
0ffffdcfdfffff97100001dd58b6f4c91
200009472ffffa6e5ffffb6b773370a48
20000c78affff840dffffa5c8146284dd
0ffff9c7d0000099000004ee019a55f02
200003530ffffe09effffdd970c43199b
20000386effffed69ffffcd8562235e37
200006446ffffd0d1ffffbdb21b64412b
20000229e00000579ffffcba6995eac5b
0ffff9403000002bd00005e3ae39af9b3
20000c304ffff8193ffffacca7d249b0e
1ffffd86b000028f7fffff33f31ee495c
1ffffdd3b00001b79fffffbd9c8fd8eba
20000dcbaffff735dffffa0fa6077200a
0ffffaa85000011ce000038788f86a45e
0ffffbd6d00001675000020d7edfa3907
0ffffaeed00001aad00002b4002911766
100000a8a0000140dffffd574cf26ae04
20000e366ffff6cb1ffffa0de5153a786
2000060a6ffffd3f1ffffbe40e35ec079
1000001f800001ddfffffd45b8864e563
1ffffb699000022c000001b9674af530f
0ffff7ec8ffffe8f200008d3dd7a66386
200007268ffffc6efffffb94115714317
2000035f8fffff29fffffcad61643285c
1ffffc11800001c17000017a03cca12d6
0ffffa91100001e4800002dac3380d3ee
0ffff94c5fffffd8400006298cbcf57da
1ffffc6a800002cc90000016d5dad0323
0ffffb6ae00001615000027fc98ffddfd
0ffffb19c00001fcd0000237924a3345a
20000118600001151ffffd121a94db47a
2000065acffffca6bffffc2a0531ae4dc
0ffffab0800000c0c00003d9d891b7658
10000007000001e67ffffd55fd3513745
1ffffc04b000026c200000dc5f8cedd28
0ffffa82f000019ec000032e23fb32bde
0ffffb15a0000176c00002bfb820aff32
0ffffb16b0000191300002a68ddc6a3b4
0ffff94870000049200005be6419c7dd2
200004d1affffd755ffffcea07001fdc4
0ffffb65d00001f1e00001f57d9e4072b
20000422affffe5adffffcb613c14df1b
2000012f600000070ffffe082181c02cd
20000117a000009ddffffd88f5405305f
1ffffeca900001615fffff19bdb3215ed
20000d222ffff7bb5ffffa361446debd1
1ffffdd9a00002a7dffffec7a70ba045d
1ffffe2fc00000e0f000003747eb5e98f
0ffffb08800001a9d000029add295e369
2000018a8000007afffffd37d13260a47
1fffff80400002153ffffdaf5cf2ddd66
0ffffc3190000179a00001a192fc7d994
0ffffbd9b0000185000001ee443d036d4
20000eb0affff678dffff9e445260bc9e
0ffff8719fffff20700007bd49495c986
2000053aaffffd582ffffc9d7f87754ca
1ffffcbc300002bc5fffffd3c5cce6065
20000fc4effff5889ffff9bc17059a931
1ffffdaec00002b6bffffee4133d0ef6c
0ffff8a7cfffff02700007a399ec850c6
1ffffc6c60000258e0000087738c9131a
1ffffe22e00002084fffff1b5b43c4d7e
200008974ffffad3bffffbb8f473ef590
20000be48ffff8b4fffffa7ea4b7129cd
0ffffa63e0000194a00003579f0b1a8ad
2000005e200000183ffffecae1bf1a589
200008a46ffffb551ffffb2ac0a7d2323
0ffffb99e00000b5700002fbb9e0ce2b3
0ffffcfa200001216000012daff1046e3
1ffffd7dc00002c7bfffff04912bb8846
0ffffd3fc0000017800001eec9e5758c5
200008a78ffffb5dfffffb1ede27fda2f
200002172fffff091ffffe1a56abd8097
200006092ffffd6c5ffffbb87a5739520
20000ad32ffff9865ffffac282b68f0e1
200004880ffffe697ffffc418f75a1df6
200004e40ffffe5d7ffffbf0c8c76930f
1ffffba4b000025e4000014a2cdb6cc6a
0ffffa6b4fffff8f2000055089c337db2
0ffff99e1ffffff6300005b8c8af638e5
20000c862ffff80f5ffffa7ff5e51dce7
1ffffe7ea00001b01fffff180c920ddf2
0ffffb26c0000139200002ed5f3e316d7
1ffffd0d300002b4dfffff8923ce46279
10000029400001403ffffdd821fe38572
1ffffba8700002d8200000ce64196f953
0ffffe13affffff9d0000136ea3644fac
20000594effffda89ffffbf1dcc62bb28
200008be4ffffb333ffffb3241f7333ee
0ffffa55800000d5e00004220e3fb7706
0ffffbe25000012380000246344e66fd6
0ffffb2440000174700002b3195e61269
0ffffc16800000ebb0000246686436b44
0ffff8ce5fffffb5100006cc8f1c44584
0ffffb3ab00001f8a000021a205d34753
20000f2aeffff6269ffff9baa5e7af24b
200002646fffff811ffffd53f3de78a62
1ffffd41a00002697fffff9f02df76e6c
20000256400000433ffffca1edd7c7c57
200004a3affffe69dffffc255d668ff0b
200009e98ffffa3ffffffaf5ef5628637
0ffffd816000004db000017937fd85281
1ffffca530000284b00000215c6f2e358
200004e98ffffdf7fffffc4fc2d463820
0ffff9ec8000010eb0000454d1080dfd9
0ffff9c0000001015000048f55d8849d4
0ffff909400000317000061614f966fa8
0ffff9c300000074000005175eeb144ff
0ffffa50800000b15000044add5c86950
1fffff85c0000173cffffe497a0653b3a
0ffffa6d70000119f00003c669d949619
0ffffaace0000139c00003667dbd7473c
0ffffa09d0000094b00004af0d1bd3c1f
0ffffaea500002076000025d861945843
200004b79ffffdd5cffffca3f37ff98be
0ffffa17200000df200004583249c6a2d
200003202ffffee15ffffd35253d986fc
200002740fffffad7ffffd1841e10ce15
2000010df000009b7ffffd953917910fc
200000b440000080fffffe0b015f29bc0
200004126ffffebf1ffffc632c948a0fc
0ffff9263fffffab4000067cad69d4cfa
20000214000000197ffffd0dffd28dc26
1ffffc9ee00002205000008cbded99ce5
1000002b6000019e1ffffd790d82ccb7f
2000056c2ffffd215ffffca0d6ee9a3fe
20000d3eeffff77a9ffffa5947e4e0c80
0ffffa6cb0000101900003df21b87727b
20000a094ffff9f43ffffb20f323e970a
20000189efffff91dffffe21459e2d2b7
2000069d0ffffcd07ffffbbdff25ee2ef
200001330000001b7ffffdef83ed996c7
1fffff54a00000cfefffff1f93c0b41dd
20000103100000460ffffdf612fffe4d5
1ffffd22100002a76fffff81bc1e0811e
1fffffb7600002021ffffd8acfc436464
0ffffd2dafffff80e00002970a9617291
0ffff85c9fffff42600007b1419976f94
1ffffd85a00002808fffff42f8d0da950
0ffffb6ec00001ec500001f28edd4eb05
200006d1effffc4b9ffffc0c53c15a3b5
0ffff8a55fffff2aa000077e8b4d656a3
1ffffdf0400000fe00000058a0f2970e7
1ffffbf9b000020c70000147f4cafe4c8
2000013fc00000457ffffdb92422e7d17
1ffffd94300001792000003cf5db7c491
1ffffb4a30000212c00001f0ae28bc96b
2000057eaffffd2edffffc80d5604ae6a
0ffffa63700000c3c00004256898abd59
200004c7affffd31cffffd3893732148f
200001112fffffc3effffe68f1a3d5ee2
1fffff4ab0000172affffe87a41d4bee0
20000198a00000acdffffcf83b148ad55
1000005aa000016adffffd7c3df1db04e
1fffff98600001687ffffe426da59682e
1ffffb4a9000021ef00001e440ba81662
10000062e00001c69ffffd1908e7f3368
1ffffb71d00002708000016c03b871974
20000c8acffff812bffffa77f71652460
1ffffda8a00002b8dffffee8235b19256
2000018cc00000ecbffffcc4ea17a1b61
1ffffd3ca000025befffffb3741bfc3d4
200001dfe00000219ffffd3a6fd0a8840
0ffffa82000001613000036b5ef80d72b
1ffffe41c0000283bffffe8290eebd677
0ffff8861ffffeee400007d9ca89630d7
0ffff873affffeec100007eeb96b41aa3
1ffffbeab00002dbf00000872dac3aa49
0ffffaa430000185a0000324af5c1110f
0ffff8ffbfffff72100006dc298c724c8
0ffffa782000010f100003c63e1c84434
0ffffb769fffff6f0000046319b4a7ca0
200009dbeffffa5d9ffffae64107d0158
200004c1effffe239ffffc4c7ea3eb3da
1fffff0be000023d9ffffdfc8e72b2b59
1ffffdd1f00001cb8fffffaa4f41f573f
1ffffbd0b000025b60000120298d7ba70
200003450ffffee87ffffd08f40fab13c
1ffffc50100003020ffffffbb3eb4ff51
20000677effffca19ffffc11c4a2bfde9
20000b6a4ffff9073ffffaa844161fea4
20000be02ffff8d95ffffa5f0007abe9a
0ffff97450000042300005988e7af23cc
200006190ffffccc7ffffc46d7d1a38ef
0ffff8021ffffe0810000942c98847609
0ffff9173fffffa160000695a97e11ca7
1ffffb9ef00002923000011ce47bb6075
1ffffaf760000249b000020ef3797dffe
20000282effffedf9ffffdd78490c0baf
1ffffbfe000002ed80000062bf8b6a433
1ffffe8b4000026a3ffffe51da4108d39
0ffffb5b600001ec50000204fbca2d07b
0ffffac6a00001b2300002d5b45bc7f3b
20000d27cffff769bffffa8147f3bb94e
20000ab16ffff9881ffffae2c6d63581e
0ffffab5500001d4900002c581aaf00fc
0ffffb6f700000cc000003106fcfc52ce
2000026dffffff022ffffdc9d53f7e9b8
0ffff94480000040900005cad31b47bbd
20000b0e2ffff8ff5ffffb0cd6d1c9d8a
1ffffd6c10000215ffffffc945cc3eac7
200008378ffffb61fffffb8ba5e4946dc
200003938fffff0dfffffc94cff45080f
200006a8effffc909ffffbf141735ad14
0ffff9881fffff52800006721a6227f94
0ffffaad20000141e000035e38faaa22c
0ffffaf7500000a0200003b46c80e55e5
200005a84ffffd4d3ffffc38d142aa037
20000828affffbacdffffb507207755d9
0ffff91ccfffffdec00006539f2e479a5
1fffff35400000af1fffff5f9132641d3
0ffff94d90000000e00006004afb2eebe
200006104ffffd153ffffc0792c4a1c35
1ffffbb30000022280000179d6296c5aa
0ffffc2f2fffffa8800003707aa3f4884
1ffffe82d00002528ffffe71d60bed425
20000e59cffff6d7bffff9ddc227096b0
1ffffecea0000252dffffe2522e0c4f6c
200002d70fffff367ffffd2a769fd162c
1ffffdda700000e670000085ba836f5c7
1ffffe9b400000a7a00000025132853c5
200007e9cffffbb3bffffb88f48635964
0ffff94abfffffa37000065f2b6d26af9
0ffffb4a800000a810000357686386d2b
0ffff922700000203000060d6d799d391
2000074d2ffffb81dffffc5a34353418b
0ffffa67f000015600000390e178a1626
0ffffd3260000002b0000211ddc3d5f95
200010b66ffff4ef1ffff960f6e73e6b8
0ffff7c83ffffe25a0000960a9cbe5d89
1ffffe0e000001a1bfffff97f9a178bcf
100000ee600001399ffffd180b5703d3a
0ffffa5250000163a00003998ed93bae6
20000c0d8ffff86ffffffa99b695711e1
0ffff988c0000085600005419c18d9dae
1ffffeed900001ad8ffffeab25305681c
200000e3f00000342ffffe2774af5fbd3
0ffff91c0fffffc66000066c5998cb9c3
0ffffac5100001080000037ec80e20550
200008608ffffb1cfffffba6b7d363355
0ffffbb63000008bd00003081d5227aee
200007d6cffffbbcbffffb93dea68d394
20000c954ffff7ec3ffffa9386945b966
0ffff9f6b00000f3900004652e2b1dfc5
0ffff98bb000006d700005562a3a99ba3
200012c6effff3669ffff8d19507c88c7
0ffffa6eb00001429000039d213ac4529
1fffff34600000d5bfffff3b13fdbc8a2
1000000fb0000164effffdcdd2405fd17
0ffffa0620000094400004b33bf89f334
0ffff9ce4fffffc4400005b9c8b286eca
1ffffebc400002593ffffe31550ed2c60
0ffff84f5ffffe829000087b8859630e2
20000364cffffe9cbffffd3407cd7c11b
0ffff7248ffffd6c40000abdd93884d8b
1ffffc5de000032b9fffffc38edb79274
2000059caffffdb4dffffbddec273cb72
1fffff54a00001acdffffe42a66bfbf6c
200004148ffffe28fffffcf5b7be9e5f1
1ffffd932000010dd00000a74ce12cfa1
200002122fffffe35ffffd4575e0c432a
0ffffaa9300001505000035643daaec8d
2000142daffff23bdffff8904707182a2
0ffff8597ffffedcd00008186a9d64f88
200002df4fffff923ffffcc74fd440770
200013a72ffff2925ffff8c207f698321
200007b90ffffbec7ffffb81d0c5ff204
1ffffe17b0000219efffff17a24eae5e5
0ffff86d2fffff07a00007da3bc8a17b4
0ffffa1d600000bb70000474fcf8ffd2f
10000100000001414ffffcfedb1671c31
0ffff8b9bffffef46000079f280197ea4
0ffffa7060000102000003daf99a5bb29
0ffffa0ca0000078b00004c7ba6a60234
0ffff926ffffffc3a0000663ee4ba63db
0ffff9aab00000a1b00005032c998b3b8
1ffffd79700001b3f000001c20bf7fee0
20000a5bcffff9b9bffffb07d63571e79
1fffffa1600001b01ffffdf226cfa6b59
1ffffe232000028e5ffffe96eb60bb85a
2000038dcfffff1e3ffffc8af9b5583b5
0ffffba3100000ac800002fab962019df
0ffffb2a6000013e100002e48fee940f2
0ffffae4e00001ce1000029b71ec2412b
0ffff9e66000013670000433ff8989d90
2000088f4ffffad2bffffbc25414e1490
20000a08fffff9f42ffffb217685242b4
200002522fffff9b5ffffd4c550f7df52
0ffffa75400001a07000033a17c8d7e27
0ffff947d0000034d00005d30c382aeb1
20000b03effff94d9ffffac9a385fd655
0ffff87e2fffff528000077f30caa769a
1ffffdee400002853ffffed5d7bdf795c
1ffffd27e0000164700000bc8f5154a09
1fffff25600001e32ffffe3d4f824160f
1ffffc70700001b4e00001256c1ffea09
0ffffa739000017ba0000360e7bac70d8
1000008ab00000f66ffffdbf43ef0e70f
0ffffaf0500001db90000282843955860
0ffff92f0fffff63700006ba59dbe5811
0ffff96adffffffc400005e70908cb6e7
1ffffb666000027b9000016d659a8211e
200004970ffffd7c7ffffd1f261346bc4
200009ec6ffffa211ffffb1193557de3d
20000202efffff7a7ffffdbd6a47d21d8
200004ce4ffffe333ffffc308cc53a538
0ffff9261fffffa730000680c948ad6e8
0ffffa701000016f4000036fce38eb3fb
0ffffd9b40000029a0000181bf2375a91
1ffffd0bd00002869fffffb9b28c4c5fb
200004f5effffe079ffffc33de74ac4f8
2000042d8ffffe6ffffffc96359387828
1fffff86600002131ffffdab4cd380250
200003c54ffffe803ffffcef15effe364
200003f5cfffff13bffffc2c286719fd2
0ffffae0f00001c5800002a7ed084962d
1ffffef1f000006e4fffffe2c856e20cd
200008d0cffffb40bffffb124e07edaec
20000b0b7ffff93d6ffffad24646656ac
200001a8a0000020dffffd72c43f2cf40
1ffffe090000026d8ffffed29d8f5a60e
0ffffb43f00001de2000022b2bee7eb21
20000b88cffff8e8bffffaa7c415fe11e
1ffffc7dd000016fd000015cca301afd5
200000c6500000a9fffffdd04be2380b0
0ffffc878000009dc0000225155f87f9a
0ffffa28900000c0d00004644f2d06d1e
1ffffdb8b00001ee5fffffa0fb61efb34
1fffffa9bfffffdbffffffbc0cd37e282
1ffffe41c0000283bffffe8294ad2ee6c
0ffffa658000017e3000036bddfa1a3d3
20000161800000324ffffdaa3ec3c05e1
20000641bffffc518ffffc99853537ab6
0ffffa99700001171000039c69b8bb656
0ffff897cffffed8100007dd980d344c2
1ffffe10200000e95000004d693268b85
0ffffba06000019750000214ab6edcbf0
1ffffeca200001e4affffe97ec919baeb
200009e52ffffa645ffffad64de75a4c0
0ffffa8f8000013a50000383da3bdc110
0ffff8c93fffff0e80000775a8218729e
0ffff8032ffffea2000008aa3dab37389
1ffffc1cc0000326b000000a94b8be173
0ffffbd92000013b10000236af20d7d26
1ffffc8c70000229a000009776aaae1ba
1ffffb4e7000029ce000016465b9a172e
200004fdaffffe13dffffc1fecb52a6f3
20000c67effff8559ffffa58d3f7710e8
10000025a00001dbdffffd41aad745676
0ffff9dda000001a10000554b8eb61d3a
1ffffdd4b0000224efffff4f8d6fab2fb
200010d64ffff4b73ffff9783775ea435
0ffffb047000019d300002ab6b6d3f43c
20000ac84ffff9713ffffae265056fc12
1ffffeab400001b47ffffee6ce82005fc
200007d5effffbbf9ffffb9131051bb7d
0ffff952dfffffbcb000063e0a2ae1af8
20000d344ffff78d3ffffa518494f9ed2
0ffffac4a000017130000317b13b8685a
200004de4ffffda73ffffcab15200ab7a
0ffffb0ef0000061100003dbcb8070fa1
200005fd7ffffc590ffffcd6af8773d96
200001d66ffffff31ffffd72071f92a7c
0ffffa859000015d9000036b4b2a599fb
20000d746ffff7591ffffa4497b561299
200000e07000002e1ffffe30e52145cf4
1ffffee780000216cffffe483df1bea17
2000026aefffffa8affffd26bb16e08e5
0ffffab6a0000187d000030fbfa9a063c
2000013c4fffffd63ffffe2bc610b54e4
1ffffe06e000028ddffffeb413cbdaa1a
1ffffe60600002791ffffe6e42dc99c3e
0ffff9a520000064500005453e7a624ec
1000005ef00000dd6ffffe04548ca98ea
20000382efffff369ffffc7d4dd5afb52
1ffffc9ec000030e3fffff9f747a5dc60
2000052f7ffffd33affffccc96502e3b7
20000ca1cffff80fbffffa63c4165c668
1ffffd26c00002e27fffff41c6f92bd3d
0ffff9e2000000a8400004c4582dda1a2
1fffffd310000083bffffeec33df1f0b4
1ffffe9170000209bffffeacde2fb91cb
10000045a00001b7dffffd451d2543644
0ffffa025000002a600005202c0117cdb
200001093fffff748ffffec0a77fc55c3
0ffffb448000016a6000029eacdd6aeb7
1ffffc5b000002f230000000a43939814
0ffffb1ff0000138800002f409ffce9f0
20000de12ffff7385ffff9f78317fcf56
100000f26000014f1ffffcfee80569809
1ffffd4ca0000117f00000e3dfa1842df
20000107c0000049bffffdec477ad881a
0ffff876fffffee0500007f6ea7ec749a
1fffffd580000117dffffe559fd2e25f8
1ffffb73d0000219700001c0f57c26228
1ffffe61a00001be6fffff25d9040fe3b
1ffffd8730000115b00000abc000801a6
20000eb86ffff6851ffff9d05607f181e
1ffffeb00000025d7ffffe39737fc346d
20000898effffadc9ffffbadb7a1fec2c
1ffffba4d00001f9d00001b106b8eb283
0ffff9c2bffffff270000597290d0442d
0ffffadc600001a8a00002c8fce9bbf33
0ffffa58e00000d2b00004217deb75450
200007a11ffffb090ffffc7da75416188
200002630fffff9a7ffffd3c35c061878
200003958fffff57fffffc497846d94ff
0ffff9845000006c9000055e80dab41cf
0ffff95eafffffd660000618bbaa42902
1ffffd31100001c0e0000056eb9180527
200009c4affffa38dffffb2215d593b14
0ffff9b1d000009a700005030aa9e8faf
20000c6dcffff82bbffffa7c6484fc082
0ffffb88c00001bab000020b337adc79f
200003636ffffeb61ffffd1c46dedd572
0ffff96c6fffffb7a0000628f97b72b0f
0ffff94dd0000009000005f80a8a9d3b8
1ffffc57c000032dbfffffc79ccc6997e
200009134ffffa9e3ffffb704663bff60
0ffff9596000001a900005daf01bb6cdb
200001a8e00000489ffffd4b2fd038507
200003dc8ffffea4fffffcb340c1c9d3f
1000005ae00001929ffffd549ce41f458
0ffff9177fffffa98000068d68182a0ce
200005682ffffd815ffffc45c192dbd23
0ffffa7d400000ec700003e32c8076f1b
0ffffa6be000015e90000384713bb3303
200006a18ffffcbffffffbc9ce34d9300
0ffffa87a00001293000039cb969b9924
0ffff96c6fffffb7a0000628f8885e927
1ffffc57c000032dbfffffc7925968e76
1ffffc569000028110000074dc9d79d20
0ffffb2fc00001a310000279dc7f72c35
0ffff9f9f000006e600004e4eb2b51c24
20000a116ffffa3c1ffffad19f174bdd2
20000ccc8ffff7ecfffffa5b2355ea414
1ffffd4c5000025e9fffff9edca01ea49
200004478ffffe61fffffc89e2533fe50
1fffffc31000002cafffff52f6de82db6
200004c3cffffe59bffffc14fbb68c90c
1ffffc9460000205200000b2539da320c
20000263fffffeb17ffffe243273132b2
2000035c8fffff34fffffca58cd378049
200005a88ffffd74fffffc11328554511
1ffffc29500001b7c00001693c4175b61
0ffffa1c40000185b00003af13d95eeb2
0ffffa4cf00000b4f000044aea197e74d
1ffffc93700001d3100000e5538d81ee8
0ffffa5ab00000963000045b282ef252f
200002b6efffff469ffffd3ad59efd61f
0ffffa7890000194b00003424318e140e
0ffffc86b00000e3c00001deca31ef4ce
20000b222ffff9075ffffaf0c5c31b496
20000cc7cffff7d5bffffa76f4940899f
0ffffad120000129d00003513b10a5d40
1ffffd79c000015f4000006fcb809a4b2
20000fe82ffff5815ffff99fc676ec37b
0ffff86d7fffff893000075a6448e7685
1ffffc8e900002efcfffffcecfbbc992c
0ffff9e72000014ed000041b32b83cba8
0ffffa47900001e3e000032644280aca0
200005fbeffffcd19ffffc5f14e009506
20000779cffffbb7bffffbf5c55129f47
200005be4ffffd9f3ffffbd17a56e884d
0ffffa0b80000142f0000401d489332e2
20000224cfffff73fffffda147ac6b9e3
2000073b2ffffbe65ffffc06a4f0693a6
20000116cfffff5b2ffffecb2bc6216aa
0ffff7925ffffdd6600009e588f9448a6
0ffff9532000003e400005be3379277e8
1ffffdee5000028dcffffecd15bb8d121
0ffff9734fffffa8400006311a3c96220
1ffffb77200002a5c00001323248ecb3d
0ffffdaab00000c7c00000d43c33b39dc
200002ffefffffd19ffffc67a8c7bc973
1ffffb6e000001f9900001e6549cc6829
200000ed8ffffef59fffff5ab7c0677ad
20000b3aaffff8fedffffae08643ce18d
20000d298ffff78bfffffa5d9694edbc6
0ffffafbe00001ed2000026572cc65231
2000083baffffb15dffffbd2e7f0ddeca
0ffffaeb000001a6500002bc51db3605f
20000132cffffef12fffff1905c196bb2
200005820ffffd5f7ffffc4d45735386f
2000025e3fffffaaeffffd30e440e1307
1ffffd74100001ce7000000774deb46f3
20000981effffab39ffffaebbd971a48b
200004319ffffe7e8ffffc842d644afbe
0ffff92290000024400006094eea50397
2000022e0fffff82fffffd8a5202208d3
10000004f000004dbffffeee9243471eb
200003ac8ffffe12dffffd75c215c7bd7
0ffff9c4600000a0b00004e9fbbc5d8b3
20000798effffbfc9ffffb9231258eeff
200002a64ffffe88fffffe09776c9a691
1000003f900000d40ffffe2d765c6c3f2
2000049f6ffffdae1ffffce3972e0947c
0ffffa77b00001784000035f238c56808
1ffffcd14000018b600000ed5e00308f7
0ffffb3af0000200c0000211eabd0aa1e
20000ac3effff9959ffffac2c05649328
1ffffbe6e00002f000000077e58a81647
0ffff96a3fffffe7f00005fbae784522d
200007f1affffbd3dffffb613e664bdc0
0ffff9e6c0000053d0000512987d0f6fd
1ffffe42a00002535ffffeb2c6df0753c
200004cfcffffe2dbffffc347e850dded
1000002bc00001d9bffffd3d9be64415a
0ffffcbedfffff9b600002ec08c6165a8
2000088a4ffffb21bffffb787265d0fa7
1ffffd27200001b170000070af90e4a28
20000ca48ffff7dcfffffa9345e339293
2000082baffffba1dffffb5850166e9e2
1ffffe11d00001e78fffff4cc8c49377c
20000184c00000b8bffffd007c74de468
2000092e8ffffa62fffffb8f87b19d303
100000e3a0000105affffd566a76e2019
0ffff8d90fffffaa300006cc5de9814a9
1ffffc4660000208c00000fe946aec0ae
200006968ffffc96fffffbfd7182a98ec
0ffff81cdffffea1000008910cbc37c93
1ffffca9e00001e6600000bb360e07b1c
1ffffee10000024c7ffffe18ffdee9d26
200000e1e00000979ffffdc545fd5ce21
200000124fffff751fffffb84df5952a8
0ffffa63300000bba000042dab9e05741
200005499ffffd0ecffffcd7b2e27dd91
0ffffaed90000182300002dd4aaf10021
1ffffb9f800002b6800000f97649c061b
1ffffbda900002ad800000c54f0c2ef6e
1ffffded3000029beffffebfe07d29e29
1ffffd3a000002abbfffff65c7cb2182d
200004988ffffd6dbffffd2becc6df891
2000031c3ffffec16ffffd5a0571a3de2
0ffff9b2f00000bf000004dde3ca562dc
0ffffb0a8000021bf0000229b5a99f0d0
1fffffbc000001372ffffe4f2886d1514
0ffffdd4effffff6e00001797bf55569b
0ffffaa27000014cc000035e6cfd6191b
0ffffa038000003ef0000509db2a03f63
20000bc88ffff878fffffad64712ab2a7
1fffffb0e00001f80ffffd9b3a84cf93c
0ffffc33100000fb5000021b69a1cfae4
1ffffe5ec00001869fffff5fc9b55505b
2000066d8ffffcdbfffffbe261d540e4a
1ffffc1f30000226b00001064ace69e0f
200006f2affffc9edffffb98e1f7a7905
200007399ffffc190ffffbd6f147144bb
1ffffc4e500002d4a000002b42ba8aa07
1ffffebc400002593ffffe3150b050076
20000c5b2ffff80a5ffffab037136ae29
0ffff8d2ffffff5c9000071eec1851ee4
200002a06fffff991ffffcffc2320f746
0ffffb7850000130500002a43efe0eeb6
1ffffc09f00003185000002be21b7f568
1fffff74000002197ffffdb77a12d9366
1ffffbe2700002a4800000c7277b9785d
20000ca92ffff7e05ffffa8b47847eafa
200002183ffffdeaefffff357e3694f85
0ffff90a5fffffdc900006688eeb23aac
200003101fffff070ffffd20c2b2002df
1ffffeb1c0000230fffffe645f1140228
0ffff9545fffffed7000060c88db4cfc1
200001574000010e3ffffcd99986df13d
200000bd400000b83ffffdc9d79e52568
1ffffe1130000153bfffffe0c964e3938
20000728effffc009ffffbff06621f345
1ffffdf35000014270000011dd918e8c1
1ffffd32d00002521fffffc5e0fe3f51c
2000039e4ffffeaebffffce87200190c5
0ffff985a000001fd00005a8bad91e1f7
1ffffb0a70000260300001e564e8ffa14
1ffffc2c2000023f500000e0cb5e4a81b
200009b5cffffa83bffffae6ed56a8387
0ffffa0c700000ea00000458617842d1f
100000d680000126fffffd42bb52d8241
20000578effffd6c9ffffc4971b25ac07
1fffffa57000012cdffffe700b7707136
0ffffa12500001a8f000039685d87e99f
0ffff83eaffffeb940000856bdf9279ce
20000ca78ffff7d1fffffa9b26334871e
2000081d8ffffb6ffffffb97f6e4964ef
0ffff9ea7000009f800004c488aeab89c
0ffffa79300000ba30000418a9ff9553e
200006508ffffcf4fffffbe6d1653081d
200006582ffffced5ffffbe6bf642abbd
1ffffcdaa00001ab400000c6575b4f79c
0ffffbc8700001a2e00001e2b76b42fb7
0ffff9f72000000ae000054b9cafb3a93
200003dd0ffffef47ffffc640fd644d38
2000040d2ffffe585ffffcce34403c30d
1ffffc2110000198e0000191a18f05210
20000e722ffff6bb5ffff9e15446dcd9e
0ffff9a4900000c9700004e2464977fde
20000c9ecffff81abffffa5be1c5a829f
0ffffbf4300000e74000026f79f04b8a5
20000ed86ffff6611ffff9d3c3c61919d
1ffffe2de000009590000082b311f79c2
1ffffdbf500001be4fffffc8e9a495c7e
0ffffb2c80000191c000028ddac083b4d
0ffff9721ffffff9100005e2cf1a77415
2000027b8fffff91fffffd2bf3705d352
1ffffb87000002cc100000fc54c94f93f
0ffffb41c0000051c00003b8718f96798
0ffffd1ae00000b6b000017781c073593
0ffffabcb00001d5700002bd23f8a222d
1ffffc42700002f220000019a5c98d424
200011a7affff42ddffff92d7606f922c
0ffff9bf70000077a00005176aa98bce5
1fffffa5000002087ffffd96fad268b26
200001a2a0000036dffffd63011f5801b
200008f34ffffac23ffffb6cd3a34afec
0ffffab7d00001370000035e086e0d21b
0ffffa23bfffff95d0000591e83305eb0
0ffff929afffffa390000680bcedc7eda
10000050400001346ffffdbd3b843d9ef
0ffffa951000003a8000047d0ae01018e
0ffffaab400001f3c00002b1134a9fde6
200002b09fffff8ccffffcfbb0115a7de
200004a6cffffe72bffffc196e676440c
2000041a8ffffe12fffffd05775d9a132
200001db00000059bffffd07fe4450705
1ffffd90d00002774fffff42d6cb1d8f1
200002e9afffff57dffffcf6a2a1df24d
0ffffb1e00000149c00002e695dc357c3
0ffffa37300000be80000457ad1de5419
0ffffdc98fffff59e00002209a2747889
2000026f1fffffaf8ffffd1c2cf3dbbc6
2000039e4fffff0f3ffffc88bfd4e1732
0ffffb24700001f1f00002376d492b54d
1ffffeb5c000009f8fffffef0a85416c0
20000968cffffa58bffffb5f06f3d0876
0ffffa3af0000049900004c6e87f36452
200002843fffffa12ffffd14335191209
0ffff8292ffffecaf000085b3e2b47995
1ffffcabb0000203c000009a7a111f94e
0ffffc8330000108800001be81d015dd7
0ffffaf43000016ab00002edac4da3358
1ffffd3380000117a00000fe81ff60b9a
0ffff9f480000123e0000437d01a5d6af
1ffffd22a00002a61fffff83355abc303
200003affffffe513ffffd34bb954ad8c
1ffffdc4d000017f10000004c54027cf5
1000002c600001491ffffdcc31feaa61f
1ffffed3600001f15ffffe80c973be436
1fffff6700000058bfffff83c0b08dc94
1ffffcd27000016bb000010c8f8ecd6b3
1ffffe255000020e8fffff1524cb8a3d3
1ffffbcc300002d0800000b21f7ad8912
0ffffa89900000f0c00003d249782bd65
0ffffa9de000012fe000037f7e6f16e2c
200003678fffff5dfffffc71dae60b26e
200002e84fffff713ffffcdee1329f501
0ffffd7050000062a00001749ed242685
2000081adffffb258ffffbe61376e619e
0ffffc05e00000065000033c8c43776be
0ffff896effffebba00007fa78bde79d7
200005f5fffffd536ffffbe48e85ce2c9
1ffffd5f100002c9cfffff21a76b41e5b
20000a5aaffff9fadffffac87ed6c94e2
2000081f4ffffb923ffffb744496266e7
0ffff8af4fffff07600007971bd864f05
1ffffe65300000a04000004164ad5db80
0ffffd11d00000eae000014c4e90e09ad
1ffffbc9f000026ed0000113e97d89d52
0ffff9e52000001f000005483c18f5070
1ffffd83b00002abefffff1ac5f968a06
0ffff9f2f0000079b00004e0e99ea0ee4
0ffffb24f0000135e00002f3519c6ed9b
10000011400001983ffffd99222254968
0ffffb27800001de10000247dbc9dae4f
1fffff75d00001573ffffe778d11eb5c8
0ffffb14100001bb6000027dc99b19738
2000017180000033fffffd9757feb3725
200005378ffffdcdfffffc2ad29565328
1ffffe48000001ed9fffff11501276e53
20000469effffda4dffffd2387aeadbba
0ffffbaea0000195e00002070e8046c47
0ffff9f74000008e700004c8107a87636
0ffffa5600000041000004b5d9c0608a3
20000152c000002abffffdbf76dc4ad19
1ffffe6c80000263bffffe77afbdc8001
1ffffd58300001694000008719217a3d2
0ffffab3b000019fc00002fb2db92b217
1fffff4a8000020efffffdeba10fbd12e
0ffff9fbf000006fa00004e299deed792
0ffff95460000066e0000594f418657d3
2000032c6ffffedd1ffffd2d073eee87a
200002886fffff26effffd8aa18321acb
1ffffe45a00001468fffffba2be3307ed
2000068ecffffc8abffffc1164225d703
200004962ffffe9b5ffffc01ea07cd8eb
2000015e3fffff326ffffeaba154f7bd4
1fffffa7c00001d5bffffdc67edff9126
200006652ffffc6c5ffffc59665ef92b3
0ffffd01b0000064200001e1aba393cbc
0ffffb333ffffff740000420f0d087b89
20000267affffefa6ffffdd872710db9c
1fffff55600002241ffffdcbcd014a724
200000195fffff6cefffffb9b252f5eaa
0ffffaddb000015be000031328bb0af47
2000025eafffffbedffffd1c9000b8241
200005423ffffd992ffffc55110572cd6
200007068ffffc92fffffb90aed71fb1a
0ffffb14a00000c820000370a0cdc1190
200008646ffffb9d1ffffb23ec67ab3b3
0ffff892afffff205000079bb81caf282
1ffffd64700002881fffff5e7f0d99c03
0ffff972efffff9c1000063d782e65209
1ffffe3be00001dbcfffff301bc10aae6
200012da8ffff332fffff8f0f746580f9
1ffffc92600003015fffffb917587c63c
0ffff8f3cfffff54500007059c48c4d0f
1ffffe7f0000026e7ffffe59f0cf2d770
0ffff95b9fffffea4000060849fb6f9d6
1ffffca9b00001e5400000bde77b70cb4
0ffffbabb00000aed00002f1306f22a9d
0ffffb71700001cab000021281db2b8ad
0ffff9e9c00000b5500004af9e29b00fb
1ffffed4c0000250bffffe21155fa5376
1ffffbe5700003202000004964f90c73b
1fffff98c000020cbffffd9f101364a67
2000093ceffffabc9ffffb284f95189a3
200008faeffffaba9ffffb6cb5c3a05c7
20000bb68ffff8bafffffaa70776051ce
0ffff99fc000009760000518f3fc56ea3
1ffffb5890000253900001a2622c0182e
0ffffa60400001c26000032e163841ae9
0ffff9a5700000e5e00004c56f3a8bd83
200002d00fffff168ffffd52aac478b92
20000534cffffe00bffffbfb5ae659913
1ffffe82c000021d9ffffea771004040b
20000d5aaffff78edffffa294526f08be
0ffff8f32000002ed000062f33ea24f82
2000025c80000054fffffc8a08e7ae929
200005f06ffffcec9ffffc501782756f0
1ffffdbd00000273ffffff1955bb5c1f1
1ffffec360000237dffffe4bf020afa1c
1ffffe2050000244fffffee2d260d6c5e
0ffff9bd1000002a70000565c9fab0517
200008950ffffb507ffffb3ede465953d
200009e1cffffa33bffffb09d09558835
1ffffd4b500002bc0fffff43a7293af16
100000c6400000cfbffffdaaad127aed0
1ffffd16900002c40fffff71166b40a3d
200000d90fffff72fffffef2c78ff62c2
200001ee6000008f1ffffcbf5835c8a34
200009cf8ffffa4dfffffb0231c65da3f
1ffffcee30000181900000dae0fe9eebd
200009330ffffa527ffffb9b572009082
0ffffa9b0000009e30000413ddaf83dc7
0ffffc10800000a3800002969db05089a
200003504ffffe11dffffdd3ad47741b3
0ffff8faefffff4d10000705786b010e4
0ffffa5c100001b1b0000342c2399cfc2
200001264000011f3ffffcfa187539418
1ffffd96400002bf3ffffef4516f02e7a
200001979ffffec3cffffee0321333da0
1ffffb2d3000021f80000201a28aa2f50
1ffffe87300001b87fffff06bae2bd704
1ffffd74b0000209ffffffcabeb01021f
200006a8cffffc7f7ffffc02c02369897
0ffffa08e00000eda0000458713ae44fd
0ffffa3900000082000004915d5b37670
100000be200001435ffffd3f2e8462472
0ffffa46c0000063400004a19b3c4767d
200003122fffffb75ffffc6f49b6cc912
1ffffc70200002605000007db609fbcbc
0ffff923efffffd780000653702ba7dd5
0ffffccd0000008ed00001eb9ac4466fb
20000345affffd859ffffe6b27c094485
10000057a00001193ffffdd11c730bfdb
20000c827ffff811affffa81d5f6f3e86
1ffffb72a0000213800001c6bb2c1c85c
20000340efffff349ffffcc1b12370066
1ffffbda500002a5600000cd8c4d4bf53
0ffffb2d20000126900002f8986fec0db
2000119ceffff42c9ffff93986a6b9455
200007fc6ffffbd51ffffb552167e4e2c
0ffff8b48fffffb2000006e9ddf8de882
0ffff8a2cfffff4ec000075d99f89cfa5
20000112c0000072bffffdb894ed7a171
0ffffd3a000000711000019c9eb2a4baa
1ffffc3e500002aa40000065448b2f91e
0ffffb0e500001ef50000250855997c75
0ffff7620ffffdc480000a285ab9b6489
20000084afffffe64ffffed42c16639cb
1ffffc18e000030c9000002905ea51150
1ffffbe4d0000226f0000142036bf03fa
0ffffb0020000188700002c43eca8367e
200006b9affffc7bdffffbf4f68436b17
0ffff9d8fffffff920000579e88b42d4f
2000081c8ffffbc4fffffb44cfe7b22db
0ffff8f6afffffb1c00006a6be1a231be
1ffffc48000001e860000119db1173e6c
2000031b6ffffe8afffffd90ecc61ffac
0ffff95a20000032f00005c23c791d3c1
2000024c8fffffecfffffd012e722992c
1ffffb6ca000023f500001a1bfaa6f665
1ffffd915000017e900000381ad1fe2f8
0ffff9b8c0000015b000057e9f0877963
0ffff8919fffff75300007494258f78b1
0ffffc67d00000e4b00001fe853ec69aa
0ffff9d2600000e0d000049de79a25181
0ffffb45400001c2800002463faceedec
1ffffc8340000259c000007054ab3dae0
200006599ffffc294ffffca9a353d0781
1ffffef66000023b1ffffe14a30f2f466
0ffffa09e0000069000004dbc09db3f92
0ffffd1f8000002b800001fc3c7383a99
2000010b4000008e3ffffda4e68f22165
2000082deffffb2a9ffffbcdd15763890
200009444ffffa8d3ffffb4fc3243ae5c
0ffffaa19000021f2000029044e91e0d1
0ffffabf30000137e0000355ab79df369
1ffffebc400002593ffffe3150ceaa777
1ffffd46a00002dadfffff2920fbc9366
0ffff876dffffedc400007fb087e23c93
20000e4beffff6cd9ffff9f5c35648fed
0ffff9d90fffff681000060b4a61e6085
0ffffabee00001a5200002ea7a6c188e7
1ffffc9b200001fec00000b13daefdf0e
2000025e6ffffeb39ffffe2805cd6a083
0ffff914bfffff50200006e8287a21c0b
200001110fffff14bfffff16f906ee582
1ffffd39800001c530000049bb8232b48
1ffffd03b000014f800000f826cb5e482
0ffffab9200001b1e00002e555f9c01ad
2000059beffffda0dffffbf2bbf68c2bb
0ffff9ead00000607000050209492cd22
0ffff8f25fffff9d000006bf8dd9634d3
0ffffbd25ffffffbb000037bcf21f7799
1ffffaddd000024ec000022403788bae8
200004aaeffffe269ffffc60a1d46117f
200003a46fffff0d1ffffc84aff512523
0ffff9e55000009c800004cc8dd93030b
0ffffb15e000017ee00002b779da7d47a
0ffff943f00000a5b0000567e6e85529f
0ffff9ba700000c3f00004d16e888c3c6
2000016d000000447ffffd8b84ce8d210
20000640cffffcb4bffffc3654018a95a
2000041d7ffffdd7bffffd3f2f745e792
0ffffb13b00001af3000028a2bd82b571
0fffffb14fffff29500000651a27d4b88
1ffffc549000030adfffffed907cf067f
1fffff9ee000020a9ffffd9b0ab43e350
0ffffa0320000032c0000516396df5138
0ffffa77200000ee900003e7382dedd12
0ffffa03e000004b200004fd798960354
1fffff31a00001dbdffffe3753ec78c7a
0ffffb339000019a8000027eef4ec4c2a
0ffffa31a000008120000499bb6f17030
2000033c6fffff451ffffcb5e003ef074
1ffffb55c0000224500001d390091f370
20000452fffffdb03ffffd300d467fe9b
20000ca68ffff826fffffa47f1774a54c
20000d932ffff7625ffffa1c7406fcb3d
20000868effffb8c9ffffb2fbf07b01ca
1ffffb68c00002d5d0000111a5591db12
1ffffcb96000028b8000000820eb781db
0ffff8b5affffee7c00007afb858b1b06
2000094c8ffffae8fffffaec9bb7e810c
0ffffb11f0000176500002c3ed4f46e66
1ffffc22d0000276e00000b39edc6a70a
0ffff8160ffffe3b000008fc591b977d0
0ffffa978000014f80000366da7e9dcec
200004bfcffffd127ffffd5f87a0e2d9c
0ffffaf9900002196000023c4508a2e41
200004723ffffd506ffffd702790823a0
0ffff9d3f000004570000533ede9b5340
1000002ee00000c95ffffe49f39f8f7dd
10000034c00001b8bffffd553e9525678
200001bd000000647ffffd1b4f130dd58
20000746cffffbe77ffffbfae285926ab
0ffff8e52fffff56a00007123bb9f3eea
0ffffd2ff0000102b00001162a911a799
0ffff90a7fffffe0a000066462a8175ed
0ffffd8da000008c3000012dad824048b
0ffffa26a00000f94000042ebd5ace7f1
20000196e000008a9ffffd1bee536da65
1ffffdb4e00002b49ffffee00c7ef996d
1ffffdc1200002b05ffffed7e1ec6a46a
1ffffe086000019b8fffffa319e2cdd09
200002590fffffb2bffffd2edfb20c0d8
1ffffc64d000019ac000014b3bbfedbf7
200005d5fffffd776ffffbe11c25a9db1
1fffff52e00000da1fffff17f55b99399
20000459cffffe47bffffc9181720b804
0ffff9cfb00000aa200004d52a89996cb
20000dd4affff714dffffa274685ae6cf
0ffffbc1e0000113e0000274ee015791f
1ffffe645000012ebfffffb3edd16caa3
1ffffcd880000188300000e91d40803fa
1ffffd65400002d03fffff14d67b3036c
200007fdeffffbcf9ffffb591167a4424
20000142e00000ca9ffffd311c72a903b
0ffffd00c00000ca2000017dbae1ad2a0
1ffffef1c00002114ffffe426bb484375
0ffffb3c600001b810000257fa4bfdc69
20000b51effff9239ffffaa4b3370f265
20000d0c4ffff77d3ffffa89a73339335
20000037b0000018affffef0f2003e1a0
200011e04ffff4153ffff90cd497782e4
1ffffcb750000281b0000013309cfce16
1ffffb5310000244600001b6c0490d855
0ffff7f20ffffe5310000909598cc5c89
0ffffa0c80000074a00004cbdc1871555
0ffff9b360000055d0000544fabdb0dce
0ffff95bc0000067c000058c9409d6ecc
1fffff8a10000148cffffe705c05c4519
200003304fffff5d3ffffcaa3f048f265
0ffffa3410000147c00003d3c29951df8
200000ae300000209ffffe70a8655a09b
1ffffff980000123fffffe2437dbdd074
200004f8cffffde8bffffc4f84a507e64
20000d038ffff7c5fffffa4a67878547b
20001402effff25e9ffff898e72798c22
0ffffa95000000fe400003b95b093f26b
0ffff921f000000ff000061deeea714a3
20000c3a0ffff86f7ffffa6d613698473
200002057fffff7b6ffffdbab601253ef
0ffffad6600001d4700002a3f59896159
1ffffc51b00002b8e00000424c9d19430
1ffffba1e00002206000018be1fbde9f5
0ffff9870000004c8000057b5f89732f2
1ffffd609000016500000082aeb1e4c13
0ffff7a39ffffe29600009824aa8e2b82
1ffffc36100003198ffffffdcd6ad997a
20000496effffe1e9ffffc7cb3731162f
200003d88fffff04fffffc583f36f5e1d
0ffffab0c000022890000277c4b8cc5c0
0ffffafec000015bc00002f19a8cd136b
0ffffa0ce00000015000053edd70875b2
0ffffb57d000009a30000357d8e3a7927
200005567ffffcd3effffd04ffc744da8
2000035dcfffff07bffffcd11111fb767
0ffffb2aeffffefb20000522681577d85
0ffffaf510000187200002d0ca7c4d73f
1fffff5b00000211bffffdd83ed384750
20000c95affff827dffffa581557429fa
1ffffc66f00002765000007157193b5b5
0ffffd72200000be3000011750f2472ce
0ffffaaab000016a100003392cab6e01c
1ffffe10c0000294bffffea3155ac9d2c
1ffffd7ed00002b10fffff1a804d7c034
20000219000000587ffffcca8ec64603d
200002978fffffcdfffffcd45c5368068
1ffffd3fc0000161c00000a629a36242c
0ffffa5dc000000e500004e0cb0010a81
0ffffaa46000011450000393fb79efd66
0ffffa5c80000148800003a9d1d861f2a
200006f66ffffc171ffffc1b95c0fad68
1ffffda8a00002b8dffffee823bc7e557
2000032f0ffffef9bffffd0e46a175912
200003fd4ffffdaebffffd8806be4b890
1ffffda1900001b11ffffff5deb101809
20000ceaaffff792dffffa9617f2ea9f8
1ffffb6c40000233200001ae1bdc4b63b
200006ae6ffffc2b1ffffc5047cf6ab6b
1ffffedf90000197bffffece78c2f8ed4
10000057e000010f9ffffdda03a0a2916
1ffffbfb50000282900000cf736cb3f51
2000036c3ffffe495ffffd80ba365b887
2000054b2ffffd149ffffcd091638de8a
0ffff95adfffffd1e00006210a3a80bf6
200002a94fffff643ffffd2b328ef87db
1ffffcf6f00002edefffff66bebd0af50
2000092d3ffffa576ffffb9c96e17c58b
0ffffc311000010400000216b59e05eab
0ffffa0b900000cd90000475413894532
0ffffc2c6000007db00002a082cfd6094
0ffffa26000000e4f00004435ebd543f7
0ffffced8000010c6000014f8de08f4b4
200005c0effffd589ffffc14cef409153
0ffffd6c2000002c500001ae3d03c4299
1000000d8000012bfffffe0824fc19312
200009feeffff9d0dffffb4f05c44078e
0ffffa1280000137a0000405d4f964ff3
1ffffe98f00001b65ffffef792e186010
200005036ffffdd61ffffc5741a32d91d
0ffffa42200000bbc000044f3b3a4ff3c
1ffffdefb000017d4fffffdaf021120e8
2000031e4fffff9f3ffffc7afe776694e
1ffffb8bc0000277a000014a952c07d76
2000081a0ffffb2b7ffffbdf56c03a2c5
1ffffecea0000252dffffe2525c00766f
0ffffcd280000005f000026e295555ecb
20000a1bcffffa01bffffb00f1b54a423
1ffffb5a3000023d200001b6a3591357c
1ffffd65400002d03fffff14d13d4de73
0ffffade1000016810000306cd0aa0e64
0ffff9633ffffff3400005f7ac6a023f8
10000017c00001d1bffffd59a973c884a
1ffffec2600002571ffffe2d4e4f18236
1ffffe8d9000019dcfffff1c06aadb0cc
0ffffc4ad0000125b00001da0db0412d9
20000f44cffff604bffff9c225e69ca05
1ffffb341000021020000209c189d1f64
1ffffb240000025b200001d05258dcf20
0ffffaac1000017ca000032685ebc6ceb
1ffffeb00000025d7ffffe39733e2d66d
10000042c00000e2bffffe1b17ab4a975
0ffffc59a0000115e00001db4c3f9ba9f
20000f61affff5d7dffff9d186b54acd1
2000016fcfffff84affffe48bb83ba089
1ffffd78d00002c44fffff0d159bd0656
200002c87ffffefbaffffd7520f21d6ad
200005d2affffceedffffc6ba6301c406
1ffffcab800002355000006adf8dedb0d
200005967ffffcf2effffca59503943c1
1ffffb5c6000020cd00001e3fd0cbf351
1ffffe47200001845fffff7b49528aadd
20000216effffffa9ffffd29a1f16e829
0ffffadeb000017c600002f22a6bbc432
20000c64affff838dffffa789726b4041
1ffffd3bf000028bdfffff83c7ece683c
1ffffd6d4000017710000062386505b6f
0ffff8e2dfffff82e00006e90b9e34595
1ffffedc100002490ffffe2170e1c4a56
0ffff96430000013c00005d6a8c888fca
0ffffa918000017b50000341dc0918a00
0ffffafe900001cd100002824b3c4af13
20000602affffd32dffffbf7fe9499e28
200003fdcffffe897ffffcadcd53c9cae
20000481cffffe57bffffc596f140cbe8
1ffffbec300001e810000179508bfa9bc
200000d300000026fffffe44f7fbbc3d6
20000a3d6ffff9ec1ffffaf4847692461
20000aaceffff96b1ffffb048505c2092
1fffff7ac00000861fffff426f620f7b0
200006a80ffffc68bffffc19e613032d6
0ffff9a43fffffce700005d9a87ca3826
200001f1dffffeeb1ffffe5e3352330b0
0ffffa50e00001ac500003537f59a83a3
1fffff3fa00000941fffff7103cdbc08f
20000713cffffc39bffffbdbb423c070b
1ffffe9da0000263dffffe45a02f0c12e
0ffffb05b0000113a0000333da3e8a7ac
200007cc8ffffba4fffffbb505a432173
200004618ffffe53fffffc7d94c447649
1ffffd67d00001ba20000027221076220
1ffffbf260000288200000d2630d96c7b
200009611ffffa880ffffb3805e6169cc
20000110a0000108dffffd260d146ef70
200005852ffffd685ffffc41565437c61
10000017600001961ffffd9511221244c
2000027f0fffffd67ffffce490a3c1f28
2000063c4ffffcc53ffffc2a865302e7c
0ffffb5a500000f5600002fe57fbd5686
20000220c0000064bffffcb69855a861f
1ffffda0f000028d2fffff1c466bcf91c
0ffffb90000001c4900001f994fbc23d8
0ffff92b8fffffe080000642da9e5108f
0ffff9de30000056f0000519becdd1e85
20000534effffe149ffffbe78956d8adc
0ffff8a75fffff6ba000073c8ff8e56c0
200008ed4ffffad83ffffb5d165545220
0ffff97a4000008bc000054a1d990b3a1
200000c83000004c1ffffe2bac12993a1
0ffffb04a000021ab000022fb3e932340
0ffff855cffffedc6000081c9c58639c6
20000149200000dc5ffffd193f54e407f
1ffffbea500002cfc00000938cac09b4f
0ffffa30bfffffcf9000054c1b0144c9a
0ffff92e00000031c00005f05ef9af69e
1ffffcb2200002b5efffffe44d0d1851d
1ffffe3c10000200ffffff0bae1f691c8
20000c818ffff80bfffffa87f6046cda0
20000bed8ffff893fffffa9645a640b4a
1ffffb748000025070000188df49ddc63
200002966000000f1ffffc94fa96ae346
1ffffcac9000022bb0000073640dd4b2c
20000c9b4ffff7d63ffffaa34762caaa3
20000d594ffff7a83ffffa1182776d487
1ffffeaea00001ee5ffffeaa632decde9
0ffffc20b000011a40000210021fb6eea
0ffff91e0fffff18900007155a095795d
1ffffd3e000002d6ffffff35d33d82b74
0ffff96c6fffff38200006a85aa1e7a84
0ffff8ae4ffffee6e00007b81bf90781a
0ffff9ac500000d6800004cd853bd7dbc
0ffffcee6000006b200001ee8d92b44af
200001e72fffffde5ffffd75b40dc90f9
2000079c2ffffb5ddffffc2d57f314eb1
0ffffaf7a000019fa00002b861da7a78e
200003c16ffffef41ffffc8031e5a7045
20000be90ffff8a47ffffa8a74e690e0d
0ffffb0e50000207e0000238f4ab5360a
1ffffbab90000227b000017a626ca2321
0ffffa1e9000006aa00004c34bad56642
0ffffa21d00000d440000458007b05e26
0ffffa13100000d280000468cff84212d
0ffffc06e00000f32000024f195375e32
20000802fffffb866ffffb9c8534631cc
20000042afffff8e7fffff6ef0622018e
0ffff8c4dfffff6f2000071b0badc3d8b
0ffffcbe20000061d00002289e02440a4
0fffffb53fffff5ac00000307ef4e5897
20000211200000385ffffcf240e495444
20000407effffee59ffffc479be68d46e
0ffffa904000009500000426fba1267fa
1ffffb344000028da000018e15f86062c
1ffffc9990000210b00000a19f9dacaef
0ffff8eb7fffffac600006b769a96b29a
0ffff97c300000535000057faeadb42ac
1ffffcbf50000173d0000116b09096014
1ffffd1bc00002e9bfffff45930ca067c
1ffffe06400001c75fffff7a6e010f0fb
1ffffd63f00001ba2000002add90d030c
0ffff98dbfffffbfa00005ff295b63b2f
0ffff9dc50000066d000050a8e5b65d22
0ffff9b4e0000086900005137d8bb09cc
1ffffc2f30000328effffff5a08969a69
0ffffa3f500000d7c00004368b696dd2d
0ffff98a000000ae00000518512a109a9
0ffffcc8600001329000014f54af676db
0ffffbc5900000d4900002b069816f7d3
200000cc6000000f5ffffe63c69d1d4c0
20000d0e2ffff7b35ffffa52238568e06
1000002d80000107fffffe0b969bfb050
0ffffb93900000dc100002dd86fcd618f
1ffffc46000001d6f000012fe5cc630df
0ffff9f6c000016d000003ed93a83d1a5
1ffffe3b9000027d4ffffe8f629dbd92f
2000043c5ffffe045ffffcf362c4545cc
0ffff9e2000000a8400004c4595ccb2b7
1ffffd7d5000028bcfffff41d72b0ea08
1ffffd2d600001e6100000362900586f2
1ffffbf5000001d2f0000184bf1dadcea
0ffff967a000000c100005daba1a7d9d1
0ffffd7dd00000d3d00000f62ef1f2eba
2000073baffffc35dffffbb761d50e472
200005376ffffdba1ffffc3ea0539c019
20001235cffff3cfbffff8fb9727de0ad
200002e1cffffed63ffffd800f96664e6
20000261afffffb3dffffd247541d4a79
1ffffe7bf00001d1bffffef80a4442955
200005f98ffffd3ffffffbf42e652ac56
20000c666ffff85b1ffffa54e1c6dbab8
0ffffb1a00000204f000022f5d7a2ac28
20000512bffffc7e1ffffd9eb07715c8e
0ffffcd5c00000641000020d1985167f7
0ffff8323ffffe8b40000890a94c54fa4
1fffff64000001b17ffffe2e96ecf013b
1fffff71000001b7fffffe1a7c45d7067
20000cb0effff7ec9ffffa7753f4e8739
1ffffc1b000002edd00000445dbcacb6f
200003cb6ffffe7e1ffffceb05902de79
0ffff92e1fffffbc60000663cdac76cde
0ffffbf1b0000063500002f449d2e31cd
0ffff94ba0000039500005cabeca409af
1ffffdad60000165600000352f61c4101
200004720ffffe177ffffca8e410dcf05
0ffff8e73fffff2240000743a99cc5feb
200003b9cffffe42fffffd38e52294bd4
1ffffd6ae00001ab80000034679ba03b6
0ffffb0dc0000165a00002d89bafb5961
2000070dfffffc13effffc083f451ba81
1ffffb4730000215100001f2352c2642c
20000108cfffffcf7ffffe6617fb9b6b9
0ffffab3a000012650000372bc1a6136c
20001009cffff56bbffff99354e628acd
1ffffd89900002878fffff39b57c4f914
0ffffa485000010d700003f8887e3a1bd
1fffffc8000001d97ffffda2408242250
1ffffcf4100001d130000084aa703b1fb
0ffffa2e6000010650000419fd7d103d9
20000549cffffdb3bffffc327fd3fc018
0ffffa42d0000149800003c3058a17d18
1fffff5dc00001399ffffead777f1670b
1ffffdd2a00001d19fffffa5f649e8ca0
200002ffcfffff203ffffd189b754beb2
20000232bfffff660ffffda1cf65c56ee
100000c9500000facffffd7c30f323c20
1ffffc490000032bffffffd852e899b63
0ffffaef100001b2f00002abc008c0a63
1ffffd0fd000021830000023e1fc6a1b5
0ffff85e3ffffe8860000866a89b353db
0ffff8d39fffff70e000070a4eb8750e8
0ffff983400000c17000050c159ab69ac
0ffff996dffffff9600005bd081a3db09
200010562ffff5335ffff97e455699810
0ffffca0700000392000026e8a8341ea1
1ffffd94e00001ceffffffe647fd95ff0
200003b1affffeb3dffffccfb210ba5fa
0ffffa05900000f960000450414c648de
1ffffcdf000001d200000098fdd041421
100000a0c0000120bffffd7f01a1b1153
0ffffa71600000d5b00004070a9e2b599
1ffffeff200001a6affffea040a130af4
200003c35fffff054ffffc6d8ce6709eb
1ffffe02400001455ffffffe6c3466735
20000599affffdbfdffffbd60be79dc48
200002bdcfffffbbbffffcbfee446ed27
0ffff9cbf000003040000550ee09d694d
1ffffdd2400002a6fffffed000cc89127
0ffff9032fffff6a600006e03ccb26ef8
200005b89ffffd87cffffbeeccf74fbca
200004010ffffe707ffffcc28711d5d2d
1ffffdb4e00002b49ffffee004dc4ef7b
0ffff8781fffff04e00007d1c8b92d8a2
0ffff95a40000037000005be1f3800ae1
0ffffab940000007e000048b401ff6c8e
1ffffad8a000024330000234c3a95c5d8
1ffffbc700000286c00000ff5afd0a54d
20000131afffffdc9ffffe3091cfdb49d
0ffffa5b100000a26000044ec8ad7163c
1fffffb05000003cafffff56479d004a3
1fffff6df0000125affffeb09111c22eb
0ffff994b00000a3200005182c0b0a187
2000041b6ffffe9e1ffffc7aceb37ae02
0ffffcc9d0000051d000022c5c23139ae
200001918000000ffffffd9ac54d7a065
0ffffae86000020d2000025a454a926f9
1ffffccd50000267b0000015ce9f61a5d
0ffff9397fffff50700006c269385374e
1ffffdc4400002725fffff11ec214056b
1ffffdd2100002420fffff3428d16a835
0ffffc84800000d4500001f12e90711ab
200009c80ffffa697ffffaee83d7f6ff4
1fffff61a000021fdffffdc3acc1aae2f
1fffff5c300001d97ffffe0ef853ea708
1ffffb8710000294e0000133431a8dc10
1ffffd4ae0000154500000aad56e435b4
1ffffca8300002a67ffffffe05bc53e42
1ffffdac400002b0bffffeecb3ca88519
0ffffaf6700001b3d00002a36b3a7a932
100000a4e00000d49ffffdc6440deac52
0ffffb93d000008060000336bbd0e11aa
20000baa6ffff8d31ffffa9b579757f43
1ffffbea9000023fd0000122300e12b4c
1ffffc79d00001f6c00000db0cfe5b1f0
200008dccffffb14bffffb31c0467d709
0ffffb9eb0000158600002563e3ce978c
0ffff8badfffff18f000077a0cda277f8
1ffffcee000002272000003611fe00c0f
0ffffa90e0000167000003567a6d8afd9
20000415affffedbdffffc436d3690e00
1ffffeda000001ce7ffffe9e709e084c6
1fffff66c00001652ffffe778bf5a4e2e
0ffff8df2fffff82700006ed3babe25a8
2000059c6ffffd8d1ffffc0582e677c47
20000c3fcffff831bffffaa4c653cbfaf
1ffffcb58000020d90000088038ec6a3b
200005440ffffdf17ffffbfb1ff78651a
1fffff8f400001de3ffffdd6b2a091963
2000075ccffffbd0bffffbfa37c1d121a
0ffff8db4ffffff350000682111931e8a
0ffffadfb000019ce00002d12b4a6ab2b
200002b5afffff73dffffd0f40d0a876c
1ffffc3d3000022d600000e1aeae0e71d
0ffff9e70000005bf000050a5f9957656
0ffffb8e70000172b000024b614ea5607
200007d28ffffb8efffffbc4c391e99b6
0ffffa15800000aa5000048dd98adc706
200003a60fffff1b7ffffc74c0b646f32
0ffffabf600001b5600002d9f3ac36b27
0ffff9c24000005ba00005301deb7480a
0ffffb4010000079c00003923c0f9e080
1ffffede50000187affffee02cc21c3c9
0ffffb50e0000143000002ba86ab8369d
200001a63fffff246ffffe716df3bde92
0ffff9d0c00001441000043c975893eb9
20000252dfffffa98ffffd3df471b3b0d
20000efccffff618bffff9f6d6a4c8e3b
1ffffd8e0000027c4fffff3e88123d87d
200005355ffffdcd8ffffc2e596698391
0ffffa17600000e74000044ffeaca2aeb
1000004600000079bffffe81b73d909db
0ffffa85c00000ec400003da9ecb06e75
200008284ffffb713ffffb8be42490c07
0ffff973b000002de00005ad2bfc106be
0ffffb3d800001dca0000232d05db6e6c
200002020000005b7ffffcdebbe46c3f5
200006bc8ffffc5cfffffc10a762a4107
1ffffe99900002248ffffe8888226911b
1000001280000053fffffedba2ff6dea9
200011ef8ffff405fffff90c9767cf094
0ffffc6980000123a00001bcfee0a3eed
200001c86fffffd51ffffd9dd71cfbd4b
0ffffa193000013430000403472a655ae
0ffffa2c30000136a00003ecad892a2d6
1ffffeda2000015e6fffff0c6c9453713
1ffffaf3700002412000021b60ba2a8e6
2000099e6ffffa4b1ffffb368594913dc
20000074bfffffdbaffffeeff4b0328b7
200004ebaffffe55dffffbf0a997bb42f
1ffffb81f000029ef000012de2789da52
0ffff847bffffe799000088c2a3a169e6
20000cb72ffff7fe5ffffa5f7465dd3b7
1ffffb560000022c700001cb5b6c19f29
0ffffc919000009a4000021b9954f7b21
0fffff99dfffffcaefffffdc0a67c56b4
0ffffd6a200000c3200001199d33e71fc
200002f44fffff453ffffcfe60d0b8658
1ffffcb4a00002ee9fffffa9504c2b53e
2000065dbffffc3aeffffc93768354eb1
200005a86ffffd611ffffc2500b38c0fc
0ffffad4c000019fa00002d99e5a5ed36
20000cbbeffff8159ffffa43a4d7c30e1
1ffffd77a00002c9dfffff08a7a98c461
20000c836ffff8421ffffa507276ecdbf
20000b332ffff91a5ffffaccd474ed3ce
20000d1beffff7a99ffffa4df415aa619
0ffffa4f50000102200003fc8fd82214a
1ffffc9fd000019640000112697396479
2000035fefffff659ffffc71fcf660f1c
1fffff5fa000009a9fffff48bdb5049da
0ffffb925fffff91f00004241805169b4
200006082ffffccd5ffffc56f6c0fed44
20000691cffffc7fbffffc1944b20d80b
20000189600000bc1ffffcf87de572b66
0ffff927bfffffdc0000064b2849b98a9
20000ba0effff8a49ffffad2f7440e23d
0ffffacf000001d3900002ac53c842744
0ffffa74e00001944000034672581f40d
0ffffd71d00000e1c00000f2d9f4c5216
0ffff916dfffff95300006a209cb80ccc
20000906cffffa7abffffba007911b91e
20000419dffffddf8ffffd3a73cf79692
200003ad8ffffe4f6ffffd388f7664cd2
0ffffc93000000f3900001c3b26fd53be
20000daceffff72c9ffffa37c6a52e28e
0ffffd06b0000048f00001f8801215490
0ffff85ecfffff12100007de9f38c5db8
0ffffc6df0000031f00002a8fdd264e9d
1ffffbc4800001ce900001b9aade192e0
0ffffa4660000145e00003c2ff6adf0e6
0ffffb24300001db3000025035da303c1
1ffffec6a00000c0bfffffbd1cd4f43d6
200003bbcfffff45bffffc350967ad9ee
20000eb3affff66ddffff9ec26260d1d2
0ffffd67300000db20000106955f458a9
1ffffda2f00001786000002d1c20ec2cd
0ffffa414000009f5000046c19ed92529
1ffffc40300001c420000147e13d9fae2
0ffff9e0b000002a400005436fcea5b95
2000045ccffffde1bffffcf48792577f2
0ffffab320000116100003833a486d87d
200005afeffffd459ffffc38b553a4540
2000080a2ffffbcb5ffffb50fe278cc7d
1ffffd881000023cafffff85f48d80efb
200007a50ffffbe47ffffb9de284dfaf0
200005794ffffda83ffffc0e02164613c
1ffffe1250000201bfffff354f6e990b9
1ffffe403000014b6fffffbb901191ace
1ffffe9780000265fffffe49b66ec5679
20000a0acffff9eebffffb24e4b46cb78
0ffffa09b0000090a00004b329c83b92a
200003f2bffffec57ffffc7d10c6b7d11
20000161e00000fb9ffffce159e64e628
0ffff9d3800000aea00004ccd179d4e05
0ffff9134fffff98d00006a21d29f47ef
1ffffb63c000020db00001db9cea1d473
1ffffae98000026460000202d3d8ab7e1
1ffffb7cf000023aa00001966cfcba708
0ffffaf6a000014280000312bc0d9557c
0ffffaa27000014cc000035e6ebec591d
0ffffa55300000d240000425af2b66d53
1ffffd81700000e5e00000e1836f31c94
20000cab0ffff8167ffffa53c63764503
200004d2effffe369ffffc288fa6a3370
20000943affffa5f9ffffb7e563524bab
20000bdb6ffff8c21ffffa7ad05618296
1fffff8d7000006dcfffff466af7f76ee
1ffffbcc900002c4200000bd4cea8824a
20000917cffffa8dbffffb7c15c2ec37d
0ffffa42e00001c2f000034b73980bab3
20000272efffffee9ffffcd8ed841c66c
2000067b0ffffc445ffffc6cd1e5d319a
1ffffe0480000298fffffeab3a2058b60
0ffff9a7b0000040300005662b3adfcf0
1ffffe1c400000ee1000003c0c43308c4
200009bd0ffffa407ffffb2234152f120
1ffffc83600002dd5fffffecd66859700
0ffff7724ffffdf7000009e61d8867792
1fffffa4900001940ffffe0b051ef1d28
20000dc58ffff737fffffa13b4567cfae
1ffffe944000008ae0000025bb84809a2
1ffffe16e00002929ffffe9f067bfed74
200005e9effffd139ffffc2fd643e5c7d
0ffffc7fe00000965000023288f2af0b9
0ffffc0a10000105d000023cd75c94484
20000a38affff9d4dffffb1056d513de2
1ffffca4d00003038fffffa42679cee58
0ffffded70000065100000f3f13265a9f
1fffffd940000197effffdd14827c4267
1ffffc3ec00002f1b000001dd7985c918
1ffffee10000024c7ffffe18fb9139e3c
200005d19ffffd40cffffc1c9a6678a85
0ffffa36d00000b250000464096b9e11c
20000abaaffff98edffffad2c2760c926
0ffff978dfffffe5a00005ef0d0b16017
1ffffdcd600002ac1ffffecfc22cbbc58
0ffff9ec50000091300004d088c9a97ef
200007882ffffc115ffffb8e8426e7b50
10000093a0000099dffffe11d7fa58f10
1ffffd9620000255cfffff5d1cd0bfd50
0ffff8b9dffffef87000079b084fe6cb5
1ffffed4c0000250bffffe211bc16a86c
20001560affff154dffff83ff7c799180
200009120ffffacb7ffffb44b1a4cb1f6
200002fddfffff214ffffd1923e345b01
200000c67fffffda4ffffe9ebf11bc096
20000d112ffff7a85ffffa5a03e51861f
0ffffa4c40000116000003ec1e6b61109
200003d17ffffea6bffffcbda8f6a9ca0
0ffff991500000357000058789698b7e2
2000046b7ffffdea3ffffcddc9a679680
20000391affffed7dffffccc40f189d50
1ffffe28300002490ffffed752f004a3e
1ffffc88c000031cbfffffa7103b8ae72
0ffff9d6000000111000056559ebf3f3a
0ffff9d9b000001180000561283cc2229
0ffff8de6fffff6a10000705f92a1e5bc
0ffffab240000110a000038bbe4cbbe8d
20000b9b2ffff8e25ffffa9b9436af953
0ffffb243000020f7000021abc6ccab00
200004302ffffe295ffffcd9875ff0937
200007724ffffbd33ffffbe21622eff76
0ffffe858000003c000000836fc272692
1ffffd21700001d5600000523eb16594d
200006e58ffffcab7ffffb99cb767909a
0ffff75dbffffdafc0000a412aaaa7f8c
0ffff96ee0000008e00005d67d4dc5ed3
0ffff80a0ffffe92a00008b258282cf8d
0ffff8a82fffff0ea0000797383e32d9b
20001334cffff304bffff8c3e647e8d65
1ffffeb2900001547fffff3e6013b7719
200002f68fffff897ffffcb90bc57d2da
1ffffbbd80000240d000014ddc7ec217c
1ffffe9bb0000120efffff87db05b602b
200007ce6ffffbdb1ffffb7d80b58e7b5
0ffffaaf70000115a00003876e4b15f7e
200006f72ffffc8e5ffffba4bf061d905
1ffffb63d0000287200001640eaa78e12
0ffff9af600000c2a00004ddfd697aaa7
0ffff9459fffffebb000061d4eac469da
0ffff9ac1fffffdf900005c0cb09a4c57
1ffffcf3d000012f700001270e8eead85
0ffffa5c80000148800003a9d34ae6820
0ffff99890000032400005834b584df06
200007ce0ffffb9f7ffffbb8f543505ed
20000c4e0ffff8777ffffa515147bc231
20000afbeffff9199ffffb05356308965
1ffffbfb90000322c00000304449c0070
0ffffacce000018e800002f2721b86a52
200005bd4ffffd003ffffc6ff7d0e1341
1ffffe852000026c5ffffe55ecffe965f
1ffffea9a00001caeffffed28031100ee
200004308ffffdc1cffffd40ef37a6cce
1ffffb5270000230100001cb6d5c9d12d
0ffffc30500000b8f0000261c18f3278f
1ffffdaaa000013d20000060cf206e4ab
2000051f4ffffdfe3ffffc137dc5fde29
1ffffd77a00002c9dfffff08a8d05936d
1ffffd8a000002c37ffffefc77886853d
0ffff8489ffffe960000086f49e8935dd
0ffff907dfffff8b500006bb0b2bc30cd
1ffffe88b0000187ffffff37537ca9fa6
200004336ffffe461ffffcb9c29079af8
0ffff9f81000003170000522c9383f863
1ffffe76c00000f99fffffd6a1de8bf90
0ffffa4d300000bd10000442ace841a6b
20000f86affff5f2dffff9918307fa521
200003cf7ffffe346ffffd31cfa26a388
1fffff6de000021b9ffffdbb8eb1bde47
1ffffc13600002e4d0000054fcca6997f
1fffff20c00001dcbffffe4774aba8c2c
0ffffac0200001cdc00002c13d8868306
20000d146ffff7c51ffffa3a43863c689
0ffff9f660000072000004e4fd4ce601e
0ffff9bc70000104f000048f64d9231be
1ffffb949000022fd00001884eee44775
1ffffcf1a00002b71fffffa3b33b3b308
0ffff94650000004100006048ad94c8c3
20000276efffff8e9ffffd33f31fdb059
20000202600000971ffffca348d79e466
200004712ffffe805ffffc41ec553a815
2000034ecfffff3ebffffca9bed3ad4f2
0ffffa3c70000169200003aa663b77eef
2000082d4ffffbb03ffffb487ec6ddac5
1ffffcf09000015f700000f82a0323637
1ffffc5db000017c600001704d70a2f18
20000b564ffff8ff3ffffac455154e716
1ffffb81b0000296d0000136257893275
1ffffba0f00002399000017505995bdb4
10000093e00001b59ffffcf888b7c0f7f
10000026e00000c6fffffe538ba550de5
1ffffc7b800001b4a000011c0edd18ba0
1ffffb5a50000241300001b281d910b6d
0ffff9b4d00000fbf00004a0044891dbe
20000281efffffb79ffffd0040f1ed90a
200007cdaffffb5e3ffffbfba2c7465a2
0ffffa89900000f0c00003d248a97b951
20000b4a4ffff92b3ffffaa4d346ff648
0ffff9854000005ee000056b3e4dd2b9a
0ffff9f29000006d800004ed4bcc53317
200004d7affffe4ddffffc0cba8659ff0
200009aaaffffa46dffffb2e6534e14e1
0ffffd24a00000ae00000174de6357ef0
2000009e8ffffffaaffffea63a04fbf9c
0ffffab7c00000fa3000039c422d43eba
0ffff8f61fffff281000072eca5d07efc
1000004a600001cf1ffffd2948e6dff68
0ffffb37b00001972000027d285a4ad7e
0ffff9b090000071d000052c41d926b1a
0ffffc5510000093a0000260fb715f09a
200006779ffffbf8effffcbb4365c5797
0ffffc3db000010f100001fbd973f764e
20000bc8affff88cdffffac275a37aca7
0ffffab5c000009f100003f903fdc76a9
2000047e7ffffd26dffffd8d118451685
0ffffa31300000ea50000432a9c878505
20000709affffc9bdffffb84bb86991b5
2000055a5ffffcc9cffffd0b45d05d48a
1ffffe88700002396ffffe863efec85de
0ffff7cc2ffffe2e30000954394b2438a
2000073a2ffffc3b5ffffbb37fc4ca14d
1ffffe8b4000026a3ffffe51d26c98626
0ffff8c35fffff3e6000074c8ef8e7dfc
1fffff1500000056dfffffd67877d49e0
200006a70ffffc5a7ffffc28c450d8e33
1ffffce7d00001a2c00000bf1f30a3f1e
1ffffd748000014b200000894f205f1bc
20000651bffffcc1effffc18d0e4aebb2
200001037000001baffffe1f072b393d0
0ffffa36700000a62000047068daed72a
1ffffdcd0000014a2000002efac4d6848
0ffffa84b0000141200003882b09eab16
200001973fffffff6ffffda665f146410
1ffffba7500002b3900000f385e984b7f
1ffffc57c000032dbfffffc79dec3a479
1ffffc0f2000020c50000131761cf7428
1ffffde0600002505fffff19167b8dbf6
200008d3cffffb35bffffb1a2f37aeffd
1ffffcefa00002f59fffff66517c7e065
1ffffe68c0000182efffff5b3a11f93c2
0ffffad55000013a8000033c893d7f647
2000058baffffda1dffffc01df45ef746
0ffffdcb90000055a00001242ad5656d3
20000ce80ffff7d97ffffa52c5d660cdb
1ffffee2600002331ffffe30b41e0e560
0ffffd8a4fffffac1000020f0ca597b92
0ffffc25d000018fb0000196006f13502
100000bc600001211ffffd62dd81f9871
1ffffe9ff00002502ffffe57404e69d04
1ffffbc9e0000297600000ed858a90d1a
1ffffc6340000205000000e4562cc5006
1ffffb7eb0000235500001992d5c9f15b
0ffffb5620000133100002c2c9802e2ec
0ffffb11c0000168200002d3ff2d6f6d2
200008010ffffbd87ffffb4d2f47608be
0ffff946afffff96d000066fb82bf0eef
1ffffeaea00002495ffffe4f4bd098f07
0ffff9b6600000b7500004e1fcd829bc1
1ffffc3c700001e3e0000129882242277
1ffffb6b0000020a800001d75d4d7125e
200002264fffffff3ffffd15946347873
200002f3fffffe593ffffdeabeb3ad082
0ffffb248000017c900002aad84e9ee54
20000dd1affff71fdffffa1f6485ab29c
200002406fffffa49ffffd55347f4d6f0
1ffffe388000025e7ffffeb14bb08a91e
0ffff923efffffd780000653784c6bb8c
20000a017ffff9e4effffb3904b7a76a6
20000ab88ffff963fffffaffb4f50fe8b
0ffffc8370000150600001769ad00b2c2
0ffffc921000005db00002582843e13c2
20000e720ffff6a77ffff9f52435f98e6
0ffffba1a0000100b00002aa721d90f96
200005cd0ffffd407ffffc207143acc25
1ffffd13b00001b5f000007e7a934556c
0fffffcf9fffff0ca0000063e3c2b7f95
200003fa4ffffd5b7ffffdde85c213b8f
200001f4200000515ffffcf6bd43fc86b
0ffff9bd500000329000055d8c2d35507
0ffff98a70000044d000057f6e3c541d5
20000054700000326ffffeb9fae2f8a88
1ffffb25f0000222b0000205e40c05d41
20000e0feffff6b59ffffa49f7b369213
2000034f7ffffebc2ffffd2af35fdb1c4
1fffff64b000010b0ffffed45a4349fab
200003ee4ffffe3b3ffffd0a26ad99bf4
20000201cfffff795ffffdc0839294ae3
0ffffa43900000e3f0000426796eed2c4
0ffff9f680000076100004e0de3cf7622
1ffffbc77000021a7000016cc6fa710d7
200005436ffffd8e1ffffc5e26335576c
200003088fffff74fffffcbab09452346
20000171500000178ffffdb3e7cdc090c
200004312ffffec85ffffc3b0cf6b070e
2000054f8ffffd75fffffc69d75295e38
0ffff8170ffffe5b800008db5a8955fd6
200004e25ffffd8b0ffffcc444c456eda
2000066d2ffffca05ffffc1dd421ecaef
20001182effff43a9ffff945d7663a7f1
2000018880000030fffffd8322ddf83e2
0ffffbd330000117200002602d3186b1f
20000c2dcffff873bffffa7582a67b249
0ffffaf66000013a6000031af8e113946
1ffffdaec00002b6bffffee417290961e
2000053e0ffffe077ffffbeb5b277c566
0ffffa581000012fb00003c6ce9a4f80d
1ffffe78e00002709ffffe5e0e8f7ab76
200009442ffffa795ffffb63942349f6f
2fffffe58fffffc99fffff910a0793db2
20000e214ffff7043ffff9ea92b72b3ab
0ffffa3f80000066700004a5d8ca61571
200007322ffffc075ffffbef04c22cffe
0ffff9115fffffd14000066c894b7c08e
20000283bffffefcbffffdb8a9876eaaf
2000055e0ffffde37ffffbeecf17c4f30
2000038d0ffffed47ffffcd442513c7fc
0ffffab02000010b500003922c5e8f4cc
0ffffc4050000032b00002d64ca20268d
200005647ffffde42ffffbe7e8a7489a6
1ffffd06500002b72fffff8e6f0d0a01b
0ffff937efffff951000068078a0147bb
20000c0d8ffff86ffffffa99b36478cab
20000e9e8ffff6a6fffff9c8d22769ac8
1ffffd3420000113600001017de0ceeb0
20000176a0000086dffffd4012b2a4448
0ffffb24b00001a1c00002866b9f40d27
1ffffef980000243fffffe08be0039f5b
0ffffa9490000167700003524de97d723
1ffffcdca00002a65fffffca034b3afef
0ffffd872ffffff7200001c7a984c0d81
0ffff87fdfffff11f00007bd0c0b94aa6
1ffffd10e00001dd7000005b9f8fe1f1a
0ffffa326000004cb00004ce0dc0372cd
2000070eeffffc0e9ffffc0b57923196b
0ffffcad100000cda00001cd4bf3c7f1c
0ffffa7940000133a00003a11c6cefb04
0ffff8ffffffff7a300006d3e94ff4199
0ffffca6700001235000018061cff50d8
0ffffa902000014ea000036f3f4c33727
0ffff7215ffffd7c10000ab18b787738c
20000ce52ffff7f85ffffa37147781cb7
0ffff9316fffffb0a000066bfdcb56cf5
200004d38ffffda5fffffcb726afcce7a
1ffffc739000020d600000cba6cc95304
0ffff90b8fffff8bc00006b6dd09e4af2
200005bc6ffffd691ffffc08f10520929
20000b00effff9589ffffac1c6a787679
20000175c00000efbffffcd919868dc56
0ffffcace00000a6e00001f4ef42478e0
0ffff89c0fffff62300007515b089cf92
1ffffca7300001c6b00000de11acfc6b5
200005fc1ffffcf64ffffc3b9f954e7a5
200005e51ffffcae1ffffc9b30751f686
1fffff3ca0000204dffffe03a1eecbe4b
1ffffc2dc00001c380000159abe040e2f
1ffffd6a000002b9ffffff26934b2a321
0ffff91b4fffffae000006851e49a55f6
2000041d0ffffeac7ffffc6ae1b585c37
200004ed4ffffd4afffffcf91452812a8
100000c0500001190ffffd66e0c271c24
0ffff99ab00000775000053d2d1c705b5
0ffffaca8000014150000340dbee13343
20000423effffe2d9ffffce1a63f0cddf
1ffffd9d800001ca1fffffe1719013409
0ffffa98900000faa00003b94cca63575
1ffffbe67000021d90000148e33d75438
1ffffb1d00000266700001cc566932c2c
1ffffc76a000016e80000165a1cf752fb
20000111a00000a38ffffd89df64f541a
200003a42ffffee55ffffcac42e36331c
2000044f2ffffd79dffffd69ded692fa3
20000401cffffee7bffffc4bacb6bf765
1ffffc4eb00002ede0000011830968206
1000009d80000103fffffd9ec11f8a620
0ffff8f65fffff30300007268a1b35906
1ffffdd8f00002311fffff3f726ef0f0e
0ffff8302ffffebfa000085f38e93e48c
20000147400000a63ffffd50b20241c7d
20000602cffffd46bffffbe42f565f67c
1fffff28700001856ffffe97660c9dcf4
200006e96ffffbdf5ffffc6174436038f
1ffffd99d000017e6000002f8ce252b18
0ffffc3cf000014be00001c3b76ca4ba6
0ffffb0c300001aa40000296a98e1ca23
0ffffc1c000001916000019e4bbeeb4d7
0ffff8d41fffff81200006f9cc58f0bc3
0ffffabad0000198800002fb0d7c7e706
200003230fffff317ffffce32d67b5b05
2000048f8ffffe4dfffffc55308510f6c
200013968ffff2bafffff8aa87b7dc9a5
1ffffe15c00001709fffffbfbb3434639
0ffffa1840000103b00004331a5af89c0
1ffffcaaa00001d7900000ca974b705ab
2fffffdc3fffffba4fffffa9c9f7229a3
0ffffb2a100001de00000247073b158f4
20000cee4ffff7eb3ffffa3ae537e311f
0ffffc159fffffc7b000036ac9b475aaa
0ffff9c06000010d80000482f339706ab
100000ec2000013d5ffffd16cc8571c35
0ffff9e3c00000d410000497fe4c6d789
200007eb2ffffb9a5ffffba0b12388429
0ffffae71000019dc00002c8c1f985375
1ffffdae30000290dfffff0abc1f39a26
2000097d2ffffa9c5ffffb07831784526
1ffffddec00001fa3fffff6e28d34ff58
0ffffb01600001b11000029afeeae195b
0ffffa747000015850000383b709f2799
200004f77ffffcb1fffffd87258406d9c
0ffffa4580000129700003dfd21a2471b
2000039d0fffff3c7ffffc5d2d4712658
1ffffdf74000023b6fffff17326decddf
0ffffb17c00001bbd00002799f4e1544d
0ffffa581000012fb00003c6ca1d7acc6
1ffffcbf2000021960000071ed8011846
200008390ffffb5c7ffffb8f92440a86d
200004822ffffe935ffffc1dfb170ca45
0ffff8cb7fffff57a000072b6ab9606c9
1fffff49300000660fffff93db948f8a5
0ffff9274fffffa1a00006853b80970a0
1ffffcad8000016d6000012e99717dbfd
200005a67ffffcca2ffffcbe13525db8f
0ffff8decfffff76400006f99b5d238a3
200005082ffffded5ffffc3b7f541c3f8
1ffffe232000028e5ffffe96e31d6df4e
0ffff925c0000014700006159249861cc
0ffff7692ffffdbd40000a283a0995a8f
20000c600ffff8357ffffa8093b579a6a
200008920ffffb5b7ffffb36f267c5819
0ffffce090000082e00001e3da24654ee
20000424affffea4dffffc6ac24596f3a
1ffffbfca00002cde0000082bd5aead74
200003c06ffffd8c5ffffde80473551a0
1ffffda6c00001582000004a761dc2cbd
1fffffc6200001a35ffffdd9c10eea11d
1fffff74000002197ffffdb7712397d72
0ffffae520000099000003ce7b6f8eda0
1ffffc89d00002ed7fffffd499de79a6b
200010456ffff5481ffff97a96c79ee2c
0ffff9a8700000589000054d6a480a7f0
1ffffd0f800002edffffff4dbf0cda76d
1ffffe91600002681ffffe4dc81259150
1ffffccaf00002402000003f39f04cb44
1ffffb2d800002a110000181d5f88ed10
10000036c00001acdffffd5ebad724f5a
1ffffb33a0000279500001a2b519f1726
1fffff54e00000bb6fffff32f034575f4
0ffff8842fffff26b00007a43f98569d5
0ffffb33900001ffe000021a4ed89da6a
1ffffee8e00001eb2ffffe72120256d3a
0ffffaa6700001cec00002da6ff89abf7
200004f4dffffd91bffffcaaae87a47cb
1ffffc5c70000177d0000177c3ed822c0
10000091400000c8cffffde6ba944b8cd
0ffffa04200001421000040a3229df5be
0ffffd4e2fffff67f000028eb93727b9d
1ffffd6b600002ce1fffff10cf8d9bc79
1fffff50c0000220bffffdd3ced0bb077
1ffffeb7e0000066a00000251a1663ecc
20000b932ffff8ae5ffffad72603eaf78
0ffffa2b2000018b8000039a3158cabae
2000090beffffacd9ffffb48c495c2852
200002815ffffe74fffffe41f977efa92
1fffff0d30000172effffec2e8578757d
200003a40ffffed17ffffcc0157306d2a
20000475affffe6fdffffc4dbc6488635
1fffff73500001ef8ffffde23932e83ec
1ffffeafe00002596ffffe3d986218827
0ffffb39f00001e040000232ee19ff975
100000c5200000d85ffffda2149fc1045
20000546affffdaadffffc3e642495743
1ffffb947000027570000145b6a97f1ea
1ffffd6750000241ffffffa0b02f30629
20000541fffffd716ffffc7cb1f34e9bc
1ffffc03300001e3100001651a201e732
0ffffa8e5000018b200003358468f5138
0ffff8df90000008100006694548c76a7
0ffffbdb3000007a200002f4db0180cac
1ffffdaaa00002220fffff7cc46f76a37
2000032eafffff4edffffcba1fc3deb5f
1ffffb73d00002b18000012a039a7f229
20000d176ffff7ba1ffffa4227e766c02
1fffff9260000049bfffff65ecf553bc5
200003bf9ffffdd3cffffda12d87332a9
1ffffc37f00001f53000011ce8521207a
0ffffa4b5000016ef000039581493e7e7
0ffff92ebfffffd0b000064f295aed2b5
1ffffe59d00001748fffff78dd017c4c0
20000b372ffff8f01ffffaf36706a6f9f
0ffff8650ffffeee600007fb5bcae47ab
0ffffb93100000a7c000030fcbd1b48e4
200006330ffffcbe7ffffc3a8721e2bed
1ffffe94700001a39fffff0cb83592f5e
0ffffa51800000d1d0000429dc2d93b22
1ffffec1800001a6bffffede944bd93c9
200002b45fffff380ffffd4c351f7e3e8
0ffff828effffec2d00008637d1ab5e99
0ffff96cc00000b2a0000531953994ea9
200003ce7ffffd87dffffdde96220489b
200007c38ffffbc5fffffb9d61e47cb1c
1ffffdd4100001132000005fbd32f2fe9
0ffffb6f9000019ad00002430ded6c7d1
1ffffc658000019200000152cec0c5b33
200000d7a00000601ffffe087fb0aa7af
1ffffc3ce00002da60000036c2bafca23
100000afa00000d5dffffdba333e5a26b
1ffffb672000027b6000016c365b4705b
0ffff8548ffffeb3c0000845da4c25bb1
1ffffc8d1000024b00000075759abcfc7
0ffff934ffffffad0000066be98bb0ad6
0ffff969ffffffdfd0000603ef1856b39
200010b68ffff502fffff94d23c7d9bf1
0ffffa80300000aee000041caaed15d71
200011deaffff406dffff91cb727dc87b
20000559effffd165ffffcbfd1637db8e
20000617affffce5dffffc2f1552d134e
1fffff0be000023d9ffffdfc89137bd56
0ffff9199fffffee900006474cfb205a0
1ffffed1f000011eafffff55924f1ddb3
0ffffab8800000c8e00003ca3a5217b2f
20000adc0ffff9517ffffaedf5d4ff264
0ffffbd4000001381000023ea9713fc02
200007922ffffb41cffffc53e0a7e4787
200001e46fffff9fcffffdb78d15914d5
0ffffad540000098500003df6cdf0f998
0ffffb52b0000178f0000282300cbd9b9
1ffffcd8600003011fffff724558e9668
20000e14effff6f49ffffa068386295ef
20000a813ffff9882ffffb1345235c282
2000041caffffe70dffffca653024ed54
1ffffc16a00002c37000007340eca0159
0ffff94a7000008a2000057c65c9062b2
20000de56ffff7001ffffa2af7b5d0419
1ffffda85000028e0fffff13e7fb81426
0ffffbfa30000094400002bc91ffb559e
0ffff93adfffff7d20000695095b93908
20000ae22ffff94f5ffffae9e4749bc42
20000286cfffff247ffffd8dd60e0c4d0
0ffff7d73ffffe2f80000947a849218a3
2000013fe00000751ffffd88f2cf8cbfa
1ffffbd95000021c6000015986993bb9b
0ffffa06b000002f20000516280a4055a
200004219ffffe386ffffcda8866c8885
0ffffa40700000fc500004116c7da0cec
1000006e500001428ffffd908e0119bf1
1fffffefe00001d59ffffd7dfbc26a002
200006b9effffca39ffffbcd50d4de6d5
1ffffb9d900002658000014a4c6848a76
200007e3cffffbc9bffffb793e7568152
0ffffb10e0000189e00002b4548b209b1
1fffff52200001ba7ffffe370b266757b
0ffffa566000008170000473fbeca7c77
2000068d6ffffca41ffffbf9a1f34bf01
200009af8ffffa71fffffafec32773b39
1ffffbe9b00001d820000188fa2143168
0ffffe491fffff9c4000015e1b0747a9b
0ffff9418fffffdf1000062dde39d47f5
200002808fffffd0fffffce880b37122d
0ffffa63d00000cff0000419096b6e838
1ffffc4cb000032c6fffffd42f6ac8959
1ffffb99a00002cdd00000e7e41a4ef2b
0ffff921dfffff1d1000070d09e8f6c5c
20000abc0ffff9757ffffaea8284288ba
200000ddffffff5c8fffff039ec3d0d9c
200009d4affff9e55ffffb65d51624592
2000018d40000017fffffd97372e60f12
20000941affffad3dffffb0c7fc71dbf6
0ffff9c9600000546000052ff858ea000
1ffffbdf3000022dd000013fc18dd4346
20001224cffff3bcbffff91f8795e98aa
1ffffb314000022c200001f110983d24f
20000bc0effff8809ffffad667c37d91d
2000077ceffffbc09ffffbe9d6623ec53
0ffff97640000009c00005ce1d4e970d5
0ffffc69900000eae00001f716bdc598f
200003a2cffffefebffffc9480e462322
20000607fffffc80affffca367fd9909f
0ffffa8d7000016eb000035262394383b
0ffff977f00000b800000520e29af208e
0ffff9e720000060000005063d7ca6620
0ffffb3a500001ec700002268c9e0fe37
0ffffb2c700002072000021a60792fb5f
1ffffe134000021b3fffff19d0c082a2b
200002144ffffefa7ffffe2c367d2b196
0ffff94ab00000924000057420d8fd982
20000debcffff725bffff9ff422708f25
200003c27ffffe55fffffd1c9d77c4cd9
20000d990ffff7387ffffa4006f5ae35d
200002719fffff7fcffffd4807dff4f20
1ffffd85d000014e600000748ad08889e
1ffffc23d0000199f000018e2f6e6f6e1
0ffff9485fffff56400006ad8999a574f
200012ba6ffff3431ffff90157f698f79
1ffffc63c000027aa000006f30ab380d7
20000286cfffffe2bffffcd0ae444eb34
0ffffad7600001f4f0000282f77887350
0ffffa4a300001bb4000034bd66930cb5
0ffffa5a80000107800003ebdfdd96e1d
200004eb8ffffe41fffffc047d57d2264
200001fb0fffffd27ffffd6d75eede758
200009b96ffff9e81ffffb7d67e049ca6
0ffffc6e00000110c00001ccc67de5fa6
0ffff9b0600000e3200004bcfe0898e98
2000058f8ffffd2dfffffc70b3eff8ad1
0ffffbd45000012320000252989262625
20000349affffeebdffffd00f4405cf6c
200007d66ffffc0f1ffffb41faf7990d5
0ffff9d88000006250000512da988d61e
0ffffccd8000011b70000162142de0b83
1fffff44600002111ffffdefb16fed97b
0ffff8657ffffe8530000862694ab69f3
200001920000005f7ffffd4b8fc0a9522
0ffffa11900000a1c000049a4c5fd57ef
0ffff9d0a00000513000052bb92e607db
1fffff79800001b3fffffe1676ee22c6e
1ffffcbe80000268e00000251f5c582e0
1ffffd2ce00002e05fffff3db35b9d552
0ffffa249fffffcad000055d7d708638d
0ffff9b3900000d3500004c94e7aecb97
1ffffb92100002cd600000efc1ba6c126
0ffffdbf7fffffabc00001d9dce5a778b
0ffff9f680000076100004e0d95b3de08
1ffffc3710000195e000017fd2ec7dea5
200004142ffffee15ffffc3f7ce700c4e
1fffff2a7000022a6ffffdf0fec08bb0f
20000198e00000d49ffffcd09cb765b71
0ffff9c3f0000109e0000482e2894f9af
1ffffd52e0000289cfffff6e144e34e50
0ffffacd7000012960000355680b9c956
20000949bffffa54effffb8305a5849a1
1ffffc7b2000030cdfffffc503ac3277a
20000504fffffddeaffffc4dd1a6a77f8
1ffffdcd300002926ffffeea066d23949
1ffffb19d0000276400001c005f8c081b
1fffffd5000001587ffffe14f69cfe17a
0ffffaa4f000019e0000030bed0aaa8f2
1fffff7b5000016e3ffffe58f91755f5f
2000029eefffff9e9ffffcfbd0b1cc424
0ffff9ddb0000093800004dd2c9cf17db
0ffffbcf300000adb00002cc9a332620e
0ffffc0dd0000168b00001d571be427d9
1fffffe55000006ddffffeefe2edd9e8b
200003c18fffff07fffffc6c606646522
20000e82affff67edffffa0ca594d8514
20000633cffffd35bffffbc3afe743d11
1fffff70a0000144dffffe8ea81448db6
200006eaaffffc6adffffbd475c577f47
1ffffd4d5000028c2fffff707f4fd2b70
200003908fffff18fffffc8cee649dd40
0ffffb897fffff9e800004217c2326c8d
20000a8f4ffff950fffffb3c27d30fe89
0ffff96220000048200005a53249a61e0
1fffff6a600001a9dffffe2f08a67305a
200003664ffffe973ffffd37f7ad7b06c
2000046b8ffffdddfffffce8673e5ab74
0ffffad8b00001a8300002cd20c901958
0ffff803cffffeb6500008959d1852d92
0ffffab7400000778000041ec04e22283
0ffffb0e60000179f00002c3f95d8ef54
0fffffbb8fffff7be000000971c325ea1
1ffffdbec0000288cfffff015e80a2774
2000099b6ffffa561ffffb2ea61584414
200008ceeffffb0a9ffffb49c135ac740
1ffffdf92000026cdffffee3879e57c47
1fffff3ba000019e9ffffe69e96510128
20000ede6ffff64b1ffff9e387164efeb
200004bb0ffffdae7ffffcc7660e8970f
2000024dafffffabdffffd4085a061e4c
1fffff7b400002093ffffdc09fe2e3533
1fffff43400001693ffffe98c5be519f8
1fffff42c0000202bffffdff951fd4774
0ffff9498ffffff440000610dc5b016ce
200003868ffffe9afffffd13c6ce9d219
1fffffab200002065ffffd92e9247b97c
2000036d4ffffdb88ffffe1037c1b72ad
0ffff92b7fffff67100006ba6840263d4
20000aa3effff9591ffffb1f17033ee8c
1ffffb4f80000248000001b6d319a2461
200009dc6ffffa4c9ffffaf6c307848b8
2000127d8ffff393fffff8ee86b7abbd8
1ffffc2210000285b00000a439cf0bd5c
1fffffa49000015baffffe4308f57dff5
10000004600001391ffffe0455dcec757
1ffffb7930000217800001be159b022f4
0ffff9ae100000209000057ecc5c7520c
0ffff96c10000024e00005bdcf6c061dc
200001ab80000001fffffd8e77dea2064
0ffff9e2b00000473000052328f89d133
2000083ceffffaf39ffffbf533d562888
0ffff96840000020600005c61c693efde
0ffffaa6a000015d70000349ba885892e
0ffff96bd000001cc00005c6094dce19e
1ffffdc460000126c000005e25ec0d88c
0ffffa3d3000018180000391a45a728d4
200003b02ffffeb95ffffccbc491d200d
20000d57affff799dffffa2163576d61f
20001017affff575dffff97b5386e899e
2000054e0ffffd7b7ffffc65e7a317c47
0ffff9fcc0000052600004fd998c61d27
20001382cffff2dabffff89ef4e7f8189
0ffffbe440000078a00002edc130871b1
2000036c8ffffea8fffffd2015ce2a02d
2000028cbffffef6bffffdb64b7419384
1ffffdb1300000dee00000b66d23f65fe
0fffff624fffffb03000003026ef85e9f
1ffffc8160000236f00000937d0e1b10b
0ffffbbc100000800000030f70df53087
200004bddffffded0ffffc8771c574ee2
0ffff9a9600000ee700004b8f649c64c1
1ffffd09600002f01fffff51c4ea2c157
1ffffeb7700002018ffffe8cf8034b126
1fffff18200002395ffffdf469248ed7f
200006873ffffca32ffffc01d0d7657c8
1fffffb5900000aceffffee0f17fccdac
100000e0d00001448ffffd1b1b552f012
0ffffabbd00001b9000002da0f398ce15
200001f57fffffdfdffffd66921487613
0ffff9e27000003f1000052b699ba1020
1ffffccb400002b4afffffcccf6c18400
0ffffb26d000014ec00002d73b9f2f2ed
0ffffbea100000f0d00002712f4e3d280
0ffff87c3ffffe9c20000834a8fd27cdc
20000115c0000067bffffdc074bc9840c
1ffffeb62000025b5ffffe356ac2ee577
0ffffaabc00001153000038b9d2cd555e
20000e214ffff7043ffff9ea94f7d13bb
0ffffa0b10000063700004e03f5db1a80
0ffff950900000626000059d4ba908685
0ffff8cb9fffff5bb00007274b4c738ab
0ffff92820000061a00005c732c82119b
0ffff8e53fffffd01000069aaca91d491
1ffffb40700002b38000015c65b8fe90d
1ffffe46a000018cafffff7432f1258f8
20000a6b2ffff9be5ffffaf3c304cc48a
200009b22ffffa2b5ffffb4214e36c7de
2000052e6ffffddb1ffffc270fa54eb6a
1ffffeef500000b10fffffa279579701b
0ffffe0fc0000084d00000b10a8460baf
200004f6cffffd9ebffffc9ad740c1d06
1ffffd47300001b67000004b29816bf04
2000027f0fffffd67ffffce49d8349f71
200009d8cffffa54bffffaf23eb6383f3
20000a2c8ffff9ecfffffb04a585c2f0e
0ffff996cfffff7ff000063498eae6e71
1fffffa5000002087ffffd96fa3560e6b
1ffffde8e00001c7efffff97ccd04add5
1ffffb2a6000023b800001e8ff684a030
1ffffd83b00001f9bfffffcc720ee0efc
0ffffb87c000018d2000023995eb10ba4
0ffffa937000005e0000045b6e5fc51b2
0ffff9a92ffffff7800005ac3940b61e8
1ffffbb0300001e7c00001b533ed66527
1ffffef0700001863ffffecedf1313405
200008b7cffffaf9bffffb71c694e484d
0ffffb1eb000009d7000038f4b3143ee1
1fffffa6a00001589ffffe4446ae02018
0ffffa0a200001164000042f3df9bb8ca
200002a90ffffee9bffffda700217a68b
2000093c8ffffa80fffffb63b5d39ee23
0ffffa8a2000017a7000034a34d8c6949
20000af00ffff9597ffffad1e314ebc8e
0ffffabcb00001d5700002bd240b54814
1ffffef0a00001bd5ffffe98244cbb5e9
20000a880ffff9917ffffb0323d3ca3c4
1fffff035000005fffffffe00a56323b0
1fffff18200002395ffffdf46060af344
1ffffd77a00002c9dfffff08a10be8b60
1ffffe02400001526ffffff10b5507752
0ffff9bf9000007bb00005134b8b3e5d9
0ffff8e18fffffcfa000069eded8c04a0
200008fc8ffffac8fffffb5cd3949d460
1ffffe31200000af80000063b8e695e13
20000b3e2ffff9435ffffa992ff6d9618
0ffff8917ffffe8250000838688936c33
1ffffd13700001d1e0000064fdaf2bfe1
0ffffa89000000658000045d8b6186cec
0ffffa1130000095900004a6ac68e093e
0ffffb35500001d360000245231d46529
20000d5d4ffff7483ffffa6c96a348dcb
0ffffb724000015390000287f33c70baa
0ffffcd7d00001130000015db9827f8ed
200005a40ffffd857ffffc056d24a8222
0ffff85fcfffff32900007bd9078152aa
0ffff8310ffffedc100008425cd8c2e9f
1ffffd6b600002ce1fffff10cfbd9c65b
0ffffb01b00000b740000392e930dfdd2
200012a54ffff37c3ffff8de0707dd395
2000086feffffb219ffffb92a2a308549
200006952ffffcb05ffffbe5b48525c1b
1fffff42c00001bcfffffe44d8644be0d
0ffffc28400001022000021fbfb137f09
20000d29cffff7b3bffffa35f566c1689
0ffff954c0000073100005889f3b2f083
1ffffb7d20000279f0000157343943378
0ffffada9000014d100003263e0deffdc
2000044eeffffe329ffffcb16270793fb
1ffffbaf2000024b400001523a2c6af66
20000aa94ffff9403ffffb3226e148bc3
0ffff90adfffffecd00006580f58614c0
2000020e400000573ffffcd69de582443
200007d8cffffba0bffffbace3836d7c8
0ffffa26b000004fa00004d7ac9eb0185
0ffffa6980000111600003d2dadcbe202
0ffffa38dffffff5e000051d9a7174fb3
10000011200001845ffffdacf411c6a6a
20000ed6effff6669ffff9cfd3d6ca5ec
0fffff3a5fffffeb0000001d0c7512798
1fffffaaa000016a0ffffe2f330216322
20000b4beffff9399ffffa94f267805e5
1ffffb637000027af000017061aa4e83b
20000525dffffd29cffffce132337f794
0ffffb42d00001e9200002245668ab281
200003098fffff1ffffffd0de4105d45a
20000cd86ffff7ad1ffffa8e7763eb379
1000003b200000ea5ffffe1b374b39e66
20000365cfffff3e7ffffc9339d5283ba
20000152a000010adffffce19c5745178
200000c0b000001b8ffffe62aea585aef
0ffffd93a0000094a000011d28e616711
0ffffb7e300001cb300002041c0d394d5
2000067f4ffffc723ffffc3947413fe28
200002178000005dfffffcc69d565335e
1ffffcc3a00001c9e00000bb088333878
20000b8d0ffff8b07ffffadb3713ccf59
200009292ffffadc5ffffb1cb1e6e1ade
0ffffb5ba00001b4b000023c6d4ef1c26
20000761cffffc0fbffffbb6c0f3ea407
200006314ffffc9c3ffffc5e362fda243
200001a780000061fffffd3363830636b
2000029f3ffffe770ffffe22c431d28a4
20000b33affff969dffffa7d9d978839a
1ffffccbb00002640000001c411d1d80c
0ffffb7d000000a23000032a5873e732b
20000aee8ffff95efffffacdf1b568c43
100000dd000001607ffffd0338460ab7c
20000a35cffff9f3bffffaf4a1655a3eb
200000a9bfffff036fffff90490780880
0ffffc885000013fc000018108626f60b
200006b8cffffce4bffffb8dfc27dcd4e
0ffffa10f000008d700004aee91b4dc14
0ffff86dafffff17e00007c9bc7a72e97
1ffffd625000028fdfffff578df02156f
1fffff18200002395ffffdf4607254573
200003868fffff2e7ffffc81dd359f4ec
2000019ac0000016bffffd8ac45db9d04
20000d762ffff77b5ffffa20e6b774fa4
200009fa8ffffa22bffffb01d4e6a55be
0ffffaf18000015680000306526ca27cd
2000074c2ffffbf95ffffbe2b3024981c
0ffffa05a0000172d00003d8b338ad2a9
0ffff8cd8fffff234000075cd85c824c4
20000d1a8ffff7c2fffffa3632d6bb400
1fffff7050000096efffff3d47ac4eea8
1ffffd7480000197f000003c3050f4712
2000098dcffffa73bffffb1f0616f7678
20000422fffffda7affffd698681d45b2
200001784000000cbffffdb8e0a18d8c9
0ffffc9c30000014600002962905c7fee
0ffffac670000134b0000351694001322
0ffffb5f10000109700002e198436725a
200003cf0ffffed67ffffc8fd1240151d
1ffffb8b200001e5600001db6c5034967
0ffffb9460000117200002a14d2dca285
0ffffd42d00000832000017fd8d61791a
1ffffe77e00002379ffffe9827ad33935
2000042daffffe83dffffc8260935da1d
200003587ffffe00fffffddc1da7d5aba
1fffffbc6000014d1ffffe3906bb0926b
200009e4affffa14dffffb2587d5a6b57
