time_s,recorded_ecg_mV,input_with_noise_mV,fpga_output_mV,reference_mV,detected_peak
0.000000,-0.145000,0.215000,0.000000,0.000000,0
0.002778,-0.145000,0.329907,-0.000244,-0.000244,0
0.005556,-0.145000,0.362721,-0.000244,-0.000244,0
0.008333,-0.145000,0.290000,-0.000732,-0.000732,0
0.011111,-0.145000,0.163697,-0.000977,-0.000977,0
0.013889,-0.145000,0.074046,-0.000977,-0.000977,0
0.016667,-0.145000,0.085096,-0.000732,-0.000732,0
0.019444,-0.145000,0.188953,-0.000732,-0.000732,0
0.022222,-0.120000,0.336418,-0.000488,-0.000488,0
0.025000,-0.135000,0.375000,-0.000488,-0.000488,0
0.027778,-0.145000,0.311418,-0.000732,-0.000732,0
0.030556,-0.150000,0.183953,-0.001465,-0.001465,0
0.033333,-0.160000,0.070096,-0.001953,-0.001953,0
0.036111,-0.155000,0.064046,-0.002197,-0.002197,0
0.038889,-0.160000,0.148697,-0.002197,-0.002197,0
0.041667,-0.175000,0.260000,-0.001953,-0.001953,0
0.044444,-0.180000,0.327721,-0.001465,-0.001465,0
0.047222,-0.185000,0.289907,-0.000977,-0.000977,0
0.050000,-0.170000,0.190000,-0.001221,-0.001221,0
0.052778,-0.155000,0.090093,-0.001953,-0.001953,0
0.055556,-0.175000,0.037279,-0.003174,-0.003174,0
0.058333,-0.180000,0.105000,-0.004395,-0.004395,0
0.061111,-0.190000,0.221303,-0.004883,-0.004883,0
0.063889,-0.180000,0.320954,-0.004639,-0.004639,0
0.066667,-0.155000,0.334904,-0.003662,-0.003662,0
0.069444,-0.135000,0.251047,-0.002197,-0.002197,0
0.072222,-0.155000,0.108582,-0.001465,-0.001465,0
0.075000,-0.190000,0.020000,-0.001953,-0.001953,0
0.077778,-0.205000,0.058582,-0.003662,-0.003662,0
0.080556,-0.235000,0.151047,-0.006104,-0.006104,0
0.083333,-0.225000,0.264904,-0.008301,-0.008301,0
0.086111,-0.245000,0.255954,-0.009277,-0.009277,0
0.088889,-0.250000,0.161303,-0.008301,-0.008301,0
0.091667,-0.260000,0.025000,-0.005859,-0.005859,0
0.094444,-0.275000,-0.062721,-0.003174,-0.003174,0
0.097222,-0.275000,-0.029907,-0.001709,-0.001709,0
0.100000,-0.275000,0.085000,-0.002686,-0.002686,0
0.102778,-0.265000,0.209907,-0.005859,-0.005859,0
0.105556,-0.255000,0.252721,-0.010498,-0.010498,0
0.108333,-0.265000,0.170000,-0.014160,-0.014160,0
0.111111,-0.275000,0.033697,-0.015381,-0.015381,0
0.113889,-0.290000,-0.070954,-0.013428,-0.013428,0
0.116667,-0.290000,-0.059904,-0.008789,-0.008789,0
0.119444,-0.290000,0.043953,-0.003662,-0.003662,0
0.122222,-0.290000,0.166418,-0.000977,-0.000977,0
0.125000,-0.285000,0.225000,-0.002441,-0.002441,0
0.127778,-0.295000,0.161418,-0.008301,-0.008301,0
0.130556,-0.305000,0.028953,-0.016113,-0.016113,0
0.133333,-0.285000,-0.054904,-0.023193,-0.023193,0
0.136111,-0.275000,-0.055954,-0.025391,-0.025391,0
0.138889,-0.275000,0.033697,-0.021484,-0.021484,0
0.141667,-0.280000,0.155000,-0.012207,-0.012207,0
0.144444,-0.285000,0.222721,-0.001709,-0.001709,0
0.147222,-0.305000,0.169907,0.005127,0.005127,0
0.150000,-0.290000,0.070000,0.003906,0.003906,0
0.152778,-0.300000,-0.054907,-0.007080,-0.007080,0
0.155556,-0.280000,-0.067721,-0.024902,-0.024902,0
0.158333,-0.290000,-0.005000,-0.042480,-0.042480,0
0.161111,-0.300000,0.111303,-0.051758,-0.051758,0
0.163889,-0.315000,0.185954,-0.044678,-0.044678,0
0.166667,-0.320000,0.169904,-0.017578,-0.017578,0
0.169444,-0.335000,0.051047,0.027344,0.027344,0
0.172222,-0.360000,-0.096418,0.083008,0.083008,0
0.175000,-0.385000,-0.175000,0.138428,0.138428,0
0.177778,-0.385000,-0.121418,0.183838,0.183838,0
0.180556,-0.405000,-0.018953,0.211914,0.211914,0
0.183333,-0.455000,0.034904,0.221436,0.221436,0
0.186111,-0.485000,0.015954,0.216553,0.216553,0
0.188889,-0.485000,-0.073697,0.204346,0.204346,0
0.191667,-0.425000,-0.140000,0.192627,0.192627,0
0.194444,-0.330000,-0.117721,0.186279,0.186279,0
0.197222,-0.220000,0.025093,0.187256,0.187256,0
0.200000,-0.070000,0.290000,0.193115,0.193115,0
0.202778,0.120000,0.594907,0.199463,0.199463,0
0.205556,0.375000,0.882721,0.202148,0.202148,0
0.208333,0.620000,1.055000,0.198486,0.198486,0
0.211111,0.780000,1.088697,0.189209,0.189209,0
0.213889,0.840000,1.059046,0.176758,0.176758,0
0.216667,0.765000,0.995096,0.164795,0.164795,0
0.219444,0.520000,0.853953,0.156250,0.156250,0
0.222222,0.170000,0.626418,0.152588,0.152588,0
0.225000,-0.165000,0.345000,0.153564,0.153564,0
0.227778,-0.365000,0.091418,0.157471,0.157471,0
0.230556,-0.435000,-0.101047,0.162354,0.162354,0
0.233333,-0.425000,-0.194904,0.166504,0.166504,0
0.236111,-0.370000,-0.150954,0.168945,0.168945,0
0.238889,-0.330000,-0.021303,0.169678,0.169678,0
0.241667,-0.325000,0.110000,0.169189,0.169189,0
0.244444,-0.335000,0.172721,0.167236,0.167236,0
0.247222,-0.345000,0.129907,0.163574,0.163574,0
0.250000,-0.330000,0.030000,0.157227,0.157227,0
0.252778,-0.325000,-0.079907,0.146973,0.146973,0
0.255556,-0.315000,-0.102721,0.132568,0.132568,0
0.258333,-0.310000,-0.025000,0.114746,0.114746,0
0.261111,-0.320000,0.091303,0.095703,0.095703,0
0.263889,-0.335000,0.165954,0.078125,0.078125,0
0.266667,-0.340000,0.149904,0.065186,0.065186,0
0.269444,-0.325000,0.061047,0.058838,0.058838,0
0.272222,-0.345000,-0.081418,0.058838,0.058838,0
0.275000,-0.335000,-0.125000,0.063232,0.063232,0
0.277778,-0.330000,-0.066418,0.069092,0.069092,0
0.280556,-0.335000,0.051047,0.072754,0.072754,0
0.283333,-0.330000,0.159904,0.071289,0.071289,0
0.286111,-0.325000,0.175954,0.064453,0.064453,0
0.288889,-0.330000,0.081303,0.053955,0.053955,0
0.291667,-0.330000,-0.045000,0.042969,0.042969,0
0.294444,-0.345000,-0.132721,0.034668,0.034668,0
0.297222,-0.355000,-0.109907,0.031738,0.031738,0
0.300000,-0.335000,0.025000,0.034424,0.034424,0
0.302778,-0.325000,0.149907,0.041260,0.041260,0
0.305556,-0.305000,0.202721,0.048584,0.048584,0
0.308333,-0.320000,0.115000,0.053223,0.053223,0
0.311111,-0.320000,-0.011303,0.053223,0.053223,0
0.313889,-0.330000,-0.110954,0.048340,0.048340,0
0.316667,-0.340000,-0.109904,0.041260,0.041260,0
0.319444,-0.335000,-0.001047,0.035156,0.035156,0
0.322222,-0.340000,0.116418,0.033203,0.033203,0
0.325000,-0.345000,0.165000,0.036133,0.036133,0
0.327778,-0.355000,0.101418,0.042480,0.042480,0
0.330556,-0.355000,-0.021047,0.048584,0.048584,0
0.333333,-0.340000,-0.109904,0.049561,0.049561,0
0.336111,-0.330000,-0.110954,0.042480,0.042480,0
0.338889,-0.330000,-0.021303,0.027100,0.027100,0
0.341667,-0.330000,0.105000,0.006348,0.006348,0
0.344444,-0.340000,0.167721,-0.014404,-0.014404,0
0.347222,-0.350000,0.124907,-0.031006,-0.031006,0
0.350000,-0.325000,0.035000,-0.042236,-0.042236,0
0.352778,-0.325000,-0.079907,-0.050781,-0.050781,0
0.355556,-0.330000,-0.117721,-0.062500,-0.062500,0
0.358333,-0.330000,-0.045000,-0.082275,-0.082275,0
0.361111,-0.335000,0.076303,-0.109863,-0.109863,0
0.363889,-0.335000,0.165954,-0.135742,-0.135742,0
0.366667,-0.340000,0.149904,-0.141602,-0.141602,0
0.369444,-0.330000,0.056047,-0.104736,-0.104736,0
0.372222,-0.340000,-0.076418,-0.005859,-0.005859,0
0.375000,-0.350000,-0.140000,0.162842,0.162842,0
0.377778,-0.355000,-0.091418,0.390137,0.390137,0
0.380556,-0.350000,0.036047,0.645752,0.645752,0
0.383333,-0.345000,0.144904,0.884033,0.884033,0
0.386111,-0.330000,0.170954,1.056641,1.056641,0
0.388889,-0.320000,0.091303,1.125000,1.125000,1
0.391667,-0.335000,-0.050000,1.071777,1.071777,0
0.394444,-0.330000,-0.117721,0.906982,0.906982,0
0.397222,-0.345000,-0.099907,0.665283,0.665283,0
0.400000,-0.330000,0.030000,0.396973,0.396973,0
0.402778,-0.335000,0.139907,0.154297,0.154297,0
0.405556,-0.335000,0.172721,-0.023193,-0.023193,0
0.408333,-0.345000,0.090000,-0.117432,-0.117432,0
0.411111,-0.345000,-0.036303,-0.133301,-0.133301,0
0.413889,-0.355000,-0.135954,-0.093994,-0.093994,0
0.416667,-0.340000,-0.109904,-0.032227,-0.032227,0
0.419444,-0.340000,-0.006047,0.023193,0.023193,0
0.422222,-0.335000,0.121418,0.053223,0.053223,0
0.425000,-0.330000,0.180000,0.054443,0.054443,0
0.427778,-0.350000,0.106418,0.034668,0.034668,0
0.430556,-0.350000,-0.016047,0.008057,0.008057,0
0.433333,-0.345000,-0.114904,-0.011719,-0.011719,0
0.436111,-0.335000,-0.115954,-0.017822,-0.017822,0
0.438889,-0.335000,-0.026303,-0.010254,-0.010254,0
0.441667,-0.335000,0.100000,0.004395,0.004395,0
0.444444,-0.350000,0.157721,0.018311,0.018311,0
0.447222,-0.355000,0.119907,0.025146,0.025146,0
0.450000,-0.355000,0.005000,0.022949,0.022949,0
0.452778,-0.345000,-0.099907,0.014160,0.014160,0
0.455556,-0.345000,-0.132721,0.003906,0.003906,0
0.458333,-0.335000,-0.050000,-0.003662,-0.003662,0
0.461111,-0.350000,0.061303,-0.005371,-0.005371,0
0.463889,-0.360000,0.140954,-0.001709,-0.001709,0
0.466667,-0.360000,0.129904,0.004883,0.004883,0
0.469444,-0.360000,0.026047,0.011475,0.011475,0
0.472222,-0.365000,-0.101418,0.015869,0.015869,0
0.475000,-0.360000,-0.150000,0.017578,0.017578,0
0.477778,-0.370000,-0.106418,0.017334,0.017334,0
0.480556,-0.385000,0.001047,0.016846,0.016846,0
0.483333,-0.370000,0.119904,0.016846,0.016846,0
0.486111,-0.360000,0.140954,0.017822,0.017822,0
0.488889,-0.355000,0.056303,0.018555,0.018555,0
0.491667,-0.360000,-0.075000,0.018066,0.018066,0
0.494444,-0.375000,-0.162721,0.015381,0.015381,0
0.497222,-0.375000,-0.129907,0.010742,0.010742,0
0.500000,-0.365000,-0.005000,0.005371,0.005371,0
0.502778,-0.365000,0.109907,0.000977,0.000977,0
0.505556,-0.360000,0.147721,-0.000977,-0.000977,0
0.508333,-0.360000,0.075000,0.000488,0.000488,0
0.511111,-0.365000,-0.056303,0.004883,0.004883,0
0.513889,-0.370000,-0.150954,0.010498,0.010498,0
0.516667,-0.355000,-0.124904,0.015625,0.015625,0
0.519444,-0.330000,0.003953,0.019043,0.019043,0
0.522222,-0.325000,0.131418,0.020020,0.020020,0
0.525000,-0.325000,0.185000,0.019287,0.019287,0
0.527778,-0.335000,0.121418,0.018311,0.018311,0
0.530556,-0.340000,-0.006047,0.018066,0.018066,0
0.533333,-0.315000,-0.084904,0.019043,0.019043,0
0.536111,-0.300000,-0.080954,0.020508,0.020508,0
0.538889,-0.300000,0.008697,0.020752,0.020752,0
0.541667,-0.290000,0.145000,0.019287,0.019287,0
0.544444,-0.295000,0.212721,0.015869,0.015869,0
0.547222,-0.290000,0.184907,0.011230,0.011230,0
0.550000,-0.285000,0.075000,0.006836,0.006836,0
0.552778,-0.275000,-0.029907,0.004639,0.004639,0
0.555556,-0.255000,-0.042721,0.005371,0.005371,0
0.558333,-0.250000,0.035000,0.008789,0.008789,0
0.561111,-0.250000,0.161303,0.014160,0.014160,0
0.563889,-0.265000,0.235954,0.019531,0.019531,0
0.566667,-0.255000,0.234904,0.023682,0.023682,0
0.569444,-0.245000,0.141047,0.025635,0.025635,0
0.572222,-0.230000,0.033582,0.025146,0.025146,0
0.575000,-0.245000,-0.035000,0.022705,0.022705,0
0.577778,-0.245000,0.018582,0.019287,0.019287,0
0.580556,-0.255000,0.131047,0.015869,0.015869,0
0.583333,-0.255000,0.234904,0.012939,0.012939,0
0.586111,-0.240000,0.260954,0.011475,0.011475,0
0.588889,-0.250000,0.161303,0.010986,0.010986,0
0.591667,-0.255000,0.030000,0.011719,0.011719,0
0.594444,-0.245000,-0.032721,0.012939,0.012939,0
0.597222,-0.255000,-0.009907,0.014160,0.014160,0
0.600000,-0.250000,0.110000,0.015381,0.015381,0
0.602778,-0.250000,0.224907,0.015869,0.015869,0
0.605556,-0.265000,0.242721,0.015625,0.015625,0
0.608333,-0.260000,0.175000,0.015137,0.015137,0
0.611111,-0.260000,0.048697,0.013916,0.013916,0
0.613889,-0.265000,-0.045954,0.012695,0.012695,0
0.616667,-0.270000,-0.039904,0.011475,0.011475,0
0.619444,-0.265000,0.068953,0.010254,0.010254,0
0.622222,-0.260000,0.196418,0.009033,0.009033,0
0.625000,-0.275000,0.235000,0.008057,0.008057,0
0.627778,-0.280000,0.176418,0.007568,0.007568,0
0.630556,-0.290000,0.043953,0.007324,0.007324,0
0.633333,-0.275000,-0.044904,0.007080,0.007080,0
0.636111,-0.270000,-0.050954,0.006104,0.006104,0
0.638889,-0.260000,0.048697,0.003906,0.003906,0
0.641667,-0.280000,0.155000,0.000244,0.000244,0
0.644444,-0.280000,0.227721,-0.004639,-0.004639,0
0.647222,-0.285000,0.189907,-0.009766,-0.009766,0
0.650000,-0.275000,0.085000,-0.014160,-0.014160,0
0.652778,-0.275000,-0.029907,-0.016602,-0.016602,0
0.655556,-0.265000,-0.052721,-0.017334,-0.017334,0
0.658333,-0.270000,0.015000,-0.016113,-0.016113,0
0.661111,-0.285000,0.126303,-0.014160,-0.014160,0
0.663889,-0.290000,0.210954,-0.012207,-0.012207,0
0.666667,-0.280000,0.209904,-0.011230,-0.011230,0
0.669444,-0.275000,0.111047,-0.011719,-0.011719,0
0.672222,-0.285000,-0.021418,-0.012939,-0.012939,0
0.675000,-0.280000,-0.070000,-0.014648,-0.014648,0
0.677778,-0.300000,-0.036418,-0.016113,-0.016113,0
0.680556,-0.300000,0.086047,-0.016357,-0.016357,0
0.683333,-0.305000,0.184904,-0.015137,-0.015137,0
0.686111,-0.295000,0.205954,-0.011963,-0.011963,0
0.688889,-0.300000,0.111303,-0.007080,-0.007080,0
0.691667,-0.310000,-0.025000,-0.001221,-0.001221,0
0.694444,-0.310000,-0.097721,0.005127,0.005127,0
0.697222,-0.305000,-0.059907,0.011230,0.011230,0
0.700000,-0.295000,0.065000,0.016602,0.016602,0
0.702778,-0.285000,0.189907,0.021484,0.021484,0
0.705556,-0.285000,0.222721,0.026123,0.026123,0
0.708333,-0.290000,0.145000,0.030762,0.030762,0
0.711111,-0.295000,0.013697,0.035889,0.035889,0
0.713889,-0.310000,-0.090954,0.041748,0.041748,0
0.716667,-0.290000,-0.059904,0.048096,0.048096,0
0.719444,-0.295000,0.038953,0.054688,0.054688,0
0.722222,-0.300000,0.156418,0.061279,0.061279,0
0.725000,-0.305000,0.205000,0.067383,0.067383,0
0.727778,-0.310000,0.146418,0.073486,0.073486,0
0.730556,-0.325000,0.008953,0.079102,0.079102,0
0.733333,-0.310000,-0.079904,0.084961,0.084961,0
0.736111,-0.300000,-0.080954,0.090576,0.090576,0
0.738889,-0.290000,0.018697,0.095459,0.095459,0
0.741667,-0.310000,0.125000,0.098877,0.098877,0
0.744444,-0.325000,0.182721,0.101074,0.101074,0
0.747222,-0.330000,0.144907,0.101807,0.101807,0
0.750000,-0.315000,0.045000,0.101318,0.101318,0
0.752778,-0.300000,-0.054907,0.100342,0.100342,0
0.755556,-0.305000,-0.092721,0.099121,0.099121,0
0.758333,-0.310000,-0.025000,0.098145,0.098145,0
0.761111,-0.320000,0.091303,0.097168,0.097168,0
0.763889,-0.330000,0.170954,0.096436,0.096436,0
0.766667,-0.325000,0.164904,0.095703,0.095703,0
0.769444,-0.315000,0.071047,0.094971,0.094971,0
0.772222,-0.310000,-0.046418,0.093994,0.093994,0
0.775000,-0.305000,-0.095000,0.093018,0.093018,0
0.777778,-0.305000,-0.041418,0.091309,0.091309,0
0.780556,-0.310000,0.076047,0.089355,0.089355,0
0.783333,-0.300000,0.189904,0.086914,0.086914,0
0.786111,-0.305000,0.195954,0.084229,0.084229,0
0.788889,-0.290000,0.121303,0.081543,0.081543,0
0.791667,-0.300000,-0.015000,0.079102,0.079102,0
0.794444,-0.300000,-0.087721,0.076904,0.076904,0
0.797222,-0.305000,-0.059907,0.074951,0.074951,0
0.800000,-0.305000,0.055000,0.072998,0.072998,0
0.802778,-0.290000,0.184907,0.071045,0.071045,0
0.805556,-0.280000,0.227721,0.069092,0.069092,0
0.808333,-0.295000,0.140000,0.067871,0.067871,0
0.811111,-0.305000,0.003697,0.067383,0.067383,0
0.813889,-0.315000,-0.095954,0.067627,0.067627,0
0.816667,-0.305000,-0.074904,0.068604,0.068604,0
0.819444,-0.295000,0.038953,0.069580,0.069580,0
0.822222,-0.290000,0.166418,0.070312,0.070312,0
0.825000,-0.280000,0.230000,0.070312,0.070312,0
0.827778,-0.270000,0.186418,0.069580,0.069580,0
0.830556,-0.275000,0.058953,0.068604,0.068604,0
0.833333,-0.275000,-0.044904,0.067627,0.067627,0
0.836111,-0.270000,-0.050954,0.066895,0.066895,0
0.838889,-0.250000,0.058697,0.066162,0.066162,0
0.841667,-0.250000,0.185000,0.065186,0.065186,0
0.844444,-0.255000,0.252721,0.063721,0.063721,0
0.847222,-0.225000,0.249907,0.061768,0.061768,0
0.850000,-0.220000,0.140000,0.058838,0.058838,0
0.852778,-0.205000,0.040093,0.054932,0.054932,0
0.855556,-0.200000,0.012279,0.050537,0.050537,0
0.858333,-0.205000,0.080000,0.046143,0.046143,0
0.861111,-0.215000,0.196303,0.041992,0.041992,0
0.863889,-0.230000,0.270954,0.039307,0.039307,0
0.866667,-0.220000,0.269904,0.038330,0.038330,0
0.869444,-0.225000,0.161047,0.039795,0.039795,0
0.872222,-0.225000,0.038582,0.042969,0.042969,0
0.875000,-0.225000,-0.015000,0.047363,0.047363,0
0.877778,-0.230000,0.033582,0.051514,0.051514,0
0.880556,-0.235000,0.151047,0.054443,0.054443,0
0.883333,-0.240000,0.249904,0.055420,0.055420,0
0.886111,-0.235000,0.265954,0.054199,0.054199,0
0.888889,-0.220000,0.191303,0.051758,0.051758,0
0.891667,-0.210000,0.075000,0.048584,0.048584,0
0.894444,-0.205000,0.007279,0.045410,0.045410,0
0.897222,-0.245000,0.000093,0.042725,0.042725,0
0.900000,-0.285000,0.075000,0.040771,0.040771,0
0.902778,-0.285000,0.189907,0.039062,0.039062,0
0.905556,-0.300000,0.207721,0.037842,0.037842,0
0.908333,-0.310000,0.125000,0.036621,0.036621,0
0.911111,-0.330000,-0.021303,0.035400,0.035400,0
0.913889,-0.330000,-0.110954,0.034912,0.034912,0
0.916667,-0.325000,-0.094904,0.034668,0.034668,0
0.919444,-0.315000,0.018953,0.034668,0.034668,0
0.922222,-0.320000,0.136418,0.034424,0.034424,0
0.925000,-0.315000,0.195000,0.033691,0.033691,0
0.927778,-0.325000,0.131418,0.032471,0.032471,0
0.930556,-0.340000,-0.006047,0.031006,0.031006,0
0.933333,-0.345000,-0.114904,0.029053,0.029053,0
0.936111,-0.340000,-0.120954,0.027588,0.027588,0
0.938889,-0.340000,-0.031303,0.026855,0.026855,0
0.941667,-0.350000,0.085000,0.026855,0.026855,0
0.944444,-0.345000,0.162721,0.027832,0.027832,0
0.947222,-0.355000,0.119907,0.030029,0.030029,0
0.950000,-0.330000,0.030000,0.032959,0.032959,0
0.952778,-0.335000,-0.089907,0.036133,0.036133,0
0.955556,-0.330000,-0.117721,0.039307,0.039307,0
0.958333,-0.320000,-0.035000,0.041748,0.041748,0
0.961111,-0.345000,0.066303,0.043457,0.043457,0
0.963889,-0.355000,0.145954,0.044678,0.044678,0
0.966667,-0.340000,0.149904,0.045654,0.045654,0
0.969444,-0.330000,0.056047,0.046631,0.046631,0
0.972222,-0.325000,-0.061418,0.047607,0.047607,0
0.975000,-0.330000,-0.120000,0.048340,0.048340,0
0.977778,-0.350000,-0.086418,0.048340,0.048340,0
0.980556,-0.365000,0.021047,0.047363,0.047363,0
0.983333,-0.360000,0.129904,0.045654,0.045654,0
0.986111,-0.380000,0.120954,0.043945,0.043945,0
0.988889,-0.425000,-0.013697,0.042969,0.042969,0
0.991667,-0.445000,-0.160000,0.043701,0.043701,0
0.994444,-0.475000,-0.262721,0.046387,0.046387,0
0.997222,-0.510000,-0.264907,0.050781,0.050781,0
1.000000,-0.535000,-0.175000,0.056396,0.056396,0
1.002778,-0.505000,-0.030093,0.062256,0.062256,0
1.005556,-0.415000,0.092721,0.067627,0.067627,0
1.008333,-0.300000,0.135000,0.072754,0.072754,0
1.011111,-0.160000,0.148697,0.077881,0.077881,0
1.013889,-0.015000,0.204046,0.083740,0.083740,0
1.016667,0.235000,0.465096,0.090576,0.090576,0
1.019444,0.490000,0.823953,0.098877,0.098877,0
1.022222,0.720000,1.176418,0.107910,0.107910,0
1.025000,0.875000,1.385000,0.117188,0.117188,0
1.027778,0.940000,1.396418,0.125732,0.125732,0
1.030556,0.905000,1.238953,0.132080,0.132080,0
1.033333,0.755000,0.985096,0.135498,0.135498,0
1.036111,0.490000,0.709046,0.135498,0.135498,0
1.038889,0.165000,0.473697,0.132080,0.132080,0
1.041667,-0.110000,0.325000,0.125977,0.125977,0
1.044444,-0.270000,0.237721,0.118408,0.118408,0
1.047222,-0.390000,0.084907,0.111328,0.111328,0
1.050000,-0.450000,-0.090000,0.106445,0.106445,0
1.052778,-0.475000,-0.229907,0.104980,0.104980,0
1.055556,-0.455000,-0.242721,0.107178,0.107178,0
1.058333,-0.425000,-0.140000,0.112061,0.112061,0
1.061111,-0.390000,0.021303,0.117920,0.117920,0
1.063889,-0.390000,0.110954,0.121826,0.121826,0
1.066667,-0.385000,0.104904,0.122070,0.122070,0
1.069444,-0.390000,-0.003953,0.116455,0.116455,0
1.072222,-0.380000,-0.116418,0.104492,0.104492,0
1.075000,-0.380000,-0.170000,0.087158,0.087158,0
1.077778,-0.380000,-0.116418,0.066650,0.066650,0
1.080556,-0.395000,-0.008953,0.045898,0.045898,0
1.083333,-0.385000,0.104904,0.028564,0.028564,0
1.086111,-0.385000,0.115954,0.016846,0.016846,0
1.088889,-0.385000,0.026303,0.012207,0.012207,0
1.091667,-0.375000,-0.090000,0.013184,0.013184,0
1.094444,-0.395000,-0.182721,0.017334,0.017334,0
1.097222,-0.410000,-0.164907,0.021240,0.021240,0
1.100000,-0.410000,-0.050000,0.021973,0.021973,0
1.102778,-0.400000,0.074907,0.018066,0.018066,0
1.105556,-0.395000,0.112721,0.010010,0.010010,0
1.108333,-0.390000,0.045000,0.000244,0.000244,0
1.111111,-0.405000,-0.096303,-0.008301,-0.008301,0
1.113889,-0.395000,-0.175954,-0.012939,-0.012939,0
1.116667,-0.385000,-0.154904,-0.012939,-0.012939,0
1.119444,-0.375000,-0.041047,-0.008789,-0.008789,0
1.122222,-0.390000,0.066418,-0.002930,-0.002930,0
1.125000,-0.390000,0.120000,0.001465,0.001465,0
1.127778,-0.405000,0.051418,0.002930,0.002930,0
1.130556,-0.410000,-0.076047,0.001221,0.001221,0
1.133333,-0.410000,-0.179904,-0.002197,-0.002197,0
1.136111,-0.390000,-0.170954,-0.005615,-0.005615,0
1.138889,-0.390000,-0.081303,-0.006592,-0.006592,0
1.141667,-0.395000,0.040000,-0.004395,-0.004395,0
1.144444,-0.405000,0.102721,-0.000244,-0.000244,0
1.147222,-0.415000,0.059907,0.003662,0.003662,0
1.150000,-0.400000,-0.040000,0.004395,0.004395,0
1.152778,-0.410000,-0.164907,-0.000244,-0.000244,0
1.155556,-0.405000,-0.192721,-0.011475,-0.011475,0
1.158333,-0.410000,-0.125000,-0.029053,-0.029053,0
1.161111,-0.415000,-0.003697,-0.051270,-0.051270,0
1.163889,-0.410000,0.090954,-0.076416,-0.076416,0
1.166667,-0.400000,0.089904,-0.102783,-0.102783,0
1.169444,-0.400000,-0.013953,-0.128906,-0.128906,0
1.172222,-0.395000,-0.131418,-0.152100,-0.152100,0
1.175000,-0.390000,-0.180000,-0.167236,-0.167236,0
1.177778,-0.405000,-0.141418,-0.166260,-0.166260,0
1.180556,-0.410000,-0.023953,-0.136719,-0.136719,0
1.183333,-0.390000,0.099904,-0.065186,-0.065186,0
1.186111,-0.390000,0.110954,0.059570,0.059570,0
1.188889,-0.385000,0.026303,0.239990,0.239990,0
1.191667,-0.385000,-0.100000,0.467285,0.467285,0
1.194444,-0.410000,-0.197721,0.718262,0.718262,0
1.197222,-0.405000,-0.159907,0.958496,0.958496,0
1.200000,-0.395000,-0.035000,1.148682,1.148682,0
1.202778,-0.390000,0.084907,1.253418,1.253418,1
1.205556,-0.375000,0.132721,1.251221,1.251221,0
1.208333,-0.390000,0.045000,1.139160,1.139160,0
1.211111,-0.395000,-0.086303,0.936279,0.936279,0
1.213889,-0.410000,-0.190954,0.678223,0.678223,0
1.216667,-0.400000,-0.169904,0.408936,0.408936,0
1.219444,-0.390000,-0.056047,0.169922,0.169922,0
1.222222,-0.390000,0.066418,-0.008789,-0.008789,0
1.225000,-0.385000,0.125000,-0.114502,-0.114502,0
1.227778,-0.405000,0.051418,-0.152344,-0.152344,0
1.230556,-0.415000,-0.081047,-0.140381,-0.140381,0
1.233333,-0.415000,-0.184904,-0.103027,-0.103027,0
1.236111,-0.400000,-0.180954,-0.063232,-0.063232,0
1.238889,-0.395000,-0.086303,-0.036621,-0.036621,0
1.241667,-0.405000,0.030000,-0.027832,-0.027832,0
1.244444,-0.415000,0.092721,-0.033691,-0.033691,0
1.247222,-0.420000,0.054907,-0.045654,-0.045654,0
1.250000,-0.420000,-0.060000,-0.055176,-0.055176,0
1.252778,-0.410000,-0.164907,-0.056885,-0.056885,0
1.255556,-0.415000,-0.202721,-0.050781,-0.050781,0
1.258333,-0.425000,-0.140000,-0.040283,-0.040283,0
1.261111,-0.420000,-0.008697,-0.031494,-0.031494,0
1.263889,-0.435000,0.065954,-0.028809,-0.028809,0
1.266667,-0.430000,0.059904,-0.033203,-0.033203,0
1.269444,-0.430000,-0.043953,-0.042969,-0.042969,0
1.272222,-0.420000,-0.156418,-0.053955,-0.053955,0
1.275000,-0.430000,-0.220000,-0.061523,-0.061523,0
1.277778,-0.450000,-0.186418,-0.063232,-0.063232,0
1.280556,-0.455000,-0.068953,-0.058594,-0.058594,0
1.283333,-0.450000,0.039904,-0.050049,-0.050049,0
1.286111,-0.435000,0.065954,-0.040771,-0.040771,0
1.288889,-0.445000,-0.033697,-0.033936,-0.033936,0
1.291667,-0.450000,-0.165000,-0.031250,-0.031250,0
1.294444,-0.455000,-0.242721,-0.032715,-0.032715,0
1.297222,-0.470000,-0.224907,-0.037109,-0.037109,0
1.300000,-0.460000,-0.100000,-0.041992,-0.041992,0
1.302778,-0.455000,0.019907,-0.045654,-0.045654,0
1.305556,-0.450000,0.057721,-0.046875,-0.046875,0
1.308333,-0.455000,-0.020000,-0.045654,-0.045654,0
1.311111,-0.470000,-0.161303,-0.042969,-0.042969,0
1.313889,-0.475000,-0.255954,-0.040283,-0.040283,0
1.316667,-0.460000,-0.229904,-0.039062,-0.039062,0
1.319444,-0.450000,-0.116047,-0.039795,-0.039795,0
1.322222,-0.445000,0.011418,-0.042236,-0.042236,0
1.325000,-0.440000,0.070000,-0.045898,-0.045898,0
1.327778,-0.435000,0.021418,-0.049316,-0.049316,0
1.330556,-0.440000,-0.106047,-0.051025,-0.051025,0
1.333333,-0.410000,-0.179904,-0.051025,-0.051025,0
1.336111,-0.395000,-0.175954,-0.048828,-0.048828,0
1.338889,-0.370000,-0.061303,-0.045654,-0.045654,0
1.341667,-0.365000,0.070000,-0.041992,-0.041992,0
1.344444,-0.360000,0.147721,-0.038818,-0.038818,0
1.347222,-0.365000,0.109907,-0.036133,-0.036133,0
1.350000,-0.340000,0.020000,-0.034424,-0.034424,0
1.352778,-0.325000,-0.079907,-0.032959,-0.032959,0
1.355556,-0.315000,-0.102721,-0.031738,-0.031738,0
1.358333,-0.320000,-0.035000,-0.030762,-0.030762,0
1.361111,-0.330000,0.081303,-0.030029,-0.030029,0
1.363889,-0.330000,0.170954,-0.029541,-0.029541,0
1.366667,-0.320000,0.169904,-0.029297,-0.029297,0
1.369444,-0.310000,0.076047,-0.028564,-0.028564,0
1.372222,-0.300000,-0.036418,-0.028076,-0.028076,0
1.375000,-0.300000,-0.090000,-0.027100,-0.027100,0
1.377778,-0.320000,-0.056418,-0.026367,-0.026367,0
1.380556,-0.320000,0.066047,-0.025391,-0.025391,0
1.383333,-0.315000,0.174904,-0.024658,-0.024658,0
1.386111,-0.305000,0.195954,-0.024414,-0.024414,0
1.388889,-0.305000,0.106303,-0.024414,-0.024414,0
1.391667,-0.295000,-0.010000,-0.024902,-0.024902,0
1.394444,-0.320000,-0.107721,-0.025635,-0.025635,0
1.397222,-0.330000,-0.084907,-0.026611,-0.026611,0
1.400000,-0.305000,0.055000,-0.028076,-0.028076,0
1.402778,-0.310000,0.164907,-0.030029,-0.030029,0
1.405556,-0.300000,0.207721,-0.031982,-0.031982,0
1.408333,-0.300000,0.135000,-0.034180,-0.034180,0
1.411111,-0.320000,-0.011303,-0.035645,-0.035645,0
1.413889,-0.325000,-0.105954,-0.037109,-0.037109,0
1.416667,-0.310000,-0.079904,-0.038330,-0.038330,0
1.419444,-0.305000,0.028953,-0.040039,-0.040039,0
1.422222,-0.315000,0.141418,-0.041992,-0.041992,0
1.425000,-0.305000,0.205000,-0.044434,-0.044434,0
1.427778,-0.315000,0.141418,-0.047363,-0.047363,0
1.430556,-0.315000,0.018953,-0.049805,-0.049805,0
1.433333,-0.310000,-0.079904,-0.052002,-0.052002,0
1.436111,-0.295000,-0.075954,-0.053711,-0.053711,0
1.438889,-0.290000,0.018697,-0.055420,-0.055420,0
1.441667,-0.305000,0.130000,-0.057373,-0.057373,0
1.444444,-0.310000,0.197721,-0.060059,-0.060059,0
1.447222,-0.320000,0.154907,-0.063232,-0.063232,0
1.450000,-0.315000,0.045000,-0.066650,-0.066650,0
1.452778,-0.300000,-0.054907,-0.070068,-0.070068,0
1.455556,-0.315000,-0.102721,-0.073486,-0.073486,0
1.458333,-0.315000,-0.030000,-0.076416,-0.076416,0
1.461111,-0.315000,0.096303,-0.079102,-0.079102,0
1.463889,-0.330000,0.170954,-0.081787,-0.081787,0
1.466667,-0.315000,0.174904,-0.083984,-0.083984,0
1.469444,-0.320000,0.066047,-0.086182,-0.086182,0
1.472222,-0.315000,-0.051418,-0.087891,-0.087891,0
1.475000,-0.325000,-0.115000,-0.089844,-0.089844,0
1.477778,-0.335000,-0.071418,-0.091553,-0.091553,0
1.480556,-0.340000,0.046047,-0.093262,-0.093262,0
1.483333,-0.335000,0.154904,-0.094971,-0.094971,0
1.486111,-0.335000,0.165954,-0.096191,-0.096191,0
1.488889,-0.330000,0.081303,-0.096680,-0.096680,0
1.491667,-0.325000,-0.040000,-0.095947,-0.095947,0
1.494444,-0.345000,-0.132721,-0.093506,-0.093506,0
1.497222,-0.350000,-0.104907,-0.089111,-0.089111,0
1.500000,-0.345000,0.015000,-0.082764,-0.082764,0
1.502778,-0.335000,0.139907,-0.074707,-0.074707,0
1.505556,-0.330000,0.177721,-0.064941,-0.064941,0
1.508333,-0.330000,0.105000,-0.053467,-0.053467,0
1.511111,-0.345000,-0.036303,-0.040527,-0.040527,0
1.513889,-0.345000,-0.125954,-0.026855,-0.026855,0
1.516667,-0.345000,-0.114904,-0.013184,-0.013184,0
1.519444,-0.320000,0.013953,-0.000244,-0.000244,0
1.522222,-0.330000,0.126418,0.010742,0.010742,0
1.525000,-0.335000,0.175000,0.019775,0.019775,0
1.527778,-0.340000,0.116418,0.026367,0.026367,0
1.530556,-0.355000,-0.021047,0.031250,0.031250,0
1.533333,-0.335000,-0.104904,0.035156,0.035156,0
1.536111,-0.330000,-0.110954,0.038086,0.038086,0
1.538889,-0.330000,-0.021303,0.040527,0.040527,0
1.541667,-0.335000,0.100000,0.042725,0.042725,0
1.544444,-0.355000,0.152721,0.044678,0.044678,0
1.547222,-0.360000,0.114907,0.046387,0.046387,0
1.550000,-0.355000,0.005000,0.047852,0.047852,0
1.552778,-0.350000,-0.104907,0.049072,0.049072,0
1.555556,-0.340000,-0.127721,0.049561,0.049561,0
1.558333,-0.345000,-0.060000,0.049561,0.049561,0
1.561111,-0.345000,0.066303,0.048584,0.048584,0
1.563889,-0.345000,0.155954,0.047363,0.047363,0
1.566667,-0.345000,0.144904,0.046143,0.046143,0
1.569444,-0.330000,0.056047,0.045410,0.045410,0
1.572222,-0.330000,-0.066418,0.045410,0.045410,0
1.575000,-0.335000,-0.125000,0.046143,0.046143,0
1.577778,-0.345000,-0.081418,0.047119,0.047119,0
1.580556,-0.350000,0.036047,0.047607,0.047607,0
1.583333,-0.350000,0.139904,0.047363,0.047363,0
1.586111,-0.340000,0.160954,0.046387,0.046387,0
1.588889,-0.330000,0.081303,0.044434,0.044434,0
1.591667,-0.345000,-0.060000,0.042725,0.042725,0
1.594444,-0.345000,-0.132721,0.041504,0.041504,0
1.597222,-0.355000,-0.109907,0.041260,0.041260,0
1.600000,-0.350000,0.010000,0.042236,0.042236,0
1.602778,-0.340000,0.134907,0.044434,0.044434,0
1.605556,-0.330000,0.177721,0.046875,0.046875,0
1.608333,-0.340000,0.095000,0.049561,0.049561,0
1.611111,-0.340000,-0.031303,0.051270,0.051270,0
1.613889,-0.340000,-0.120954,0.052002,0.052002,0
1.616667,-0.330000,-0.099904,0.051514,0.051514,0
1.619444,-0.335000,-0.001047,0.049561,0.049561,0
1.622222,-0.330000,0.126418,0.046875,0.046875,0
1.625000,-0.335000,0.175000,0.043701,0.043701,0
1.627778,-0.345000,0.111418,0.041016,0.041016,0
1.630556,-0.345000,-0.011047,0.039307,0.039307,0
1.633333,-0.340000,-0.109904,0.038574,0.038574,0
1.636111,-0.330000,-0.110954,0.038086,0.038086,0
1.638889,-0.315000,-0.006303,0.037598,0.037598,0
1.641667,-0.295000,0.140000,0.036377,0.036377,0
1.644444,-0.300000,0.207721,0.033936,0.033936,0
1.647222,-0.295000,0.179907,0.031006,0.031006,0
1.650000,-0.285000,0.075000,0.027832,0.027832,0
1.652778,-0.275000,-0.029907,0.024902,0.024902,0
1.655556,-0.265000,-0.052721,0.022705,0.022705,0
1.658333,-0.265000,0.020000,0.020752,0.020752,0
1.661111,-0.265000,0.146303,0.019287,0.019287,0
1.663889,-0.255000,0.245954,0.017822,0.017822,0
1.666667,-0.250000,0.239904,0.016357,0.016357,0
1.669444,-0.240000,0.146047,0.014893,0.014893,0
1.672222,-0.225000,0.038582,0.013916,0.013916,0
1.675000,-0.215000,-0.005000,0.013672,0.013672,0
1.677778,-0.240000,0.023582,0.013916,0.013916,0
1.680556,-0.245000,0.141047,0.014648,0.014648,0
1.683333,-0.240000,0.249904,0.015381,0.015381,0
1.686111,-0.245000,0.255954,0.016113,0.016113,0
1.688889,-0.235000,0.176303,0.016602,0.016602,0
1.691667,-0.245000,0.040000,0.016846,0.016846,0
1.694444,-0.250000,-0.037721,0.016602,0.016602,0
1.697222,-0.275000,-0.029907,0.016602,0.016602,0
1.700000,-0.275000,0.085000,0.016602,0.016602,0
1.702778,-0.265000,0.209907,0.016846,0.016846,0
1.705556,-0.250000,0.257721,0.017090,0.017090,0
1.708333,-0.225000,0.210000,0.017090,0.017090,0
1.711111,-0.220000,0.088697,0.016357,0.016357,0
1.713889,-0.230000,-0.010954,0.014648,0.014648,0
1.716667,-0.265000,-0.034904,0.011963,0.011963,0
1.719444,-0.270000,0.063953,0.008545,0.008545,0
1.722222,-0.280000,0.176418,0.004883,0.004883,0
1.725000,-0.285000,0.225000,0.001709,0.001709,0
1.727778,-0.305000,0.151418,0.000244,0.000244,0
1.730556,-0.320000,0.013953,0.000977,0.000977,0
1.733333,-0.340000,-0.109904,0.003662,0.003662,0
1.736111,-0.330000,-0.110954,0.007812,0.007812,0
1.738889,-0.335000,-0.026303,0.011963,0.011963,0
1.741667,-0.335000,0.100000,0.014893,0.014893,0
1.744444,-0.355000,0.152721,0.016113,0.016113,0
1.747222,-0.370000,0.104907,0.015381,0.015381,0
1.750000,-0.360000,-0.000000,0.013672,0.013672,0
1.752778,-0.345000,-0.099907,0.011963,0.011963,0
1.755556,-0.350000,-0.137721,0.010254,0.010254,0
1.758333,-0.355000,-0.070000,0.009521,0.009521,0
1.761111,-0.365000,0.046303,0.008789,0.008789,0
1.763889,-0.375000,0.125954,0.008301,0.008301,0
1.766667,-0.380000,0.109904,0.007568,0.007568,0
1.769444,-0.370000,0.016047,0.006592,0.006592,0
1.772222,-0.365000,-0.101418,0.005859,0.005859,0
1.775000,-0.365000,-0.155000,0.005615,0.005615,0
1.777778,-0.380000,-0.116418,0.006592,0.006592,0
1.780556,-0.385000,0.001047,0.008545,0.008545,0
1.783333,-0.380000,0.109904,0.011475,0.011475,0
1.786111,-0.375000,0.125954,0.014160,0.014160,0
1.788889,-0.355000,0.056303,0.016602,0.016602,0
1.791667,-0.370000,-0.085000,0.017334,0.017334,0
1.794444,-0.390000,-0.177721,0.016846,0.016846,0
1.797222,-0.405000,-0.159907,0.014648,0.014648,0
1.800000,-0.410000,-0.050000,0.011963,0.011963,0
1.802778,-0.435000,0.039907,0.009766,0.009766,0
1.805556,-0.465000,0.042721,0.009521,0.009521,0
1.808333,-0.490000,-0.055000,0.011963,0.011963,0
1.811111,-0.520000,-0.211303,0.017822,0.017822,0
1.813889,-0.555000,-0.335954,0.026367,0.026367,0
1.816667,-0.570000,-0.339904,0.036621,0.036621,0
1.819444,-0.525000,-0.191047,0.047363,0.047363,0
1.822222,-0.405000,0.051418,0.057129,0.057129,0
1.825000,-0.250000,0.260000,0.065186,0.065186,0
1.827778,-0.090000,0.366418,0.071533,0.071533,0
1.830556,0.120000,0.453953,0.076416,0.076416,0
1.833333,0.410000,0.640096,0.081055,0.081055,0
1.836111,0.690000,0.909046,0.085938,0.085938,0
1.838889,0.885000,1.193697,0.091309,0.091309,0
1.841667,0.960000,1.395000,0.097168,0.097168,0
1.844444,0.850000,1.357721,0.103516,0.103516,0
1.847222,0.520000,0.994907,0.109619,0.109619,0
1.850000,0.050000,0.410000,0.114746,0.114746,0
1.852778,-0.320000,-0.074907,0.118164,0.118164,0
1.855556,-0.500000,-0.287721,0.118896,0.118896,0
1.858333,-0.505000,-0.220000,0.116455,0.116455,0
1.861111,-0.445000,-0.033697,0.110352,0.110352,0
1.863889,-0.415000,0.085954,0.102051,0.102051,0
1.866667,-0.395000,0.094904,0.092773,0.092773,0
1.869444,-0.390000,-0.003953,0.085449,0.085449,0
1.872222,-0.395000,-0.131418,0.082031,0.082031,0
1.875000,-0.390000,-0.180000,0.083252,0.083252,0
1.877778,-0.395000,-0.131418,0.088867,0.088867,0
1.880556,-0.405000,-0.018953,0.097168,0.097168,0
1.883333,-0.395000,0.094904,0.105225,0.105225,0
1.886111,-0.405000,0.095954,0.109863,0.109863,0
1.888889,-0.390000,0.021303,0.109131,0.109131,0
1.891667,-0.395000,-0.110000,0.102295,0.102295,0
1.894444,-0.395000,-0.182721,0.089844,0.089844,0
1.897222,-0.410000,-0.164907,0.074463,0.074463,0
1.900000,-0.405000,-0.045000,0.058350,0.058350,0
1.902778,-0.400000,0.074907,0.044189,0.044189,0
1.905556,-0.400000,0.107721,0.032715,0.032715,0
1.908333,-0.415000,0.020000,0.023926,0.023926,0
1.911111,-0.405000,-0.096303,0.016357,0.016357,0
1.913889,-0.420000,-0.200954,0.009033,0.009033,0
1.916667,-0.415000,-0.184904,0.001221,0.001221,0
1.919444,-0.405000,-0.071047,-0.006348,-0.006348,0
1.922222,-0.405000,0.051418,-0.012207,-0.012207,0
1.925000,-0.420000,0.090000,-0.015137,-0.015137,0
1.927778,-0.420000,0.036418,-0.014404,-0.014404,0
1.930556,-0.435000,-0.101047,-0.011475,-0.011475,0
1.933333,-0.420000,-0.189904,-0.008545,-0.008545,0
1.936111,-0.410000,-0.190954,-0.008789,-0.008789,0
1.938889,-0.410000,-0.101303,-0.013916,-0.013916,0
1.941667,-0.405000,0.030000,-0.023438,-0.023438,0
1.944444,-0.425000,0.082721,-0.034912,-0.034912,0
1.947222,-0.430000,0.044907,-0.043457,-0.043457,0
1.950000,-0.420000,-0.060000,-0.045410,-0.045410,0
1.952778,-0.415000,-0.169907,-0.039307,-0.039307,0
1.955556,-0.410000,-0.197721,-0.028076,-0.028076,0
1.958333,-0.410000,-0.125000,-0.016846,-0.016846,0
1.961111,-0.425000,-0.013697,-0.011475,-0.011475,0
1.963889,-0.420000,0.080954,-0.016113,-0.016113,0
1.966667,-0.400000,0.089904,-0.030762,-0.030762,0
1.969444,-0.395000,-0.008953,-0.050537,-0.050537,0
1.972222,-0.400000,-0.136418,-0.069580,-0.069580,0
1.975000,-0.400000,-0.190000,-0.083008,-0.083008,0
1.977778,-0.395000,-0.131418,-0.090576,-0.090576,0
1.980556,-0.415000,-0.028953,-0.096924,-0.096924,0
1.983333,-0.405000,0.084904,-0.110352,-0.110352,0
1.986111,-0.390000,0.110954,-0.136475,-0.136475,0
1.988889,-0.400000,0.011303,-0.174316,-0.174316,0
1.991667,-0.400000,-0.115000,-0.210693,-0.210693,0
1.994444,-0.415000,-0.202721,-0.222900,-0.222900,0
1.997222,-0.425000,-0.179907,-0.181885,-0.181885,0
2.000000,-0.425000,-0.065000,-0.065186,-0.065186,0
2.002778,-0.415000,0.059907,0.135498,0.135498,0
2.005556,-0.415000,0.092721,0.404785,0.404785,0
2.008333,-0.410000,0.025000,0.703369,0.703369,0
2.011111,-0.425000,-0.116303,0.976074,0.976074,0
2.013889,-0.425000,-0.205954,1.164551,1.164551,0
2.016667,-0.420000,-0.189904,1.225098,1.225098,1
2.019444,-0.415000,-0.081047,1.141357,1.141357,0
2.022222,-0.400000,0.056418,0.930420,0.930420,0
2.025000,-0.400000,0.110000,0.638428,0.638428,0
2.027778,-0.410000,0.046418,0.327881,0.327881,0
2.030556,-0.425000,-0.091047,0.060059,0.060059,0
2.033333,-0.410000,-0.179904,-0.121582,-0.121582,0
2.036111,-0.405000,-0.185954,-0.202148,-0.202148,0
2.038889,-0.395000,-0.086303,-0.194824,-0.194824,0
2.041667,-0.400000,0.035000,-0.133057,-0.133057,0
2.044444,-0.400000,0.107721,-0.057373,-0.057373,0
2.047222,-0.405000,0.069907,-0.000977,-0.000977,0
2.050000,-0.385000,-0.025000,0.019287,0.019287,0
2.052778,-0.400000,-0.154907,0.004395,0.004395,0
2.055556,-0.390000,-0.177721,-0.030518,-0.030518,0
2.058333,-0.390000,-0.105000,-0.066406,-0.066406,0
2.061111,-0.400000,0.011303,-0.087402,-0.087402,0
2.063889,-0.415000,0.085954,-0.087158,-0.087158,0
2.066667,-0.405000,0.084904,-0.069336,-0.069336,0
2.069444,-0.405000,-0.018953,-0.045166,-0.045166,0
2.072222,-0.410000,-0.146418,-0.026123,-0.026123,0
2.075000,-0.415000,-0.205000,-0.020508,-0.020508,0
2.077778,-0.420000,-0.156418,-0.028809,-0.028809,0
2.080556,-0.420000,-0.033953,-0.045898,-0.045898,0
2.083333,-0.425000,0.064904,-0.063721,-0.063721,0
2.086111,-0.415000,0.085954,-0.074707,-0.074707,0
2.088889,-0.415000,-0.003697,-0.075195,-0.075195,0
2.091667,-0.410000,-0.125000,-0.067139,-0.067139,0
2.094444,-0.435000,-0.222721,-0.055664,-0.055664,0
2.097222,-0.430000,-0.184907,-0.046631,-0.046631,0
2.100000,-0.435000,-0.075000,-0.044434,-0.044434,0
2.102778,-0.420000,0.054907,-0.049072,-0.049072,0
2.105556,-0.420000,0.087721,-0.057617,-0.057617,0
2.108333,-0.420000,0.015000,-0.066162,-0.066162,0
2.111111,-0.420000,-0.111303,-0.070312,-0.070312,0
2.113889,-0.425000,-0.205954,-0.068604,-0.068604,0
2.116667,-0.425000,-0.194904,-0.062500,-0.062500,0
2.119444,-0.415000,-0.081047,-0.055176,-0.055176,0
2.122222,-0.395000,0.061418,-0.049805,-0.049805,0
2.125000,-0.395000,0.115000,-0.048340,-0.048340,0
2.127778,-0.390000,0.066418,-0.050781,-0.050781,0
2.130556,-0.375000,-0.041047,-0.054932,-0.054932,0
2.133333,-0.360000,-0.129904,-0.057861,-0.057861,0
2.136111,-0.340000,-0.120954,-0.057617,-0.057617,0
2.138889,-0.335000,-0.026303,-0.053711,-0.053711,0
2.141667,-0.330000,0.105000,-0.047607,-0.047607,0
2.144444,-0.335000,0.172721,-0.040771,-0.040771,0
2.147222,-0.335000,0.139907,-0.035400,-0.035400,0
2.150000,-0.325000,0.035000,-0.032227,-0.032227,0
2.152778,-0.320000,-0.074907,-0.031982,-0.031982,0
2.155556,-0.305000,-0.092721,-0.033203,-0.033203,0
2.158333,-0.305000,-0.020000,-0.035156,-0.035156,0
2.161111,-0.315000,0.096303,-0.037354,-0.037354,0
2.163889,-0.310000,0.190954,-0.039062,-0.039062,0
2.166667,-0.305000,0.184904,-0.041016,-0.041016,0
2.169444,-0.300000,0.086047,-0.042969,-0.042969,0
2.172222,-0.300000,-0.036418,-0.045410,-0.045410,0
2.175000,-0.300000,-0.090000,-0.048340,-0.048340,0
2.177778,-0.310000,-0.046418,-0.051514,-0.051514,0
2.180556,-0.310000,0.076047,-0.053711,-0.053711,0
2.183333,-0.310000,0.179904,-0.054932,-0.054932,0
2.186111,-0.315000,0.185954,-0.054688,-0.054688,0
2.188889,-0.300000,0.111303,-0.052734,-0.052734,0
2.191667,-0.305000,-0.020000,-0.049561,-0.049561,0
2.194444,-0.315000,-0.102721,-0.046143,-0.046143,0
2.197222,-0.320000,-0.074907,-0.042969,-0.042969,0
2.200000,-0.325000,0.035000,-0.041016,-0.041016,0
2.202778,-0.310000,0.164907,-0.040283,-0.040283,0
2.205556,-0.305000,0.202721,-0.040283,-0.040283,0
2.208333,-0.305000,0.130000,-0.040283,-0.040283,0
2.211111,-0.320000,-0.011303,-0.039795,-0.039795,0
2.213889,-0.325000,-0.105954,-0.038086,-0.038086,0
2.216667,-0.305000,-0.074904,-0.035400,-0.035400,0
2.219444,-0.310000,0.023953,-0.031982,-0.031982,0
2.222222,-0.295000,0.161418,-0.028809,-0.028809,0
2.225000,-0.310000,0.200000,-0.026367,-0.026367,0
2.227778,-0.325000,0.131418,-0.025391,-0.025391,0
2.230556,-0.330000,0.003953,-0.025635,-0.025635,0
2.233333,-0.320000,-0.089904,-0.027588,-0.027588,0
2.236111,-0.320000,-0.100954,-0.030762,-0.030762,0
2.238889,-0.320000,-0.011303,-0.034668,-0.034668,0
2.241667,-0.325000,0.110000,-0.038818,-0.038818,0
2.244444,-0.350000,0.157721,-0.042969,-0.042969,0
2.247222,-0.350000,0.124907,-0.046387,-0.046387,0
2.250000,-0.340000,0.020000,-0.048584,-0.048584,0
2.252778,-0.335000,-0.089907,-0.049805,-0.049805,0
2.255556,-0.330000,-0.117721,-0.050781,-0.050781,0
2.258333,-0.335000,-0.050000,-0.051514,-0.051514,0
2.261111,-0.340000,0.071303,-0.053223,-0.053223,0
2.263889,-0.360000,0.140954,-0.055176,-0.055176,0
2.266667,-0.350000,0.139904,-0.057617,-0.057617,0
2.269444,-0.350000,0.036047,-0.059814,-0.059814,0
2.272222,-0.355000,-0.091418,-0.061035,-0.061035,0
2.275000,-0.360000,-0.150000,-0.061523,-0.061523,0
2.277778,-0.355000,-0.091418,-0.061279,-0.061279,0
2.280556,-0.365000,0.021047,-0.060791,-0.060791,0
2.283333,-0.355000,0.134904,-0.060547,-0.060547,0
2.286111,-0.350000,0.150954,-0.060059,-0.060059,0
2.288889,-0.340000,0.071303,-0.059570,-0.059570,0
2.291667,-0.355000,-0.070000,-0.057861,-0.057861,0
2.294444,-0.350000,-0.137721,-0.054199,-0.054199,0
2.297222,-0.365000,-0.119907,-0.047852,-0.047852,0
2.300000,-0.365000,-0.005000,-0.038818,-0.038818,0
2.302778,-0.350000,0.124907,-0.027832,-0.027832,0
2.305556,-0.355000,0.152721,-0.015625,-0.015625,0
2.308333,-0.350000,0.085000,-0.003174,-0.003174,0
2.311111,-0.370000,-0.061303,0.007812,0.007812,0
2.313889,-0.380000,-0.160954,0.017090,0.017090,0
2.316667,-0.370000,-0.139904,0.024170,0.024170,0
2.319444,-0.360000,-0.026047,0.029053,0.029053,0
2.322222,-0.365000,0.091418,0.032227,0.032227,0
2.325000,-0.360000,0.150000,0.034668,0.034668,0
2.327778,-0.365000,0.091418,0.037598,0.037598,0
2.330556,-0.380000,-0.046047,0.041016,0.041016,0
2.333333,-0.370000,-0.139904,0.045166,0.045166,0
2.336111,-0.365000,-0.145954,0.049316,0.049316,0
2.338889,-0.350000,-0.041303,0.052979,0.052979,0
2.341667,-0.350000,0.085000,0.055176,0.055176,0
2.344444,-0.350000,0.157721,0.055664,0.055664,0
2.347222,-0.370000,0.104907,0.054932,0.054932,0
2.350000,-0.365000,-0.005000,0.053467,0.053467,0
2.352778,-0.345000,-0.099907,0.052002,0.052002,0
2.355556,-0.345000,-0.132721,0.050781,0.050781,0
2.358333,-0.340000,-0.055000,0.049805,0.049805,0
2.361111,-0.355000,0.056303,0.048828,0.048828,0
2.363889,-0.365000,0.135954,0.047607,0.047607,0
2.366667,-0.360000,0.129904,0.046143,0.046143,0
2.369444,-0.355000,0.031047,0.044434,0.044434,0
2.372222,-0.355000,-0.091418,0.043213,0.043213,0
2.375000,-0.355000,-0.145000,0.042236,0.042236,0
2.377778,-0.375000,-0.111418,0.041992,0.041992,0
2.380556,-0.385000,0.001047,0.041992,0.041992,0
2.383333,-0.355000,0.134904,0.042480,0.042480,0
2.386111,-0.360000,0.140954,0.043457,0.043457,0
2.388889,-0.355000,0.056303,0.044434,0.044434,0
2.391667,-0.360000,-0.075000,0.045166,0.045166,0
2.394444,-0.360000,-0.147721,0.045898,0.045898,0
2.397222,-0.370000,-0.124907,0.046143,0.046143,0
2.400000,-0.360000,0.000000,0.045410,0.045410,0
2.402778,-0.345000,0.129907,0.043457,0.043457,0
2.405556,-0.355000,0.152721,0.040527,0.040527,0
2.408333,-0.345000,0.090000,0.036377,0.036377,0
2.411111,-0.345000,-0.036303,0.031738,0.031738,0
2.413889,-0.345000,-0.125954,0.027100,0.027100,0
2.416667,-0.340000,-0.109904,0.023193,0.023193,0
2.419444,-0.310000,0.023953,0.020264,0.020264,0
2.422222,-0.305000,0.151418,0.018555,0.018555,0
2.425000,-0.305000,0.205000,0.017822,0.017822,0
2.427778,-0.310000,0.146418,0.017578,0.017578,0
2.430556,-0.305000,0.028953,0.017578,0.017578,0
2.433333,-0.290000,-0.059904,0.017090,0.017090,0
2.436111,-0.285000,-0.065954,0.015381,0.015381,0
2.438889,-0.275000,0.033697,0.012451,0.012451,0
2.441667,-0.280000,0.155000,0.008301,0.008301,0
2.444444,-0.280000,0.227721,0.003906,0.003906,0
2.447222,-0.275000,0.199907,0.000000,0.000000,0
2.450000,-0.265000,0.095000,-0.002441,-0.002441,0
2.452778,-0.255000,-0.009907,-0.002686,-0.002686,0
2.455556,-0.245000,-0.032721,-0.001221,-0.001221,0
2.458333,-0.260000,0.025000,0.000977,0.000977,0
2.461111,-0.265000,0.146303,0.003418,0.003418,0
2.463889,-0.275000,0.225954,0.005127,0.005127,0
2.466667,-0.280000,0.209904,0.005371,0.005371,0
2.469444,-0.265000,0.121047,0.004395,0.004395,0
2.472222,-0.270000,-0.006418,0.002686,0.002686,0
2.475000,-0.275000,-0.065000,0.000732,0.000732,0
2.477778,-0.280000,-0.016418,-0.001221,-0.001221,0
2.480556,-0.275000,0.111047,-0.003174,-0.003174,0
2.483333,-0.280000,0.209904,-0.004883,-0.004883,0
2.486111,-0.275000,0.225954,-0.006592,-0.006592,0
2.488889,-0.265000,0.146303,-0.008301,-0.008301,0
2.491667,-0.255000,0.030000,-0.009766,-0.009766,0
2.494444,-0.240000,-0.027721,-0.010986,-0.010986,0
2.497222,-0.260000,-0.014907,-0.011719,-0.011719,0
2.500000,-0.280000,0.080000,-0.011963,-0.011963,0
2.502778,-0.310000,0.164907,-0.011963,-0.011963,0
2.505556,-0.310000,0.197721,-0.010986,-0.010986,0
2.508333,-0.345000,0.090000,-0.009766,-0.009766,0
2.511111,-0.360000,-0.051303,-0.007812,-0.007812,0
2.513889,-0.380000,-0.160954,-0.005371,-0.005371,0
2.516667,-0.385000,-0.154904,-0.003174,-0.003174,0
2.519444,-0.380000,-0.046047,-0.000977,-0.000977,0
2.522222,-0.370000,0.086418,0.000732,0.000732,0
2.525000,-0.375000,0.135000,0.002197,0.002197,0
2.527778,-0.385000,0.071418,0.003174,0.003174,0
2.530556,-0.390000,-0.056047,0.003906,0.003906,0
2.533333,-0.395000,-0.164904,0.004639,0.004639,0
2.536111,-0.385000,-0.165954,0.004395,0.004395,0
2.538889,-0.385000,-0.076303,0.003418,0.003418,0
2.541667,-0.385000,0.050000,0.001221,0.001221,0
2.544444,-0.395000,0.112721,-0.001953,-0.001953,0
2.547222,-0.405000,0.069907,-0.005615,-0.005615,0
2.550000,-0.400000,-0.040000,-0.008789,-0.008789,0
2.552778,-0.375000,-0.129907,-0.010986,-0.010986,0
2.555556,-0.375000,-0.162721,-0.011719,-0.011719,0
2.558333,-0.390000,-0.105000,-0.010986,-0.010986,0
2.561111,-0.395000,0.016303,-0.009521,-0.009521,0
2.563889,-0.415000,0.085954,-0.007568,-0.007568,0
2.566667,-0.405000,0.084904,-0.005859,-0.005859,0
2.569444,-0.400000,-0.013953,-0.004639,-0.004639,0
2.572222,-0.390000,-0.126418,-0.004150,-0.004150,0
2.575000,-0.405000,-0.195000,-0.003662,-0.003662,0
2.577778,-0.425000,-0.161418,-0.002930,-0.002930,0
2.580556,-0.460000,-0.073953,-0.001465,-0.001465,0
2.583333,-0.475000,0.014904,0.001709,0.001709,0
2.586111,-0.505000,-0.004046,0.006592,0.006592,0
2.588889,-0.510000,-0.098697,0.013184,0.013184,0
2.591667,-0.525000,-0.240000,0.020996,0.020996,0
2.594444,-0.540000,-0.327721,0.029297,0.029297,0
2.597222,-0.600000,-0.354907,0.037354,0.037354,0
2.600000,-0.645000,-0.285000,0.044189,0.044189,0
2.602778,-0.630000,-0.155093,0.049805,0.049805,0
2.605556,-0.575000,-0.067279,0.054443,0.054443,0
2.608333,-0.495000,-0.060000,0.058594,0.058594,0
2.611111,-0.385000,-0.076303,0.062988,0.062988,0
2.613889,-0.270000,-0.050954,0.067871,0.067871,0
2.616667,-0.115000,0.115096,0.073486,0.073486,0
2.619444,0.090000,0.423953,0.079102,0.079102,0
2.622222,0.370000,0.826418,0.084229,0.084229,0
2.625000,0.635000,1.145000,0.088135,0.088135,0
2.627778,0.810000,1.266418,0.090576,0.090576,0
2.630556,0.860000,1.193953,0.092041,0.092041,0
2.633333,0.770000,1.000096,0.092285,0.092285,0
2.636111,0.475000,0.694046,0.091309,0.091309,0
2.638889,0.065000,0.373697,0.089600,0.089600,0
2.641667,-0.305000,0.130000,0.086426,0.086426,0
2.644444,-0.500000,0.007721,0.082520,0.082520,0
2.647222,-0.520000,-0.045093,0.078125,0.078125,0
2.650000,-0.475000,-0.115000,0.074219,0.074219,0
2.652778,-0.410000,-0.164907,0.071777,0.071777,0
2.655556,-0.390000,-0.177721,0.072021,0.072021,0
2.658333,-0.390000,-0.105000,0.075439,0.075439,0
2.661111,-0.400000,0.011303,0.081299,0.081299,0
2.663889,-0.410000,0.090954,0.088623,0.088623,0
2.666667,-0.405000,0.084904,0.094971,0.094971,0
2.669444,-0.385000,0.001047,0.097656,0.097656,0
2.672222,-0.390000,-0.126418,0.094482,0.094482,0
2.675000,-0.395000,-0.185000,0.083984,0.083984,0
2.677778,-0.405000,-0.141418,0.066162,0.066162,0
2.680556,-0.410000,-0.023953,0.043213,0.043213,0
2.683333,-0.405000,0.084904,0.018799,0.018799,0
2.686111,-0.400000,0.100954,-0.002930,-0.002930,0
2.688889,-0.390000,0.021303,-0.018799,-0.018799,0
2.691667,-0.395000,-0.110000,-0.027100,-0.027100,0
2.694444,-0.410000,-0.197721,-0.028564,-0.028564,0
2.697222,-0.415000,-0.169907,-0.026367,-0.026367,0
2.700000,-0.410000,-0.050000,-0.024170,-0.024170,0
2.702778,-0.395000,0.079907,-0.024658,-0.024658,0
2.705556,-0.405000,0.102721,-0.029053,-0.029053,0
2.708333,-0.410000,0.025000,-0.036133,-0.036133,0
2.711111,-0.405000,-0.096303,-0.043213,-0.043213,0
2.713889,-0.405000,-0.185954,-0.046875,-0.046875,0
2.716667,-0.410000,-0.179904,-0.045654,-0.045654,0
2.719444,-0.390000,-0.056047,-0.040527,-0.040527,0
2.722222,-0.385000,0.071418,-0.034180,-0.034180,0
2.725000,-0.390000,0.120000,-0.030273,-0.030273,0
2.727778,-0.395000,0.061418,-0.031250,-0.031250,0
2.730556,-0.400000,-0.066047,-0.037109,-0.037109,0
2.733333,-0.400000,-0.169904,-0.045898,-0.045898,0
2.736111,-0.400000,-0.180954,-0.053467,-0.053467,0
2.738889,-0.395000,-0.086303,-0.056641,-0.056641,0
2.741667,-0.395000,0.040000,-0.053955,-0.053955,0
2.744444,-0.405000,0.102721,-0.047852,-0.047852,0
2.747222,-0.405000,0.069907,-0.042725,-0.042725,0
2.750000,-0.400000,-0.040000,-0.044922,-0.044922,0
2.752778,-0.395000,-0.149907,-0.058350,-0.058350,0
2.755556,-0.385000,-0.172721,-0.083252,-0.083252,0
2.758333,-0.375000,-0.090000,-0.115967,-0.115967,0
2.761111,-0.385000,0.026303,-0.149170,-0.149170,0
2.763889,-0.395000,0.105954,-0.176270,-0.176270,0
2.766667,-0.390000,0.099904,-0.194092,-0.194092,0
2.769444,-0.385000,0.001047,-0.203613,-0.203613,0
2.772222,-0.375000,-0.111418,-0.210449,-0.210449,0
2.775000,-0.385000,-0.175000,-0.220215,-0.220215,0
2.777778,-0.395000,-0.131418,-0.233643,-0.233643,0
2.780556,-0.395000,-0.008953,-0.242676,-0.242676,0
2.783333,-0.385000,0.104904,-0.229980,-0.229980,0
2.786111,-0.375000,0.125954,-0.173096,-0.173096,0
2.788889,-0.375000,0.036303,-0.052002,-0.052002,0
2.791667,-0.385000,-0.100000,0.139893,0.139893,0
2.794444,-0.395000,-0.182721,0.390625,0.390625,0
2.797222,-0.390000,-0.144907,0.666504,0.666504,0
2.800000,-0.390000,-0.030000,0.917969,0.917969,0
2.802778,-0.365000,0.109907,1.093262,1.093262,0
2.805556,-0.375000,0.132721,1.151611,1.151611,1
2.808333,-0.385000,0.050000,1.077148,1.077148,0
2.811111,-0.395000,-0.086303,0.883545,0.883545,0
2.813889,-0.380000,-0.160954,0.612305,0.612305,0
2.816667,-0.385000,-0.154904,0.320557,0.320557,0
2.819444,-0.375000,-0.041047,0.065186,0.065186,0
2.822222,-0.380000,0.076418,-0.112549,-0.112549,0
2.825000,-0.390000,0.120000,-0.195801,-0.195801,0
2.827778,-0.380000,0.076418,-0.194824,-0.194824,0
2.830556,-0.375000,-0.041047,-0.138916,-0.138916,0
2.833333,-0.375000,-0.144904,-0.065674,-0.065674,0
2.836111,-0.375000,-0.155954,-0.007812,-0.007812,0
2.838889,-0.375000,-0.066303,0.016602,0.016602,0
2.841667,-0.380000,0.055000,0.006592,0.006592,0
2.844444,-0.390000,0.117721,-0.025391,-0.025391,0
2.847222,-0.390000,0.084907,-0.061035,-0.061035,0
2.850000,-0.365000,-0.005000,-0.083740,-0.083740,0
2.852778,-0.370000,-0.124907,-0.086426,-0.086426,0
2.855556,-0.375000,-0.162721,-0.071289,-0.071289,0
2.858333,-0.385000,-0.100000,-0.048096,-0.048096,0
2.861111,-0.390000,0.021303,-0.028320,-0.028320,0
2.863889,-0.390000,0.110954,-0.020508,-0.020508,0
2.866667,-0.375000,0.114904,-0.026367,-0.026367,0
2.869444,-0.365000,0.021047,-0.041504,-0.041504,0
2.872222,-0.385000,-0.121418,-0.058350,-0.058350,0
2.875000,-0.380000,-0.170000,-0.069580,-0.069580,0
2.877778,-0.390000,-0.126418,-0.071045,-0.071045,0
2.880556,-0.375000,0.011047,-0.063721,-0.063721,0
2.883333,-0.375000,0.114904,-0.051758,-0.051758,0
2.886111,-0.365000,0.135954,-0.040527,-0.040527,0
2.888889,-0.370000,0.041303,-0.034180,-0.034180,0
2.891667,-0.385000,-0.100000,-0.033691,-0.033691,0
2.894444,-0.395000,-0.182721,-0.037354,-0.037354,0
2.897222,-0.385000,-0.139907,-0.041748,-0.041748,0
2.900000,-0.385000,-0.025000,-0.044434,-0.044434,0
2.902778,-0.370000,0.104907,-0.043945,-0.043945,0
2.905556,-0.365000,0.142721,-0.040527,-0.040527,0
2.908333,-0.370000,0.065000,-0.036621,-0.036621,0
2.911111,-0.375000,-0.066303,-0.034180,-0.034180,0
2.913889,-0.350000,-0.130954,-0.034180,-0.034180,0
2.916667,-0.335000,-0.104904,-0.036621,-0.036621,0
2.919444,-0.320000,0.013953,-0.040039,-0.040039,0
2.922222,-0.315000,0.141418,-0.042480,-0.042480,0
2.925000,-0.320000,0.190000,-0.042236,-0.042236,0
2.927778,-0.325000,0.131418,-0.038818,-0.038818,0
2.930556,-0.315000,0.018953,-0.033203,-0.033203,0
2.933333,-0.295000,-0.064904,-0.027100,-0.027100,0
2.936111,-0.285000,-0.065954,-0.022461,-0.022461,0
2.938889,-0.300000,0.008697,-0.020508,-0.020508,0
2.941667,-0.295000,0.140000,-0.021240,-0.021240,0
2.944444,-0.285000,0.222721,-0.023438,-0.023438,0
2.947222,-0.285000,0.189907,-0.025879,-0.025879,0
2.950000,-0.280000,0.080000,-0.027344,-0.027344,0
2.952778,-0.270000,-0.024907,-0.026855,-0.026855,0
2.955556,-0.280000,-0.067721,-0.025391,-0.025391,0
2.958333,-0.290000,-0.005000,-0.023438,-0.023438,0
2.961111,-0.295000,0.116303,-0.021973,-0.021973,0
2.963889,-0.295000,0.205954,-0.021240,-0.021240,0
2.966667,-0.290000,0.199904,-0.021484,-0.021484,0
2.969444,-0.280000,0.106047,-0.021973,-0.021973,0
2.972222,-0.290000,-0.026418,-0.022217,-0.022217,0
2.975000,-0.295000,-0.085000,-0.021973,-0.021973,0
2.977778,-0.310000,-0.046418,-0.020996,-0.020996,0
2.980556,-0.295000,0.091047,-0.020020,-0.020020,0
2.983333,-0.285000,0.204904,-0.019287,-0.019287,0
2.986111,-0.280000,0.220954,-0.019287,-0.019287,0
2.988889,-0.275000,0.136303,-0.019531,-0.019531,0
2.991667,-0.295000,-0.010000,-0.019775,-0.019775,0
2.994444,-0.305000,-0.092721,-0.019531,-0.019531,0
2.997222,-0.300000,-0.054907,-0.019043,-0.019043,0
3.000000,-0.295000,0.065000,-0.017822,-0.017822,0
3.002778,-0.295000,0.179907,-0.016602,-0.016602,0
3.005556,-0.285000,0.222721,-0.015869,-0.015869,0
3.008333,-0.300000,0.135000,-0.015625,-0.015625,0
3.011111,-0.305000,0.003697,-0.015625,-0.015625,0
3.013889,-0.300000,-0.080954,-0.016113,-0.016113,0
3.016667,-0.295000,-0.064904,-0.016602,-0.016602,0
3.019444,-0.300000,0.033953,-0.017090,-0.017090,0
3.022222,-0.305000,0.151418,-0.017578,-0.017578,0
3.025000,-0.315000,0.195000,-0.018066,-0.018066,0
3.027778,-0.310000,0.146418,-0.018311,-0.018311,0
3.030556,-0.315000,0.018953,-0.018555,-0.018555,0
3.033333,-0.295000,-0.064904,-0.018799,-0.018799,0
3.036111,-0.300000,-0.080954,-0.019287,-0.019287,0
3.038889,-0.310000,-0.001303,-0.020264,-0.020264,0
3.041667,-0.330000,0.105000,-0.021240,-0.021240,0
3.044444,-0.340000,0.167721,-0.022217,-0.022217,0
3.047222,-0.330000,0.144907,-0.022217,-0.022217,0
3.050000,-0.320000,0.040000,-0.021240,-0.021240,0
3.052778,-0.320000,-0.074907,-0.019531,-0.019531,0
3.055556,-0.315000,-0.102721,-0.017578,-0.017578,0
3.058333,-0.325000,-0.040000,-0.016357,-0.016357,0
3.061111,-0.335000,0.076303,-0.016357,-0.016357,0
3.063889,-0.330000,0.170954,-0.017822,-0.017822,0
3.066667,-0.315000,0.174904,-0.020752,-0.020752,0
3.069444,-0.320000,0.066047,-0.023926,-0.023926,0
3.072222,-0.320000,-0.056418,-0.026611,-0.026611,0
3.075000,-0.330000,-0.120000,-0.027344,-0.027344,0
3.077778,-0.345000,-0.081418,-0.025635,-0.025635,0
3.080556,-0.340000,0.046047,-0.021240,-0.021240,0
3.083333,-0.335000,0.154904,-0.014648,-0.014648,0
3.086111,-0.330000,0.170954,-0.006348,-0.006348,0
3.088889,-0.335000,0.076303,0.002930,0.002930,0
3.091667,-0.345000,-0.060000,0.012451,0.012451,0
3.094444,-0.350000,-0.137721,0.021240,0.021240,0
3.097222,-0.345000,-0.099907,0.029053,0.029053,0
3.100000,-0.340000,0.020000,0.035400,0.035400,0
3.102778,-0.335000,0.139907,0.040527,0.040527,0
3.105556,-0.335000,0.172721,0.044678,0.044678,0
3.108333,-0.330000,0.105000,0.048584,0.048584,0
3.111111,-0.335000,-0.026303,0.052734,0.052734,0
3.113889,-0.340000,-0.120954,0.057129,0.057129,0
3.116667,-0.335000,-0.104904,0.062012,0.062012,0
3.119444,-0.320000,0.013953,0.066406,0.066406,0
3.122222,-0.340000,0.116418,0.070068,0.070068,0
3.125000,-0.340000,0.170000,0.072510,0.072510,0
3.127778,-0.350000,0.106418,0.072998,0.072998,0
3.130556,-0.365000,-0.031047,0.072021,0.072021,0
3.133333,-0.360000,-0.129904,0.069824,0.069824,0
3.136111,-0.345000,-0.125954,0.066895,0.066895,0
3.138889,-0.345000,-0.036303,0.063477,0.063477,0
3.141667,-0.350000,0.085000,0.060303,0.060303,0
3.144444,-0.350000,0.157721,0.058105,0.058105,0
3.147222,-0.350000,0.124907,0.057373,0.057373,0
3.150000,-0.340000,0.020000,0.057861,0.057861,0
3.152778,-0.340000,-0.094907,0.059326,0.059326,0
3.155556,-0.345000,-0.132721,0.061279,0.061279,0
3.158333,-0.345000,-0.060000,0.062744,0.062744,0
3.161111,-0.380000,0.031303,0.063232,0.063232,0
3.163889,-0.360000,0.140954,0.062256,0.062256,0
3.166667,-0.360000,0.129904,0.060547,0.060547,0
3.169444,-0.345000,0.041047,0.058594,0.058594,0
3.172222,-0.345000,-0.081418,0.057129,0.057129,0
3.175000,-0.350000,-0.140000,0.056152,0.056152,0
3.177778,-0.355000,-0.091418,0.055664,0.055664,0
3.180556,-0.345000,0.041047,0.055664,0.055664,0
3.183333,-0.330000,0.159904,0.055176,0.055176,0
3.186111,-0.330000,0.170954,0.053955,0.053955,0
3.188889,-0.335000,0.076303,0.052002,0.052002,0
3.191667,-0.335000,-0.050000,0.050049,0.050049,0
3.194444,-0.340000,-0.127721,0.048340,0.048340,0
3.197222,-0.330000,-0.084907,0.046875,0.046875,0
3.200000,-0.320000,0.040000,0.046143,0.046143,0
3.202778,-0.290000,0.184907,0.045654,0.045654,0
3.205556,-0.290000,0.217721,0.044922,0.044922,0
3.208333,-0.300000,0.135000,0.043701,0.043701,0
3.211111,-0.305000,0.003697,0.041260,0.041260,0
3.213889,-0.285000,-0.065954,0.037842,0.037842,0
3.216667,-0.280000,-0.049904,0.033936,0.033936,0
3.219444,-0.275000,0.058953,0.030029,0.030029,0
3.222222,-0.280000,0.176418,0.026611,0.026611,0
3.225000,-0.275000,0.235000,0.024170,0.024170,0
3.227778,-0.270000,0.186418,0.023682,0.023682,0
3.230556,-0.265000,0.068953,0.024902,0.024902,0
3.233333,-0.250000,-0.019904,0.027100,0.027100,0
3.236111,-0.230000,-0.010954,0.029541,0.029541,0
3.238889,-0.245000,0.063697,0.031006,0.031006,0
3.241667,-0.240000,0.195000,0.030762,0.030762,0
3.244444,-0.255000,0.252721,0.029053,0.029053,0
3.247222,-0.255000,0.219907,0.026123,0.026123,0
3.250000,-0.245000,0.115000,0.022705,0.022705,0
3.252778,-0.235000,0.010093,0.019775,0.019775,0
3.255556,-0.255000,-0.042721,0.017334,0.017334,0
3.258333,-0.265000,0.020000,0.015625,0.015625,0
3.261111,-0.260000,0.151303,0.014404,0.014404,0
3.263889,-0.255000,0.245954,0.013184,0.013184,0
3.266667,-0.270000,0.219904,0.011719,0.011719,0
3.269444,-0.265000,0.121047,0.010498,0.010498,0
3.272222,-0.280000,-0.016418,0.009766,0.009766,0
3.275000,-0.255000,-0.045000,0.010010,0.010010,0
3.277778,-0.250000,0.013582,0.011475,0.011475,0
3.280556,-0.245000,0.141047,0.013672,0.013672,0
3.283333,-0.265000,0.224904,0.016602,0.016602,0
3.286111,-0.280000,0.220954,0.019531,0.019531,0
3.288889,-0.300000,0.111303,0.021484,0.021484,0
3.291667,-0.315000,-0.030000,0.021729,0.021729,0
3.294444,-0.325000,-0.112721,0.020264,0.020264,0
3.297222,-0.335000,-0.089907,0.016602,0.016602,0
3.300000,-0.345000,0.015000,0.011475,0.011475,0
3.302778,-0.330000,0.144907,0.005615,0.005615,0
3.305556,-0.335000,0.172721,0.000244,0.000244,0
3.308333,-0.345000,0.090000,-0.003174,-0.003174,0
3.311111,-0.360000,-0.051303,-0.004150,-0.004150,0
3.313889,-0.350000,-0.130954,-0.002197,-0.002197,0
3.316667,-0.340000,-0.109904,0.001709,0.001709,0
3.319444,-0.335000,-0.001047,0.006104,0.006104,0
3.322222,-0.345000,0.111418,0.009277,0.009277,0
3.325000,-0.360000,0.150000,0.010254,0.010254,0
3.327778,-0.365000,0.091418,0.008301,0.008301,0
3.330556,-0.375000,-0.041047,0.004395,0.004395,0
3.333333,-0.370000,-0.139904,-0.000732,-0.000732,0
3.336111,-0.365000,-0.145954,-0.005371,-0.005371,0
3.338889,-0.365000,-0.056303,-0.008301,-0.008301,0
3.341667,-0.380000,0.055000,-0.008789,-0.008789,0
3.344444,-0.375000,0.132721,-0.006592,-0.006592,0
3.347222,-0.375000,0.099907,-0.002686,-0.002686,0
3.350000,-0.365000,-0.005000,0.002441,0.002441,0
3.352778,-0.370000,-0.124907,0.007324,0.007324,0
3.355556,-0.360000,-0.147721,0.010742,0.010742,0
3.358333,-0.370000,-0.085000,0.012207,0.012207,0
3.361111,-0.380000,0.031303,0.012451,0.012451,0
3.363889,-0.365000,0.135954,0.012451,0.012451,0
3.366667,-0.360000,0.129904,0.013672,0.013672,0
3.369444,-0.350000,0.036047,0.017090,0.017090,0
3.372222,-0.355000,-0.091418,0.023193,0.023193,0
3.375000,-0.370000,-0.160000,0.031250,0.031250,0
3.377778,-0.385000,-0.121418,0.040039,0.040039,0
3.380556,-0.395000,-0.008953,0.048096,0.048096,0
3.383333,-0.430000,0.059904,0.054443,0.054443,0
3.386111,-0.445000,0.055954,0.058594,0.058594,0
3.388889,-0.485000,-0.073697,0.061035,0.061035,0
3.391667,-0.515000,-0.230000,0.063232,0.063232,0
3.394444,-0.565000,-0.352721,0.065918,0.065918,0
3.397222,-0.555000,-0.309907,0.070068,0.070068,0
3.400000,-0.475000,-0.115000,0.075684,0.075684,0
3.402778,-0.355000,0.119907,0.082275,0.082275,0
3.405556,-0.220000,0.287721,0.089111,0.089111,0
3.408333,-0.055000,0.380000,0.095215,0.095215,0
3.411111,0.185000,0.493697,0.100098,0.100098,0
3.413889,0.475000,0.694046,0.103516,0.103516,0
3.416667,0.705000,0.935096,0.105713,0.105713,0
3.419444,0.820000,1.153953,0.106445,0.106445,0
3.422222,0.780000,1.236418,0.105469,0.105469,0
3.425000,0.535000,1.045000,0.103271,0.103271,0
3.427778,0.145000,0.601418,0.099854,0.099854,0
3.430556,-0.200000,0.133953,0.095947,0.095947,0
3.433333,-0.420000,-0.189904,0.091797,0.091797,0
3.436111,-0.500000,-0.280954,0.087891,0.087891,0
3.438889,-0.480000,-0.171303,0.084961,0.084961,0
3.441667,-0.450000,-0.015000,0.083496,0.083496,0
3.444444,-0.410000,0.097721,0.083740,0.083740,0
3.447222,-0.400000,0.074907,0.085449,0.085449,0
3.450000,-0.390000,-0.030000,0.088135,0.088135,0
3.452778,-0.390000,-0.144907,0.090088,0.090088,0
3.455556,-0.400000,-0.187721,0.090088,0.090088,0
3.458333,-0.405000,-0.120000,0.085938,0.085938,0
3.461111,-0.425000,-0.013697,0.077393,0.077393,0
3.463889,-0.425000,0.075954,0.064209,0.064209,0
3.466667,-0.405000,0.084904,0.048096,0.048096,0
3.469444,-0.395000,-0.008953,0.031250,0.031250,0
3.472222,-0.405000,-0.141418,0.016602,0.016602,0
3.475000,-0.405000,-0.195000,0.006104,0.006104,0
3.477778,-0.415000,-0.151418,0.000977,0.000977,0
3.480556,-0.405000,-0.018953,0.001221,0.001221,0
3.483333,-0.385000,0.104904,0.004395,0.004395,0
3.486111,-0.390000,0.110954,0.008545,0.008545,0
3.488889,-0.395000,0.016303,0.010498,0.010498,0
3.491667,-0.395000,-0.110000,0.009033,0.009033,0
3.494444,-0.395000,-0.182721,0.003418,0.003418,0
3.497222,-0.395000,-0.149907,-0.004639,-0.004639,0
3.500000,-0.385000,-0.025000,-0.013184,-0.013184,0
3.502778,-0.390000,0.084907,-0.019531,-0.019531,0
3.505556,-0.390000,0.117721,-0.021973,-0.021973,0
3.508333,-0.400000,0.035000,-0.021240,-0.021240,0
3.511111,-0.425000,-0.116303,-0.018555,-0.018555,0
3.513889,-0.410000,-0.190954,-0.016846,-0.016846,0
3.516667,-0.400000,-0.169904,-0.018066,-0.018066,0
3.519444,-0.395000,-0.061047,-0.022949,-0.022949,0
3.522222,-0.400000,0.056418,-0.030029,-0.030029,0
3.525000,-0.405000,0.105000,-0.035889,-0.035889,0
3.527778,-0.425000,0.031418,-0.037354,-0.037354,0
3.530556,-0.415000,-0.081047,-0.032471,-0.032471,0
3.533333,-0.405000,-0.174904,-0.022217,-0.022217,0
3.536111,-0.405000,-0.185954,-0.010498,-0.010498,0
3.538889,-0.405000,-0.096303,-0.002441,-0.002441,0
3.541667,-0.410000,0.025000,-0.001709,-0.001709,0
3.544444,-0.415000,0.092721,-0.009766,-0.009766,0
3.547222,-0.405000,0.069907,-0.023438,-0.023438,0
3.550000,-0.420000,-0.060000,-0.037842,-0.037842,0
3.552778,-0.405000,-0.159907,-0.048340,-0.048340,0
3.555556,-0.410000,-0.197721,-0.054199,-0.054199,0
3.558333,-0.410000,-0.125000,-0.059326,-0.059326,0
3.561111,-0.420000,-0.008697,-0.070801,-0.070801,0
3.563889,-0.415000,0.085954,-0.096191,-0.096191,0
3.566667,-0.405000,0.084904,-0.136230,-0.136230,0
3.569444,-0.395000,-0.008953,-0.183105,-0.183105,0
3.572222,-0.395000,-0.131418,-0.217285,-0.217285,0
3.575000,-0.395000,-0.185000,-0.212402,-0.212402,0
3.577778,-0.400000,-0.136418,-0.143066,-0.143066,0
3.580556,-0.395000,-0.008953,0.005127,0.005127,0
3.583333,-0.395000,0.094904,0.226807,0.226807,0
3.586111,-0.405000,0.095954,0.494385,0.494385,0
3.588889,-0.405000,0.006303,0.761475,0.761475,0
3.591667,-0.420000,-0.135000,0.973633,0.973633,0
3.594444,-0.435000,-0.222721,1.083496,1.083496,1
3.597222,-0.415000,-0.169907,1.063965,1.063965,0
3.600000,-0.405000,-0.045000,0.918457,0.918457,0
3.602778,-0.395000,0.079907,0.678955,0.678955,0
3.605556,-0.390000,0.117721,0.398438,0.398438,0
3.608333,-0.415000,0.020000,0.135010,0.135010,0
3.611111,-0.405000,-0.096303,-0.063965,-0.063965,0
3.613889,-0.405000,-0.185954,-0.173340,-0.173340,0
3.616667,-0.400000,-0.169904,-0.195312,-0.195312,0
3.619444,-0.395000,-0.061047,-0.154541,-0.154541,0
3.622222,-0.395000,0.061418,-0.086670,-0.086670,0
3.625000,-0.405000,0.105000,-0.026123,-0.026123,0
3.627778,-0.420000,0.036418,0.005127,0.005127,0
3.630556,-0.415000,-0.081047,0.001953,0.001953,0
3.633333,-0.400000,-0.169904,-0.026367,-0.026367,0
3.636111,-0.395000,-0.175954,-0.062500,-0.062500,0
3.638889,-0.400000,-0.091303,-0.089355,-0.089355,0
3.641667,-0.405000,0.030000,-0.097168,-0.097168,0
3.644444,-0.425000,0.082721,-0.085693,-0.085693,0
3.647222,-0.425000,0.049907,-0.062988,-0.062988,0
3.650000,-0.425000,-0.065000,-0.039551,-0.039551,0
3.652778,-0.420000,-0.174907,-0.025391,-0.025391,0
3.655556,-0.425000,-0.212721,-0.023682,-0.023682,0
3.658333,-0.450000,-0.165000,-0.032227,-0.032227,0
3.661111,-0.445000,-0.033697,-0.044678,-0.044678,0
3.663889,-0.450000,0.050954,-0.053955,-0.053955,0
3.666667,-0.435000,0.054904,-0.055176,-0.055176,0
3.669444,-0.445000,-0.058953,-0.048340,-0.048340,0
3.672222,-0.470000,-0.206418,-0.037109,-0.037109,0
3.675000,-0.455000,-0.245000,-0.026855,-0.026855,0
3.677778,-0.460000,-0.196418,-0.022705,-0.022705,0
3.680556,-0.440000,-0.053953,-0.025879,-0.025879,0
3.683333,-0.435000,0.054904,-0.034912,-0.034912,0
3.686111,-0.425000,0.075954,-0.045654,-0.045654,0
3.688889,-0.430000,-0.018697,-0.053711,-0.053711,0
3.691667,-0.445000,-0.160000,-0.056396,-0.056396,0
3.694444,-0.450000,-0.237721,-0.053467,-0.053467,0
3.697222,-0.445000,-0.199907,-0.047607,-0.047607,0
3.700000,-0.430000,-0.070000,-0.041504,-0.041504,0
3.702778,-0.420000,0.054907,-0.038818,-0.038818,0
3.705556,-0.410000,0.097721,-0.039795,-0.039795,0
3.708333,-0.425000,0.010000,-0.043701,-0.043701,0
3.711111,-0.420000,-0.111303,-0.048340,-0.048340,0
3.713889,-0.405000,-0.185954,-0.051025,-0.051025,0
3.716667,-0.380000,-0.149904,-0.051025,-0.051025,0
3.719444,-0.370000,-0.036047,-0.048828,-0.048828,0
3.722222,-0.365000,0.091418,-0.045654,-0.045654,0
3.725000,-0.365000,0.145000,-0.043213,-0.043213,0
3.727778,-0.365000,0.091418,-0.043213,-0.043213,0
3.730556,-0.345000,-0.011047,-0.044922,-0.044922,0
3.733333,-0.330000,-0.099904,-0.047119,-0.047119,0
3.736111,-0.315000,-0.095954,-0.048584,-0.048584,0
3.738889,-0.305000,0.003697,-0.047852,-0.047852,0
3.741667,-0.305000,0.130000,-0.044189,-0.044189,0
3.744444,-0.320000,0.187721,-0.038574,-0.038574,0
3.747222,-0.310000,0.164907,-0.032227,-0.032227,0
3.750000,-0.310000,0.050000,-0.026855,-0.026855,0
3.752778,-0.305000,-0.059907,-0.024170,-0.024170,0
3.755556,-0.310000,-0.097721,-0.025146,-0.025146,0
3.758333,-0.315000,-0.030000,-0.029541,-0.029541,0
3.761111,-0.320000,0.091303,-0.036133,-0.036133,0
3.763889,-0.315000,0.185954,-0.042969,-0.042969,0
3.766667,-0.305000,0.184904,-0.048340,-0.048340,0
3.769444,-0.305000,0.081047,-0.050293,-0.050293,0
3.772222,-0.295000,-0.031418,-0.048828,-0.048828,0
3.775000,-0.310000,-0.100000,-0.044434,-0.044434,0
3.777778,-0.320000,-0.056418,-0.038818,-0.038818,0
3.780556,-0.310000,0.076047,-0.033447,-0.033447,0
3.783333,-0.315000,0.174904,-0.029785,-0.029785,0
3.786111,-0.295000,0.205954,-0.028564,-0.028564,0
3.788889,-0.300000,0.111303,-0.029541,-0.029541,0
3.791667,-0.305000,-0.020000,-0.031982,-0.031982,0
3.794444,-0.300000,-0.087721,-0.034424,-0.034424,0
3.797222,-0.285000,-0.039907,-0.036133,-0.036133,0
3.800000,-0.280000,0.080000,-0.036621,-0.036621,0
3.802778,-0.290000,0.184907,-0.036377,-0.036377,0
3.805556,-0.295000,0.212721,-0.035400,-0.035400,0
3.808333,-0.305000,0.130000,-0.034912,-0.034912,0
3.811111,-0.325000,-0.016303,-0.035156,-0.035156,0
3.813889,-0.305000,-0.085954,-0.036621,-0.036621,0
3.816667,-0.300000,-0.069904,-0.039551,-0.039551,0
3.819444,-0.300000,0.033953,-0.043457,-0.043457,0
3.822222,-0.315000,0.141418,-0.048340,-0.048340,0
3.825000,-0.325000,0.185000,-0.053223,-0.053223,0
3.827778,-0.335000,0.121418,-0.058105,-0.058105,0
3.830556,-0.325000,0.008953,-0.062744,-0.062744,0
3.833333,-0.315000,-0.084904,-0.067383,-0.067383,0
3.836111,-0.320000,-0.100954,-0.072266,-0.072266,0
3.838889,-0.335000,-0.026303,-0.077148,-0.077148,0
3.841667,-0.330000,0.105000,-0.082031,-0.082031,0
3.844444,-0.340000,0.167721,-0.085938,-0.085938,0
3.847222,-0.325000,0.149907,-0.088135,-0.088135,0
3.850000,-0.325000,0.035000,-0.087891,-0.087891,0
3.852778,-0.320000,-0.074907,-0.085205,-0.085205,0
3.855556,-0.315000,-0.102721,-0.080811,-0.080811,0
3.858333,-0.335000,-0.050000,-0.076172,-0.076172,0
3.861111,-0.335000,0.076303,-0.072510,-0.072510,0
3.863889,-0.345000,0.155954,-0.070801,-0.070801,0
3.866667,-0.335000,0.154904,-0.070801,-0.070801,0
3.869444,-0.325000,0.061047,-0.072021,-0.072021,0
3.872222,-0.330000,-0.066418,-0.073242,-0.073242,0
3.875000,-0.315000,-0.105000,-0.072998,-0.072998,0
3.877778,-0.335000,-0.071418,-0.070068,-0.070068,0
3.880556,-0.330000,0.056047,-0.064697,-0.064697,0
3.883333,-0.330000,0.159904,-0.056885,-0.056885,0
3.886111,-0.330000,0.170954,-0.048096,-0.048096,0
3.888889,-0.330000,0.081303,-0.038818,-0.038818,0
3.891667,-0.335000,-0.050000,-0.029785,-0.029785,0
3.894444,-0.340000,-0.127721,-0.021729,-0.021729,0
3.897222,-0.330000,-0.084907,-0.013672,-0.013672,0
3.900000,-0.320000,0.040000,-0.005371,-0.005371,0
3.902778,-0.315000,0.159907,0.003418,0.003418,0
3.905556,-0.325000,0.182721,0.013184,0.013184,0
3.908333,-0.335000,0.100000,0.023682,0.023682,0
3.911111,-0.355000,-0.046303,0.034180,0.034180,0
3.913889,-0.345000,-0.125954,0.043457,0.043457,0
3.916667,-0.340000,-0.109904,0.050293,0.050293,0
3.919444,-0.335000,-0.001047,0.053223,0.053223,0
3.922222,-0.320000,0.136418,0.052979,0.052979,0
3.925000,-0.325000,0.185000,0.050293,0.050293,0
3.927778,-0.350000,0.106418,0.046387,0.046387,0
3.930556,-0.330000,0.003953,0.043701,0.043701,0
3.933333,-0.315000,-0.084904,0.042725,0.042725,0
3.936111,-0.315000,-0.095954,0.043945,0.043945,0
3.938889,-0.330000,-0.021303,0.046631,0.046631,0
3.941667,-0.330000,0.105000,0.049316,0.049316,0
3.944444,-0.335000,0.172721,0.051025,0.051025,0
3.947222,-0.335000,0.139907,0.050781,0.050781,0
3.950000,-0.330000,0.030000,0.049072,0.049072,0
3.952778,-0.330000,-0.084907,0.046631,0.046631,0
3.955556,-0.330000,-0.117721,0.044678,0.044678,0
3.958333,-0.340000,-0.055000,0.044678,0.044678,0
3.961111,-0.340000,0.071303,0.046631,0.046631,0
3.963889,-0.340000,0.160954,0.050781,0.050781,0
3.966667,-0.325000,0.164904,0.056152,0.056152,0
3.969444,-0.325000,0.061047,0.061279,0.061279,0
3.972222,-0.325000,-0.061418,0.064697,0.064697,0
3.975000,-0.345000,-0.135000,0.065674,0.065674,0
3.977778,-0.350000,-0.086418,0.063965,0.063965,0
3.980556,-0.340000,0.046047,0.060059,0.060059,0
3.983333,-0.330000,0.159904,0.055176,0.055176,0
3.986111,-0.320000,0.180954,0.050049,0.050049,0
3.988889,-0.310000,0.101303,0.046143,0.046143,0
3.991667,-0.305000,-0.020000,0.043701,0.043701,0
3.994444,-0.305000,-0.092721,0.042236,0.042236,0
3.997222,-0.275000,-0.029907,0.041016,0.041016,0
4.000000,-0.270000,0.090000,0.038574,0.038574,0
4.002778,-0.255000,0.219907,0.035156,0.035156,0
4.005556,-0.260000,0.247721,0.030762,0.030762,0
4.008333,-0.265000,0.170000,0.026367,0.026367,0
4.011111,-0.260000,0.048697,0.023193,0.023193,0
4.013889,-0.250000,-0.030954,0.021973,0.021973,0
4.016667,-0.235000,-0.004904,0.022949,0.022949,0
4.019444,-0.235000,0.098953,0.024902,0.024902,0
4.022222,-0.220000,0.236418,0.027100,0.027100,0
4.025000,-0.235000,0.275000,0.028076,0.028076,0
4.027778,-0.235000,0.221418,0.027344,0.027344,0
4.030556,-0.220000,0.113953,0.025146,0.025146,0
4.033333,-0.230000,0.000096,0.022461,0.022461,0
4.036111,-0.225000,-0.005954,0.020020,0.020020,0
4.038889,-0.235000,0.073697,0.018799,0.018799,0
4.041667,-0.245000,0.190000,0.019043,0.019043,0
4.044444,-0.255000,0.252721,0.020264,0.020264,0
4.047222,-0.240000,0.234907,0.022217,0.022217,0
4.050000,-0.230000,0.130000,0.023926,0.023926,0
4.052778,-0.230000,0.015093,0.024414,0.024414,0
4.055556,-0.250000,-0.037721,0.023926,0.023926,0
4.058333,-0.255000,0.030000,0.022217,0.022217,0
4.061111,-0.250000,0.161303,0.020264,0.020264,0
4.063889,-0.230000,0.270954,0.019043,0.019043,0
4.066667,-0.205000,0.284904,0.019043,0.019043,0
4.069444,-0.195000,0.191047,0.020020,0.020020,0
4.072222,-0.210000,0.053582,0.021973,0.021973,0
4.075000,-0.230000,-0.020000,0.023926,0.023926,0
4.077778,-0.270000,-0.006418,0.024170,0.024170,0
4.080556,-0.270000,0.116047,0.022949,0.022949,0
4.083333,-0.285000,0.204904,0.019775,0.019775,0
4.086111,-0.285000,0.215954,0.015625,0.015625,0
4.088889,-0.310000,0.101303,0.011719,0.011719,0
4.091667,-0.330000,-0.045000,0.009521,0.009521,0
4.094444,-0.340000,-0.127721,0.009766,0.009766,0
4.097222,-0.340000,-0.094907,0.012207,0.012207,0
4.100000,-0.345000,0.015000,0.016113,0.016113,0
4.102778,-0.350000,0.124907,0.020508,0.020508,0
4.105556,-0.350000,0.157721,0.024170,0.024170,0
4.108333,-0.340000,0.095000,0.026367,0.026367,0
4.111111,-0.355000,-0.046303,0.026611,0.026611,0
4.113889,-0.345000,-0.125954,0.025391,0.025391,0
4.116667,-0.340000,-0.109904,0.023193,0.023193,0
4.119444,-0.340000,-0.006047,0.020020,0.020020,0
4.122222,-0.345000,0.111418,0.017090,0.017090,0
4.125000,-0.355000,0.155000,0.014404,0.014404,0
4.127778,-0.370000,0.086418,0.012939,0.012939,0
4.130556,-0.355000,-0.021047,0.012939,0.012939,0
4.133333,-0.370000,-0.139904,0.014160,0.014160,0
4.136111,-0.345000,-0.125954,0.016113,0.016113,0
4.138889,-0.340000,-0.031303,0.017334,0.017334,0
4.141667,-0.360000,0.075000,0.017578,0.017578,0
4.144444,-0.380000,0.127721,0.016113,0.016113,0
4.147222,-0.360000,0.114907,0.013428,0.013428,0
4.150000,-0.345000,0.015000,0.010498,0.010498,0
4.152778,-0.350000,-0.104907,0.008301,0.008301,0
4.155556,-0.350000,-0.137721,0.008301,0.008301,0
4.158333,-0.355000,-0.070000,0.011719,0.011719,0
4.161111,-0.380000,0.031303,0.018311,0.018311,0
4.163889,-0.390000,0.110954,0.027832,0.027832,0
4.166667,-0.395000,0.094904,0.039062,0.039062,0
4.169444,-0.425000,-0.038953,0.050781,0.050781,0
4.172222,-0.455000,-0.191418,0.061768,0.061768,0
4.175000,-0.475000,-0.265000,0.070801,0.070801,0
4.177778,-0.510000,-0.246418,0.078125,0.078125,0
4.180556,-0.545000,-0.158953,0.083496,0.083496,0
4.183333,-0.540000,-0.050096,0.088135,0.088135,0
4.186111,-0.495000,0.005954,0.092285,0.092285,0
4.188889,-0.405000,0.006303,0.097168,0.097168,0
4.191667,-0.295000,-0.010000,0.102783,0.102783,0
4.194444,-0.160000,0.052279,0.108398,0.108398,0
4.197222,0.040000,0.285093,0.113525,0.113525,0
4.200000,0.315000,0.675000,0.117188,0.117188,0
4.202778,0.595000,1.069907,0.119141,0.119141,0
4.205556,0.800000,1.307721,0.119141,0.119141,0
4.208333,0.885000,1.320000,0.117676,0.117676,0
4.211111,0.795000,1.103697,0.114990,0.114990,0
4.213889,0.520000,0.739046,0.112061,0.112061,0
4.216667,0.130000,0.360096,0.108887,0.108887,0
4.219444,-0.215000,0.118953,0.105469,0.105469,0
4.222222,-0.425000,0.031418,0.102051,0.102051,0
4.225000,-0.500000,0.010000,0.099365,0.099365,0
4.227778,-0.490000,-0.033582,0.097900,0.097900,0
4.230556,-0.450000,-0.116047,0.098877,0.098877,0
4.233333,-0.400000,-0.169904,0.102539,0.102539,0
4.236111,-0.390000,-0.170954,0.108643,0.108643,0
4.238889,-0.395000,-0.086303,0.116211,0.116211,0
4.241667,-0.395000,0.040000,0.123291,0.123291,0
4.244444,-0.400000,0.107721,0.127441,0.127441,0
4.247222,-0.390000,0.084907,0.127197,0.127197,0
4.250000,-0.380000,-0.020000,0.121094,0.121094,0
4.252778,-0.385000,-0.139907,0.109131,0.109131,0
4.255556,-0.385000,-0.172721,0.092041,0.092041,0
4.258333,-0.400000,-0.115000,0.071777,0.071777,0
4.261111,-0.410000,0.001303,0.051270,0.051270,0
4.263889,-0.410000,0.090954,0.032959,0.032959,0
4.266667,-0.390000,0.099904,0.018555,0.018555,0
4.269444,-0.390000,-0.003953,0.009521,0.009521,0
4.272222,-0.405000,-0.141418,0.005127,0.005127,0
4.275000,-0.405000,-0.195000,0.003662,0.003662,0
4.277778,-0.415000,-0.151418,0.002930,0.002930,0
4.280556,-0.410000,-0.023953,0.001221,0.001221,0
4.283333,-0.395000,0.094904,-0.001953,-0.001953,0
4.286111,-0.395000,0.105954,-0.005859,-0.005859,0
4.288889,-0.400000,0.011303,-0.008789,-0.008789,0
4.291667,-0.415000,-0.130000,-0.009277,-0.009277,0
4.294444,-0.415000,-0.202721,-0.007080,-0.007080,0
4.297222,-0.415000,-0.169907,-0.003174,-0.003174,0
4.300000,-0.400000,-0.040000,0.000000,0.000000,0
4.302778,-0.390000,0.084907,-0.000244,-0.000244,0
4.305556,-0.390000,0.117721,-0.005371,-0.005371,0
4.308333,-0.410000,0.025000,-0.014160,-0.014160,0
4.311111,-0.415000,-0.106303,-0.023682,-0.023682,0
4.313889,-0.405000,-0.185954,-0.029785,-0.029785,0
4.316667,-0.395000,-0.164904,-0.029297,-0.029297,0
4.319444,-0.395000,-0.061047,-0.021973,-0.021973,0
4.322222,-0.395000,0.061418,-0.010010,-0.010010,0
4.325000,-0.405000,0.105000,0.001465,0.001465,0
4.327778,-0.410000,0.046418,0.006836,0.006836,0
4.330556,-0.410000,-0.076047,0.002197,0.002197,0
4.333333,-0.400000,-0.169904,-0.012451,-0.012451,0
4.336111,-0.390000,-0.170954,-0.033691,-0.033691,0
4.338889,-0.395000,-0.086303,-0.055420,-0.055420,0
4.341667,-0.410000,0.025000,-0.072754,-0.072754,0
4.344444,-0.425000,0.082721,-0.083496,-0.083496,0
4.347222,-0.415000,0.059907,-0.091064,-0.091064,0
4.350000,-0.405000,-0.045000,-0.101807,-0.101807,0
4.352778,-0.410000,-0.164907,-0.122314,-0.122314,0
4.355556,-0.405000,-0.192721,-0.153076,-0.153076,0
4.358333,-0.415000,-0.130000,-0.185547,-0.185547,0
4.361111,-0.425000,-0.013697,-0.200684,-0.200684,0
4.363889,-0.425000,0.075954,-0.173340,-0.173340,0
4.366667,-0.410000,0.079904,-0.080078,-0.080078,0
4.369444,-0.395000,-0.008953,0.090088,0.090088,0
4.372222,-0.390000,-0.126418,0.328125,0.328125,0
4.375000,-0.400000,-0.190000,0.603027,0.603027,0
4.377778,-0.410000,-0.146418,0.866455,0.866455,0
4.380556,-0.410000,-0.023953,1.063477,1.063477,0
4.383333,-0.400000,0.089904,1.149902,1.149902,1
4.386111,-0.390000,0.110954,1.103516,1.103516,0
4.388889,-0.410000,0.001303,0.932617,0.932617,0
4.391667,-0.420000,-0.135000,0.673584,0.673584,0
4.394444,-0.420000,-0.207721,0.382080,0.382080,0
4.397222,-0.415000,-0.169907,0.115967,0.115967,0
4.400000,-0.415000,-0.055000,-0.079590,-0.079590,0
4.402778,-0.405000,0.069907,-0.183105,-0.183105,0
4.405556,-0.420000,0.087721,-0.199707,-0.199707,0
4.408333,-0.415000,0.020000,-0.155029,-0.155029,0
4.411111,-0.425000,-0.116303,-0.085205,-0.085205,0
4.413889,-0.410000,-0.190954,-0.023193,-0.023193,0
4.416667,-0.400000,-0.169904,0.009766,0.009766,0
4.419444,-0.405000,-0.071047,0.009277,0.009277,0
4.422222,-0.400000,0.056418,-0.015137,-0.015137,0
4.425000,-0.400000,0.110000,-0.047363,-0.047363,0
4.427778,-0.410000,0.046418,-0.071289,-0.071289,0
4.430556,-0.400000,-0.066047,-0.078125,-0.078125,0
4.433333,-0.395000,-0.164904,-0.068115,-0.068115,0
4.436111,-0.395000,-0.175954,-0.049316,-0.049316,0
4.438889,-0.405000,-0.096303,-0.031738,-0.031738,0
4.441667,-0.410000,0.025000,-0.023926,-0.023926,0
4.444444,-0.425000,0.082721,-0.028076,-0.028076,0
4.447222,-0.425000,0.049907,-0.041016,-0.041016,0
4.450000,-0.410000,-0.050000,-0.055664,-0.055664,0
4.452778,-0.410000,-0.164907,-0.065918,-0.065918,0
4.455556,-0.420000,-0.207721,-0.067383,-0.067383,0
4.458333,-0.430000,-0.145000,-0.061035,-0.061035,0
4.461111,-0.445000,-0.033697,-0.050537,-0.050537,0
4.463889,-0.440000,0.060954,-0.041260,-0.041260,0
4.466667,-0.435000,0.054904,-0.036865,-0.036865,0
4.469444,-0.430000,-0.043953,-0.038574,-0.038574,0
4.472222,-0.430000,-0.166418,-0.044189,-0.044189,0
4.475000,-0.450000,-0.240000,-0.050537,-0.050537,0
4.477778,-0.445000,-0.181418,-0.053955,-0.053955,0
4.480556,-0.445000,-0.058953,-0.053223,-0.053223,0
4.483333,-0.435000,0.054904,-0.048340,-0.048340,0
4.486111,-0.435000,0.065954,-0.041992,-0.041992,0
4.488889,-0.445000,-0.033697,-0.036377,-0.036377,0
4.491667,-0.440000,-0.155000,-0.033447,-0.033447,0
4.494444,-0.450000,-0.237721,-0.034180,-0.034180,0
4.497222,-0.430000,-0.184907,-0.036865,-0.036865,0
4.500000,-0.430000,-0.070000,-0.040527,-0.040527,0
4.502778,-0.415000,0.059907,-0.042969,-0.042969,0
4.505556,-0.400000,0.107721,-0.043457,-0.043457,0
4.508333,-0.400000,0.035000,-0.042236,-0.042236,0
4.511111,-0.385000,-0.076303,-0.039795,-0.039795,0
4.513889,-0.365000,-0.145954,-0.038086,-0.038086,0
4.516667,-0.335000,-0.104904,-0.037598,-0.037598,0
4.519444,-0.330000,0.003953,-0.039307,-0.039307,0
4.522222,-0.325000,0.131418,-0.042480,-0.042480,0
4.525000,-0.330000,0.180000,-0.046631,-0.046631,0
4.527778,-0.330000,0.126418,-0.049805,-0.049805,0
4.530556,-0.310000,0.023953,-0.051758,-0.051758,0
4.533333,-0.295000,-0.064904,-0.051514,-0.051514,0
4.536111,-0.285000,-0.065954,-0.049561,-0.049561,0
4.538889,-0.290000,0.018697,-0.046387,-0.046387,0
4.541667,-0.290000,0.145000,-0.042725,-0.042725,0
4.544444,-0.310000,0.197721,-0.039307,-0.039307,0
4.547222,-0.295000,0.179907,-0.036377,-0.036377,0
4.550000,-0.285000,0.075000,-0.034424,-0.034424,0
4.552778,-0.280000,-0.034907,-0.033203,-0.033203,0
4.555556,-0.300000,-0.087721,-0.033203,-0.033203,0
4.558333,-0.290000,-0.005000,-0.034180,-0.034180,0
4.561111,-0.295000,0.116303,-0.036133,-0.036133,0
4.563889,-0.290000,0.210954,-0.039062,-0.039062,0
4.566667,-0.280000,0.209904,-0.041748,-0.041748,0
4.569444,-0.275000,0.111047,-0.044434,-0.044434,0
4.572222,-0.275000,-0.011418,-0.046143,-0.046143,0
4.575000,-0.290000,-0.080000,-0.047119,-0.047119,0
4.577778,-0.290000,-0.026418,-0.047363,-0.047363,0
4.580556,-0.285000,0.101047,-0.046875,-0.046875,0
4.583333,-0.270000,0.219904,-0.046387,-0.046387,0
4.586111,-0.270000,0.230954,-0.045410,-0.045410,0
4.588889,-0.270000,0.141303,-0.043945,-0.043945,0
4.591667,-0.275000,0.010000,-0.041748,-0.041748,0
4.594444,-0.290000,-0.077721,-0.038818,-0.038818,0
4.597222,-0.285000,-0.039907,-0.035400,-0.035400,0
4.600000,-0.275000,0.085000,-0.032715,-0.032715,0
4.602778,-0.275000,0.199907,-0.030762,-0.030762,0
4.605556,-0.290000,0.217721,-0.030518,-0.030518,0
4.608333,-0.295000,0.140000,-0.031738,-0.031738,0
4.611111,-0.305000,0.003697,-0.034180,-0.034180,0
4.613889,-0.295000,-0.075954,-0.037598,-0.037598,0
4.616667,-0.295000,-0.064904,-0.040771,-0.040771,0
4.619444,-0.285000,0.048953,-0.044189,-0.044189,0
4.622222,-0.290000,0.166418,-0.047607,-0.047607,0
4.625000,-0.300000,0.210000,-0.050781,-0.050781,0
4.627778,-0.305000,0.151418,-0.053955,-0.053955,0
4.630556,-0.310000,0.023953,-0.057129,-0.057129,0
4.633333,-0.295000,-0.064904,-0.060303,-0.060303,0
4.636111,-0.300000,-0.080954,-0.063721,-0.063721,0
4.638889,-0.305000,0.003697,-0.067383,-0.067383,0
4.641667,-0.310000,0.125000,-0.070801,-0.070801,0
4.644444,-0.325000,0.182721,-0.073730,-0.073730,0
4.647222,-0.325000,0.149907,-0.075684,-0.075684,0
4.650000,-0.315000,0.045000,-0.076660,-0.076660,0
4.652778,-0.310000,-0.064907,-0.076660,-0.076660,0
4.655556,-0.315000,-0.102721,-0.076172,-0.076172,0
4.658333,-0.315000,-0.030000,-0.076172,-0.076172,0
4.661111,-0.325000,0.086303,-0.076904,-0.076904,0
4.663889,-0.320000,0.180954,-0.078125,-0.078125,0
4.666667,-0.310000,0.179904,-0.079590,-0.079590,0
4.669444,-0.320000,0.066047,-0.079834,-0.079834,0
4.672222,-0.315000,-0.051418,-0.077637,-0.077637,0
4.675000,-0.330000,-0.120000,-0.072266,-0.072266,0
4.677778,-0.330000,-0.066418,-0.063232,-0.063232,0
4.680556,-0.320000,0.066047,-0.051514,-0.051514,0
4.683333,-0.310000,0.179904,-0.037598,-0.037598,0
4.686111,-0.310000,0.190954,-0.022949,-0.022949,0
4.688889,-0.310000,0.101303,-0.008789,-0.008789,0
4.691667,-0.330000,-0.045000,0.004150,0.004150,0
4.694444,-0.335000,-0.122721,0.015381,0.015381,0
4.697222,-0.330000,-0.084907,0.025146,0.025146,0
4.700000,-0.320000,0.040000,0.033203,0.033203,0
4.702778,-0.325000,0.149907,0.040527,0.040527,0
4.705556,-0.325000,0.182721,0.046875,0.046875,0
4.708333,-0.330000,0.105000,0.052490,0.052490,0
4.711111,-0.335000,-0.026303,0.057617,0.057617,0
4.713889,-0.330000,-0.110954,0.061523,0.061523,0
4.716667,-0.325000,-0.094904,0.064209,0.064209,0
4.719444,-0.325000,0.008953,0.065186,0.065186,0
4.722222,-0.320000,0.136418,0.064697,0.064697,0
4.725000,-0.325000,0.185000,0.063477,0.063477,0
4.727778,-0.330000,0.126418,0.062256,0.062256,0
4.730556,-0.325000,0.008953,0.061768,0.061768,0
4.733333,-0.315000,-0.084904,0.062744,0.062744,0
4.736111,-0.305000,-0.085954,0.064697,0.064697,0
4.738889,-0.325000,-0.016303,0.066895,0.066895,0
4.741667,-0.315000,0.120000,0.068848,0.068848,0
4.744444,-0.335000,0.172721,0.070068,0.070068,0
4.747222,-0.330000,0.144907,0.070557,0.070557,0
4.750000,-0.310000,0.050000,0.071045,0.071045,0
4.752778,-0.320000,-0.074907,0.071533,0.071533,0
4.755556,-0.330000,-0.117721,0.072266,0.072266,0
4.758333,-0.330000,-0.045000,0.073730,0.073730,0
4.761111,-0.335000,0.076303,0.075195,0.075195,0
4.763889,-0.330000,0.170954,0.076172,0.076172,0
4.766667,-0.330000,0.159904,0.076660,0.076660,0
4.769444,-0.320000,0.066047,0.075684,0.075684,0
4.772222,-0.320000,-0.056418,0.073730,0.073730,0
4.775000,-0.330000,-0.120000,0.070801,0.070801,0
4.777778,-0.330000,-0.066418,0.067383,0.067383,0
4.780556,-0.325000,0.061047,0.063477,0.063477,0
4.783333,-0.315000,0.174904,0.060059,0.060059,0
4.786111,-0.315000,0.185954,0.057129,0.057129,0
4.788889,-0.315000,0.096303,0.055176,0.055176,0
4.791667,-0.330000,-0.045000,0.054688,0.054688,0
4.794444,-0.330000,-0.117721,0.054688,0.054688,0
4.797222,-0.320000,-0.074907,0.055176,0.055176,0
4.800000,-0.315000,0.045000,0.055420,0.055420,0
4.802778,-0.305000,0.169907,0.054443,0.054443,0
4.805556,-0.305000,0.202721,0.052246,0.052246,0
4.808333,-0.295000,0.140000,0.049072,0.049072,0
4.811111,-0.315000,-0.006303,0.045410,0.045410,0
4.813889,-0.300000,-0.080954,0.041504,0.041504,0
4.816667,-0.275000,-0.044904,0.038086,0.038086,0
4.819444,-0.255000,0.078953,0.035400,0.035400,0
4.822222,-0.255000,0.201418,0.033691,0.033691,0
4.825000,-0.260000,0.250000,0.032715,0.032715,0
4.827778,-0.265000,0.191418,0.032715,0.032715,0
4.830556,-0.255000,0.078953,0.032959,0.032959,0
4.833333,-0.235000,-0.004904,0.033447,0.033447,0
4.836111,-0.230000,-0.010954,0.033447,0.033447,0
4.838889,-0.225000,0.083697,0.032715,0.032715,0
4.841667,-0.220000,0.215000,0.031494,0.031494,0
4.844444,-0.220000,0.287721,0.029785,0.029785,0
4.847222,-0.215000,0.259907,0.028564,0.028564,0
4.850000,-0.200000,0.160000,0.028320,0.028320,0
4.852778,-0.205000,0.040093,0.028809,0.028809,0
4.855556,-0.205000,0.007279,0.030273,0.030273,0
4.858333,-0.225000,0.060000,0.031494,0.031494,0
4.861111,-0.235000,0.176303,0.031982,0.031982,0
4.863889,-0.240000,0.260954,0.031494,0.031494,0
4.866667,-0.230000,0.259904,0.029785,0.029785,0
4.869444,-0.215000,0.171047,0.027344,0.027344,0
4.872222,-0.240000,0.023582,0.024658,0.024658,0
4.875000,-0.240000,-0.030000,0.022461,0.022461,0
4.877778,-0.250000,0.013582,0.020996,0.020996,0
4.880556,-0.235000,0.151047,0.020264,0.020264,0
4.883333,-0.210000,0.279904,0.020264,0.020264,0
4.886111,-0.200000,0.300954,0.020508,0.020508,0
4.888889,-0.220000,0.191303,0.020996,0.020996,0
4.891667,-0.255000,0.030000,0.021484,0.021484,0
4.894444,-0.275000,-0.062721,0.022461,0.022461,0
4.897222,-0.285000,-0.039907,0.023682,0.023682,0
4.900000,-0.300000,0.060000,0.024902,0.024902,0
4.902778,-0.305000,0.169907,0.026123,0.026123,0
4.905556,-0.320000,0.187721,0.027588,0.027588,0
4.908333,-0.330000,0.105000,0.028564,0.028564,0
4.911111,-0.325000,-0.016303,0.029541,0.029541,0
4.913889,-0.320000,-0.100954,0.030029,0.030029,0
4.916667,-0.330000,-0.099904,0.030029,0.030029,0
4.919444,-0.330000,0.003953,0.029053,0.029053,0
4.922222,-0.335000,0.121418,0.027344,0.027344,0
4.925000,-0.340000,0.170000,0.025146,0.025146,0
4.927778,-0.345000,0.111418,0.022705,0.022705,0
4.930556,-0.340000,-0.006047,0.020752,0.020752,0
4.933333,-0.335000,-0.104904,0.019531,0.019531,0
4.936111,-0.320000,-0.100954,0.019043,0.019043,0
4.938889,-0.325000,-0.016303,0.019043,0.019043,0
4.941667,-0.335000,0.100000,0.019531,0.019531,0
4.944444,-0.345000,0.162721,0.020020,0.020020,0
4.947222,-0.345000,0.129907,0.020752,0.020752,0
4.950000,-0.345000,0.015000,0.021729,0.021729,0
4.952778,-0.335000,-0.089907,0.023193,0.023193,0
4.955556,-0.340000,-0.127721,0.024414,0.024414,0
4.958333,-0.345000,-0.060000,0.025635,0.025635,0
4.961111,-0.355000,0.056303,0.026123,0.026123,0
4.963889,-0.340000,0.160954,0.026123,0.026123,0
4.966667,-0.340000,0.149904,0.025635,0.025635,0
4.969444,-0.340000,0.046047,0.025391,0.025391,0
4.972222,-0.340000,-0.076418,0.025635,0.025635,0
4.975000,-0.345000,-0.135000,0.027100,0.027100,0
4.977778,-0.355000,-0.091418,0.030029,0.030029,0
4.980556,-0.365000,0.021047,0.034424,0.034424,0
4.983333,-0.370000,0.119904,0.040039,0.040039,0
4.986111,-0.405000,0.095954,0.046875,0.046875,0
4.988889,-0.445000,-0.033697,0.054199,0.054199,0
4.991667,-0.480000,-0.195000,0.062256,0.062256,0
4.994444,-0.495000,-0.282721,0.070068,0.070068,0
4.997222,-0.520000,-0.274907,0.077881,0.077881,0
5.000000,-0.535000,-0.175000,0.084961,0.084961,0
5.002778,-0.505000,-0.030093,0.091064,0.091064,0
5.005556,-0.415000,0.092721,0.096680,0.096680,0
5.008333,-0.280000,0.155000,0.102051,0.102051,0
5.011111,-0.135000,0.173697,0.107666,0.107666,0
5.013889,0.065000,0.284046,0.113770,0.113770,0
5.016667,0.300000,0.530096,0.120361,0.120361,0
5.019444,0.580000,0.913953,0.126953,0.126953,0
5.022222,0.810000,1.266418,0.132324,0.132324,0
5.025000,0.945000,1.455000,0.135742,0.135742,0
5.027778,0.920000,1.376418,0.136475,0.136475,0
5.030556,0.775000,1.108953,0.134277,0.134277,0
5.033333,0.445000,0.675096,0.129395,0.129395,0
5.036111,0.020000,0.239046,0.122314,0.122314,0
5.038889,-0.295000,0.013697,0.114502,0.114502,0
5.041667,-0.445000,-0.010000,0.107666,0.107666,0
5.044444,-0.470000,0.037721,0.103271,0.103271,0
5.047222,-0.425000,0.049907,0.102539,0.102539,0
5.050000,-0.380000,-0.020000,0.105469,0.105469,0
5.052778,-0.360000,-0.114907,0.111328,0.111328,0
5.055556,-0.360000,-0.147721,0.117676,0.117676,0
5.058333,-0.370000,-0.085000,0.122314,0.122314,0
5.061111,-0.380000,0.031303,0.122314,0.122314,0
5.063889,-0.380000,0.120954,0.116455,0.116455,0
5.066667,-0.375000,0.114904,0.104736,0.104736,0
5.069444,-0.370000,0.016047,0.088379,0.088379,0
5.072222,-0.365000,-0.101418,0.069580,0.069580,0
5.075000,-0.370000,-0.160000,0.051025,0.051025,0
5.077778,-0.385000,-0.121418,0.035400,0.035400,0
5.080556,-0.385000,0.001047,0.023682,0.023682,0
5.083333,-0.375000,0.114904,0.016846,0.016846,0
5.086111,-0.370000,0.130954,0.014160,0.014160,0
5.088889,-0.370000,0.041303,0.013916,0.013916,0
5.091667,-0.385000,-0.100000,0.014648,0.014648,0
5.094444,-0.395000,-0.182721,0.014160,0.014160,0
5.097222,-0.385000,-0.139907,0.011963,0.011963,0
5.100000,-0.385000,-0.025000,0.007568,0.007568,0
5.102778,-0.390000,0.084907,0.002197,0.002197,0
5.105556,-0.385000,0.122721,-0.001709,-0.001709,0
5.108333,-0.395000,0.040000,-0.002930,-0.002930,0
5.111111,-0.410000,-0.101303,-0.000244,-0.000244,0
5.113889,-0.400000,-0.180954,0.004883,0.004883,0
5.116667,-0.395000,-0.164904,0.010742,0.010742,0
5.119444,-0.380000,-0.046047,0.013672,0.013672,0
5.122222,-0.395000,0.061418,0.011719,0.011719,0
5.125000,-0.395000,0.115000,0.004395,0.004395,0
5.127778,-0.400000,0.056418,-0.005859,-0.005859,0
5.130556,-0.400000,-0.066047,-0.015625,-0.015625,0
5.133333,-0.395000,-0.164904,-0.020508,-0.020508,0
5.136111,-0.390000,-0.170954,-0.018311,-0.018311,0
5.138889,-0.390000,-0.081303,-0.009277,-0.009277,0
5.141667,-0.395000,0.040000,0.002441,0.002441,0
5.144444,-0.405000,0.102721,0.011963,0.011963,0
5.147222,-0.390000,0.084907,0.013916,0.013916,0
5.150000,-0.385000,-0.025000,0.005615,0.005615,0
5.152778,-0.375000,-0.129907,-0.011475,-0.011475,0
5.155556,-0.375000,-0.162721,-0.033936,-0.033936,0
5.158333,-0.380000,-0.095000,-0.056396,-0.056396,0
5.161111,-0.390000,0.021303,-0.075195,-0.075195,0
5.163889,-0.385000,0.115954,-0.090332,-0.090332,0
5.166667,-0.370000,0.119904,-0.105225,-0.105225,0
5.169444,-0.370000,0.016047,-0.124023,-0.124023,0
5.172222,-0.370000,-0.106418,-0.148438,-0.148438,0
5.175000,-0.375000,-0.165000,-0.173096,-0.173096,0
5.177778,-0.385000,-0.121418,-0.183594,-0.183594,0
5.180556,-0.370000,0.016047,-0.158936,-0.158936,0
5.183333,-0.390000,0.099904,-0.076660,-0.076660,0
5.186111,-0.375000,0.125954,0.077148,0.077148,0
5.188889,-0.370000,0.041303,0.301514,0.301514,0
5.191667,-0.380000,-0.095000,0.573730,0.573730,0
5.194444,-0.390000,-0.177721,0.852295,0.852295,0
5.197222,-0.390000,-0.144907,1.085205,1.085205,0
5.200000,-0.385000,-0.025000,1.223145,1.223145,0
5.202778,-0.375000,0.099907,1.233398,1.233398,1
5.205556,-0.375000,0.132721,1.111084,1.111084,0
5.208333,-0.385000,0.050000,0.880371,0.880371,0
5.211111,-0.395000,-0.086303,0.589600,0.589600,0
5.213889,-0.390000,-0.170954,0.297119,0.297119,0
5.216667,-0.385000,-0.154904,0.056152,0.056152,0
5.219444,-0.375000,-0.041047,-0.100098,-0.100098,0
5.222222,-0.380000,0.076418,-0.163574,-0.163574,0
5.225000,-0.385000,0.125000,-0.151123,-0.151123,0
5.227778,-0.390000,0.066418,-0.094482,-0.094482,0
5.230556,-0.380000,-0.046047,-0.029785,-0.029785,0
5.233333,-0.380000,-0.149904,0.015381,0.015381,0
5.236111,-0.370000,-0.150954,0.028076,0.028076,0
5.238889,-0.370000,-0.061303,0.011475,0.011475,0
5.241667,-0.365000,0.070000,-0.020508,-0.020508,0
5.244444,-0.390000,0.117721,-0.050781,-0.050781,0
5.247222,-0.365000,0.109907,-0.066650,-0.066650,0
5.250000,-0.365000,-0.005000,-0.063477,-0.063477,0
5.252778,-0.360000,-0.114907,-0.046143,-0.046143,0
5.255556,-0.375000,-0.162721,-0.024658,-0.024658,0
5.258333,-0.380000,-0.095000,-0.009033,-0.009033,0
5.261111,-0.400000,0.011303,-0.005371,-0.005371,0
5.263889,-0.390000,0.110954,-0.014160,-0.014160,0
5.266667,-0.375000,0.114904,-0.030029,-0.030029,0
5.269444,-0.375000,0.011047,-0.045654,-0.045654,0
5.272222,-0.370000,-0.106418,-0.054688,-0.054688,0
5.275000,-0.385000,-0.175000,-0.054932,-0.054932,0
5.277778,-0.390000,-0.126418,-0.048340,-0.048340,0
5.280556,-0.390000,-0.003953,-0.039307,-0.039307,0
5.283333,-0.390000,0.099904,-0.032959,-0.032959,0
5.286111,-0.390000,0.110954,-0.031982,-0.031982,0
5.288889,-0.375000,0.036303,-0.036133,-0.036133,0
5.291667,-0.385000,-0.100000,-0.042969,-0.042969,0
5.294444,-0.395000,-0.182721,-0.048584,-0.048584,0
5.297222,-0.380000,-0.134907,-0.050781,-0.050781,0
5.300000,-0.370000,-0.010000,-0.048584,-0.048584,0
5.302778,-0.375000,0.099907,-0.043701,-0.043701,0
5.305556,-0.375000,0.132721,-0.038574,-0.038574,0
5.308333,-0.390000,0.045000,-0.034912,-0.034912,0
5.311111,-0.405000,-0.096303,-0.034180,-0.034180,0
5.313889,-0.375000,-0.155954,-0.035400,-0.035400,0
5.316667,-0.370000,-0.139904,-0.037598,-0.037598,0
5.319444,-0.360000,-0.026047,-0.038818,-0.038818,0
5.322222,-0.375000,0.081418,-0.037598,-0.037598,0
5.325000,-0.385000,0.125000,-0.034424,-0.034424,0
5.327778,-0.380000,0.076418,-0.029297,-0.029297,0
5.330556,-0.370000,-0.036047,-0.024170,-0.024170,0
5.333333,-0.360000,-0.129904,-0.019775,-0.019775,0
5.336111,-0.345000,-0.125954,-0.017090,-0.017090,0
5.338889,-0.345000,-0.036303,-0.016357,-0.016357,0
5.341667,-0.330000,0.105000,-0.016357,-0.016357,0
5.344444,-0.330000,0.177721,-0.016846,-0.016846,0
5.347222,-0.315000,0.159907,-0.016846,-0.016846,0
5.350000,-0.310000,0.050000,-0.016602,-0.016602,0
5.352778,-0.295000,-0.049907,-0.015869,-0.015869,0
5.355556,-0.285000,-0.072721,-0.015381,-0.015381,0
5.358333,-0.285000,0.000000,-0.015381,-0.015381,0
5.361111,-0.295000,0.116303,-0.016357,-0.016357,0
5.363889,-0.280000,0.220954,-0.017822,-0.017822,0
5.366667,-0.270000,0.219904,-0.019775,-0.019775,0
5.369444,-0.280000,0.106047,-0.021240,-0.021240,0
5.372222,-0.280000,-0.016418,-0.022217,-0.022217,0
5.375000,-0.280000,-0.070000,-0.022217,-0.022217,0
5.377778,-0.290000,-0.026418,-0.021973,-0.021973,0
5.380556,-0.290000,0.096047,-0.021240,-0.021240,0
5.383333,-0.280000,0.209904,-0.020996,-0.020996,0
5.386111,-0.275000,0.225954,-0.020752,-0.020752,0
5.388889,-0.280000,0.131303,-0.020752,-0.020752,0
5.391667,-0.285000,0.000000,-0.020996,-0.020996,0
5.394444,-0.290000,-0.077721,-0.020996,-0.020996,0
5.397222,-0.290000,-0.044907,-0.020996,-0.020996,0
5.400000,-0.280000,0.080000,-0.020752,-0.020752,0
5.402778,-0.280000,0.194907,-0.020264,-0.020264,0
5.405556,-0.285000,0.222721,-0.019287,-0.019287,0
5.408333,-0.290000,0.145000,-0.017578,-0.017578,0
5.411111,-0.300000,0.008697,-0.014648,-0.014648,0
5.413889,-0.295000,-0.075954,-0.011230,-0.011230,0
5.416667,-0.285000,-0.054904,-0.008057,-0.008057,0
5.419444,-0.280000,0.053953,-0.005859,-0.005859,0
5.422222,-0.285000,0.171418,-0.005615,-0.005615,0
5.425000,-0.285000,0.225000,-0.007324,-0.007324,0
5.427778,-0.295000,0.161418,-0.010498,-0.010498,0
5.430556,-0.285000,0.048953,-0.014160,-0.014160,0
5.433333,-0.280000,-0.049904,-0.017334,-0.017334,0
5.436111,-0.275000,-0.055954,-0.019531,-0.019531,0
5.438889,-0.280000,0.028697,-0.020508,-0.020508,0
5.441667,-0.290000,0.145000,-0.020752,-0.020752,0
5.444444,-0.310000,0.197721,-0.020752,-0.020752,0
5.447222,-0.305000,0.169907,-0.020996,-0.020996,0
5.450000,-0.285000,0.075000,-0.021973,-0.021973,0
5.452778,-0.270000,-0.024907,-0.023682,-0.023682,0
5.455556,-0.270000,-0.057721,-0.025391,-0.025391,0
5.458333,-0.275000,0.010000,-0.026855,-0.026855,0
5.461111,-0.285000,0.126303,-0.027832,-0.027832,0
5.463889,-0.285000,0.215954,-0.027588,-0.027588,0
5.466667,-0.270000,0.219904,-0.026611,-0.026611,0
5.469444,-0.265000,0.121047,-0.025146,-0.025146,0
5.472222,-0.265000,-0.001418,-0.023438,-0.023438,0
5.475000,-0.265000,-0.055000,-0.022217,-0.022217,0
5.477778,-0.280000,-0.016418,-0.021729,-0.021729,0
5.480556,-0.265000,0.121047,-0.021973,-0.021973,0
5.483333,-0.245000,0.244904,-0.022705,-0.022705,0
5.486111,-0.235000,0.265954,-0.023682,-0.023682,0
5.488889,-0.235000,0.176303,-0.024170,-0.024170,0
5.491667,-0.250000,0.035000,-0.023926,-0.023926,0
5.494444,-0.250000,-0.037721,-0.022705,-0.022705,0
5.497222,-0.245000,0.000093,-0.021240,-0.021240,0
5.500000,-0.215000,0.145000,-0.019043,-0.019043,0
5.502778,-0.220000,0.254907,-0.016602,-0.016602,0
5.505556,-0.245000,0.262721,-0.013672,-0.013672,0
5.508333,-0.255000,0.180000,-0.009521,-0.009521,0
5.511111,-0.230000,0.078697,-0.003418,-0.003418,0
5.513889,-0.205000,0.014046,0.004395,0.004395,0
5.516667,-0.210000,0.020096,0.013672,0.013672,0
5.519444,-0.220000,0.113953,0.023926,0.023926,0
5.522222,-0.230000,0.226418,0.034180,0.034180,0
5.525000,-0.240000,0.270000,0.043701,0.043701,0
5.527778,-0.240000,0.216418,0.051758,0.051758,0
5.530556,-0.245000,0.088953,0.058350,0.058350,0
5.533333,-0.250000,-0.019904,0.063477,0.063477,0
5.536111,-0.270000,-0.050954,0.067383,0.067383,0
5.538889,-0.285000,0.023697,0.069824,0.069824,0
5.541667,-0.315000,0.120000,0.071045,0.071045,0
5.544444,-0.320000,0.187721,0.071045,0.071045,0
5.547222,-0.320000,0.154907,0.070557,0.070557,0
5.550000,-0.310000,0.050000,0.069336,0.069336,0
5.552778,-0.330000,-0.084907,0.068115,0.068115,0
5.555556,-0.340000,-0.127721,0.066895,0.066895,0
5.558333,-0.345000,-0.060000,0.065918,0.065918,0
5.561111,-0.360000,0.051303,0.065430,0.065430,0
5.563889,-0.365000,0.135954,0.064941,0.064941,0
5.566667,-0.360000,0.129904,0.064941,0.064941,0
5.569444,-0.350000,0.036047,0.064941,0.064941,0
5.572222,-0.355000,-0.091418,0.064697,0.064697,0
5.575000,-0.375000,-0.165000,0.064209,0.064209,0
5.577778,-0.385000,-0.121418,0.062988,0.062988,0
5.580556,-0.375000,0.011047,0.061035,0.061035,0
5.583333,-0.370000,0.119904,0.058594,0.058594,0
5.586111,-0.365000,0.135954,0.056396,0.056396,0
5.588889,-0.365000,0.046303,0.054932,0.054932,0
5.591667,-0.370000,-0.085000,0.054932,0.054932,0
5.594444,-0.380000,-0.167721,0.056396,0.056396,0
5.597222,-0.360000,-0.114907,0.059082,0.059082,0
5.600000,-0.350000,0.010000,0.062012,0.062012,0
5.602778,-0.355000,0.119907,0.063965,0.063965,0
5.605556,-0.355000,0.152721,0.064453,0.064453,0
5.608333,-0.350000,0.085000,0.063232,0.063232,0
5.611111,-0.365000,-0.056303,0.060547,0.060547,0
5.613889,-0.350000,-0.130954,0.057373,0.057373,0
5.616667,-0.350000,-0.119904,0.054688,0.054688,0
5.619444,-0.340000,-0.006047,0.052979,0.052979,0
5.622222,-0.355000,0.101418,0.052979,0.052979,0
5.625000,-0.350000,0.160000,0.054932,0.054932,0
5.627778,-0.375000,0.081418,0.058350,0.058350,0
5.630556,-0.365000,-0.031047,0.062744,0.062744,0
5.633333,-0.375000,-0.144904,0.066895,0.066895,0
5.636111,-0.400000,-0.180954,0.070068,0.070068,0
5.638889,-0.430000,-0.121303,0.071777,0.071777,0
5.641667,-0.475000,-0.040000,0.072266,0.072266,0
5.644444,-0.520000,-0.012279,0.072021,0.072021,0
5.647222,-0.520000,-0.045093,0.072510,0.072510,0
5.650000,-0.550000,-0.190000,0.074219,0.074219,0
5.652778,-0.570000,-0.324907,0.078125,0.078125,0
5.655556,-0.540000,-0.327721,0.083740,0.083740,0
5.658333,-0.445000,-0.160000,0.090332,0.090332,0
5.661111,-0.305000,0.106303,0.096924,0.096924,0
5.663889,-0.140000,0.360954,0.102295,0.102295,0
5.666667,0.025000,0.514904,0.105713,0.105713,0
5.669444,0.260000,0.646047,0.107178,0.107178,0
5.672222,0.510000,0.773582,0.107666,0.107666,0
5.675000,0.735000,0.945000,0.107422,0.107422,0
5.677778,0.845000,1.108582,0.107910,0.107910,0
5.680556,0.875000,1.261047,0.109131,0.109131,0
5.683333,0.735000,1.224904,0.111572,0.111572,0
5.686111,0.400000,0.900954,0.115234,0.115234,0
5.688889,-0.025000,0.386303,0.119141,0.119141,0
5.691667,-0.335000,-0.050000,0.122803,0.122803,0
5.694444,-0.480000,-0.267721,0.125000,0.125000,0
5.697222,-0.470000,-0.224907,0.124512,0.124512,0
5.700000,-0.415000,-0.055000,0.120605,0.120605,0
5.702778,-0.375000,0.099907,0.113037,0.113037,0
5.705556,-0.365000,0.142721,0.102051,0.102051,0
5.708333,-0.385000,0.050000,0.088867,0.088867,0
5.711111,-0.400000,-0.091303,0.075195,0.075195,0
5.713889,-0.380000,-0.160954,0.062256,0.062256,0
5.716667,-0.390000,-0.159904,0.050781,0.050781,0
5.719444,-0.375000,-0.041047,0.040771,0.040771,0
5.722222,-0.385000,0.071418,0.031738,0.031738,0
5.725000,-0.395000,0.115000,0.023438,0.023438,0
5.727778,-0.405000,0.051418,0.015381,0.015381,0
5.730556,-0.390000,-0.056047,0.007568,0.007568,0
5.733333,-0.380000,-0.149904,0.000488,0.000488,0
5.736111,-0.385000,-0.165954,-0.005371,-0.005371,0
5.738889,-0.385000,-0.076303,-0.009766,-0.009766,0
5.741667,-0.395000,0.040000,-0.012695,-0.012695,0
5.744444,-0.400000,0.107721,-0.014648,-0.014648,0
5.747222,-0.405000,0.069907,-0.016602,-0.016602,0
5.750000,-0.400000,-0.040000,-0.019287,-0.019287,0
5.752778,-0.390000,-0.144907,-0.023193,-0.023193,0
5.755556,-0.390000,-0.177721,-0.027832,-0.027832,0
5.758333,-0.395000,-0.110000,-0.031982,-0.031982,0
5.761111,-0.400000,0.011303,-0.033936,-0.033936,0
5.763889,-0.390000,0.110954,-0.032227,-0.032227,0
5.766667,-0.385000,0.104904,-0.027344,-0.027344,0
5.769444,-0.390000,-0.003953,-0.020020,-0.020020,0
5.772222,-0.385000,-0.121418,-0.012939,-0.012939,0
5.775000,-0.410000,-0.200000,-0.008545,-0.008545,0
5.777778,-0.420000,-0.156418,-0.008301,-0.008301,0
5.780556,-0.405000,-0.018953,-0.011963,-0.011963,0
5.783333,-0.410000,0.079904,-0.017090,-0.017090,0
5.786111,-0.390000,0.110954,-0.020508,-0.020508,0
5.788889,-0.390000,0.021303,-0.019287,-0.019287,0
5.791667,-0.390000,-0.105000,-0.012939,-0.012939,0
5.794444,-0.400000,-0.187721,-0.003662,-0.003662,0
5.797222,-0.400000,-0.154907,0.004395,0.004395,0
5.800000,-0.390000,-0.030000,0.006104,0.006104,0
5.802778,-0.375000,0.099907,-0.002197,-0.002197,0
5.805556,-0.380000,0.127721,-0.020264,-0.020264,0
5.808333,-0.395000,0.040000,-0.044922,-0.044922,0
5.811111,-0.400000,-0.091303,-0.071289,-0.071289,0
5.813889,-0.390000,-0.170954,-0.094971,-0.094971,0
5.816667,-0.400000,-0.169904,-0.114990,-0.114990,0
5.819444,-0.390000,-0.056047,-0.133789,-0.133789,0
5.822222,-0.395000,0.061418,-0.154541,-0.154541,0
5.825000,-0.410000,0.100000,-0.178223,-0.178223,0
5.827778,-0.415000,0.041418,-0.199951,-0.199951,0
5.830556,-0.405000,-0.071047,-0.206299,-0.206299,0
5.833333,-0.385000,-0.154904,-0.177979,-0.177979,0
5.836111,-0.385000,-0.165954,-0.094727,-0.094727,0
5.838889,-0.380000,-0.071303,0.056641,0.056641,0
5.841667,-0.400000,0.035000,0.273926,0.273926,0
5.844444,-0.400000,0.107721,0.535889,0.535889,0
5.847222,-0.395000,0.079907,0.802734,0.802734,0
5.850000,-0.390000,-0.030000,1.025879,1.025879,0
5.852778,-0.380000,-0.134907,1.157715,1.157715,0
5.855556,-0.375000,-0.162721,1.167725,1.167725,1
5.858333,-0.395000,-0.110000,1.050293,1.050293,0
5.861111,-0.395000,0.016303,0.829346,0.829346,0
5.863889,-0.385000,0.115954,0.550293,0.550293,0
5.866667,-0.380000,0.109904,0.269775,0.269775,0
5.869444,-0.375000,0.011047,0.039062,0.039062,0
5.872222,-0.385000,-0.121418,-0.109375,-0.109375,0
5.875000,-0.390000,-0.180000,-0.167480,-0.167480,0
5.877778,-0.400000,-0.136418,-0.152100,-0.152100,0
5.880556,-0.400000,-0.013953,-0.094971,-0.094971,0
5.883333,-0.385000,0.104904,-0.031738,-0.031738,0
5.886111,-0.380000,0.120954,0.010498,0.010498,0
5.888889,-0.395000,0.016303,0.020020,0.020020,0
5.891667,-0.390000,-0.105000,0.000488,0.000488,0
5.894444,-0.400000,-0.187721,-0.033447,-0.033447,0
5.897222,-0.395000,-0.149907,-0.064209,-0.064209,0
5.900000,-0.385000,-0.025000,-0.079102,-0.079102,0
5.902778,-0.380000,0.094907,-0.074463,-0.074463,0
5.905556,-0.385000,0.122721,-0.055664,-0.055664,0
5.908333,-0.395000,0.040000,-0.033203,-0.033203,0
5.911111,-0.405000,-0.096303,-0.017578,-0.017578,0
5.913889,-0.400000,-0.180954,-0.014893,-0.014893,0
5.916667,-0.390000,-0.159904,-0.024902,-0.024902,0
5.919444,-0.380000,-0.046047,-0.041992,-0.041992,0
5.922222,-0.380000,0.076418,-0.057861,-0.057861,0
5.925000,-0.385000,0.125000,-0.065918,-0.065918,0
5.927778,-0.405000,0.051418,-0.063477,-0.063477,0
5.930556,-0.395000,-0.061047,-0.052246,-0.052246,0
5.933333,-0.400000,-0.169904,-0.037598,-0.037598,0
5.936111,-0.390000,-0.170954,-0.025879,-0.025879,0
5.938889,-0.400000,-0.091303,-0.021729,-0.021729,0
5.941667,-0.405000,0.030000,-0.025879,-0.025879,0
5.944444,-0.425000,0.082721,-0.035889,-0.035889,0
5.947222,-0.420000,0.054907,-0.046875,-0.046875,0
5.950000,-0.405000,-0.045000,-0.054688,-0.054688,0
5.952778,-0.400000,-0.154907,-0.056641,-0.056641,0
5.955556,-0.405000,-0.192721,-0.053223,-0.053223,0
5.958333,-0.405000,-0.120000,-0.046631,-0.046631,0
5.961111,-0.415000,-0.003697,-0.039551,-0.039551,0
5.963889,-0.400000,0.100954,-0.034668,-0.034668,0
5.966667,-0.390000,0.099904,-0.032715,-0.032715,0
5.969444,-0.380000,0.006047,-0.032715,-0.032715,0
5.972222,-0.385000,-0.121418,-0.033447,-0.033447,0
5.975000,-0.395000,-0.185000,-0.032959,-0.032959,0
5.977778,-0.405000,-0.141418,-0.031250,-0.031250,0
5.980556,-0.390000,-0.003953,-0.028809,-0.028809,0
5.983333,-0.370000,0.119904,-0.026855,-0.026855,0
5.986111,-0.370000,0.130954,-0.026611,-0.026611,0
5.988889,-0.370000,0.041303,-0.028564,-0.028564,0
5.991667,-0.385000,-0.100000,-0.032227,-0.032227,0
5.994444,-0.370000,-0.157721,-0.036621,-0.036621,0
5.997222,-0.355000,-0.109907,-0.039795,-0.039795,0
6.000000,-0.345000,0.015000,-0.041260,-0.041260,0
6.002778,-0.340000,0.134907,-0.040527,-0.040527,0
6.005556,-0.335000,0.172721,-0.038086,-0.038086,0
6.008333,-0.340000,0.095000,-0.034424,-0.034424,0
6.011111,-0.355000,-0.046303,-0.030762,-0.030762,0
6.013889,-0.335000,-0.115954,-0.027832,-0.027832,0
6.016667,-0.325000,-0.094904,-0.026123,-0.026123,0
6.019444,-0.310000,0.023953,-0.025635,-0.025635,0
6.022222,-0.305000,0.151418,-0.026123,-0.026123,0
6.025000,-0.305000,0.205000,-0.026855,-0.026855,0
6.027778,-0.320000,0.136418,-0.026611,-0.026611,0
6.030556,-0.315000,0.018953,-0.025391,-0.025391,0
6.033333,-0.310000,-0.079904,-0.022949,-0.022949,0
6.036111,-0.305000,-0.085954,-0.019775,-0.019775,0
6.038889,-0.305000,0.003697,-0.017578,-0.017578,0
6.041667,-0.330000,0.105000,-0.016357,-0.016357,0
6.044444,-0.325000,0.182721,-0.016846,-0.016846,0
6.047222,-0.345000,0.129907,-0.018799,-0.018799,0
6.050000,-0.325000,0.035000,-0.021484,-0.021484,0
6.052778,-0.315000,-0.069907,-0.024170,-0.024170,0
6.055556,-0.315000,-0.102721,-0.026367,-0.026367,0
6.058333,-0.305000,-0.020000,-0.027344,-0.027344,0
6.061111,-0.310000,0.101303,-0.027344,-0.027344,0
6.063889,-0.310000,0.190954,-0.026367,-0.026367,0
6.066667,-0.300000,0.189904,-0.025146,-0.025146,0
6.069444,-0.305000,0.081047,-0.024170,-0.024170,0
6.072222,-0.305000,-0.041418,-0.023438,-0.023438,0
6.075000,-0.315000,-0.105000,-0.023682,-0.023682,0
6.077778,-0.320000,-0.056418,-0.024658,-0.024658,0
6.080556,-0.325000,0.061047,-0.026123,-0.026123,0
6.083333,-0.315000,0.174904,-0.027588,-0.027588,0
6.086111,-0.305000,0.195954,-0.028320,-0.028320,0
6.088889,-0.315000,0.096303,-0.028320,-0.028320,0
6.091667,-0.325000,-0.040000,-0.027344,-0.027344,0
6.094444,-0.325000,-0.112721,-0.025879,-0.025879,0
6.097222,-0.330000,-0.084907,-0.024414,-0.024414,0
6.100000,-0.315000,0.045000,-0.023682,-0.023682,0
6.102778,-0.315000,0.159907,-0.024414,-0.024414,0
6.105556,-0.310000,0.197721,-0.027100,-0.027100,0
6.108333,-0.330000,0.105000,-0.030762,-0.030762,0
6.111111,-0.340000,-0.031303,-0.035400,-0.035400,0
6.113889,-0.335000,-0.115954,-0.039795,-0.039795,0
6.116667,-0.330000,-0.099904,-0.043701,-0.043701,0
6.119444,-0.345000,-0.011047,-0.046631,-0.046631,0
6.122222,-0.355000,0.101418,-0.048584,-0.048584,0
6.125000,-0.365000,0.145000,-0.049072,-0.049072,0
6.127778,-0.370000,0.086418,-0.048584,-0.048584,0
6.130556,-0.345000,-0.011047,-0.046631,-0.046631,0
6.133333,-0.340000,-0.109904,-0.043701,-0.043701,0
6.136111,-0.340000,-0.120954,-0.040283,-0.040283,0
6.138889,-0.345000,-0.036303,-0.036865,-0.036865,0
6.141667,-0.360000,0.075000,-0.033691,-0.033691,0
6.144444,-0.365000,0.142721,-0.031494,-0.031494,0
6.147222,-0.360000,0.114907,-0.030029,-0.030029,0
6.150000,-0.360000,-0.000000,-0.028809,-0.028809,0
6.152778,-0.345000,-0.099907,-0.027832,-0.027832,0
6.155556,-0.355000,-0.142721,-0.026611,-0.026611,0
6.158333,-0.365000,-0.080000,-0.024414,-0.024414,0
6.161111,-0.350000,0.061303,-0.021484,-0.021484,0
6.163889,-0.360000,0.140954,-0.017334,-0.017334,0
6.166667,-0.350000,0.139904,-0.011963,-0.011963,0
6.169444,-0.340000,0.046047,-0.006104,-0.006104,0
6.172222,-0.345000,-0.081418,0.000244,0.000244,0
6.175000,-0.355000,-0.145000,0.006104,0.006104,0
6.177778,-0.370000,-0.106418,0.011230,0.011230,0
6.180556,-0.350000,0.036047,0.014893,0.014893,0
6.183333,-0.350000,0.139904,0.018066,0.018066,0
6.186111,-0.350000,0.150954,0.020508,0.020508,0
6.188889,-0.345000,0.066303,0.023926,0.023926,0
6.191667,-0.350000,-0.065000,0.028320,0.028320,0
6.194444,-0.355000,-0.142721,0.034180,0.034180,0
6.197222,-0.360000,-0.114907,0.040771,0.040771,0
6.200000,-0.345000,0.015000,0.046875,0.046875,0
6.202778,-0.355000,0.119907,0.051270,0.051270,0
6.205556,-0.350000,0.157721,0.052734,0.052734,0
6.208333,-0.360000,0.075000,0.051025,0.051025,0
6.211111,-0.370000,-0.061303,0.046387,0.046387,0
6.213889,-0.355000,-0.135954,0.040527,0.040527,0
6.216667,-0.355000,-0.124904,0.034424,0.034424,0
6.219444,-0.350000,-0.016047,0.030029,0.030029,0
6.222222,-0.355000,0.101418,0.028076,0.028076,0
6.225000,-0.360000,0.150000,0.029053,0.029053,0
6.227778,-0.390000,0.066418,0.032715,0.032715,0
6.230556,-0.385000,-0.051047,0.038086,0.038086,0
6.233333,-0.360000,-0.129904,0.043945,0.043945,0
6.236111,-0.360000,-0.140954,0.048584,0.048584,0
6.238889,-0.370000,-0.061303,0.051514,0.051514,0
6.241667,-0.370000,0.065000,0.052002,0.052002,0
6.244444,-0.390000,0.117721,0.050293,0.050293,0
6.247222,-0.375000,0.099907,0.047607,0.047607,0
6.250000,-0.370000,-0.010000,0.044678,0.044678,0
6.252778,-0.350000,-0.104907,0.042236,0.042236,0
6.255556,-0.340000,-0.127721,0.040527,0.040527,0
6.258333,-0.345000,-0.060000,0.039062,0.039062,0
6.261111,-0.360000,0.051303,0.037842,0.037842,0
6.263889,-0.360000,0.140954,0.036621,0.036621,0
6.266667,-0.350000,0.139904,0.035645,0.035645,0
6.269444,-0.350000,0.036047,0.034912,0.034912,0
6.272222,-0.335000,-0.071418,0.035156,0.035156,0
6.275000,-0.360000,-0.150000,0.035889,0.035889,0
6.277778,-0.365000,-0.101418,0.036621,0.036621,0
6.280556,-0.365000,0.021047,0.036621,0.036621,0
6.283333,-0.360000,0.129904,0.034424,0.034424,0
6.286111,-0.360000,0.140954,0.030273,0.030273,0
6.288889,-0.365000,0.046303,0.023926,0.023926,0
6.291667,-0.375000,-0.090000,0.016357,0.016357,0
6.294444,-0.385000,-0.172721,0.009277,0.009277,0
6.297222,-0.385000,-0.139907,0.003906,0.003906,0
6.300000,-0.365000,-0.005000,0.001221,0.001221,0
6.302778,-0.370000,0.104907,0.000977,0.000977,0
6.305556,-0.375000,0.132721,0.002686,0.002686,0
6.308333,-0.370000,0.065000,0.005371,0.005371,0
6.311111,-0.375000,-0.066303,0.007324,0.007324,0
6.313889,-0.365000,-0.145954,0.008057,0.008057,0
6.316667,-0.355000,-0.124904,0.007080,0.007080,0
6.319444,-0.355000,-0.021047,0.004150,0.004150,0
6.322222,-0.360000,0.096418,0.000732,0.000732,0
6.325000,-0.365000,0.145000,-0.002441,-0.002441,0
6.327778,-0.370000,0.086418,-0.003906,-0.003906,0
6.330556,-0.360000,-0.026047,-0.003174,-0.003174,0
6.333333,-0.350000,-0.119904,-0.000488,-0.000488,0
6.336111,-0.340000,-0.120954,0.003174,0.003174,0
6.338889,-0.345000,-0.036303,0.006348,0.006348,0
6.341667,-0.340000,0.095000,0.008057,0.008057,0
6.344444,-0.350000,0.157721,0.007812,0.007812,0
6.347222,-0.345000,0.129907,0.006348,0.006348,0
6.350000,-0.350000,0.010000,0.004639,0.004639,0
6.352778,-0.360000,-0.114907,0.003418,0.003418,0
6.355556,-0.350000,-0.137721,0.003418,0.003418,0
6.358333,-0.360000,-0.075000,0.004395,0.004395,0
6.361111,-0.370000,0.041303,0.005859,0.005859,0
6.363889,-0.360000,0.140954,0.007324,0.007324,0
6.366667,-0.360000,0.129904,0.008057,0.008057,0
6.369444,-0.355000,0.031047,0.008057,0.008057,0
6.372222,-0.360000,-0.096418,0.006836,0.006836,0
6.375000,-0.375000,-0.165000,0.005371,0.005371,0
6.377778,-0.375000,-0.111418,0.003906,0.003906,0
6.380556,-0.370000,0.016047,0.002686,0.002686,0
6.383333,-0.350000,0.139904,0.001953,0.001953,0
6.386111,-0.355000,0.145954,0.001465,0.001465,0
6.388889,-0.360000,0.051303,0.001465,0.001465,0
6.391667,-0.365000,-0.080000,0.000977,0.000977,0
6.394444,-0.375000,-0.162721,0.000488,0.000488,0
6.397222,-0.370000,-0.124907,-0.000977,-0.000977,0
6.400000,-0.365000,-0.005000,-0.003174,-0.003174,0
6.402778,-0.360000,0.114907,-0.006348,-0.006348,0
6.405556,-0.355000,0.152721,-0.009766,-0.009766,0
6.408333,-0.360000,0.075000,-0.012939,-0.012939,0
6.411111,-0.360000,-0.051303,-0.015381,-0.015381,0
6.413889,-0.350000,-0.130954,-0.016357,-0.016357,0
6.416667,-0.340000,-0.109904,-0.015869,-0.015869,0
6.419444,-0.345000,-0.011047,-0.013916,-0.013916,0
6.422222,-0.345000,0.111418,-0.010742,-0.010742,0
6.425000,-0.355000,0.155000,-0.006592,-0.006592,0
6.427778,-0.360000,0.096418,-0.001953,-0.001953,0
6.430556,-0.360000,-0.026047,0.002686,0.002686,0
6.433333,-0.365000,-0.134904,0.006592,0.006592,0
6.436111,-0.345000,-0.125954,0.009521,0.009521,0
6.438889,-0.355000,-0.046303,0.010986,0.010986,0
6.441667,-0.350000,0.085000,0.010986,0.010986,0
6.444444,-0.360000,0.147721,0.009521,0.009521,0
6.447222,-0.355000,0.119907,0.007324,0.007324,0
6.450000,-0.360000,0.000000,0.005127,0.005127,0
6.452778,-0.345000,-0.099907,0.003174,0.003174,0
6.455556,-0.335000,-0.122721,0.001221,0.001221,0
6.458333,-0.330000,-0.045000,-0.000977,-0.000977,0
6.461111,-0.330000,0.081303,-0.003906,-0.003906,0
6.463889,-0.310000,0.190954,-0.007812,-0.007812,0
6.466667,-0.305000,0.184904,-0.011963,-0.011963,0
6.469444,-0.300000,0.086047,-0.015625,-0.015625,0
6.472222,-0.305000,-0.041418,-0.018066,-0.018066,0
6.475000,-0.295000,-0.085000,-0.018555,-0.018555,0
6.477778,-0.305000,-0.041418,-0.016846,-0.016846,0
6.480556,-0.285000,0.101047,-0.013916,-0.013916,0
6.483333,-0.275000,0.214904,-0.010010,-0.010010,0
6.486111,-0.265000,0.235954,-0.006836,-0.006836,0
6.488889,-0.255000,0.156303,-0.004395,-0.004395,0
6.491667,-0.255000,0.030000,-0.003418,-0.003418,0
6.494444,-0.260000,-0.047721,-0.003418,-0.003418,0
6.497222,-0.265000,-0.019907,-0.003662,-0.003662,0
6.500000,-0.255000,0.105000,-0.003174,-0.003174,0
6.502778,-0.255000,0.219907,-0.001709,-0.001709,0
6.505556,-0.260000,0.247721,0.000977,0.000977,0
6.508333,-0.280000,0.155000,0.004883,0.004883,0
6.511111,-0.290000,0.018697,0.009277,0.009277,0
6.513889,-0.280000,-0.060954,0.012939,0.012939,0
6.516667,-0.270000,-0.039904,0.015137,0.015137,0
6.519444,-0.255000,0.078953,0.015381,0.015381,0
6.522222,-0.275000,0.181418,0.013428,0.013428,0
6.525000,-0.290000,0.220000,0.010010,0.010010,0
6.527778,-0.320000,0.136418,0.006104,0.006104,0
6.530556,-0.300000,0.033953,0.002686,0.002686,0
6.533333,-0.295000,-0.064904,0.000000,0.000000,0
6.536111,-0.270000,-0.050954,-0.001709,-0.001709,0
6.538889,-0.265000,0.043697,-0.003174,-0.003174,0
6.541667,-0.270000,0.165000,-0.004639,-0.004639,0
6.544444,-0.285000,0.222721,-0.005859,-0.005859,0
6.547222,-0.300000,0.174907,-0.007324,-0.007324,0
6.550000,-0.310000,0.050000,-0.007812,-0.007812,0
6.552778,-0.315000,-0.069907,-0.007568,-0.007568,0
6.555556,-0.320000,-0.107721,-0.006592,-0.006592,0
6.558333,-0.350000,-0.065000,-0.005127,-0.005127,0
6.561111,-0.370000,0.041303,-0.004395,-0.004395,0
6.563889,-0.365000,0.135954,-0.004883,-0.004883,0
6.566667,-0.365000,0.124904,-0.006348,-0.006348,0
6.569444,-0.365000,0.021047,-0.008545,-0.008545,0
6.572222,-0.370000,-0.106418,-0.010498,-0.010498,0
6.575000,-0.370000,-0.160000,-0.010986,-0.010986,0
6.577778,-0.370000,-0.106418,-0.009766,-0.009766,0
6.580556,-0.380000,0.006047,-0.006592,-0.006592,0
6.583333,-0.360000,0.129904,-0.002197,-0.002197,0
6.586111,-0.375000,0.125954,0.002441,0.002441,0
6.588889,-0.375000,0.036303,0.006104,0.006104,0
6.591667,-0.400000,-0.115000,0.008057,0.008057,0
6.594444,-0.420000,-0.207721,0.008057,0.008057,0
6.597222,-0.405000,-0.159907,0.006348,0.006348,0
6.600000,-0.400000,-0.040000,0.003662,0.003662,0
6.602778,-0.385000,0.089907,0.001221,0.001221,0
6.605556,-0.380000,0.127721,-0.000732,-0.000732,0
6.608333,-0.400000,0.035000,-0.001953,-0.001953,0
6.611111,-0.415000,-0.106303,-0.002197,-0.002197,0
6.613889,-0.405000,-0.185954,-0.001953,-0.001953,0
6.616667,-0.395000,-0.164904,-0.001953,-0.001953,0
6.619444,-0.395000,-0.061047,-0.001953,-0.001953,0
6.622222,-0.395000,0.061418,-0.001465,-0.001465,0
6.625000,-0.410000,0.100000,0.000000,0.000000,0
6.627778,-0.430000,0.026418,0.003906,0.003906,0
6.630556,-0.440000,-0.106047,0.010010,0.010010,0
6.633333,-0.455000,-0.224904,0.018555,0.018555,0
6.636111,-0.490000,-0.270954,0.027832,0.027832,0
6.638889,-0.485000,-0.176303,0.036377,0.036377,0
6.641667,-0.520000,-0.085000,0.042969,0.042969,0
6.644444,-0.570000,-0.062279,0.047363,0.047363,0
6.647222,-0.575000,-0.100093,0.050049,0.050049,0
6.650000,-0.525000,-0.165000,0.052734,0.052734,0
6.652778,-0.420000,-0.174907,0.057129,0.057129,0
6.655556,-0.305000,-0.092721,0.063477,0.063477,0
6.658333,-0.190000,0.095000,0.072021,0.072021,0
6.661111,-0.020000,0.391303,0.081299,0.081299,0
6.663889,0.220000,0.720954,0.089844,0.089844,0
6.666667,0.485000,0.974904,0.095703,0.095703,0
6.669444,0.715000,1.101047,0.097900,0.097900,0
6.672222,0.845000,1.108582,0.096680,0.096680,0
6.675000,0.885000,1.095000,0.093018,0.093018,0
6.677778,0.790000,1.053582,0.088379,0.088379,0
6.680556,0.560000,0.946047,0.083984,0.083984,0
6.683333,0.225000,0.714904,0.081055,0.081055,0
6.686111,-0.070000,0.430954,0.079346,0.079346,0
6.688889,-0.285000,0.126303,0.078125,0.078125,0
6.691667,-0.425000,-0.140000,0.076660,0.076660,0
6.694444,-0.500000,-0.287721,0.073730,0.073730,0
6.697222,-0.550000,-0.304907,0.069336,0.069336,0
6.700000,-0.535000,-0.175000,0.064209,0.064209,0
6.702778,-0.500000,-0.025093,0.059570,0.059570,0
6.705556,-0.465000,0.042721,0.057129,0.057129,0
6.708333,-0.450000,-0.015000,0.058105,0.058105,0
6.711111,-0.450000,-0.141303,0.062012,0.062012,0
6.713889,-0.435000,-0.215954,0.067871,0.067871,0
6.716667,-0.420000,-0.189904,0.072510,0.072510,0
6.719444,-0.410000,-0.076047,0.073242,0.073242,0
6.722222,-0.410000,0.046418,0.068115,0.068115,0
6.725000,-0.415000,0.095000,0.056641,0.056641,0
6.727778,-0.420000,0.036418,0.040527,0.040527,0
6.730556,-0.425000,-0.091047,0.022217,0.022217,0
6.733333,-0.420000,-0.189904,0.005371,0.005371,0
6.736111,-0.430000,-0.210954,-0.007324,-0.007324,0
6.738889,-0.430000,-0.121303,-0.015137,-0.015137,0
6.741667,-0.440000,-0.005000,-0.018066,-0.018066,0
6.744444,-0.450000,0.057721,-0.018066,-0.018066,0
6.747222,-0.450000,0.024907,-0.017090,-0.017090,0
6.750000,-0.430000,-0.070000,-0.017090,-0.017090,0
6.752778,-0.430000,-0.184907,-0.018799,-0.018799,0
6.755556,-0.430000,-0.217721,-0.022461,-0.022461,0
6.758333,-0.445000,-0.160000,-0.027100,-0.027100,0
6.761111,-0.445000,-0.033697,-0.031982,-0.031982,0
6.763889,-0.440000,0.060954,-0.036621,-0.036621,0
6.766667,-0.425000,0.064904,-0.040527,-0.040527,0
6.769444,-0.430000,-0.043953,-0.044434,-0.044434,0
6.772222,-0.430000,-0.166418,-0.048584,-0.048584,0
6.775000,-0.425000,-0.215000,-0.052734,-0.052734,0
6.777778,-0.445000,-0.181418,-0.056641,-0.056641,0
6.780556,-0.445000,-0.058953,-0.058594,-0.058594,0
6.783333,-0.430000,0.059904,-0.058105,-0.058105,0
6.786111,-0.435000,0.065954,-0.054688,-0.054688,0
6.788889,-0.435000,-0.023697,-0.049561,-0.049561,0
6.791667,-0.445000,-0.160000,-0.045166,-0.045166,0
6.794444,-0.445000,-0.232721,-0.044434,-0.044434,0
6.797222,-0.435000,-0.189907,-0.049072,-0.049072,0
6.800000,-0.430000,-0.070000,-0.060059,-0.060059,0
6.802778,-0.425000,0.049907,-0.076172,-0.076172,0
6.805556,-0.430000,0.077721,-0.094482,-0.094482,0
6.808333,-0.430000,0.005000,-0.112793,-0.112793,0
6.811111,-0.440000,-0.131303,-0.129883,-0.129883,0
6.813889,-0.420000,-0.200954,-0.145996,-0.145996,0
6.816667,-0.430000,-0.199904,-0.162598,-0.162598,0
6.819444,-0.425000,-0.091047,-0.179199,-0.179199,0
6.822222,-0.430000,0.026418,-0.191650,-0.191650,0
6.825000,-0.440000,0.070000,-0.189697,-0.189697,0
6.827778,-0.440000,0.016418,-0.158447,-0.158447,0
6.830556,-0.430000,-0.096047,-0.081299,-0.081299,0
6.833333,-0.430000,-0.199904,0.053711,0.053711,0
6.836111,-0.415000,-0.195954,0.247314,0.247314,0
6.838889,-0.425000,-0.116303,0.486084,0.486084,0
6.841667,-0.430000,0.005000,0.740479,0.740479,0
6.844444,-0.455000,0.052721,0.970703,0.970703,0
6.847222,-0.445000,0.029907,1.134766,1.134766,0
6.850000,-0.445000,-0.085000,1.199219,1.199219,1
6.852778,-0.430000,-0.184907,1.148438,1.148438,0
6.855556,-0.430000,-0.217721,0.989258,0.989258,0
6.858333,-0.440000,-0.155000,0.750488,0.750488,0
6.861111,-0.440000,-0.028697,0.475098,0.475098,0
6.863889,-0.435000,0.065954,0.210205,0.210205,0
6.866667,-0.430000,0.059904,-0.004639,-0.004639,0
6.869444,-0.415000,-0.028953,-0.146729,-0.146729,0
6.872222,-0.415000,-0.151418,-0.212402,-0.212402,0
6.875000,-0.425000,-0.215000,-0.215576,-0.215576,0
6.877778,-0.425000,-0.161418,-0.180664,-0.180664,0
6.880556,-0.420000,-0.033953,-0.133789,-0.133789,0
6.883333,-0.405000,0.084904,-0.094238,-0.094238,0
6.886111,-0.405000,0.095954,-0.072266,-0.072266,0
6.888889,-0.415000,-0.003697,-0.067383,-0.067383,0
6.891667,-0.415000,-0.130000,-0.072266,-0.072266,0
6.894444,-0.425000,-0.212721,-0.078369,-0.078369,0
6.897222,-0.430000,-0.184907,-0.079590,-0.079590,0
6.900000,-0.405000,-0.045000,-0.074463,-0.074463,0
6.902778,-0.405000,0.069907,-0.065674,-0.065674,0
6.905556,-0.405000,0.102721,-0.058350,-0.058350,0
6.908333,-0.405000,0.030000,-0.056396,-0.056396,0
6.911111,-0.430000,-0.121303,-0.061279,-0.061279,0
6.913889,-0.415000,-0.195954,-0.071289,-0.071289,0
6.916667,-0.410000,-0.179904,-0.082031,-0.082031,0
6.919444,-0.415000,-0.081047,-0.090332,-0.090332,0
6.922222,-0.430000,0.026418,-0.092773,-0.092773,0
6.925000,-0.445000,0.065000,-0.089844,-0.089844,0
6.927778,-0.465000,-0.008582,-0.083252,-0.083252,0
6.930556,-0.460000,-0.126047,-0.075928,-0.075928,0
6.933333,-0.450000,-0.219904,-0.070801,-0.070801,0
6.936111,-0.455000,-0.235954,-0.068848,-0.068848,0
6.938889,-0.460000,-0.151303,-0.070068,-0.070068,0
6.941667,-0.465000,-0.030000,-0.072998,-0.072998,0
6.944444,-0.485000,0.022721,-0.075195,-0.075195,0
6.947222,-0.495000,-0.020093,-0.075439,-0.075439,0
6.950000,-0.475000,-0.115000,-0.073730,-0.073730,0
6.952778,-0.490000,-0.244907,-0.070801,-0.070801,0
6.955556,-0.500000,-0.287721,-0.068115,-0.068115,0
6.958333,-0.495000,-0.210000,-0.067383,-0.067383,0
6.961111,-0.515000,-0.103697,-0.068604,-0.068604,0
6.963889,-0.500000,0.000954,-0.071533,-0.071533,0
6.966667,-0.485000,0.004904,-0.074219,-0.074219,0
6.969444,-0.490000,-0.103953,-0.075195,-0.075195,0
6.972222,-0.485000,-0.221418,-0.073486,-0.073486,0
6.975000,-0.500000,-0.290000,-0.069580,-0.069580,0
6.977778,-0.500000,-0.236418,-0.064453,-0.064453,0
6.980556,-0.490000,-0.103953,-0.059814,-0.059814,0
6.983333,-0.480000,0.009904,-0.057129,-0.057129,0
6.986111,-0.460000,0.040954,-0.056885,-0.056885,0
6.988889,-0.460000,-0.048697,-0.058350,-0.058350,0
6.991667,-0.470000,-0.185000,-0.060791,-0.060791,0
6.994444,-0.465000,-0.252721,-0.062744,-0.062744,0
6.997222,-0.440000,-0.194907,-0.063232,-0.063232,0
7.000000,-0.430000,-0.070000,-0.062256,-0.062256,0
7.002778,-0.425000,0.049907,-0.060059,-0.060059,0
7.005556,-0.410000,0.097721,-0.057861,-0.057861,0
7.008333,-0.410000,0.025000,-0.056396,-0.056396,0
7.011111,-0.400000,-0.091303,-0.056152,-0.056152,0
7.013889,-0.390000,-0.170954,-0.057617,-0.057617,0
7.016667,-0.380000,-0.149904,-0.060303,-0.060303,0
7.019444,-0.355000,-0.021047,-0.063477,-0.063477,0
7.022222,-0.350000,0.106418,-0.066162,-0.066162,0
7.025000,-0.355000,0.155000,-0.067871,-0.067871,0
7.027778,-0.350000,0.106418,-0.068115,-0.068115,0
7.030556,-0.340000,-0.006047,-0.066650,-0.066650,0
7.033333,-0.330000,-0.099904,-0.063721,-0.063721,0
7.036111,-0.325000,-0.105954,-0.060059,-0.060059,0
7.038889,-0.305000,0.003697,-0.056396,-0.056396,0
7.041667,-0.320000,0.115000,-0.053223,-0.053223,0
7.044444,-0.315000,0.192721,-0.050537,-0.050537,0
7.047222,-0.305000,0.169907,-0.048096,-0.048096,0
7.050000,-0.300000,0.060000,-0.045410,-0.045410,0
7.052778,-0.305000,-0.059907,-0.042725,-0.042725,0
7.055556,-0.305000,-0.092721,-0.040039,-0.040039,0
7.058333,-0.310000,-0.025000,-0.038330,-0.038330,0
7.061111,-0.330000,0.081303,-0.037598,-0.037598,0
7.063889,-0.310000,0.190954,-0.038330,-0.038330,0
7.066667,-0.315000,0.174904,-0.040039,-0.040039,0
7.069444,-0.315000,0.071047,-0.041504,-0.041504,0
7.072222,-0.320000,-0.056418,-0.042236,-0.042236,0
7.075000,-0.325000,-0.115000,-0.041260,-0.041260,0
7.077778,-0.325000,-0.061418,-0.039062,-0.039062,0
7.080556,-0.325000,0.061047,-0.036133,-0.036133,0
7.083333,-0.310000,0.179904,-0.033691,-0.033691,0
7.086111,-0.310000,0.190954,-0.033203,-0.033203,0
7.088889,-0.315000,0.096303,-0.035156,-0.035156,0
7.091667,-0.325000,-0.040000,-0.040039,-0.040039,0
7.094444,-0.330000,-0.117721,-0.047363,-0.047363,0
7.097222,-0.325000,-0.079907,-0.055908,-0.055908,0
7.100000,-0.325000,0.035000,-0.064453,-0.064453,0
7.102778,-0.315000,0.159907,-0.072021,-0.072021,0
7.105556,-0.320000,0.187721,-0.078125,-0.078125,0
7.108333,-0.330000,0.105000,-0.082520,-0.082520,0
7.111111,-0.335000,-0.026303,-0.085693,-0.085693,0
7.113889,-0.330000,-0.110954,-0.088623,-0.088623,0
7.116667,-0.315000,-0.084904,-0.092529,-0.092529,0
7.119444,-0.320000,0.013953,-0.097900,-0.097900,0
7.122222,-0.320000,0.136418,-0.104736,-0.104736,0
7.125000,-0.335000,0.175000,-0.112305,-0.112305,0
7.127778,-0.335000,0.121418,-0.119141,-0.119141,0
7.130556,-0.325000,0.008953,-0.124268,-0.124268,0
7.133333,-0.325000,-0.094904,-0.126953,-0.126953,0
7.136111,-0.320000,-0.100954,-0.127441,-0.127441,0
7.138889,-0.320000,-0.011303,-0.126465,-0.126465,0
7.141667,-0.325000,0.110000,-0.124756,-0.124756,0
7.144444,-0.350000,0.157721,-0.123291,-0.123291,0
7.147222,-0.345000,0.129907,-0.122559,-0.122559,0
7.150000,-0.345000,0.015000,-0.121582,-0.121582,0
7.152778,-0.335000,-0.089907,-0.120117,-0.120117,0
7.155556,-0.345000,-0.132721,-0.117676,-0.117676,0
7.158333,-0.355000,-0.070000,-0.113770,-0.113770,0
7.161111,-0.355000,0.056303,-0.108643,-0.108643,0
7.163889,-0.355000,0.145954,-0.102051,-0.102051,0
7.166667,-0.345000,0.144904,-0.094727,-0.094727,0
7.169444,-0.335000,0.051047,-0.087158,-0.087158,0
7.172222,-0.335000,-0.071418,-0.079102,-0.079102,0
7.175000,-0.345000,-0.135000,-0.071045,-0.071045,0
7.177778,-0.355000,-0.091418,-0.062744,-0.062744,0
7.180556,-0.340000,0.046047,-0.053955,-0.053955,0
7.183333,-0.335000,0.154904,-0.044678,-0.044678,0
7.186111,-0.330000,0.170954,-0.034912,-0.034912,0
7.188889,-0.335000,0.076303,-0.024658,-0.024658,0
7.191667,-0.345000,-0.060000,-0.014648,-0.014648,0
7.194444,-0.350000,-0.137721,-0.005127,-0.005127,0
7.197222,-0.350000,-0.104907,0.003662,0.003662,0
7.200000,-0.340000,0.020000,0.011475,0.011475,0
7.202778,-0.335000,0.139907,0.018066,0.018066,0
7.205556,-0.330000,0.177721,0.023926,0.023926,0
7.208333,-0.360000,0.075000,0.029541,0.029541,0
7.211111,-0.355000,-0.046303,0.035400,0.035400,0
7.213889,-0.345000,-0.125954,0.041260,0.041260,0
7.216667,-0.335000,-0.104904,0.047119,0.047119,0
7.219444,-0.345000,-0.011047,0.052246,0.052246,0
7.222222,-0.350000,0.106418,0.055664,0.055664,0
7.225000,-0.360000,0.150000,0.057129,0.057129,0
7.227778,-0.380000,0.076418,0.056641,0.056641,0
7.230556,-0.370000,-0.036047,0.054688,0.054688,0
7.233333,-0.345000,-0.114904,0.051758,0.051758,0
7.236111,-0.345000,-0.125954,0.048340,0.048340,0
7.238889,-0.350000,-0.041303,0.044922,0.044922,0
7.241667,-0.355000,0.080000,0.041748,0.041748,0
7.244444,-0.365000,0.142721,0.039551,0.039551,0
7.247222,-0.360000,0.114907,0.038330,0.038330,0
7.250000,-0.345000,0.015000,0.038330,0.038330,0
7.252778,-0.345000,-0.099907,0.039062,0.039062,0
7.255556,-0.350000,-0.137721,0.040283,0.040283,0
7.258333,-0.360000,-0.075000,0.041016,0.041016,0
7.261111,-0.360000,0.051303,0.041016,0.041016,0
7.263889,-0.350000,0.150954,0.040039,0.040039,0
7.266667,-0.355000,0.134904,0.038330,0.038330,0
7.269444,-0.340000,0.046047,0.036133,0.036133,0
7.272222,-0.345000,-0.081418,0.034180,0.034180,0
7.275000,-0.355000,-0.145000,0.032959,0.032959,0
7.277778,-0.355000,-0.091418,0.032227,0.032227,0
7.280556,-0.355000,0.031047,0.032227,0.032227,0
7.283333,-0.340000,0.149904,0.032227,0.032227,0
7.286111,-0.340000,0.160954,0.032227,0.032227,0
7.288889,-0.345000,0.066303,0.031738,0.031738,0
7.291667,-0.365000,-0.080000,0.031006,0.031006,0
7.294444,-0.370000,-0.157721,0.030273,0.030273,0
7.297222,-0.350000,-0.104907,0.030029,0.030029,0
7.300000,-0.330000,0.030000,0.030029,0.030029,0
7.302778,-0.320000,0.154907,0.030273,0.030273,0
7.305556,-0.315000,0.192721,0.030518,0.030518,0
7.308333,-0.295000,0.140000,0.030762,0.030762,0
7.311111,-0.305000,0.003697,0.030518,0.030518,0
7.313889,-0.295000,-0.075954,0.029297,0.029297,0
7.316667,-0.300000,-0.069904,0.026855,0.026855,0
7.319444,-0.285000,0.048953,0.023193,0.023193,0
7.322222,-0.275000,0.181418,0.018555,0.018555,0
7.325000,-0.260000,0.250000,0.013672,0.013672,0
7.327778,-0.275000,0.181418,0.009277,0.009277,0
7.330556,-0.265000,0.068953,0.006348,0.006348,0
7.333333,-0.260000,-0.029904,0.004883,0.004883,0
7.336111,-0.250000,-0.030954,0.005127,0.005127,0
7.338889,-0.245000,0.063697,0.006348,0.006348,0
7.341667,-0.255000,0.180000,0.008057,0.008057,0
7.344444,-0.265000,0.242721,0.009766,0.009766,0
7.347222,-0.260000,0.214907,0.011475,0.011475,0
7.350000,-0.260000,0.100000,0.012939,0.012939,0
7.352778,-0.250000,-0.004907,0.014404,0.014404,0
7.355556,-0.260000,-0.047721,0.015869,0.015869,0
7.358333,-0.280000,0.005000,0.016602,0.016602,0
7.361111,-0.280000,0.131303,0.016602,0.016602,0
7.363889,-0.275000,0.225954,0.015869,0.015869,0
7.366667,-0.285000,0.204904,0.014404,0.014404,0
7.369444,-0.280000,0.106047,0.012939,0.012939,0
7.372222,-0.255000,0.008582,0.011719,0.011719,0
7.375000,-0.245000,-0.035000,0.011230,0.011230,0
7.377778,-0.245000,0.018582,0.011230,0.011230,0
7.380556,-0.260000,0.126047,0.011719,0.011719,0
7.383333,-0.285000,0.204904,0.011963,0.011963,0
7.386111,-0.290000,0.210954,0.011475,0.011475,0
7.388889,-0.300000,0.111303,0.010254,0.010254,0
7.391667,-0.320000,-0.035000,0.008057,0.008057,0
7.394444,-0.335000,-0.122721,0.004883,0.004883,0
7.397222,-0.355000,-0.109907,0.001709,0.001709,0
7.400000,-0.350000,0.010000,-0.001465,-0.001465,0
7.402778,-0.355000,0.119907,-0.004150,-0.004150,0
7.405556,-0.355000,0.152721,-0.005615,-0.005615,0
7.408333,-0.375000,0.060000,-0.005859,-0.005859,0
7.411111,-0.385000,-0.076303,-0.004639,-0.004639,0
7.413889,-0.380000,-0.160954,-0.002441,-0.002441,0
7.416667,-0.360000,-0.129904,0.000000,0.000000,0
7.419444,-0.350000,-0.016047,0.002197,0.002197,0
7.422222,-0.360000,0.096418,0.003174,0.003174,0
7.425000,-0.365000,0.145000,0.003174,0.003174,0
7.427778,-0.370000,0.086418,0.001953,0.001953,0
7.430556,-0.370000,-0.036047,0.000244,0.000244,0
7.433333,-0.365000,-0.134904,-0.001221,-0.001221,0
7.436111,-0.360000,-0.140954,-0.001709,-0.001709,0
7.438889,-0.365000,-0.056303,-0.000977,-0.000977,0
7.441667,-0.370000,0.065000,0.000488,0.000488,0
7.444444,-0.385000,0.122721,0.002686,0.002686,0
7.447222,-0.385000,0.089907,0.004883,0.004883,0
7.450000,-0.365000,-0.005000,0.006348,0.006348,0
7.452778,-0.360000,-0.114907,0.006836,0.006836,0
7.455556,-0.380000,-0.167721,0.005859,0.005859,0
7.458333,-0.385000,-0.100000,0.003418,0.003418,0
7.461111,-0.395000,0.016303,0.000244,0.000244,0
7.463889,-0.395000,0.105954,-0.002197,-0.002197,0
7.466667,-0.385000,0.104904,-0.003174,-0.003174,0
7.469444,-0.380000,0.006047,-0.001465,-0.001465,0
7.472222,-0.395000,-0.131418,0.003662,0.003662,0
7.475000,-0.425000,-0.215000,0.011475,0.011475,0
7.477778,-0.465000,-0.201418,0.020996,0.020996,0
7.480556,-0.500000,-0.113953,0.031006,0.031006,0
7.483333,-0.515000,-0.025096,0.040527,0.040527,0
7.486111,-0.530000,-0.029046,0.048584,0.048584,0
7.488889,-0.560000,-0.148697,0.055664,0.055664,0
7.491667,-0.585000,-0.300000,0.061523,0.061523,0
7.494444,-0.530000,-0.317721,0.066895,0.066895,0
7.497222,-0.410000,-0.164907,0.072021,0.072021,0
7.500000,-0.255000,0.105000,0.077148,0.077148,0
7.502778,-0.105000,0.369907,0.082031,0.082031,0
7.505556,0.105000,0.612721,0.086426,0.086426,0
7.508333,0.355000,0.790000,0.090332,0.090332,0
7.511111,0.600000,0.908697,0.093750,0.093750,0
7.513889,0.810000,1.029046,0.096680,0.096680,0
7.516667,0.890000,1.120096,0.098633,0.098633,0
7.519444,0.830000,1.163953,0.098877,0.098877,0
7.522222,0.580000,1.036418,0.097412,0.097412,0
7.525000,0.185000,0.695000,0.093506,0.093506,0
7.527778,-0.205000,0.251418,0.088135,0.088135,0
7.530556,-0.450000,-0.116047,0.082275,0.082275,0
7.533333,-0.525000,-0.294904,0.076904,0.076904,0
7.536111,-0.495000,-0.275954,0.073486,0.073486,0
7.538889,-0.465000,-0.156303,0.072754,0.072754,0
7.541667,-0.435000,0.000000,0.074707,0.074707,0
7.544444,-0.415000,0.092721,0.079102,0.079102,0
7.547222,-0.415000,0.059907,0.084717,0.084717,0
7.550000,-0.415000,-0.055000,0.089844,0.089844,0
7.552778,-0.400000,-0.154907,0.092529,0.092529,0
7.555556,-0.395000,-0.182721,0.090820,0.090820,0
7.558333,-0.405000,-0.120000,0.084229,0.084229,0
7.561111,-0.425000,-0.013697,0.072266,0.072266,0
7.563889,-0.435000,0.065954,0.056152,0.056152,0
7.566667,-0.415000,0.074904,0.038086,0.038086,0
7.569444,-0.415000,-0.028953,0.020264,0.020264,0
7.572222,-0.415000,-0.151418,0.005127,0.005127,0
7.575000,-0.415000,-0.205000,-0.006104,-0.006104,0
7.577778,-0.430000,-0.166418,-0.012695,-0.012695,0
7.580556,-0.420000,-0.033953,-0.015625,-0.015625,0
7.583333,-0.410000,0.079904,-0.016357,-0.016357,0
7.586111,-0.405000,0.095954,-0.016357,-0.016357,0
7.588889,-0.420000,-0.008697,-0.017090,-0.017090,0
7.591667,-0.410000,-0.125000,-0.018799,-0.018799,0
7.594444,-0.420000,-0.207721,-0.020752,-0.020752,0
7.597222,-0.400000,-0.154907,-0.021973,-0.021973,0
7.600000,-0.395000,-0.035000,-0.021729,-0.021729,0
7.602778,-0.385000,0.089907,-0.019287,-0.019287,0
7.605556,-0.400000,0.107721,-0.015869,-0.015869,0
7.608333,-0.400000,0.035000,-0.012695,-0.012695,0
7.611111,-0.400000,-0.091303,-0.011963,-0.011963,0
7.613889,-0.400000,-0.180954,-0.014648,-0.014648,0
7.616667,-0.395000,-0.164904,-0.020996,-0.020996,0
7.619444,-0.400000,-0.066047,-0.029053,-0.029053,0
7.622222,-0.400000,0.056418,-0.036621,-0.036621,0
7.625000,-0.400000,0.110000,-0.040283,-0.040283,0
7.627778,-0.410000,0.046418,-0.038574,-0.038574,0
7.630556,-0.395000,-0.061047,-0.032715,-0.032715,0
7.633333,-0.410000,-0.179904,-0.025391,-0.025391,0
7.636111,-0.400000,-0.180954,-0.021240,-0.021240,0
7.638889,-0.395000,-0.086303,-0.023926,-0.023926,0
7.641667,-0.405000,0.030000,-0.034668,-0.034668,0
7.644444,-0.410000,0.097721,-0.052246,-0.052246,0
7.647222,-0.415000,0.059907,-0.072266,-0.072266,0
7.650000,-0.405000,-0.045000,-0.090820,-0.090820,0
7.652778,-0.400000,-0.154907,-0.106689,-0.106689,0
7.655556,-0.395000,-0.182721,-0.120850,-0.120850,0
7.658333,-0.405000,-0.120000,-0.138184,-0.138184,0
7.661111,-0.415000,-0.003697,-0.161621,-0.161621,0
7.663889,-0.405000,0.095954,-0.189697,-0.189697,0
7.666667,-0.415000,0.074904,-0.213135,-0.213135,0
7.669444,-0.410000,-0.023953,-0.213623,-0.213623,0
7.672222,-0.405000,-0.141418,-0.168945,-0.168945,0
7.675000,-0.405000,-0.195000,-0.059814,-0.059814,0
7.677778,-0.410000,-0.146418,0.122070,0.122070,0
7.680556,-0.405000,-0.018953,0.366455,0.366455,0
7.683333,-0.400000,0.089904,0.642090,0.642090,0
7.686111,-0.395000,0.105954,0.902832,0.902832,0
7.688889,-0.405000,0.006303,1.096924,1.096924,0
7.691667,-0.405000,-0.120000,1.181152,1.181152,1
7.694444,-0.400000,-0.187721,1.134277,1.134277,0
7.697222,-0.395000,-0.149907,0.962646,0.962646,0
7.700000,-0.390000,-0.030000,0.701660,0.701660,0
7.702778,-0.395000,0.079907,0.404297,0.404297,0
7.705556,-0.390000,0.117721,0.128418,0.128418,0
7.708333,-0.395000,0.040000,-0.079590,-0.079590,0
7.711111,-0.420000,-0.111303,-0.195068,-0.195068,0
7.713889,-0.415000,-0.195954,-0.220459,-0.220459,0
7.716667,-0.405000,-0.174904,-0.180176,-0.180176,0
7.719444,-0.400000,-0.066047,-0.109863,-0.109863,0
7.722222,-0.400000,0.056418,-0.044434,-0.044434,0
7.725000,-0.415000,0.095000,-0.007324,-0.007324,0
7.727778,-0.420000,0.036418,-0.004639,-0.004639,0
7.730556,-0.410000,-0.076047,-0.028809,-0.028809,0
7.733333,-0.395000,-0.164904,-0.063232,-0.063232,0
7.736111,-0.400000,-0.180954,-0.090820,-0.090820,0
7.738889,-0.405000,-0.096303,-0.101807,-0.101807,0
7.741667,-0.415000,0.020000,-0.094238,-0.094238,0
7.744444,-0.435000,0.072721,-0.075439,-0.075439,0
7.747222,-0.415000,0.059907,-0.055420,-0.055420,0
7.750000,-0.415000,-0.055000,-0.043213,-0.043213,0
7.752778,-0.400000,-0.154907,-0.042969,-0.042969,0
7.755556,-0.405000,-0.192721,-0.052490,-0.052490,0
7.758333,-0.420000,-0.135000,-0.065674,-0.065674,0
7.761111,-0.430000,-0.018697,-0.075684,-0.075684,0
7.763889,-0.425000,0.075954,-0.077393,-0.077393,0
7.766667,-0.410000,0.079904,-0.070068,-0.070068,0
7.769444,-0.410000,-0.023953,-0.056396,-0.056396,0
7.772222,-0.405000,-0.141418,-0.041992,-0.041992,0
7.775000,-0.415000,-0.205000,-0.031982,-0.031982,0
7.777778,-0.425000,-0.161418,-0.028564,-0.028564,0
7.780556,-0.425000,-0.038953,-0.031738,-0.031738,0
7.783333,-0.420000,0.069904,-0.038574,-0.038574,0
7.786111,-0.410000,0.090954,-0.044922,-0.044922,0
7.788889,-0.410000,0.001303,-0.048096,-0.048096,0
7.791667,-0.420000,-0.135000,-0.046875,-0.046875,0
7.794444,-0.430000,-0.217721,-0.042236,-0.042236,0
7.797222,-0.425000,-0.179907,-0.036865,-0.036865,0
7.800000,-0.420000,-0.060000,-0.033203,-0.033203,0
7.802778,-0.405000,0.069907,-0.032959,-0.032959,0
7.805556,-0.415000,0.092721,-0.035889,-0.035889,0
7.808333,-0.410000,0.025000,-0.040283,-0.040283,0
7.811111,-0.410000,-0.101303,-0.044434,-0.044434,0
7.813889,-0.385000,-0.165954,-0.046143,-0.046143,0
7.816667,-0.370000,-0.139904,-0.045166,-0.045166,0
7.819444,-0.360000,-0.026047,-0.042725,-0.042725,0
7.822222,-0.350000,0.106418,-0.039795,-0.039795,0
7.825000,-0.350000,0.160000,-0.037842,-0.037842,0
7.827778,-0.350000,0.106418,-0.037598,-0.037598,0
7.830556,-0.335000,-0.001047,-0.038818,-0.038818,0
7.833333,-0.320000,-0.089904,-0.040771,-0.040771,0
7.836111,-0.305000,-0.085954,-0.042725,-0.042725,0
7.838889,-0.315000,-0.006303,-0.043945,-0.043945,0
7.841667,-0.315000,0.120000,-0.044189,-0.044189,0
7.844444,-0.320000,0.187721,-0.043457,-0.043457,0
7.847222,-0.305000,0.169907,-0.042480,-0.042480,0
7.850000,-0.305000,0.055000,-0.041016,-0.041016,0
7.852778,-0.295000,-0.049907,-0.039795,-0.039795,0
7.855556,-0.290000,-0.077721,-0.038574,-0.038574,0
7.858333,-0.295000,-0.010000,-0.037598,-0.037598,0
7.861111,-0.295000,0.116303,-0.036621,-0.036621,0
7.863889,-0.285000,0.215954,-0.035156,-0.035156,0
7.866667,-0.285000,0.204904,-0.033447,-0.033447,0
7.869444,-0.270000,0.116047,-0.031006,-0.031006,0
7.872222,-0.280000,-0.016418,-0.028564,-0.028564,0
7.875000,-0.280000,-0.070000,-0.026611,-0.026611,0
7.877778,-0.295000,-0.031418,-0.026123,-0.026123,0
7.880556,-0.280000,0.106047,-0.027344,-0.027344,0
7.883333,-0.285000,0.204904,-0.030029,-0.030029,0
7.886111,-0.275000,0.225954,-0.033691,-0.033691,0
7.888889,-0.285000,0.126303,-0.037598,-0.037598,0
7.891667,-0.295000,-0.010000,-0.040771,-0.040771,0
7.894444,-0.305000,-0.092721,-0.042236,-0.042236,0
7.897222,-0.295000,-0.049907,-0.042236,-0.042236,0
7.900000,-0.285000,0.075000,-0.041016,-0.041016,0
7.902778,-0.285000,0.189907,-0.039551,-0.039551,0
7.905556,-0.290000,0.217721,-0.038574,-0.038574,0
7.908333,-0.300000,0.135000,-0.038574,-0.038574,0
7.911111,-0.310000,-0.001303,-0.039795,-0.039795,0
7.913889,-0.295000,-0.075954,-0.041748,-0.041748,0
7.916667,-0.300000,-0.069904,-0.044189,-0.044189,0
7.919444,-0.290000,0.043953,-0.046631,-0.046631,0
7.922222,-0.285000,0.171418,-0.048584,-0.048584,0
7.925000,-0.305000,0.205000,-0.049805,-0.049805,0
7.927778,-0.310000,0.146418,-0.050293,-0.050293,0
7.930556,-0.300000,0.033953,-0.050293,-0.050293,0
7.933333,-0.295000,-0.064904,-0.049805,-0.049805,0
7.936111,-0.305000,-0.085954,-0.049561,-0.049561,0
7.938889,-0.300000,0.008697,-0.049561,-0.049561,0
7.941667,-0.305000,0.130000,-0.050293,-0.050293,0
7.944444,-0.320000,0.187721,-0.051270,-0.051270,0
7.947222,-0.320000,0.154907,-0.052246,-0.052246,0
7.950000,-0.310000,0.050000,-0.052979,-0.052979,0
7.952778,-0.300000,-0.054907,-0.053223,-0.053223,0
7.955556,-0.310000,-0.097721,-0.052979,-0.052979,0
7.958333,-0.320000,-0.035000,-0.052979,-0.052979,0
7.961111,-0.340000,0.071303,-0.053711,-0.053711,0
7.963889,-0.330000,0.170954,-0.054932,-0.054932,0
7.966667,-0.310000,0.179904,-0.056641,-0.056641,0
7.969444,-0.315000,0.071047,-0.058594,-0.058594,0
7.972222,-0.325000,-0.061418,-0.060059,-0.060059,0
7.975000,-0.325000,-0.115000,-0.060059,-0.060059,0
7.977778,-0.345000,-0.081418,-0.058350,-0.058350,0
7.980556,-0.330000,0.056047,-0.054688,-0.054688,0
7.983333,-0.320000,0.169904,-0.049072,-0.049072,0
7.986111,-0.320000,0.180954,-0.041748,-0.041748,0
7.988889,-0.335000,0.076303,-0.032715,-0.032715,0
7.991667,-0.335000,-0.050000,-0.022705,-0.022705,0
7.994444,-0.355000,-0.142721,-0.011963,-0.011963,0
7.997222,-0.340000,-0.094907,-0.001221,-0.001221,0
8.000000,-0.320000,0.040000,0.008789,0.008789,0
8.002778,-0.315000,0.159907,0.017334,0.017334,0
8.005556,-0.330000,0.177721,0.024658,0.024658,0
8.008333,-0.340000,0.095000,0.030518,0.030518,0
8.011111,-0.340000,-0.031303,0.035400,0.035400,0
8.013889,-0.350000,-0.130954,0.039551,0.039551,0
8.016667,-0.330000,-0.099904,0.043213,0.043213,0
8.019444,-0.330000,0.003953,0.046143,0.046143,0
8.022222,-0.340000,0.116418,0.048828,0.048828,0
8.025000,-0.350000,0.160000,0.051270,0.051270,0
8.027778,-0.355000,0.101418,0.053955,0.053955,0
8.030556,-0.345000,-0.011047,0.057129,0.057129,0
8.033333,-0.335000,-0.104904,0.060791,0.060791,0
8.036111,-0.335000,-0.115954,0.064697,0.064697,0
8.038889,-0.340000,-0.031303,0.068359,0.068359,0
8.041667,-0.340000,0.095000,0.071289,0.071289,0
8.044444,-0.345000,0.162721,0.073242,0.073242,0
8.047222,-0.335000,0.139907,0.073975,0.073975,0
8.050000,-0.335000,0.025000,0.073730,0.073730,0
8.052778,-0.325000,-0.079907,0.072754,0.072754,0
8.055556,-0.325000,-0.112721,0.071045,0.071045,0
8.058333,-0.335000,-0.050000,0.069092,0.069092,0
8.061111,-0.340000,0.071303,0.067139,0.067139,0
8.063889,-0.340000,0.160954,0.065186,0.065186,0
8.066667,-0.320000,0.169904,0.063477,0.063477,0
8.069444,-0.315000,0.071047,0.062012,0.062012,0
8.072222,-0.320000,-0.056418,0.061035,0.061035,0
8.075000,-0.335000,-0.125000,0.060059,0.060059,0
8.077778,-0.335000,-0.071418,0.059082,0.059082,0
8.080556,-0.320000,0.066047,0.057861,0.057861,0
8.083333,-0.325000,0.164904,0.056641,0.056641,0
8.086111,-0.315000,0.185954,0.055420,0.055420,0
8.088889,-0.320000,0.091303,0.054443,0.054443,0
8.091667,-0.320000,-0.035000,0.054199,0.054199,0
8.094444,-0.345000,-0.132721,0.054199,0.054199,0
8.097222,-0.335000,-0.089907,0.054688,0.054688,0
8.100000,-0.320000,0.040000,0.054443,0.054443,0
8.102778,-0.310000,0.164907,0.053711,0.053711,0
8.105556,-0.320000,0.187721,0.052246,0.052246,0
8.108333,-0.320000,0.115000,0.050049,0.050049,0
8.111111,-0.340000,-0.031303,0.047852,0.047852,0
8.113889,-0.330000,-0.110954,0.045898,0.045898,0
8.116667,-0.320000,-0.089904,0.044189,0.044189,0
8.119444,-0.310000,0.023953,0.042969,0.042969,0
8.122222,-0.310000,0.146418,0.041748,0.041748,0
8.125000,-0.310000,0.200000,0.040039,0.040039,0
8.127778,-0.295000,0.161418,0.037842,0.037842,0
8.130556,-0.280000,0.053953,0.035645,0.035645,0
8.133333,-0.255000,-0.024904,0.033203,0.033203,0
8.136111,-0.250000,-0.030954,0.031250,0.031250,0
8.138889,-0.250000,0.058697,0.029541,0.029541,0
8.141667,-0.255000,0.180000,0.028076,0.028076,0
8.144444,-0.260000,0.247721,0.027100,0.027100,0
8.147222,-0.240000,0.234907,0.026611,0.026611,0
8.150000,-0.220000,0.140000,0.026123,0.026123,0
8.152778,-0.230000,0.015093,0.025391,0.025391,0
8.155556,-0.230000,-0.017721,0.024170,0.024170,0
8.158333,-0.215000,0.070000,0.022217,0.022217,0
8.161111,-0.220000,0.191303,0.020020,0.020020,0
8.163889,-0.225000,0.275954,0.018066,0.018066,0
8.166667,-0.230000,0.259904,0.016357,0.016357,0
8.169444,-0.230000,0.156047,0.016113,0.016113,0
8.172222,-0.235000,0.028582,0.016846,0.016846,0
8.175000,-0.245000,-0.035000,0.018311,0.018311,0
8.177778,-0.255000,0.008582,0.019775,0.019775,0
8.180556,-0.240000,0.146047,0.020752,0.020752,0
8.183333,-0.235000,0.254904,0.020264,0.020264,0
8.186111,-0.245000,0.255954,0.018311,0.018311,0
8.188889,-0.235000,0.176303,0.015625,0.015625,0
8.191667,-0.230000,0.055000,0.012695,0.012695,0
8.194444,-0.220000,-0.007721,0.010010,0.010010,0
8.197222,-0.195000,0.050093,0.008301,0.008301,0
8.200000,-0.220000,0.140000,0.007324,0.007324,0
8.202778,-0.245000,0.229907,0.007080,0.007080,0
8.205556,-0.260000,0.247721,0.007324,0.007324,0
8.208333,-0.270000,0.165000,0.007812,0.007812,0
8.211111,-0.290000,0.018697,0.008545,0.008545,0
8.213889,-0.300000,-0.080954,0.010010,0.010010,0
8.216667,-0.305000,-0.074904,0.011475,0.011475,0
8.219444,-0.305000,0.028953,0.013184,0.013184,0
8.222222,-0.320000,0.136418,0.014893,0.014893,0
8.225000,-0.330000,0.180000,0.016113,0.016113,0
8.227778,-0.350000,0.106418,0.016846,0.016846,0
8.230556,-0.350000,-0.016047,0.017578,0.017578,0
8.233333,-0.335000,-0.104904,0.018066,0.018066,0
8.236111,-0.335000,-0.115954,0.018799,0.018799,0
8.238889,-0.335000,-0.026303,0.019531,0.019531,0
8.241667,-0.340000,0.095000,0.020508,0.020508,0
8.244444,-0.350000,0.157721,0.021729,0.021729,0
8.247222,-0.350000,0.124907,0.022949,0.022949,0
8.250000,-0.345000,0.015000,0.024414,0.024414,0
8.252778,-0.335000,-0.089907,0.025635,0.025635,0
8.255556,-0.345000,-0.132721,0.025879,0.025879,0
8.258333,-0.355000,-0.070000,0.025635,0.025635,0
8.261111,-0.370000,0.041303,0.024658,0.024658,0
8.263889,-0.350000,0.150954,0.023193,0.023193,0
8.266667,-0.345000,0.144904,0.022217,0.022217,0
8.269444,-0.335000,0.051047,0.021973,0.021973,0
8.272222,-0.335000,-0.071418,0.022461,0.022461,0
8.275000,-0.335000,-0.125000,0.023682,0.023682,0
8.277778,-0.355000,-0.091418,0.024658,0.024658,0
8.280556,-0.355000,0.031047,0.025146,0.025146,0
8.283333,-0.345000,0.144904,0.024170,0.024170,0
8.286111,-0.355000,0.145954,0.022705,0.022705,0
8.288889,-0.395000,0.016303,0.021484,0.021484,0
8.291667,-0.450000,-0.165000,0.021973,0.021973,0
8.294444,-0.480000,-0.267721,0.024902,0.024902,0
8.297222,-0.505000,-0.259907,0.031250,0.031250,0
8.300000,-0.525000,-0.165000,0.040771,0.040771,0
8.302778,-0.545000,-0.070093,0.052246,0.052246,0
8.305556,-0.500000,0.007721,0.064209,0.064209,0
8.308333,-0.395000,0.040000,0.075439,0.075439,0
8.311111,-0.255000,0.053697,0.084961,0.084961,0
8.313889,-0.070000,0.149046,0.092041,0.092041,0
8.316667,0.145000,0.375096,0.097168,0.097168,0
8.319444,0.425000,0.758953,0.100830,0.100830,0
8.322222,0.685000,1.141418,0.103760,0.103760,0
8.325000,0.875000,1.385000,0.106934,0.106934,0
8.327778,0.925000,1.381418,0.111084,0.111084,0
8.330556,0.795000,1.128953,0.115967,0.115967,0
8.333333,0.470000,0.700096,0.120850,0.120850,0
8.336111,0.020000,0.239046,0.124512,0.124512,0
8.338889,-0.325000,-0.016303,0.125244,0.125244,0
8.341667,-0.470000,-0.035000,0.122803,0.122803,0
8.344444,-0.485000,0.022721,0.116943,0.116943,0
8.347222,-0.410000,0.064907,0.109131,0.109131,0
8.350000,-0.365000,-0.005000,0.101074,0.101074,0
8.352778,-0.355000,-0.109907,0.095215,0.095215,0
8.355556,-0.365000,-0.152721,0.093262,0.093262,0
8.358333,-0.380000,-0.095000,0.095703,0.095703,0
8.361111,-0.385000,0.026303,0.102295,0.102295,0
8.363889,-0.380000,0.120954,0.111084,0.111084,0
8.366667,-0.370000,0.119904,0.119873,0.119873,0
8.369444,-0.370000,0.016047,0.125732,0.125732,0
8.372222,-0.375000,-0.111418,0.126465,0.126465,0
8.375000,-0.385000,-0.175000,0.121094,0.121094,0
8.377778,-0.395000,-0.131418,0.110107,0.110107,0
8.380556,-0.385000,0.001047,0.095215,0.095215,0
8.383333,-0.380000,0.109904,0.078857,0.078857,0
8.386111,-0.385000,0.115954,0.063477,0.063477,0
8.388889,-0.375000,0.036303,0.050537,0.050537,0
8.391667,-0.390000,-0.105000,0.040527,0.040527,0
8.394444,-0.405000,-0.192721,0.032715,0.032715,0
8.397222,-0.405000,-0.159907,0.025146,0.025146,0
8.400000,-0.390000,-0.030000,0.016602,0.016602,0
8.402778,-0.385000,0.089907,0.007568,0.007568,0
8.405556,-0.385000,0.122721,-0.000732,-0.000732,0
8.408333,-0.390000,0.045000,-0.006348,-0.006348,0
8.411111,-0.410000,-0.101303,-0.007568,-0.007568,0
8.413889,-0.400000,-0.180954,-0.003906,-0.003906,0
8.416667,-0.390000,-0.159904,0.001953,0.001953,0
8.419444,-0.385000,-0.051047,0.007324,0.007324,0
8.422222,-0.385000,0.071418,0.008057,0.008057,0
8.425000,-0.395000,0.115000,0.003174,0.003174,0
8.427778,-0.390000,0.066418,-0.006592,-0.006592,0
8.430556,-0.395000,-0.061047,-0.017578,-0.017578,0
8.433333,-0.380000,-0.149904,-0.024902,-0.024902,0
8.436111,-0.375000,-0.155954,-0.025391,-0.025391,0
8.438889,-0.380000,-0.071303,-0.017578,-0.017578,0
8.441667,-0.385000,0.050000,-0.004883,-0.004883,0
8.444444,-0.400000,0.107721,0.007812,0.007812,0
8.447222,-0.385000,0.089907,0.014893,0.014893,0
8.450000,-0.380000,-0.020000,0.012451,0.012451,0
8.452778,-0.375000,-0.129907,0.000977,0.000977,0
8.455556,-0.380000,-0.167721,-0.015869,-0.015869,0
8.458333,-0.395000,-0.110000,-0.032471,-0.032471,0
8.461111,-0.395000,0.016303,-0.045166,-0.045166,0
8.463889,-0.385000,0.115954,-0.054688,-0.054688,0
8.466667,-0.375000,0.114904,-0.065918,-0.065918,0
8.469444,-0.370000,0.016047,-0.085693,-0.085693,0
8.472222,-0.365000,-0.101418,-0.118896,-0.118896,0
8.475000,-0.385000,-0.175000,-0.162109,-0.162109,0
8.477778,-0.395000,-0.131418,-0.201416,-0.201416,0
8.480556,-0.385000,0.001047,-0.212891,-0.212891,0
8.483333,-0.385000,0.104904,-0.168945,-0.168945,0
8.486111,-0.370000,0.130954,-0.048340,-0.048340,0
8.488889,-0.375000,0.036303,0.154297,0.154297,0
8.491667,-0.370000,-0.085000,0.421387,0.421387,0
8.494444,-0.375000,-0.162721,0.712646,0.712646,0
8.497222,-0.375000,-0.129907,0.972656,0.972656,0
8.500000,-0.370000,-0.010000,1.145752,1.145752,0
8.502778,-0.355000,0.119907,1.191650,1.191650,1
8.505556,-0.365000,0.142721,1.098389,1.098389,0
8.508333,-0.380000,0.055000,0.885742,0.885742,0
8.511111,-0.375000,-0.066303,0.601562,0.601562,0
8.513889,-0.370000,-0.150954,0.306396,0.306396,0
8.516667,-0.380000,-0.149904,0.057861,0.057861,0
8.519444,-0.365000,-0.031047,-0.105469,-0.105469,0
8.522222,-0.370000,0.086418,-0.172363,-0.172363,0
8.525000,-0.375000,0.135000,-0.158691,-0.158691,0
8.527778,-0.390000,0.066418,-0.097412,-0.097412,0
8.530556,-0.380000,-0.046047,-0.026855,-0.026855,0
8.533333,-0.375000,-0.144904,0.022461,0.022461,0
8.536111,-0.380000,-0.160954,0.036133,0.036133,0
8.538889,-0.370000,-0.061303,0.016846,0.016846,0
8.541667,-0.375000,0.060000,-0.019775,-0.019775,0
8.544444,-0.380000,0.127721,-0.055176,-0.055176,0
8.547222,-0.385000,0.089907,-0.074219,-0.074219,0
8.550000,-0.385000,-0.025000,-0.072266,-0.072266,0
8.552778,-0.370000,-0.124907,-0.053711,-0.053711,0
8.555556,-0.375000,-0.162721,-0.030029,-0.030029,0
8.558333,-0.375000,-0.090000,-0.012695,-0.012695,0
8.561111,-0.380000,0.031303,-0.009033,-0.009033,0
8.563889,-0.380000,0.120954,-0.019043,-0.019043,0
8.566667,-0.380000,0.109904,-0.036865,-0.036865,0
8.569444,-0.380000,0.006047,-0.054199,-0.054199,0
8.572222,-0.375000,-0.111418,-0.063721,-0.063721,0
8.575000,-0.390000,-0.180000,-0.062500,-0.062500,0
8.577778,-0.395000,-0.131418,-0.052490,-0.052490,0
8.580556,-0.385000,0.001047,-0.039551,-0.039551,0
8.583333,-0.385000,0.104904,-0.029785,-0.029785,0
8.586111,-0.375000,0.125954,-0.026855,-0.026855,0
8.588889,-0.375000,0.036303,-0.030762,-0.030762,0
8.591667,-0.385000,-0.100000,-0.038574,-0.038574,0
8.594444,-0.385000,-0.172721,-0.045898,-0.045898,0
8.597222,-0.390000,-0.144907,-0.048828,-0.048828,0
8.600000,-0.370000,-0.010000,-0.046143,-0.046143,0
8.602778,-0.365000,0.109907,-0.039062,-0.039062,0
8.605556,-0.365000,0.142721,-0.030273,-0.030273,0
8.608333,-0.375000,0.060000,-0.023193,-0.023193,0
8.611111,-0.385000,-0.076303,-0.019775,-0.019775,0
8.613889,-0.350000,-0.130954,-0.020508,-0.020508,0
8.616667,-0.345000,-0.114904,-0.024170,-0.024170,0
8.619444,-0.325000,0.008953,-0.028809,-0.028809,0
8.622222,-0.325000,0.131418,-0.032227,-0.032227,0
8.625000,-0.330000,0.180000,-0.033203,-0.033203,0
8.627778,-0.325000,0.131418,-0.031738,-0.031738,0
8.630556,-0.325000,0.008953,-0.028320,-0.028320,0
8.633333,-0.315000,-0.084904,-0.024658,-0.024658,0
8.636111,-0.315000,-0.095954,-0.021484,-0.021484,0
8.638889,-0.315000,-0.006303,-0.019775,-0.019775,0
8.641667,-0.300000,0.135000,-0.019287,-0.019287,0
8.644444,-0.300000,0.207721,-0.020020,-0.020020,0
8.647222,-0.285000,0.189907,-0.020996,-0.020996,0
8.650000,-0.270000,0.090000,-0.021729,-0.021729,0
8.652778,-0.265000,-0.019907,-0.021973,-0.021973,0
8.655556,-0.260000,-0.047721,-0.021484,-0.021484,0
8.658333,-0.275000,0.010000,-0.020264,-0.020264,0
8.661111,-0.285000,0.126303,-0.018799,-0.018799,0
8.663889,-0.265000,0.235954,-0.016846,-0.016846,0
8.666667,-0.255000,0.234904,-0.014648,-0.014648,0
8.669444,-0.250000,0.136047,-0.012207,-0.012207,0
8.672222,-0.270000,-0.006418,-0.009766,-0.009766,0
8.675000,-0.280000,-0.070000,-0.007812,-0.007812,0
8.677778,-0.285000,-0.021418,-0.006348,-0.006348,0
8.680556,-0.285000,0.101047,-0.006104,-0.006104,0
8.683333,-0.280000,0.209904,-0.006592,-0.006592,0
8.686111,-0.270000,0.230954,-0.008057,-0.008057,0
8.688889,-0.270000,0.141303,-0.009766,-0.009766,0
8.691667,-0.270000,0.015000,-0.011475,-0.011475,0
8.694444,-0.285000,-0.072721,-0.012451,-0.012451,0
8.697222,-0.280000,-0.034907,-0.013184,-0.013184,0
8.700000,-0.275000,0.085000,-0.013916,-0.013916,0
8.702778,-0.270000,0.204907,-0.014648,-0.014648,0
8.705556,-0.265000,0.242721,-0.015625,-0.015625,0
8.708333,-0.275000,0.160000,-0.016357,-0.016357,0
8.711111,-0.290000,0.018697,-0.017090,-0.017090,0
8.713889,-0.285000,-0.065954,-0.017334,-0.017334,0
8.716667,-0.285000,-0.054904,-0.017334,-0.017334,0
8.719444,-0.275000,0.058953,-0.017334,-0.017334,0
8.722222,-0.270000,0.186418,-0.017578,-0.017578,0
8.725000,-0.280000,0.230000,-0.017822,-0.017822,0
8.727778,-0.295000,0.161418,-0.018066,-0.018066,0
8.730556,-0.280000,0.053953,-0.017822,-0.017822,0
8.733333,-0.270000,-0.039904,-0.017578,-0.017578,0
8.736111,-0.270000,-0.050954,-0.017334,-0.017334,0
8.738889,-0.275000,0.033697,-0.017578,-0.017578,0
8.741667,-0.285000,0.150000,-0.018799,-0.018799,0
8.744444,-0.300000,0.207721,-0.020996,-0.020996,0
8.747222,-0.295000,0.179907,-0.023926,-0.023926,0
8.750000,-0.290000,0.070000,-0.026611,-0.026611,0
8.752778,-0.295000,-0.049907,-0.028320,-0.028320,0
8.755556,-0.300000,-0.087721,-0.029053,-0.029053,0
8.758333,-0.290000,-0.005000,-0.028076,-0.028076,0
8.761111,-0.305000,0.106303,-0.026367,-0.026367,0
8.763889,-0.295000,0.205954,-0.024414,-0.024414,0
8.766667,-0.290000,0.199904,-0.022705,-0.022705,0
8.769444,-0.295000,0.091047,-0.021973,-0.021973,0
8.772222,-0.290000,-0.026418,-0.021973,-0.021973,0
8.775000,-0.310000,-0.100000,-0.022217,-0.022217,0
8.777778,-0.320000,-0.056418,-0.022217,-0.022217,0
8.780556,-0.315000,0.071047,-0.020752,-0.020752,0
8.783333,-0.315000,0.174904,-0.017334,-0.017334,0
8.786111,-0.300000,0.200954,-0.011719,-0.011719,0
8.788889,-0.305000,0.106303,-0.003906,-0.003906,0
8.791667,-0.315000,-0.030000,0.005127,0.005127,0
8.794444,-0.330000,-0.117721,0.014160,0.014160,0
8.797222,-0.320000,-0.074907,0.021484,0.021484,0
8.800000,-0.305000,0.055000,0.026855,0.026855,0
8.802778,-0.315000,0.159907,0.029541,0.029541,0
8.805556,-0.305000,0.202721,0.031006,0.031006,0
8.808333,-0.315000,0.120000,0.031982,0.031982,0
8.811111,-0.325000,-0.016303,0.034180,0.034180,0
8.813889,-0.310000,-0.090954,0.038818,0.038818,0
8.816667,-0.295000,-0.064904,0.045410,0.045410,0
8.819444,-0.300000,0.033953,0.053711,0.053711,0
8.822222,-0.305000,0.151418,0.062500,0.062500,0
8.825000,-0.310000,0.200000,0.070312,0.070312,0
8.827778,-0.325000,0.131418,0.076904,0.076904,0
8.830556,-0.315000,0.018953,0.081787,0.081787,0
8.833333,-0.315000,-0.084904,0.084717,0.084717,0
8.836111,-0.305000,-0.085954,0.086182,0.086182,0
8.838889,-0.305000,0.003697,0.085938,0.085938,0
8.841667,-0.325000,0.110000,0.084717,0.084717,0
8.844444,-0.320000,0.187721,0.082520,0.082520,0
8.847222,-0.320000,0.154907,0.079834,0.079834,0
8.850000,-0.310000,0.050000,0.076904,0.076904,0
8.852778,-0.305000,-0.059907,0.074463,0.074463,0
8.855556,-0.320000,-0.107721,0.072266,0.072266,0
8.858333,-0.320000,-0.035000,0.070801,0.070801,0
8.861111,-0.320000,0.091303,0.070068,0.070068,0
8.863889,-0.310000,0.190954,0.070312,0.070312,0
8.866667,-0.305000,0.184904,0.071045,0.071045,0
8.869444,-0.290000,0.096047,0.072266,0.072266,0
8.872222,-0.285000,-0.021418,0.073730,0.073730,0
8.875000,-0.290000,-0.080000,0.074707,0.074707,0
8.877778,-0.305000,-0.041418,0.074951,0.074951,0
8.880556,-0.310000,0.076047,0.073975,0.073975,0
8.883333,-0.300000,0.189904,0.072021,0.072021,0
8.886111,-0.300000,0.200954,0.069336,0.069336,0
8.888889,-0.310000,0.101303,0.066650,0.066650,0
8.891667,-0.315000,-0.030000,0.064697,0.064697,0
8.894444,-0.315000,-0.102721,0.063965,0.063965,0
8.897222,-0.310000,-0.064907,0.064697,0.064697,0
8.900000,-0.295000,0.065000,0.066650,0.066650,0
8.902778,-0.300000,0.174907,0.068848,0.068848,0
8.905556,-0.295000,0.212721,0.070557,0.070557,0
8.908333,-0.315000,0.120000,0.071533,0.071533,0
8.911111,-0.310000,-0.001303,0.070801,0.070801,0
8.913889,-0.290000,-0.070954,0.068604,0.068604,0
8.916667,-0.265000,-0.034904,0.064941,0.064941,0
8.919444,-0.240000,0.093953,0.060303,0.060303,0
8.922222,-0.255000,0.201418,0.055664,0.055664,0
8.925000,-0.240000,0.270000,0.051758,0.051758,0
8.927778,-0.250000,0.206418,0.049316,0.049316,0
8.930556,-0.225000,0.108953,0.049072,0.049072,0
8.933333,-0.225000,0.005096,0.050293,0.050293,0
8.936111,-0.215000,0.004046,0.052246,0.052246,0
8.938889,-0.210000,0.098697,0.053467,0.053467,0
8.941667,-0.200000,0.235000,0.053467,0.053467,0
8.944444,-0.195000,0.312721,0.051270,0.051270,0
8.947222,-0.195000,0.279907,0.047607,0.047607,0
8.950000,-0.180000,0.180000,0.043213,0.043213,0
8.952778,-0.175000,0.070093,0.039062,0.039062,0
8.955556,-0.180000,0.032279,0.036133,0.036133,0
8.958333,-0.205000,0.080000,0.034424,0.034424,0
8.961111,-0.215000,0.196303,0.033691,0.033691,0
8.963889,-0.210000,0.290954,0.033691,0.033691,0
8.966667,-0.210000,0.279904,0.033447,0.033447,0
8.969444,-0.210000,0.176047,0.032715,0.032715,0
8.972222,-0.210000,0.053582,0.031738,0.031738,0
8.975000,-0.215000,-0.005000,0.030762,0.030762,0
8.977778,-0.225000,0.038582,0.030273,0.030273,0
8.980556,-0.210000,0.176047,0.031006,0.031006,0
8.983333,-0.180000,0.309904,0.032715,0.032715,0
8.986111,-0.170000,0.330954,0.035156,0.035156,0
8.988889,-0.185000,0.226303,0.038086,0.038086,0
8.991667,-0.240000,0.045000,0.040039,0.040039,0
8.994444,-0.255000,-0.042721,0.041016,0.041016,0
8.997222,-0.255000,-0.009907,0.040283,0.040283,0
9.000000,-0.270000,0.090000,0.037842,0.037842,0
9.002778,-0.275000,0.199907,0.034912,0.034912,0
9.005556,-0.285000,0.222721,0.031982,0.031982,0
9.008333,-0.300000,0.135000,0.030273,0.030273,0
9.011111,-0.300000,0.008697,0.030029,0.030029,0
9.013889,-0.315000,-0.095954,0.031006,0.031006,0
9.016667,-0.305000,-0.074904,0.032227,0.032227,0
9.019444,-0.300000,0.033953,0.032959,0.032959,0
9.022222,-0.295000,0.161418,0.031982,0.031982,0
9.025000,-0.300000,0.210000,0.029785,0.029785,0
9.027778,-0.315000,0.141418,0.027344,0.027344,0
9.030556,-0.310000,0.023953,0.025635,0.025635,0
9.033333,-0.310000,-0.079904,0.026367,0.026367,0
9.036111,-0.300000,-0.080954,0.029541,0.029541,0
9.038889,-0.300000,0.008697,0.034668,0.034668,0
9.041667,-0.305000,0.130000,0.040771,0.040771,0
9.044444,-0.315000,0.192721,0.046143,0.046143,0
9.047222,-0.325000,0.149907,0.049561,0.049561,0
9.050000,-0.320000,0.040000,0.050293,0.050293,0
9.052778,-0.320000,-0.074907,0.048340,0.048340,0
9.055556,-0.320000,-0.107721,0.044922,0.044922,0
9.058333,-0.325000,-0.040000,0.040771,0.040771,0
9.061111,-0.340000,0.071303,0.037109,0.037109,0
9.063889,-0.335000,0.165954,0.034668,0.034668,0
9.066667,-0.325000,0.164904,0.033691,0.033691,0
9.069444,-0.315000,0.071047,0.033936,0.033936,0
9.072222,-0.320000,-0.056418,0.034668,0.034668,0
9.075000,-0.345000,-0.135000,0.035400,0.035400,0
9.077778,-0.370000,-0.106418,0.036133,0.036133,0
9.080556,-0.395000,-0.008953,0.037354,0.037354,0
9.083333,-0.425000,0.064904,0.039795,0.039795,0
9.086111,-0.445000,0.055954,0.044434,0.044434,0
9.088889,-0.465000,-0.053697,0.052002,0.052002,0
9.091667,-0.510000,-0.225000,0.062256,0.062256,0
9.094444,-0.530000,-0.317721,0.074219,0.074219,0
9.097222,-0.485000,-0.239907,0.086182,0.086182,0
9.100000,-0.370000,-0.010000,0.096924,0.096924,0
9.102778,-0.235000,0.239907,0.105469,0.105469,0
9.105556,-0.090000,0.417721,0.111328,0.111328,0
9.108333,0.105000,0.540000,0.115723,0.115723,0
9.111111,0.375000,0.683697,0.120117,0.120117,0
9.113889,0.655000,0.874046,0.125488,0.125488,0
9.116667,0.820000,1.050096,0.132568,0.132568,0
9.119444,0.865000,1.198953,0.140869,0.140869,0
9.122222,0.735000,1.191418,0.148926,0.148926,0
9.125000,0.450000,0.960000,0.155029,0.155029,0
9.127778,0.060000,0.516418,0.157471,0.157471,0
9.130556,-0.270000,0.063953,0.155762,0.155762,0
9.133333,-0.430000,-0.199904,0.150146,0.150146,0
9.136111,-0.460000,-0.240954,0.141602,0.141602,0
9.138889,-0.415000,-0.106303,0.132080,0.132080,0
9.141667,-0.385000,0.050000,0.123535,0.123535,0
9.144444,-0.365000,0.142721,0.118652,0.118652,0
9.147222,-0.355000,0.119907,0.118408,0.118408,0
9.150000,-0.355000,0.005000,0.123047,0.123047,0
9.152778,-0.345000,-0.099907,0.131104,0.131104,0
9.155556,-0.350000,-0.137721,0.140137,0.140137,0
9.158333,-0.350000,-0.065000,0.146484,0.146484,0
9.161111,-0.360000,0.051303,0.147461,0.147461,0
9.163889,-0.345000,0.155954,0.141357,0.141357,0
9.166667,-0.340000,0.149904,0.128174,0.128174,0
9.169444,-0.340000,0.046047,0.110107,0.110107,0
9.172222,-0.335000,-0.071418,0.090088,0.090088,0
9.175000,-0.335000,-0.125000,0.071533,0.071533,0
9.177778,-0.355000,-0.091418,0.057129,0.057129,0
9.180556,-0.345000,0.041047,0.047852,0.047852,0
9.183333,-0.340000,0.149904,0.043457,0.043457,0
9.186111,-0.335000,0.165954,0.041748,0.041748,0
9.188889,-0.340000,0.071303,0.040527,0.040527,0
9.191667,-0.350000,-0.065000,0.038086,0.038086,0
9.194444,-0.365000,-0.152721,0.033936,0.033936,0
9.197222,-0.360000,-0.114907,0.029053,0.029053,0
9.200000,-0.365000,-0.005000,0.025635,0.025635,0
9.202778,-0.350000,0.124907,0.024902,0.024902,0
9.205556,-0.345000,0.162721,0.027832,0.027832,0
9.208333,-0.365000,0.070000,0.032959,0.032959,0
9.211111,-0.360000,-0.051303,0.037842,0.037842,0
9.213889,-0.350000,-0.130954,0.039551,0.039551,0
9.216667,-0.355000,-0.124904,0.035889,0.035889,0
9.219444,-0.350000,-0.016047,0.027100,0.027100,0
9.222222,-0.355000,0.101418,0.015625,0.015625,0
9.225000,-0.350000,0.160000,0.005615,0.005615,0
9.227778,-0.360000,0.096418,0.001221,0.001221,0
9.230556,-0.335000,-0.001047,0.003662,0.003662,0
9.233333,-0.335000,-0.104904,0.011475,0.011475,0
9.236111,-0.330000,-0.110954,0.020508,0.020508,0
9.238889,-0.340000,-0.031303,0.025146,0.025146,0
9.241667,-0.350000,0.085000,0.021729,0.021729,0
9.244444,-0.350000,0.157721,0.010254,0.010254,0
9.247222,-0.345000,0.129907,-0.006348,-0.006348,0
9.250000,-0.335000,0.025000,-0.023438,-0.023438,0
9.252778,-0.345000,-0.099907,-0.036621,-0.036621,0
9.255556,-0.355000,-0.142721,-0.046387,-0.046387,0
9.258333,-0.355000,-0.070000,-0.056641,-0.056641,0
9.261111,-0.370000,0.041303,-0.074463,-0.074463,0
9.263889,-0.355000,0.145954,-0.103760,-0.103760,0
9.266667,-0.350000,0.139904,-0.142090,-0.142090,0
9.269444,-0.345000,0.041047,-0.177490,-0.177490,0
9.272222,-0.365000,-0.101418,-0.187744,-0.187744,0
9.275000,-0.365000,-0.155000,-0.148193,-0.148193,0
9.277778,-0.370000,-0.106418,-0.038330,-0.038330,0
9.280556,-0.365000,0.021047,0.147705,0.147705,0
9.283333,-0.355000,0.134904,0.394287,0.394287,0
9.286111,-0.345000,0.155954,0.666016,0.666016,0
9.288889,-0.345000,0.066303,0.912109,0.912109,0
9.291667,-0.345000,-0.060000,1.081299,1.081299,0
9.294444,-0.340000,-0.127721,1.134521,1.134521,1
9.297222,-0.335000,-0.089907,1.057861,1.057861,0
9.300000,-0.325000,0.035000,0.866943,0.866943,0
9.302778,-0.335000,0.139907,0.603760,0.603760,0
9.305556,-0.345000,0.162721,0.323975,0.323975,0
9.308333,-0.350000,0.085000,0.082031,0.082031,0
9.311111,-0.350000,-0.041303,-0.083008,-0.083008,0
9.313889,-0.355000,-0.135954,-0.157715,-0.157715,0
9.316667,-0.355000,-0.124904,-0.153076,-0.153076,0
9.319444,-0.360000,-0.026047,-0.098877,-0.098877,0
9.322222,-0.350000,0.106418,-0.030762,-0.030762,0
9.325000,-0.360000,0.150000,0.021729,0.021729,0
9.327778,-0.365000,0.091418,0.042725,0.042725,0
9.330556,-0.345000,-0.011047,0.032959,0.032959,0
9.333333,-0.345000,-0.114904,0.004883,0.004883,0
9.336111,-0.330000,-0.110954,-0.024170,-0.024170,0
9.338889,-0.350000,-0.041303,-0.040527,-0.040527,0
9.341667,-0.345000,0.090000,-0.038330,-0.038330,0
9.344444,-0.355000,0.152721,-0.020996,-0.020996,0
9.347222,-0.350000,0.124907,0.002441,0.002441,0
9.350000,-0.340000,0.020000,0.021484,0.021484,0
9.352778,-0.335000,-0.089907,0.028809,0.028809,0
9.355556,-0.350000,-0.137721,0.023193,0.023193,0
9.358333,-0.365000,-0.080000,0.008789,0.008789,0
9.361111,-0.380000,0.031303,-0.007568,-0.007568,0
9.363889,-0.385000,0.115954,-0.019043,-0.019043,0
9.366667,-0.355000,0.134904,-0.022217,-0.022217,0
9.369444,-0.360000,0.026047,-0.017578,-0.017578,0
9.372222,-0.355000,-0.091418,-0.009033,-0.009033,0
9.375000,-0.370000,-0.160000,-0.001221,-0.001221,0
9.377778,-0.385000,-0.121418,0.002197,0.002197,0
9.380556,-0.370000,0.016047,0.000000,0.000000,0
9.383333,-0.370000,0.119904,-0.006104,-0.006104,0
9.386111,-0.350000,0.150954,-0.012451,-0.012451,0
9.388889,-0.345000,0.066303,-0.016113,-0.016113,0
9.391667,-0.365000,-0.080000,-0.015381,-0.015381,0
9.394444,-0.365000,-0.152721,-0.010254,-0.010254,0
9.397222,-0.360000,-0.114907,-0.002686,-0.002686,0
9.400000,-0.345000,0.015000,0.004395,0.004395,0
9.402778,-0.330000,0.144907,0.009277,0.009277,0
9.405556,-0.330000,0.177721,0.011230,0.011230,0
9.408333,-0.330000,0.105000,0.010986,0.010986,0
9.411111,-0.335000,-0.026303,0.010010,0.010010,0
9.413889,-0.315000,-0.095954,0.009277,0.009277,0
9.416667,-0.310000,-0.079904,0.009277,0.009277,0
9.419444,-0.285000,0.048953,0.009521,0.009521,0
9.422222,-0.290000,0.166418,0.009277,0.009277,0
9.425000,-0.290000,0.220000,0.008057,0.008057,0
9.427778,-0.300000,0.156418,0.005859,0.005859,0
9.430556,-0.280000,0.053953,0.003174,0.003174,0
9.433333,-0.275000,-0.044904,0.000732,0.000732,0
9.436111,-0.260000,-0.040954,-0.000977,-0.000977,0
9.438889,-0.260000,0.048697,-0.001953,-0.001953,0
9.441667,-0.270000,0.165000,-0.002686,-0.002686,0
9.444444,-0.265000,0.242721,-0.003662,-0.003662,0
9.447222,-0.255000,0.219907,-0.004883,-0.004883,0
9.450000,-0.250000,0.110000,-0.006348,-0.006348,0
9.452778,-0.245000,0.000093,-0.007324,-0.007324,0
9.455556,-0.245000,-0.032721,-0.007080,-0.007080,0
9.458333,-0.255000,0.030000,-0.004883,-0.004883,0
9.461111,-0.265000,0.146303,-0.000732,-0.000732,0
9.463889,-0.260000,0.240954,0.004883,0.004883,0
9.466667,-0.255000,0.234904,0.011475,0.011475,0
9.469444,-0.240000,0.146047,0.017334,0.017334,0
9.472222,-0.250000,0.013582,0.021729,0.021729,0
9.475000,-0.255000,-0.045000,0.023438,0.023438,0
9.477778,-0.275000,-0.011418,0.022217,0.022217,0
9.480556,-0.275000,0.111047,0.018555,0.018555,0
9.483333,-0.265000,0.224904,0.013428,0.013428,0
9.486111,-0.270000,0.230954,0.007812,0.007812,0
9.488889,-0.275000,0.136303,0.002930,0.002930,0
9.491667,-0.280000,0.005000,-0.000488,-0.000488,0
9.494444,-0.290000,-0.077721,-0.001953,-0.001953,0
9.497222,-0.280000,-0.034907,-0.001465,-0.001465,0
9.500000,-0.275000,0.085000,0.000000,0.000000,0
9.502778,-0.270000,0.204907,0.002197,0.002197,0
9.505556,-0.270000,0.237721,0.004395,0.004395,0
9.508333,-0.280000,0.155000,0.006836,0.006836,0
9.511111,-0.290000,0.018697,0.009033,0.009033,0
9.513889,-0.280000,-0.060954,0.011230,0.011230,0
9.516667,-0.285000,-0.054904,0.012695,0.012695,0
9.519444,-0.275000,0.058953,0.013184,0.013184,0
9.522222,-0.290000,0.166418,0.011963,0.011963,0
9.525000,-0.280000,0.230000,0.009277,0.009277,0
9.527778,-0.290000,0.166418,0.005371,0.005371,0
9.530556,-0.280000,0.053953,0.000488,0.000488,0
9.533333,-0.285000,-0.054904,-0.004150,-0.004150,0
9.536111,-0.275000,-0.055954,-0.008301,-0.008301,0
9.538889,-0.280000,0.028697,-0.011719,-0.011719,0
9.541667,-0.295000,0.140000,-0.014160,-0.014160,0
9.544444,-0.305000,0.202721,-0.015381,-0.015381,0
9.547222,-0.300000,0.174907,-0.015869,-0.015869,0
9.550000,-0.300000,0.060000,-0.015625,-0.015625,0
9.552778,-0.305000,-0.059907,-0.014648,-0.014648,0
9.555556,-0.315000,-0.102721,-0.013428,-0.013428,0
9.558333,-0.320000,-0.035000,-0.012207,-0.012207,0
9.561111,-0.310000,0.101303,-0.010742,-0.010742,0
9.563889,-0.310000,0.190954,-0.009277,-0.009277,0
9.566667,-0.300000,0.189904,-0.007568,-0.007568,0
9.569444,-0.310000,0.076047,-0.005371,-0.005371,0
9.572222,-0.310000,-0.046418,-0.002197,-0.002197,0
9.575000,-0.320000,-0.110000,0.001709,0.001709,0
9.577778,-0.325000,-0.061418,0.006592,0.006592,0
9.580556,-0.310000,0.076047,0.012451,0.012451,0
9.583333,-0.320000,0.169904,0.018799,0.018799,0
9.586111,-0.310000,0.190954,0.025635,0.025635,0
9.588889,-0.310000,0.101303,0.032715,0.032715,0
9.591667,-0.315000,-0.030000,0.039795,0.039795,0
9.594444,-0.325000,-0.112721,0.046631,0.046631,0
9.597222,-0.315000,-0.069907,0.052979,0.052979,0
9.600000,-0.305000,0.055000,0.058350,0.058350,0
9.602778,-0.315000,0.159907,0.062744,0.062744,0
9.605556,-0.310000,0.197721,0.066650,0.066650,0
9.608333,-0.320000,0.115000,0.070557,0.070557,0
9.611111,-0.325000,-0.016303,0.074951,0.074951,0
9.613889,-0.325000,-0.105954,0.079834,0.079834,0
9.616667,-0.320000,-0.089904,0.084961,0.084961,0
9.619444,-0.305000,0.028953,0.089600,0.089600,0
9.622222,-0.305000,0.151418,0.093018,0.093018,0
9.625000,-0.300000,0.210000,0.094971,0.094971,0
9.627778,-0.315000,0.141418,0.095459,0.095459,0
9.630556,-0.300000,0.033953,0.095215,0.095215,0
9.633333,-0.310000,-0.079904,0.094482,0.094482,0
9.636111,-0.315000,-0.095954,0.093994,0.093994,0
9.638889,-0.305000,0.003697,0.093750,0.093750,0
9.641667,-0.310000,0.125000,0.093750,0.093750,0
9.644444,-0.320000,0.187721,0.093262,0.093262,0
9.647222,-0.310000,0.164907,0.092285,0.092285,0
9.650000,-0.300000,0.060000,0.090332,0.090332,0
9.652778,-0.295000,-0.049907,0.086914,0.086914,0
9.655556,-0.300000,-0.087721,0.082764,0.082764,0
9.658333,-0.315000,-0.030000,0.077637,0.077637,0
9.661111,-0.325000,0.086303,0.072754,0.072754,0
9.663889,-0.325000,0.175954,0.068848,0.068848,0
9.666667,-0.305000,0.184904,0.066406,0.066406,0
9.669444,-0.310000,0.076047,0.065918,0.065918,0
9.672222,-0.290000,-0.026418,0.066650,0.066650,0
9.675000,-0.315000,-0.105000,0.068604,0.068604,0
9.677778,-0.325000,-0.061418,0.070312,0.070312,0
9.680556,-0.320000,0.066047,0.071045,0.071045,0
9.683333,-0.290000,0.199904,0.070312,0.070312,0
9.686111,-0.280000,0.220954,0.068115,0.068115,0
9.688889,-0.260000,0.151303,0.065430,0.065430,0
9.691667,-0.260000,0.025000,0.062744,0.062744,0
9.694444,-0.265000,-0.052721,0.061035,0.061035,0
9.697222,-0.260000,-0.014907,0.060791,0.060791,0
9.700000,-0.250000,0.110000,0.061523,0.061523,0
9.702778,-0.230000,0.244907,0.063232,0.063232,0
9.705556,-0.220000,0.287721,0.064697,0.064697,0
9.708333,-0.220000,0.215000,0.065430,0.065430,0
9.711111,-0.235000,0.073697,0.064697,0.064697,0
9.713889,-0.220000,-0.000954,0.062500,0.062500,0
9.716667,-0.205000,0.025096,0.058594,0.058594,0
9.719444,-0.205000,0.128953,0.053467,0.053467,0
9.722222,-0.210000,0.246418,0.047363,0.047363,0
9.725000,-0.210000,0.300000,0.041748,0.041748,0
9.727778,-0.230000,0.226418,0.037354,0.037354,0
9.730556,-0.240000,0.093953,0.034912,0.034912,0
9.733333,-0.230000,0.000096,0.034424,0.034424,0
9.736111,-0.225000,-0.005954,0.035156,0.035156,0
9.738889,-0.235000,0.073697,0.036621,0.036621,0
9.741667,-0.250000,0.185000,0.037598,0.037598,0
9.744444,-0.265000,0.242721,0.037354,0.037354,0
9.747222,-0.260000,0.214907,0.035645,0.035645,0
9.750000,-0.245000,0.115000,0.033203,0.033203,0
9.752778,-0.215000,0.030093,0.030762,0.030762,0
9.755556,-0.215000,-0.002721,0.028809,0.028809,0
9.758333,-0.245000,0.040000,0.028320,0.028320,0
9.761111,-0.280000,0.131303,0.028809,0.028809,0
9.763889,-0.275000,0.225954,0.030518,0.030518,0
9.766667,-0.275000,0.214904,0.032471,0.032471,0
9.769444,-0.295000,0.091047,0.033936,0.033936,0
9.772222,-0.310000,-0.046418,0.034424,0.034424,0
9.775000,-0.325000,-0.115000,0.033691,0.033691,0
9.777778,-0.340000,-0.076418,0.031738,0.031738,0
9.780556,-0.340000,0.046047,0.029297,0.029297,0
9.783333,-0.325000,0.164904,0.027100,0.027100,0
9.786111,-0.315000,0.185954,0.025879,0.025879,0
9.788889,-0.310000,0.101303,0.026611,0.026611,0
9.791667,-0.315000,-0.030000,0.029053,0.029053,0
9.794444,-0.330000,-0.117721,0.032715,0.032715,0
9.797222,-0.330000,-0.084907,0.036377,0.036377,0
9.800000,-0.325000,0.035000,0.039307,0.039307,0
9.802778,-0.325000,0.149907,0.040771,0.040771,0
9.805556,-0.335000,0.172721,0.040039,0.040039,0
9.808333,-0.345000,0.090000,0.038330,0.038330,0
9.811111,-0.350000,-0.041303,0.036377,0.036377,0
9.813889,-0.350000,-0.130954,0.034912,0.034912,0
9.816667,-0.350000,-0.119904,0.034668,0.034668,0
9.819444,-0.345000,-0.011047,0.035645,0.035645,0
9.822222,-0.350000,0.106418,0.037109,0.037109,0
9.825000,-0.365000,0.145000,0.038330,0.038330,0
9.827778,-0.360000,0.096418,0.039307,0.039307,0
9.830556,-0.350000,-0.016047,0.039062,0.039062,0
9.833333,-0.355000,-0.124904,0.038086,0.038086,0
9.836111,-0.345000,-0.125954,0.036133,0.036133,0
9.838889,-0.345000,-0.036303,0.033936,0.033936,0
9.841667,-0.350000,0.085000,0.031494,0.031494,0
9.844444,-0.365000,0.142721,0.029785,0.029785,0
9.847222,-0.380000,0.094907,0.029297,0.029297,0
9.850000,-0.405000,-0.045000,0.030762,0.030762,0
9.852778,-0.425000,-0.179907,0.034424,0.034424,0
9.855556,-0.440000,-0.227721,0.040039,0.040039,0
9.858333,-0.470000,-0.185000,0.047363,0.047363,0
9.861111,-0.520000,-0.108697,0.055664,0.055664,0
9.863889,-0.540000,-0.039046,0.064697,0.064697,0
9.866667,-0.490000,-0.000096,0.073975,0.073975,0
9.869444,-0.390000,-0.003953,0.083008,0.083008,0
9.872222,-0.260000,0.003582,0.091553,0.091553,0
9.875000,-0.115000,0.095000,0.099121,0.099121,0
9.877778,0.085000,0.348582,0.105957,0.105957,0
9.880556,0.360000,0.746047,0.112061,0.112061,0
9.883333,0.615000,1.104904,0.116943,0.116943,0
9.886111,0.780000,1.280954,0.121338,0.121338,0
9.888889,0.835000,1.246303,0.125244,0.125244,0
9.891667,0.720000,1.005000,0.128662,0.128662,0
9.894444,0.410000,0.622279,0.131104,0.131104,0
9.897222,0.030000,0.275093,0.132324,0.132324,0
9.900000,-0.255000,0.105000,0.131592,0.131592,0
9.902778,-0.415000,0.059907,0.127930,0.127930,0
9.905556,-0.470000,0.037721,0.121826,0.121826,0
9.908333,-0.465000,-0.030000,0.113770,0.113770,0
9.911111,-0.435000,-0.126303,0.105225,0.105225,0
9.913889,-0.395000,-0.175954,0.098145,0.098145,0
9.916667,-0.375000,-0.144904,0.093750,0.093750,0
9.919444,-0.370000,-0.036047,0.093018,0.093018,0
9.922222,-0.375000,0.081418,0.095703,0.095703,0
9.925000,-0.375000,0.135000,0.100586,0.100586,0
9.927778,-0.390000,0.066418,0.105225,0.105225,0
9.930556,-0.400000,-0.066047,0.107666,0.107666,0
9.933333,-0.380000,-0.149904,0.105225,0.105225,0
9.936111,-0.385000,-0.165954,0.096680,0.096680,0
9.938889,-0.385000,-0.076303,0.082520,0.082520,0
9.941667,-0.385000,0.050000,0.064697,0.064697,0
9.944444,-0.385000,0.122721,0.046143,0.046143,0
9.947222,-0.370000,0.104907,0.030273,0.030273,0
9.950000,-0.370000,-0.010000,0.019531,0.019531,0
9.952778,-0.360000,-0.114907,0.014893,0.014893,0
9.955556,-0.380000,-0.167721,0.015137,0.015137,0
9.958333,-0.380000,-0.095000,0.018066,0.018066,0
9.961111,-0.385000,0.026303,0.020508,0.020508,0
9.963889,-0.370000,0.130954,0.021240,0.021240,0
9.966667,-0.370000,0.119904,0.020020,0.020020,0
9.969444,-0.365000,0.021047,0.017578,0.017578,0
9.972222,-0.375000,-0.111418,0.015381,0.015381,0
9.975000,-0.385000,-0.175000,0.014404,0.014404,0
9.977778,-0.390000,-0.126418,0.013916,0.013916,0
9.980556,-0.390000,-0.003953,0.012939,0.012939,0
9.983333,-0.385000,0.104904,0.009521,0.009521,0
9.986111,-0.385000,0.115954,0.002686,0.002686,0
9.988889,-0.395000,0.016303,-0.006592,-0.006592,0
9.991667,-0.390000,-0.105000,-0.015869,-0.015869,0
9.994444,-0.400000,-0.187721,-0.022217,-0.022217,0
9.997222,-0.405000,-0.159907,-0.023193,-0.023193,0
10.000000,-0.390000,-0.030000,-0.018066,-0.018066,0
10.002778,-0.395000,0.079907,-0.009277,-0.009277,0
10.005556,-0.390000,0.117721,-0.000977,-0.000977,0
10.008333,-0.405000,0.030000,0.002686,0.002686,0
10.011111,-0.405000,-0.096303,-0.000488,-0.000488,0
10.013889,-0.400000,-0.180954,-0.010498,-0.010498,0
10.016667,-0.375000,-0.144904,-0.023682,-0.023682,0
10.019444,-0.380000,-0.046047,-0.036133,-0.036133,0
10.022222,-0.390000,0.066418,-0.044678,-0.044678,0
10.025000,-0.395000,0.115000,-0.050537,-0.050537,0
10.027778,-0.395000,0.061418,-0.058350,-0.058350,0
10.030556,-0.390000,-0.056047,-0.074219,-0.074219,0
10.033333,-0.390000,-0.159904,-0.102783,-0.102783,0
10.036111,-0.385000,-0.165954,-0.141357,-0.141357,0
10.038889,-0.405000,-0.096303,-0.177490,-0.177490,0
10.041667,-0.400000,0.035000,-0.190186,-0.190186,0
10.044444,-0.405000,0.102721,-0.154053,-0.154053,0
10.047222,-0.395000,0.079907,-0.049072,-0.049072,0
10.050000,-0.390000,-0.030000,0.131348,0.131348,0
10.052778,-0.395000,-0.149907,0.373047,0.373047,0
10.055556,-0.390000,-0.177721,0.640625,0.640625,0
10.058333,-0.400000,-0.115000,0.884766,0.884766,0
10.061111,-0.405000,0.006303,1.054199,1.054199,0
10.063889,-0.405000,0.095954,1.109863,1.109863,1
10.066667,-0.390000,0.099904,1.037598,1.037598,0
10.069444,-0.390000,-0.003953,0.852051,0.852051,0
10.072222,-0.395000,-0.131418,0.593506,0.593506,0
10.075000,-0.400000,-0.190000,0.316650,0.316650,0
10.077778,-0.400000,-0.136418,0.075195,0.075195,0
10.080556,-0.395000,-0.008953,-0.092285,-0.092285,0
10.083333,-0.380000,0.109904,-0.171143,-0.171143,0
10.086111,-0.370000,0.130954,-0.171387,-0.171387,0
10.088889,-0.380000,0.031303,-0.121094,-0.121094,0
10.091667,-0.385000,-0.100000,-0.054932,-0.054932,0
10.094444,-0.395000,-0.182721,-0.002686,-0.002686,0
10.097222,-0.390000,-0.144907,0.018799,0.018799,0
10.100000,-0.380000,-0.020000,0.009277,0.009277,0
10.102778,-0.380000,0.094907,-0.020020,-0.020020,0
10.105556,-0.385000,0.122721,-0.052002,-0.052002,0
10.108333,-0.390000,0.045000,-0.072021,-0.072021,0
10.111111,-0.390000,-0.081303,-0.073242,-0.073242,0
10.113889,-0.400000,-0.180954,-0.057617,-0.057617,0
10.116667,-0.400000,-0.169904,-0.034180,-0.034180,0
10.119444,-0.405000,-0.071047,-0.013428,-0.013428,0
10.122222,-0.415000,0.041418,-0.003418,-0.003418,0
10.125000,-0.420000,0.090000,-0.005859,-0.005859,0
10.127778,-0.430000,0.026418,-0.017090,-0.017090,0
10.130556,-0.430000,-0.096047,-0.030029,-0.030029,0
10.133333,-0.425000,-0.194904,-0.038086,-0.038086,0
10.136111,-0.420000,-0.200954,-0.038086,-0.038086,0
10.138889,-0.430000,-0.121303,-0.030762,-0.030762,0
10.141667,-0.445000,-0.010000,-0.020508,-0.020508,0
10.144444,-0.465000,0.042721,-0.012451,-0.012451,0
10.147222,-0.455000,0.019907,-0.010254,-0.010254,0
10.150000,-0.440000,-0.080000,-0.014648,-0.014648,0
10.152778,-0.425000,-0.179907,-0.023438,-0.023438,0
10.155556,-0.435000,-0.222721,-0.032959,-0.032959,0
10.158333,-0.450000,-0.165000,-0.040039,-0.040039,0
10.161111,-0.440000,-0.028697,-0.042236,-0.042236,0
10.163889,-0.445000,0.055954,-0.040283,-0.040283,0
10.166667,-0.425000,0.064904,-0.036377,-0.036377,0
10.169444,-0.425000,-0.038953,-0.032715,-0.032715,0
10.172222,-0.425000,-0.161418,-0.031250,-0.031250,0
10.175000,-0.430000,-0.220000,-0.032715,-0.032715,0
10.177778,-0.430000,-0.166418,-0.036133,-0.036133,0
10.180556,-0.415000,-0.028953,-0.039795,-0.039795,0
10.183333,-0.415000,0.074904,-0.041504,-0.041504,0
10.186111,-0.385000,0.115954,-0.040771,-0.040771,0
10.188889,-0.375000,0.036303,-0.037109,-0.037109,0
10.191667,-0.385000,-0.100000,-0.031738,-0.031738,0
10.194444,-0.370000,-0.157721,-0.026611,-0.026611,0
10.197222,-0.360000,-0.114907,-0.023193,-0.023193,0
10.200000,-0.350000,0.010000,-0.022217,-0.022217,0
10.202778,-0.335000,0.139907,-0.023926,-0.023926,0
10.205556,-0.335000,0.172721,-0.027344,-0.027344,0
10.208333,-0.325000,0.110000,-0.031006,-0.031006,0
10.211111,-0.320000,-0.011303,-0.033936,-0.033936,0
10.213889,-0.325000,-0.105954,-0.035156,-0.035156,0
10.216667,-0.305000,-0.074904,-0.034912,-0.034912,0
10.219444,-0.295000,0.038953,-0.033691,-0.033691,0
10.222222,-0.300000,0.156418,-0.031982,-0.031982,0
10.225000,-0.290000,0.220000,-0.030762,-0.030762,0
10.227778,-0.295000,0.161418,-0.030273,-0.030273,0
10.230556,-0.290000,0.043953,-0.030518,-0.030518,0
10.233333,-0.290000,-0.059904,-0.031494,-0.031494,0
10.236111,-0.285000,-0.065954,-0.032471,-0.032471,0
10.238889,-0.285000,0.023697,-0.033203,-0.033203,0
10.241667,-0.285000,0.150000,-0.033691,-0.033691,0
10.244444,-0.290000,0.217721,-0.033203,-0.033203,0
10.247222,-0.290000,0.184907,-0.031494,-0.031494,0
10.250000,-0.285000,0.075000,-0.028809,-0.028809,0
10.252778,-0.270000,-0.024907,-0.025391,-0.025391,0
10.255556,-0.270000,-0.057721,-0.021729,-0.021729,0
10.258333,-0.280000,0.005000,-0.018799,-0.018799,0
10.261111,-0.290000,0.121303,-0.017090,-0.017090,0
10.263889,-0.285000,0.215954,-0.016602,-0.016602,0
10.266667,-0.275000,0.214904,-0.017090,-0.017090,0
10.269444,-0.275000,0.111047,-0.017578,-0.017578,0
10.272222,-0.275000,-0.011418,-0.018066,-0.018066,0
10.275000,-0.290000,-0.080000,-0.017822,-0.017822,0
10.277778,-0.305000,-0.041418,-0.017822,-0.017822,0
10.280556,-0.305000,0.081047,-0.018066,-0.018066,0
10.283333,-0.300000,0.189904,-0.019775,-0.019775,0
10.286111,-0.280000,0.220954,-0.023193,-0.023193,0
10.288889,-0.290000,0.121303,-0.028076,-0.028076,0
10.291667,-0.305000,-0.020000,-0.033936,-0.033936,0
10.294444,-0.315000,-0.102721,-0.039795,-0.039795,0
10.297222,-0.310000,-0.064907,-0.045410,-0.045410,0
10.300000,-0.295000,0.065000,-0.050293,-0.050293,0
10.302778,-0.290000,0.184907,-0.054688,-0.054688,0
10.305556,-0.300000,0.207721,-0.058594,-0.058594,0
10.308333,-0.305000,0.130000,-0.062500,-0.062500,0
10.311111,-0.305000,0.003697,-0.066406,-0.066406,0
10.313889,-0.310000,-0.090954,-0.070557,-0.070557,0
10.316667,-0.300000,-0.069904,-0.074707,-0.074707,0
10.319444,-0.295000,0.038953,-0.078613,-0.078613,0
10.322222,-0.305000,0.151418,-0.081299,-0.081299,0
10.325000,-0.305000,0.205000,-0.082520,-0.082520,0
10.327778,-0.315000,0.141418,-0.082031,-0.082031,0
10.330556,-0.310000,0.023953,-0.080078,-0.080078,0
10.333333,-0.310000,-0.079904,-0.076904,-0.076904,0
10.336111,-0.295000,-0.075954,-0.073730,-0.073730,0
10.338889,-0.300000,0.008697,-0.071533,-0.071533,0
10.341667,-0.305000,0.130000,-0.070068,-0.070068,0
10.344444,-0.310000,0.197721,-0.069580,-0.069580,0
10.347222,-0.305000,0.169907,-0.069336,-0.069336,0
10.350000,-0.305000,0.055000,-0.067627,-0.067627,0
10.352778,-0.295000,-0.049907,-0.064209,-0.064209,0
10.355556,-0.300000,-0.087721,-0.058350,-0.058350,0
10.358333,-0.315000,-0.030000,-0.050293,-0.050293,0
10.361111,-0.325000,0.086303,-0.040771,-0.040771,0
10.363889,-0.320000,0.180954,-0.030762,-0.030762,0
10.366667,-0.320000,0.169904,-0.020752,-0.020752,0
10.369444,-0.315000,0.071047,-0.011230,-0.011230,0
10.372222,-0.310000,-0.046418,-0.002441,-0.002441,0
10.375000,-0.325000,-0.115000,0.005615,0.005615,0
10.377778,-0.335000,-0.071418,0.012939,0.012939,0
10.380556,-0.330000,0.056047,0.020264,0.020264,0
10.383333,-0.320000,0.169904,0.026855,0.026855,0
10.386111,-0.320000,0.180954,0.033447,0.033447,0
10.388889,-0.310000,0.101303,0.040039,0.040039,0
10.391667,-0.330000,-0.045000,0.046143,0.046143,0
10.394444,-0.330000,-0.117721,0.052002,0.052002,0
10.397222,-0.325000,-0.079907,0.057129,0.057129,0
10.400000,-0.310000,0.050000,0.061279,0.061279,0
10.402778,-0.305000,0.169907,0.063965,0.063965,0
10.405556,-0.305000,0.202721,0.065430,0.065430,0
10.408333,-0.320000,0.115000,0.066162,0.066162,0
10.411111,-0.330000,-0.021303,0.066406,0.066406,0
10.413889,-0.325000,-0.105954,0.066650,0.066650,0
10.416667,-0.300000,-0.069904,0.067139,0.067139,0
10.419444,-0.310000,0.023953,0.067871,0.067871,0
10.422222,-0.305000,0.151418,0.069092,0.069092,0
10.425000,-0.315000,0.195000,0.070312,0.070312,0
10.427778,-0.330000,0.126418,0.071777,0.071777,0
10.430556,-0.330000,0.003953,0.073242,0.073242,0
10.433333,-0.330000,-0.099904,0.074463,0.074463,0
10.436111,-0.320000,-0.100954,0.075195,0.075195,0
10.438889,-0.325000,-0.016303,0.074951,0.074951,0
10.441667,-0.325000,0.110000,0.073486,0.073486,0
10.444444,-0.335000,0.172721,0.070801,0.070801,0
10.447222,-0.325000,0.149907,0.067383,0.067383,0
10.450000,-0.315000,0.045000,0.063721,0.063721,0
10.452778,-0.310000,-0.064907,0.060303,0.060303,0
10.455556,-0.315000,-0.102721,0.057373,0.057373,0
10.458333,-0.320000,-0.035000,0.054932,0.054932,0
10.461111,-0.325000,0.086303,0.052979,0.052979,0
10.463889,-0.315000,0.185954,0.051514,0.051514,0
10.466667,-0.310000,0.179904,0.050293,0.050293,0
10.469444,-0.305000,0.081047,0.049316,0.049316,0
10.472222,-0.310000,-0.046418,0.048828,0.048828,0
10.475000,-0.315000,-0.105000,0.048584,0.048584,0
10.477778,-0.320000,-0.056418,0.048584,0.048584,0
10.480556,-0.315000,0.071047,0.048584,0.048584,0
10.483333,-0.310000,0.179904,0.048584,0.048584,0
10.486111,-0.295000,0.205954,0.048340,0.048340,0
10.488889,-0.295000,0.116303,0.047852,0.047852,0
10.491667,-0.305000,-0.020000,0.047363,0.047363,0
10.494444,-0.310000,-0.097721,0.046387,0.046387,0
10.497222,-0.300000,-0.054907,0.045166,0.045166,0
10.500000,-0.280000,0.080000,0.043945,0.043945,0
10.502778,-0.275000,0.199907,0.042725,0.042725,0
10.505556,-0.265000,0.242721,0.041748,0.041748,0
10.508333,-0.275000,0.160000,0.041748,0.041748,0
10.511111,-0.275000,0.033697,0.042480,0.042480,0
10.513889,-0.260000,-0.040954,0.044189,0.044189,0
10.516667,-0.240000,-0.009904,0.046143,0.046143,0
10.519444,-0.240000,0.093953,0.047607,0.047607,0
10.522222,-0.235000,0.221418,0.048096,0.048096,0
10.525000,-0.240000,0.270000,0.047119,0.047119,0
10.527778,-0.235000,0.221418,0.044678,0.044678,0
10.530556,-0.225000,0.108953,0.041748,0.041748,0
10.533333,-0.215000,0.015096,0.038818,0.038818,0
10.536111,-0.205000,0.014046,0.035889,0.035889,0
10.538889,-0.205000,0.103697,0.033447,0.033447,0
10.541667,-0.210000,0.225000,0.031494,0.031494,0
10.544444,-0.215000,0.292721,0.029541,0.029541,0
10.547222,-0.220000,0.254907,0.027832,0.027832,0
10.550000,-0.220000,0.140000,0.026123,0.026123,0
10.552778,-0.215000,0.030093,0.025146,0.025146,0
10.555556,-0.220000,-0.007721,0.024414,0.024414,0
10.558333,-0.220000,0.065000,0.024170,0.024170,0
10.561111,-0.230000,0.181303,0.024658,0.024658,0
10.563889,-0.230000,0.270954,0.025391,0.025391,0
10.566667,-0.240000,0.249904,0.026611,0.026611,0
10.569444,-0.210000,0.176047,0.028076,0.028076,0
10.572222,-0.220000,0.043582,0.029785,0.029785,0
10.575000,-0.230000,-0.020000,0.031006,0.031006,0
10.577778,-0.255000,0.008582,0.032227,0.032227,0
10.580556,-0.235000,0.151047,0.032959,0.032959,0
10.583333,-0.210000,0.279904,0.033447,0.033447,0
10.586111,-0.190000,0.310954,0.033691,0.033691,0
10.588889,-0.205000,0.206303,0.034180,0.034180,0
10.591667,-0.225000,0.060000,0.034668,0.034668,0
10.594444,-0.260000,-0.047721,0.034668,0.034668,0
10.597222,-0.275000,-0.029907,0.034180,0.034180,0
10.600000,-0.280000,0.080000,0.032227,0.032227,0
10.602778,-0.285000,0.189907,0.029297,0.029297,0
10.605556,-0.305000,0.202721,0.025635,0.025635,0
10.608333,-0.320000,0.115000,0.021973,0.021973,0
10.611111,-0.315000,-0.006303,0.019287,0.019287,0
10.613889,-0.335000,-0.115954,0.018066,0.018066,0
10.616667,-0.325000,-0.094904,0.018555,0.018555,0
10.619444,-0.335000,-0.001047,0.020508,0.020508,0
10.622222,-0.320000,0.136418,0.023193,0.023193,0
10.625000,-0.325000,0.185000,0.025635,0.025635,0
10.627778,-0.320000,0.136418,0.028076,0.028076,0
10.630556,-0.325000,0.008953,0.029541,0.029541,0
10.633333,-0.325000,-0.094904,0.030518,0.030518,0
10.636111,-0.310000,-0.090954,0.031006,0.031006,0
10.638889,-0.305000,0.003697,0.031250,0.031250,0
10.641667,-0.320000,0.115000,0.031006,0.031006,0
10.644444,-0.320000,0.187721,0.031006,0.031006,0
10.647222,-0.330000,0.144907,0.031250,0.031250,0
10.650000,-0.320000,0.040000,0.032227,0.032227,0
10.652778,-0.320000,-0.074907,0.033447,0.033447,0
10.655556,-0.330000,-0.117721,0.034912,0.034912,0
10.658333,-0.330000,-0.045000,0.036377,0.036377,0
10.661111,-0.360000,0.051303,0.037598,0.037598,0
10.663889,-0.355000,0.145954,0.039062,0.039062,0
10.666667,-0.330000,0.159904,0.040771,0.040771,0
10.669444,-0.325000,0.061047,0.043457,0.043457,0
10.672222,-0.325000,-0.061418,0.047607,0.047607,0
10.675000,-0.335000,-0.125000,0.053223,0.053223,0
10.677778,-0.350000,-0.086418,0.059814,0.059814,0
10.680556,-0.340000,0.046047,0.066650,0.066650,0
10.683333,-0.345000,0.144904,0.073242,0.073242,0
10.686111,-0.355000,0.145954,0.078857,0.078857,0
10.688889,-0.385000,0.026303,0.083984,0.083984,0
10.691667,-0.425000,-0.140000,0.088867,0.088867,0
10.694444,-0.450000,-0.237721,0.093750,0.093750,0
10.697222,-0.470000,-0.224907,0.099365,0.099365,0
10.700000,-0.485000,-0.125000,0.105957,0.105957,0
10.702778,-0.510000,-0.035093,0.113037,0.113037,0
10.705556,-0.515000,-0.007279,0.119629,0.119629,0
10.708333,-0.455000,-0.020000,0.125732,0.125732,0
10.711111,-0.325000,-0.016303,0.129883,0.129883,0
10.713889,-0.165000,0.054046,0.132324,0.132324,0
10.716667,0.010000,0.240096,0.132568,0.132568,0
10.719444,0.250000,0.583953,0.131104,0.131104,0
10.722222,0.515000,0.971418,0.128418,0.128418,0
10.725000,0.740000,1.250000,0.125488,0.125488,0
10.727778,0.885000,1.341418,0.122803,0.122803,0
10.730556,0.935000,1.268953,0.120850,0.120850,0
10.733333,0.835000,1.065096,0.119141,0.119141,0
10.736111,0.525000,0.744046,0.117432,0.117432,0
10.738889,0.120000,0.428697,0.114990,0.114990,0
10.741667,-0.230000,0.205000,0.112305,0.112305,0
10.744444,-0.425000,0.082721,0.109863,0.109863,0
10.747222,-0.455000,0.019907,0.108643,0.108643,0
10.750000,-0.420000,-0.060000,0.109375,0.109375,0
10.752778,-0.380000,-0.134907,0.112549,0.112549,0
10.755556,-0.360000,-0.147721,0.117676,0.117676,0
10.758333,-0.365000,-0.080000,0.122559,0.122559,0
10.761111,-0.375000,0.036303,0.125488,0.125488,0
10.763889,-0.380000,0.120954,0.124268,0.124268,0
10.766667,-0.355000,0.134904,0.117920,0.117920,0
10.769444,-0.355000,0.031047,0.106201,0.106201,0
10.772222,-0.370000,-0.106418,0.090088,0.090088,0
10.775000,-0.375000,-0.165000,0.071533,0.071533,0
10.777778,-0.385000,-0.121418,0.052734,0.052734,0
10.780556,-0.380000,0.006047,0.036133,0.036133,0
10.783333,-0.365000,0.124904,0.023438,0.023438,0
10.786111,-0.370000,0.130954,0.015381,0.015381,0
10.788889,-0.370000,0.041303,0.011963,0.011963,0
10.791667,-0.365000,-0.080000,0.012207,0.012207,0
10.794444,-0.380000,-0.167721,0.014648,0.014648,0
10.797222,-0.370000,-0.124907,0.017090,0.017090,0
10.800000,-0.375000,-0.015000,0.018066,0.018066,0
10.802778,-0.365000,0.109907,0.017334,0.017334,0
10.805556,-0.370000,0.137721,0.015381,0.015381,0
10.808333,-0.380000,0.055000,0.013916,0.013916,0
10.811111,-0.375000,-0.066303,0.014160,0.014160,0
10.813889,-0.365000,-0.145954,0.017090,0.017090,0
10.816667,-0.360000,-0.129904,0.021973,0.021973,0
10.819444,-0.360000,-0.026047,0.026367,0.026367,0
10.822222,-0.355000,0.101418,0.027832,0.027832,0
10.825000,-0.355000,0.155000,0.024170,0.024170,0
10.827778,-0.370000,0.086418,0.015625,0.015625,0
10.830556,-0.365000,-0.031047,0.003906,0.003906,0
10.833333,-0.355000,-0.124904,-0.007568,-0.007568,0
10.836111,-0.350000,-0.130954,-0.014404,-0.014404,0
10.838889,-0.350000,-0.041303,-0.014160,-0.014160,0
10.841667,-0.350000,0.085000,-0.007324,-0.007324,0
10.844444,-0.360000,0.147721,0.003662,0.003662,0
10.847222,-0.360000,0.114907,0.013672,0.013672,0
10.850000,-0.360000,-0.000000,0.017822,0.017822,0
10.852778,-0.350000,-0.104907,0.012939,0.012939,0
10.855556,-0.355000,-0.142721,-0.000977,-0.000977,0
10.858333,-0.365000,-0.080000,-0.020264,-0.020264,0
10.861111,-0.370000,0.041303,-0.040039,-0.040039,0
10.863889,-0.360000,0.140954,-0.057129,-0.057129,0
10.866667,-0.350000,0.139904,-0.070557,-0.070557,0
10.869444,-0.355000,0.031047,-0.083740,-0.083740,0
10.872222,-0.350000,-0.086418,-0.101318,-0.101318,0
10.875000,-0.355000,-0.145000,-0.126221,-0.126221,0
10.877778,-0.370000,-0.106418,-0.154541,-0.154541,0
10.880556,-0.375000,0.011047,-0.174072,-0.174072,0
10.883333,-0.360000,0.129904,-0.164062,-0.164062,0
10.886111,-0.350000,0.150954,-0.101074,-0.101074,0
10.888889,-0.345000,0.066303,0.031738,0.031738,0
10.891667,-0.350000,-0.065000,0.237549,0.237549,0
10.894444,-0.370000,-0.157721,0.498535,0.498535,0
10.897222,-0.370000,-0.124907,0.777588,0.777588,0
10.900000,-0.355000,0.005000,1.024170,1.024170,0
10.902778,-0.350000,0.124907,1.187012,1.187012,0
10.905556,-0.345000,0.162721,1.229248,1.229248,1
10.908333,-0.360000,0.075000,1.139404,1.139404,0
10.911111,-0.370000,-0.061303,0.934570,0.934570,0
10.913889,-0.365000,-0.145954,0.657959,0.657959,0
10.916667,-0.360000,-0.129904,0.365479,0.365479,0
10.919444,-0.350000,-0.016047,0.111572,0.111572,0
10.922222,-0.355000,0.101418,-0.064941,-0.064941,0
10.925000,-0.365000,0.145000,-0.149902,-0.149902,0
10.927778,-0.365000,0.091418,-0.154297,-0.154297,0
10.930556,-0.370000,-0.036047,-0.106445,-0.106445,0
10.933333,-0.365000,-0.134904,-0.041992,-0.041992,0
10.936111,-0.350000,-0.130954,0.009033,0.009033,0
10.938889,-0.350000,-0.041303,0.029785,0.029785,0
10.941667,-0.360000,0.075000,0.019043,0.019043,0
10.944444,-0.360000,0.147721,-0.010986,-0.010986,0
10.947222,-0.355000,0.119907,-0.043701,-0.043701,0
10.950000,-0.345000,0.015000,-0.064209,-0.064209,0
10.952778,-0.350000,-0.104907,-0.066406,-0.066406,0
10.955556,-0.345000,-0.132721,-0.052002,-0.052002,0
10.958333,-0.355000,-0.070000,-0.030273,-0.030273,0
10.961111,-0.370000,0.041303,-0.011475,-0.011475,0
10.963889,-0.365000,0.135954,-0.003418,-0.003418,0
10.966667,-0.355000,0.134904,-0.007812,-0.007812,0
10.969444,-0.360000,0.026047,-0.020752,-0.020752,0
10.972222,-0.365000,-0.101418,-0.035156,-0.035156,0
10.975000,-0.365000,-0.155000,-0.044189,-0.044189,0
10.977778,-0.380000,-0.116418,-0.044678,-0.044678,0
10.980556,-0.385000,0.001047,-0.036865,-0.036865,0
10.983333,-0.375000,0.114904,-0.024902,-0.024902,0
10.986111,-0.370000,0.130954,-0.014160,-0.014160,0
10.988889,-0.375000,0.036303,-0.007812,-0.007812,0
10.991667,-0.385000,-0.100000,-0.007568,-0.007568,0
10.994444,-0.395000,-0.182721,-0.011719,-0.011719,0
10.997222,-0.375000,-0.129907,-0.016602,-0.016602,0
11.000000,-0.385000,-0.025000,-0.019287,-0.019287,0
11.002778,-0.380000,0.094907,-0.018311,-0.018311,0
11.005556,-0.370000,0.137721,-0.013184,-0.013184,0
11.008333,-0.385000,0.050000,-0.006348,-0.006348,0
11.011111,-0.385000,-0.076303,0.000000,0.000000,0
11.013889,-0.380000,-0.160954,0.003906,0.003906,0
11.016667,-0.370000,-0.139904,0.003906,0.003906,0
11.019444,-0.360000,-0.026047,0.000977,0.000977,0
11.022222,-0.350000,0.106418,-0.003418,-0.003418,0
11.025000,-0.335000,0.175000,-0.007568,-0.007568,0
11.027778,-0.330000,0.126418,-0.009521,-0.009521,0
11.030556,-0.315000,0.018953,-0.009033,-0.009033,0
11.033333,-0.295000,-0.064904,-0.006836,-0.006836,0
11.036111,-0.290000,-0.070954,-0.003662,-0.003662,0
11.038889,-0.290000,0.018697,-0.001221,-0.001221,0
11.041667,-0.285000,0.150000,-0.000244,-0.000244,0
11.044444,-0.290000,0.217721,-0.000977,-0.000977,0
11.047222,-0.280000,0.194907,-0.002441,-0.002441,0
11.050000,-0.280000,0.080000,-0.004150,-0.004150,0
11.052778,-0.260000,-0.014907,-0.005127,-0.005127,0
11.055556,-0.255000,-0.042721,-0.004883,-0.004883,0
11.058333,-0.270000,0.015000,-0.003906,-0.003906,0
11.061111,-0.275000,0.136303,-0.002197,-0.002197,0
11.063889,-0.260000,0.240954,-0.000977,-0.000977,0
11.066667,-0.250000,0.239904,0.000244,0.000244,0
11.069444,-0.245000,0.141047,0.000488,0.000488,0
11.072222,-0.250000,0.013582,0.000488,0.000488,0
11.075000,-0.260000,-0.050000,0.000244,0.000244,0
11.077778,-0.265000,-0.001418,0.000000,0.000000,0
11.080556,-0.245000,0.141047,-0.000244,-0.000244,0
11.083333,-0.235000,0.254904,-0.000488,-0.000488,0
11.086111,-0.245000,0.255954,-0.000488,-0.000488,0
11.088889,-0.240000,0.171303,-0.000488,-0.000488,0
11.091667,-0.250000,0.035000,-0.000488,-0.000488,0
11.094444,-0.265000,-0.052721,-0.000488,-0.000488,0
11.097222,-0.250000,-0.004907,-0.000977,-0.000977,0
11.100000,-0.250000,0.110000,-0.001953,-0.001953,0
11.102778,-0.250000,0.224907,-0.002930,-0.002930,0
11.105556,-0.250000,0.257721,-0.003906,-0.003906,0
11.108333,-0.255000,0.180000,-0.004395,-0.004395,0
11.111111,-0.265000,0.043697,-0.003418,-0.003418,0
11.113889,-0.260000,-0.040954,-0.001465,-0.001465,0
11.116667,-0.240000,-0.009904,0.001465,0.001465,0
11.119444,-0.250000,0.083953,0.004395,0.004395,0
11.122222,-0.245000,0.211418,0.006592,0.006592,0
11.125000,-0.250000,0.260000,0.007324,0.007324,0
11.127778,-0.270000,0.186418,0.006592,0.006592,0
11.130556,-0.265000,0.068953,0.004883,0.004883,0
11.133333,-0.270000,-0.039904,0.002441,0.002441,0
11.136111,-0.265000,-0.045954,0.000000,0.000000,0
11.138889,-0.265000,0.043697,-0.002197,-0.002197,0
11.141667,-0.275000,0.160000,-0.004639,-0.004639,0
11.144444,-0.285000,0.222721,-0.006836,-0.006836,0
11.147222,-0.275000,0.199907,-0.009277,-0.009277,0
11.150000,-0.265000,0.095000,-0.011963,-0.011963,0
11.152778,-0.270000,-0.024907,-0.014893,-0.014893,0
11.155556,-0.270000,-0.057721,-0.018066,-0.018066,0
11.158333,-0.280000,0.005000,-0.021240,-0.021240,0
11.161111,-0.285000,0.126303,-0.023926,-0.023926,0
11.163889,-0.285000,0.215954,-0.026123,-0.026123,0
11.166667,-0.280000,0.209904,-0.027588,-0.027588,0
11.169444,-0.285000,0.101047,-0.027832,-0.027832,0
11.172222,-0.280000,-0.016418,-0.027588,-0.027588,0
11.175000,-0.285000,-0.075000,-0.027100,-0.027100,0
11.177778,-0.300000,-0.036418,-0.027100,-0.027100,0
11.180556,-0.290000,0.096047,-0.027588,-0.027588,0
11.183333,-0.285000,0.204904,-0.028320,-0.028320,0
11.186111,-0.270000,0.230954,-0.028564,-0.028564,0
11.188889,-0.280000,0.131303,-0.027344,-0.027344,0
11.191667,-0.295000,-0.010000,-0.022949,-0.022949,0
11.194444,-0.290000,-0.077721,-0.015625,-0.015625,0
11.197222,-0.290000,-0.044907,-0.005127,-0.005127,0
11.200000,-0.295000,0.065000,0.007568,0.007568,0
11.202778,-0.290000,0.184907,0.020996,0.020996,0
11.205556,-0.285000,0.222721,0.033447,0.033447,0
11.208333,-0.305000,0.130000,0.043945,0.043945,0
11.211111,-0.315000,-0.006303,0.052246,0.052246,0
11.213889,-0.310000,-0.090954,0.058350,0.058350,0
11.216667,-0.310000,-0.079904,0.062500,0.062500,0
11.219444,-0.290000,0.043953,0.065674,0.065674,0
11.222222,-0.295000,0.161418,0.068604,0.068604,0
11.225000,-0.310000,0.200000,0.071533,0.071533,0
11.227778,-0.320000,0.136418,0.074951,0.074951,0
11.230556,-0.315000,0.018953,0.078857,0.078857,0
11.233333,-0.310000,-0.079904,0.082764,0.082764,0
11.236111,-0.300000,-0.080954,0.086426,0.086426,0
11.238889,-0.300000,0.008697,0.088867,0.088867,0
11.241667,-0.315000,0.120000,0.090576,0.090576,0
11.244444,-0.320000,0.187721,0.091309,0.091309,0
11.247222,-0.315000,0.159907,0.092041,0.092041,0
11.250000,-0.320000,0.040000,0.093018,0.093018,0
11.252778,-0.290000,-0.044907,0.094727,0.094727,0
11.255556,-0.300000,-0.087721,0.096924,0.096924,0
11.258333,-0.300000,-0.015000,0.098877,0.098877,0
11.261111,-0.315000,0.096303,0.100342,0.100342,0
11.263889,-0.310000,0.190954,0.100586,0.100586,0
11.266667,-0.300000,0.189904,0.099365,0.099365,0
11.269444,-0.300000,0.086047,0.097168,0.097168,0
11.272222,-0.290000,-0.026418,0.094238,0.094238,0
11.275000,-0.310000,-0.100000,0.091553,0.091553,0
11.277778,-0.325000,-0.061418,0.089600,0.089600,0
11.280556,-0.315000,0.071047,0.088867,0.088867,0
11.283333,-0.305000,0.184904,0.089111,0.089111,0
11.286111,-0.305000,0.195954,0.090332,0.090332,0
11.288889,-0.305000,0.106303,0.092041,0.092041,0
11.291667,-0.315000,-0.030000,0.093506,0.093506,0
11.294444,-0.325000,-0.112721,0.094238,0.094238,0
11.297222,-0.320000,-0.074907,0.093750,0.093750,0
11.300000,-0.310000,0.050000,0.091553,0.091553,0
11.302778,-0.300000,0.174907,0.087891,0.087891,0
11.305556,-0.295000,0.212721,0.083252,0.083252,0
11.308333,-0.315000,0.120000,0.078369,0.078369,0
11.311111,-0.320000,-0.011303,0.074219,0.074219,0
11.313889,-0.305000,-0.085954,0.071777,0.071777,0
11.316667,-0.300000,-0.069904,0.070557,0.070557,0
11.319444,-0.290000,0.043953,0.070557,0.070557,0
11.322222,-0.295000,0.161418,0.071289,0.071289,0
11.325000,-0.295000,0.215000,0.071533,0.071533,0
11.327778,-0.310000,0.146418,0.071289,0.071289,0
11.330556,-0.295000,0.038953,0.070557,0.070557,0
11.333333,-0.295000,-0.064904,0.068848,0.068848,0
11.336111,-0.285000,-0.065954,0.066650,0.066650,0
11.338889,-0.295000,0.013697,0.063965,0.063965,0
11.341667,-0.295000,0.140000,0.061279,0.061279,0
11.344444,-0.310000,0.197721,0.059082,0.059082,0
11.347222,-0.300000,0.174907,0.057373,0.057373,0
11.350000,-0.285000,0.075000,0.056641,0.056641,0
11.352778,-0.280000,-0.034907,0.056885,0.056885,0
11.355556,-0.275000,-0.062721,0.058105,0.058105,0
11.358333,-0.280000,0.005000,0.059326,0.059326,0
11.361111,-0.265000,0.146303,0.060303,0.060303,0
11.363889,-0.245000,0.255954,0.060791,0.060791,0
11.366667,-0.230000,0.259904,0.060303,0.060303,0
11.369444,-0.240000,0.146047,0.058838,0.058838,0
11.372222,-0.240000,0.023582,0.056885,0.056885,0
11.375000,-0.240000,-0.030000,0.054199,0.054199,0
11.377778,-0.245000,0.018582,0.051270,0.051270,0
11.380556,-0.220000,0.166047,0.048340,0.048340,0
11.383333,-0.220000,0.269904,0.045410,0.045410,0
11.386111,-0.215000,0.285954,0.042725,0.042725,0
11.388889,-0.200000,0.211303,0.041016,0.041016,0
11.391667,-0.200000,0.085000,0.039795,0.039795,0
11.394444,-0.210000,0.002279,0.039551,0.039551,0
11.397222,-0.205000,0.040093,0.039551,0.039551,0
11.400000,-0.195000,0.165000,0.039551,0.039551,0
11.402778,-0.205000,0.269907,0.039307,0.039307,0
11.405556,-0.210000,0.297721,0.038330,0.038330,0
11.408333,-0.215000,0.220000,0.036865,0.036865,0
11.411111,-0.225000,0.083697,0.035400,0.035400,0
11.413889,-0.225000,-0.005954,0.034424,0.034424,0
11.416667,-0.200000,0.030096,0.033936,0.033936,0
11.419444,-0.200000,0.133953,0.033936,0.033936,0
11.422222,-0.210000,0.246418,0.034668,0.034668,0
11.425000,-0.225000,0.285000,0.035889,0.035889,0
11.427778,-0.220000,0.236418,0.037354,0.037354,0
11.430556,-0.195000,0.138953,0.039307,0.039307,0
11.433333,-0.180000,0.050096,0.041260,0.041260,0
11.436111,-0.175000,0.044046,0.042725,0.042725,0
11.438889,-0.205000,0.103697,0.043213,0.043213,0
11.441667,-0.245000,0.190000,0.043213,0.043213,0
11.444444,-0.265000,0.242721,0.041992,0.041992,0
11.447222,-0.275000,0.199907,0.040283,0.040283,0
11.450000,-0.280000,0.080000,0.038574,0.038574,0
11.452778,-0.285000,-0.039907,0.037109,0.037109,0
11.455556,-0.300000,-0.087721,0.035889,0.035889,0
11.458333,-0.310000,-0.025000,0.034668,0.034668,0
11.461111,-0.325000,0.086303,0.033691,0.033691,0
11.463889,-0.320000,0.180954,0.032471,0.032471,0
11.466667,-0.325000,0.164904,0.031494,0.031494,0
11.469444,-0.310000,0.076047,0.031006,0.031006,0
11.472222,-0.325000,-0.061418,0.031006,0.031006,0
11.475000,-0.330000,-0.120000,0.031982,0.031982,0
11.477778,-0.340000,-0.076418,0.033447,0.033447,0
11.480556,-0.335000,0.051047,0.035156,0.035156,0
11.483333,-0.330000,0.159904,0.036865,0.036865,0
11.486111,-0.325000,0.175954,0.038086,0.038086,0
11.488889,-0.320000,0.091303,0.039307,0.039307,0
11.491667,-0.340000,-0.055000,0.040283,0.040283,0
11.494444,-0.345000,-0.132721,0.041748,0.041748,0
11.497222,-0.340000,-0.094907,0.043701,0.043701,0
11.500000,-0.330000,0.030000,0.045898,0.045898,0
11.502778,-0.335000,0.139907,0.047852,0.047852,0
11.505556,-0.330000,0.177721,0.049072,0.049072,0
11.508333,-0.340000,0.095000,0.049316,0.049316,0
11.511111,-0.340000,-0.031303,0.048584,0.048584,0
11.513889,-0.335000,-0.115954,0.046875,0.046875,0
11.516667,-0.335000,-0.104904,0.045166,0.045166,0
11.519444,-0.330000,0.003953,0.043945,0.043945,0
11.522222,-0.335000,0.121418,0.044189,0.044189,0
11.525000,-0.345000,0.165000,0.046875,0.046875,0
11.527778,-0.375000,0.081418,0.052490,0.052490,0
11.530556,-0.395000,-0.061047,0.060547,0.060547,0
11.533333,-0.430000,-0.199904,0.070068,0.070068,0
11.536111,-0.440000,-0.220954,0.080078,0.080078,0
11.538889,-0.450000,-0.141303,0.088623,0.088623,0
11.541667,-0.450000,-0.015000,0.094971,0.094971,0
11.544444,-0.475000,0.032721,0.099365,0.099365,0
11.547222,-0.480000,-0.005093,0.102051,0.102051,0
11.550000,-0.510000,-0.150000,0.104492,0.104492,0
11.552778,-0.550000,-0.304907,0.107666,0.107666,0
11.555556,-0.575000,-0.362721,0.112305,0.112305,0
11.558333,-0.545000,-0.260000,0.118408,0.118408,0
11.561111,-0.490000,-0.078697,0.125000,0.125000,0
11.563889,-0.375000,0.125954,0.131348,0.131348,0
11.566667,-0.250000,0.239904,0.136475,0.136475,0
11.569444,-0.120000,0.266047,0.139893,0.139893,0
11.572222,0.060000,0.323582,0.141357,0.141357,0
11.575000,0.285000,0.495000,0.140625,0.140625,0
11.577778,0.525000,0.788582,0.138428,0.138428,0
11.580556,0.740000,1.126047,0.134766,0.134766,0
11.583333,0.860000,1.349904,0.130371,0.130371,0
11.586111,0.890000,1.390954,0.125977,0.125977,0
11.588889,0.730000,1.141303,0.122559,0.122559,0
11.591667,0.425000,0.710000,0.121338,0.121338,0
11.594444,0.015000,0.227279,0.122803,0.122803,0
11.597222,-0.285000,-0.039907,0.126953,0.126953,0
11.600000,-0.435000,-0.075000,0.133301,0.133301,0
11.602778,-0.450000,0.024907,0.140381,0.140381,0
11.605556,-0.435000,0.072721,0.145508,0.145508,0
11.608333,-0.385000,0.050000,0.147461,0.147461,0
11.611111,-0.380000,-0.071303,0.144043,0.144043,0
11.613889,-0.370000,-0.150954,0.134766,0.134766,0
11.616667,-0.370000,-0.139904,0.120605,0.120605,0
11.619444,-0.370000,-0.036047,0.102295,0.102295,0
11.622222,-0.360000,0.096418,0.083008,0.083008,0
11.625000,-0.360000,0.150000,0.064697,0.064697,0
11.627778,-0.370000,0.086418,0.049805,0.049805,0
11.630556,-0.385000,-0.051047,0.038818,0.038818,0
11.633333,-0.365000,-0.134904,0.031982,0.031982,0
11.636111,-0.360000,-0.140954,0.027832,0.027832,0
11.638889,-0.365000,-0.056303,0.024902,0.024902,0
11.641667,-0.365000,0.070000,0.021973,0.021973,0
11.644444,-0.375000,0.132721,0.019043,0.019043,0
11.647222,-0.385000,0.089907,0.016113,0.016113,0
11.650000,-0.360000,-0.000000,0.013672,0.013672,0
11.652778,-0.365000,-0.119907,0.012207,0.012207,0
11.655556,-0.355000,-0.142721,0.011475,0.011475,0
11.658333,-0.375000,-0.090000,0.010742,0.010742,0
11.661111,-0.380000,0.031303,0.009521,0.009521,0
11.663889,-0.375000,0.125954,0.007568,0.007568,0
11.666667,-0.355000,0.134904,0.005615,0.005615,0
11.669444,-0.355000,0.031047,0.003906,0.003906,0
11.672222,-0.360000,-0.096418,0.003418,0.003418,0
11.675000,-0.365000,-0.155000,0.004395,0.004395,0
11.677778,-0.380000,-0.116418,0.005859,0.005859,0
11.680556,-0.370000,0.016047,0.007080,0.007080,0
11.683333,-0.355000,0.134904,0.007080,0.007080,0
11.686111,-0.350000,0.150954,0.005859,0.005859,0
11.688889,-0.355000,0.056303,0.003662,0.003662,0
11.691667,-0.365000,-0.080000,0.001709,0.001709,0
11.694444,-0.380000,-0.167721,0.000000,0.000000,0
11.697222,-0.365000,-0.119907,-0.002197,-0.002197,0
11.700000,-0.355000,0.005000,-0.006592,-0.006592,0
11.702778,-0.355000,0.119907,-0.016113,-0.016113,0
11.705556,-0.365000,0.142721,-0.032471,-0.032471,0
11.708333,-0.385000,0.050000,-0.055664,-0.055664,0
11.711111,-0.390000,-0.081303,-0.083008,-0.083008,0
11.713889,-0.375000,-0.155954,-0.110107,-0.110107,0
11.716667,-0.355000,-0.124904,-0.132812,-0.132812,0
11.719444,-0.365000,-0.031047,-0.148193,-0.148193,0
11.722222,-0.360000,0.096418,-0.157227,-0.157227,0
11.725000,-0.355000,0.155000,-0.162598,-0.162598,0
11.727778,-0.365000,0.091418,-0.168701,-0.168701,0
11.730556,-0.365000,-0.031047,-0.177246,-0.177246,0
11.733333,-0.355000,-0.124904,-0.183594,-0.183594,0
11.736111,-0.345000,-0.125954,-0.176514,-0.176514,0
11.738889,-0.345000,-0.036303,-0.138428,-0.138428,0
11.741667,-0.365000,0.070000,-0.050537,-0.050537,0
11.744444,-0.360000,0.147721,0.099365,0.099365,0
11.747222,-0.375000,0.099907,0.309570,0.309570,0
11.750000,-0.355000,0.005000,0.560791,0.560791,0
11.752778,-0.360000,-0.114907,0.817139,0.817139,0
11.755556,-0.365000,-0.152721,1.031738,1.031738,0
11.758333,-0.365000,-0.080000,1.160156,1.160156,0
11.761111,-0.370000,0.041303,1.172363,1.172363,1
11.763889,-0.360000,0.140954,1.062012,1.062012,0
11.766667,-0.355000,0.134904,0.849609,0.849609,0
11.769444,-0.360000,0.026047,0.578125,0.578125,0
11.772222,-0.365000,-0.101418,0.300781,0.300781,0
11.775000,-0.385000,-0.175000,0.067383,0.067383,0
11.777778,-0.380000,-0.116418,-0.088623,-0.088623,0
11.780556,-0.365000,0.021047,-0.157471,-0.157471,0
11.783333,-0.355000,0.134904,-0.152344,-0.152344,0
11.786111,-0.335000,0.165954,-0.101807,-0.101807,0
11.788889,-0.360000,0.051303,-0.039307,-0.039307,0
11.791667,-0.360000,-0.075000,0.008057,0.008057,0
11.794444,-0.385000,-0.172721,0.025879,0.025879,0
11.797222,-0.380000,-0.134907,0.015625,0.015625,0
11.800000,-0.375000,-0.015000,-0.011475,-0.011475,0
11.802778,-0.360000,0.114907,-0.039795,-0.039795,0
11.805556,-0.360000,0.147721,-0.056152,-0.056152,0
11.808333,-0.365000,0.070000,-0.055908,-0.055908,0
11.811111,-0.375000,-0.066303,-0.041504,-0.041504,0
11.813889,-0.365000,-0.145954,-0.021484,-0.021484,0
11.816667,-0.355000,-0.124904,-0.005615,-0.005615,0
11.819444,-0.360000,-0.026047,-0.000244,-0.000244,0
11.822222,-0.350000,0.106418,-0.006348,-0.006348,0
11.825000,-0.360000,0.150000,-0.019043,-0.019043,0
11.827778,-0.370000,0.086418,-0.031982,-0.031982,0
11.830556,-0.370000,-0.036047,-0.039062,-0.039062,0
11.833333,-0.365000,-0.134904,-0.037354,-0.037354,0
11.836111,-0.370000,-0.150954,-0.028320,-0.028320,0
11.838889,-0.380000,-0.071303,-0.016602,-0.016602,0
11.841667,-0.390000,0.045000,-0.007324,-0.007324,0
11.844444,-0.385000,0.122721,-0.003906,-0.003906,0
11.847222,-0.380000,0.094907,-0.006592,-0.006592,0
11.850000,-0.370000,-0.010000,-0.012695,-0.012695,0
11.852778,-0.370000,-0.124907,-0.018799,-0.018799,0
11.855556,-0.365000,-0.152721,-0.021729,-0.021729,0
11.858333,-0.365000,-0.080000,-0.020020,-0.020020,0
11.861111,-0.390000,0.021303,-0.014648,-0.014648,0
11.863889,-0.375000,0.125954,-0.008057,-0.008057,0
11.866667,-0.370000,0.119904,-0.003174,-0.003174,0
11.869444,-0.355000,0.031047,-0.001709,-0.001709,0
11.872222,-0.365000,-0.101418,-0.003906,-0.003906,0
11.875000,-0.360000,-0.150000,-0.008789,-0.008789,0
11.877778,-0.370000,-0.106418,-0.014404,-0.014404,0
11.880556,-0.350000,0.036047,-0.019043,-0.019043,0
11.883333,-0.340000,0.149904,-0.020996,-0.020996,0
11.886111,-0.325000,0.175954,-0.020752,-0.020752,0
11.888889,-0.320000,0.091303,-0.018555,-0.018555,0
11.891667,-0.315000,-0.030000,-0.015137,-0.015137,0
11.894444,-0.325000,-0.112721,-0.011230,-0.011230,0
11.897222,-0.310000,-0.064907,-0.007324,-0.007324,0
11.900000,-0.295000,0.065000,-0.003906,-0.003906,0
11.902778,-0.285000,0.189907,-0.000977,-0.000977,0
11.905556,-0.290000,0.217721,0.000977,0.000977,0
11.908333,-0.290000,0.145000,0.002197,0.002197,0
11.911111,-0.275000,0.033697,0.002441,0.002441,0
11.913889,-0.270000,-0.050954,0.001709,0.001709,0
11.916667,-0.265000,-0.034904,0.000244,0.000244,0
11.919444,-0.260000,0.073953,-0.001953,-0.001953,0
11.922222,-0.260000,0.196418,-0.003906,-0.003906,0
11.925000,-0.275000,0.235000,-0.005127,-0.005127,0
11.927778,-0.275000,0.181418,-0.005615,-0.005615,0
11.930556,-0.285000,0.048953,-0.005127,-0.005127,0
11.933333,-0.260000,-0.029904,-0.004395,-0.004395,0
11.936111,-0.260000,-0.040954,-0.003662,-0.003662,0
11.938889,-0.265000,0.043697,-0.003906,-0.003906,0
11.941667,-0.270000,0.165000,-0.005127,-0.005127,0
11.944444,-0.280000,0.227721,-0.006836,-0.006836,0
11.947222,-0.275000,0.199907,-0.008545,-0.008545,0
11.950000,-0.255000,0.105000,-0.008789,-0.008789,0
11.952778,-0.255000,-0.009907,-0.007568,-0.007568,0
11.955556,-0.245000,-0.032721,-0.004883,-0.004883,0
11.958333,-0.255000,0.030000,-0.002197,-0.002197,0
11.961111,-0.260000,0.151303,-0.000244,-0.000244,0
11.963889,-0.255000,0.245954,-0.000244,-0.000244,0
11.966667,-0.255000,0.234904,-0.001953,-0.001953,0
11.969444,-0.260000,0.126047,-0.005371,-0.005371,0
11.972222,-0.265000,-0.001418,-0.009033,-0.009033,0
11.975000,-0.280000,-0.070000,-0.012207,-0.012207,0
11.977778,-0.295000,-0.031418,-0.013916,-0.013916,0
11.980556,-0.290000,0.096047,-0.013672,-0.013672,0
11.983333,-0.275000,0.214904,-0.011475,-0.011475,0
11.986111,-0.280000,0.220954,-0.008301,-0.008301,0
11.988889,-0.280000,0.131303,-0.004395,-0.004395,0
11.991667,-0.280000,0.005000,-0.001221,-0.001221,0
11.994444,-0.285000,-0.072721,0.000732,0.000732,0
11.997222,-0.285000,-0.039907,0.001221,0.001221,0
12.000000,-0.280000,0.080000,-0.000488,-0.000488,0
12.002778,-0.270000,0.204907,-0.003906,-0.003906,0
12.005556,-0.285000,0.222721,-0.008789,-0.008789,0
12.008333,-0.300000,0.135000,-0.013916,-0.013916,0
12.011111,-0.310000,-0.001303,-0.018555,-0.018555,0
12.013889,-0.300000,-0.080954,-0.021973,-0.021973,0
12.016667,-0.290000,-0.059904,-0.023926,-0.023926,0
12.019444,-0.280000,0.053953,-0.024414,-0.024414,0
12.022222,-0.300000,0.156418,-0.023438,-0.023438,0
12.025000,-0.290000,0.220000,-0.021729,-0.021729,0
12.027778,-0.310000,0.146418,-0.019531,-0.019531,0
12.030556,-0.300000,0.033953,-0.017578,-0.017578,0
12.033333,-0.295000,-0.064904,-0.016357,-0.016357,0
12.036111,-0.290000,-0.070954,-0.015625,-0.015625,0
12.038889,-0.285000,0.023697,-0.015869,-0.015869,0
12.041667,-0.295000,0.140000,-0.016357,-0.016357,0
12.044444,-0.325000,0.182721,-0.016602,-0.016602,0
12.047222,-0.315000,0.159907,-0.015381,-0.015381,0
12.050000,-0.310000,0.050000,-0.011963,-0.011963,0
12.052778,-0.305000,-0.059907,-0.006348,-0.006348,0
12.055556,-0.300000,-0.087721,0.000977,0.000977,0
12.058333,-0.315000,-0.030000,0.009033,0.009033,0
12.061111,-0.330000,0.081303,0.017090,0.017090,0
12.063889,-0.320000,0.180954,0.024414,0.024414,0
12.066667,-0.320000,0.169904,0.030518,0.030518,0
12.069444,-0.315000,0.071047,0.035889,0.035889,0
12.072222,-0.320000,-0.056418,0.041260,0.041260,0
12.075000,-0.325000,-0.115000,0.046875,0.046875,0
12.077778,-0.335000,-0.071418,0.053467,0.053467,0
12.080556,-0.330000,0.056047,0.060303,0.060303,0
12.083333,-0.325000,0.164904,0.066895,0.066895,0
12.086111,-0.310000,0.190954,0.072998,0.072998,0
12.088889,-0.315000,0.096303,0.077637,0.077637,0
12.091667,-0.315000,-0.030000,0.080811,0.080811,0
12.094444,-0.335000,-0.122721,0.082520,0.082520,0
12.097222,-0.320000,-0.074907,0.082764,0.082764,0
12.100000,-0.310000,0.050000,0.082275,0.082275,0
12.102778,-0.315000,0.159907,0.080811,0.080811,0
12.105556,-0.310000,0.197721,0.079590,0.079590,0
12.108333,-0.320000,0.115000,0.078369,0.078369,0
12.111111,-0.335000,-0.026303,0.077393,0.077393,0
12.113889,-0.325000,-0.105954,0.077393,0.077393,0
12.116667,-0.325000,-0.094904,0.078125,0.078125,0
12.119444,-0.315000,0.018953,0.079346,0.079346,0
12.122222,-0.310000,0.146418,0.081299,0.081299,0
12.125000,-0.320000,0.190000,0.083984,0.083984,0
12.127778,-0.330000,0.126418,0.087158,0.087158,0
12.130556,-0.320000,0.013953,0.090820,0.090820,0
12.133333,-0.320000,-0.089904,0.094238,0.094238,0
12.136111,-0.310000,-0.090954,0.096191,0.096191,0
12.138889,-0.330000,-0.021303,0.095703,0.095703,0
12.141667,-0.330000,0.105000,0.092285,0.092285,0
12.144444,-0.345000,0.162721,0.086426,0.086426,0
12.147222,-0.340000,0.134907,0.079102,0.079102,0
12.150000,-0.330000,0.030000,0.071777,0.071777,0
12.152778,-0.320000,-0.074907,0.065674,0.065674,0
12.155556,-0.315000,-0.102721,0.062012,0.062012,0
12.158333,-0.335000,-0.050000,0.061035,0.061035,0
12.161111,-0.335000,0.076303,0.062012,0.062012,0
12.163889,-0.330000,0.170954,0.064453,0.064453,0
12.166667,-0.310000,0.179904,0.066895,0.066895,0
12.169444,-0.310000,0.076047,0.068359,0.068359,0
12.172222,-0.315000,-0.051418,0.068359,0.068359,0
12.175000,-0.330000,-0.120000,0.066895,0.066895,0
12.177778,-0.320000,-0.056418,0.063721,0.063721,0
12.180556,-0.315000,0.071047,0.059814,0.059814,0
12.183333,-0.300000,0.189904,0.055908,0.055908,0
12.186111,-0.285000,0.215954,0.052490,0.052490,0
12.188889,-0.280000,0.131303,0.050293,0.050293,0
12.191667,-0.265000,0.020000,0.049561,0.049561,0
12.194444,-0.260000,-0.047721,0.050049,0.050049,0
12.197222,-0.265000,-0.019907,0.051270,0.051270,0
12.200000,-0.260000,0.100000,0.052490,0.052490,0
12.202778,-0.255000,0.219907,0.053467,0.053467,0
12.205556,-0.260000,0.247721,0.053467,0.053467,0
12.208333,-0.250000,0.185000,0.052490,0.052490,0
12.211111,-0.255000,0.053697,0.051025,0.051025,0
12.213889,-0.240000,-0.020954,0.049072,0.049072,0
12.216667,-0.230000,0.000096,0.046875,0.046875,0
12.219444,-0.205000,0.128953,0.044434,0.044434,0
12.222222,-0.210000,0.246418,0.041748,0.041748,0
12.225000,-0.225000,0.285000,0.039307,0.039307,0
12.227778,-0.235000,0.221418,0.036865,0.036865,0
12.230556,-0.225000,0.108953,0.034912,0.034912,0
12.233333,-0.225000,0.005096,0.033447,0.033447,0
12.236111,-0.230000,-0.010954,0.032227,0.032227,0
12.238889,-0.225000,0.083697,0.030762,0.030762,0
12.241667,-0.240000,0.195000,0.029053,0.029053,0
12.244444,-0.240000,0.267721,0.026855,0.026855,0
12.247222,-0.230000,0.244907,0.024658,0.024658,0
12.250000,-0.235000,0.125000,0.022949,0.022949,0
12.252778,-0.250000,-0.004907,0.021973,0.021973,0
12.255556,-0.250000,-0.037721,0.022217,0.022217,0
12.258333,-0.255000,0.030000,0.023438,0.023438,0
12.261111,-0.235000,0.176303,0.025146,0.025146,0
12.263889,-0.220000,0.280954,0.027344,0.027344,0
12.266667,-0.205000,0.284904,0.029053,0.029053,0
12.269444,-0.215000,0.171047,0.030518,0.030518,0
12.272222,-0.240000,0.023582,0.031250,0.031250,0
12.275000,-0.265000,-0.055000,0.031494,0.031494,0
12.277778,-0.280000,-0.016418,0.030762,0.030762,0
12.280556,-0.280000,0.106047,0.029541,0.029541,0
12.283333,-0.270000,0.219904,0.028076,0.028076,0
12.286111,-0.270000,0.230954,0.026367,0.026367,0
12.288889,-0.290000,0.121303,0.025146,0.025146,0
12.291667,-0.320000,-0.035000,0.024902,0.024902,0
12.294444,-0.335000,-0.122721,0.025391,0.025391,0
12.297222,-0.340000,-0.094907,0.026855,0.026855,0
12.300000,-0.330000,0.030000,0.028320,0.028320,0
12.302778,-0.330000,0.144907,0.029297,0.029297,0
12.305556,-0.335000,0.172721,0.029541,0.029541,0
12.308333,-0.350000,0.085000,0.028076,0.028076,0
12.311111,-0.360000,-0.051303,0.025635,0.025635,0
12.313889,-0.350000,-0.130954,0.022217,0.022217,0
12.316667,-0.350000,-0.119904,0.018311,0.018311,0
12.319444,-0.345000,-0.011047,0.014893,0.014893,0
12.322222,-0.350000,0.106418,0.012451,0.012451,0
12.325000,-0.355000,0.155000,0.011719,0.011719,0
12.327778,-0.365000,0.091418,0.013184,0.013184,0
12.330556,-0.360000,-0.026047,0.016602,0.016602,0
12.333333,-0.355000,-0.124904,0.020752,0.020752,0
12.336111,-0.350000,-0.130954,0.024658,0.024658,0
12.338889,-0.340000,-0.031303,0.026855,0.026855,0
12.341667,-0.360000,0.075000,0.026855,0.026855,0
12.344444,-0.370000,0.137721,0.025146,0.025146,0
12.347222,-0.370000,0.104907,0.023193,0.023193,0
12.350000,-0.355000,0.005000,0.022705,0.022705,0
12.352778,-0.345000,-0.099907,0.025146,0.025146,0
12.355556,-0.350000,-0.137721,0.031494,0.031494,0
12.358333,-0.370000,-0.085000,0.041260,0.041260,0
12.361111,-0.385000,0.026303,0.052490,0.052490,0
12.363889,-0.410000,0.090954,0.063721,0.063721,0
12.366667,-0.440000,0.049904,0.072998,0.072998,0
12.369444,-0.460000,-0.073953,0.079346,0.079346,0
12.372222,-0.490000,-0.226418,0.082520,0.082520,0
12.375000,-0.540000,-0.330000,0.083984,0.083984,0
12.377778,-0.565000,-0.301418,0.084961,0.084961,0
12.380556,-0.550000,-0.163953,0.087158,0.087158,0
12.383333,-0.485000,0.004904,0.091309,0.091309,0
12.386111,-0.365000,0.135954,0.097656,0.097656,0
12.388889,-0.255000,0.156303,0.105225,0.105225,0
12.391667,-0.125000,0.160000,0.113037,0.113037,0
12.394444,0.090000,0.302279,0.119385,0.119385,0
12.397222,0.360000,0.605093,0.123535,0.123535,0
12.400000,0.600000,0.960000,0.125244,0.125244,0
12.402778,0.750000,1.224907,0.124512,0.124512,0
12.405556,0.795000,1.302721,0.122070,0.122070,0
12.408333,0.700000,1.135000,0.118896,0.118896,0
12.411111,0.440000,0.748697,0.115723,0.115723,0
12.413889,0.095000,0.314046,0.112793,0.112793,0
12.416667,-0.185000,0.045096,0.109863,0.109863,0
12.419444,-0.370000,-0.036047,0.106934,0.106934,0
12.422222,-0.470000,-0.013582,0.104004,0.104004,0
12.425000,-0.490000,0.020000,0.101318,0.101318,0
12.427778,-0.470000,-0.013582,0.099854,0.099854,0
12.430556,-0.440000,-0.106047,0.100830,0.100830,0
12.433333,-0.425000,-0.194904,0.103760,0.103760,0
12.436111,-0.410000,-0.190954,0.108398,0.108398,0
12.438889,-0.410000,-0.101303,0.113037,0.113037,0
12.441667,-0.410000,0.025000,0.115967,0.115967,0
12.444444,-0.420000,0.087721,0.115723,0.115723,0
12.447222,-0.400000,0.074907,0.111328,0.111328,0
12.450000,-0.395000,-0.035000,0.103027,0.103027,0
12.452778,-0.405000,-0.159907,0.091553,0.091553,0
12.455556,-0.410000,-0.197721,0.078369,0.078369,0
12.458333,-0.405000,-0.120000,0.065186,0.065186,0
12.461111,-0.420000,-0.008697,0.052979,0.052979,0
12.463889,-0.395000,0.105954,0.042969,0.042969,0
12.466667,-0.395000,0.094904,0.035156,0.035156,0
12.469444,-0.390000,-0.003953,0.028809,0.028809,0
12.472222,-0.395000,-0.131418,0.022949,0.022949,0
12.475000,-0.395000,-0.185000,0.016602,0.016602,0
12.477778,-0.410000,-0.146418,0.009521,0.009521,0
12.480556,-0.400000,-0.013953,0.001709,0.001709,0
12.483333,-0.400000,0.089904,-0.005615,-0.005615,0
12.486111,-0.410000,0.090954,-0.010498,-0.010498,0
12.488889,-0.400000,0.011303,-0.012451,-0.012451,0
12.491667,-0.405000,-0.120000,-0.010986,-0.010986,0
12.494444,-0.410000,-0.197721,-0.007568,-0.007568,0
12.497222,-0.410000,-0.164907,-0.003906,-0.003906,0
12.500000,-0.400000,-0.040000,-0.002686,-0.002686,0
12.502778,-0.390000,0.084907,-0.005127,-0.005127,0
12.505556,-0.390000,0.117721,-0.011230,-0.011230,0
12.508333,-0.400000,0.035000,-0.018311,-0.018311,0
12.511111,-0.400000,-0.091303,-0.023682,-0.023682,0
12.513889,-0.395000,-0.175954,-0.024658,-0.024658,0
12.516667,-0.390000,-0.159904,-0.020264,-0.020264,0
12.519444,-0.385000,-0.051047,-0.012207,-0.012207,0
12.522222,-0.390000,0.066418,-0.004150,-0.004150,0
12.525000,-0.410000,0.100000,-0.000244,-0.000244,0
12.527778,-0.410000,0.046418,-0.003174,-0.003174,0
12.530556,-0.410000,-0.076047,-0.013672,-0.013672,0
12.533333,-0.415000,-0.184904,-0.029541,-0.029541,0
12.536111,-0.410000,-0.190954,-0.048096,-0.048096,0
12.538889,-0.405000,-0.096303,-0.066406,-0.066406,0
12.541667,-0.420000,0.015000,-0.083740,-0.083740,0
12.544444,-0.420000,0.087721,-0.102295,-0.102295,0
12.547222,-0.420000,0.054907,-0.124512,-0.124512,0
12.550000,-0.415000,-0.055000,-0.152344,-0.152344,0
12.552778,-0.410000,-0.164907,-0.181885,-0.181885,0
12.555556,-0.415000,-0.202721,-0.202148,-0.202148,0
12.558333,-0.425000,-0.140000,-0.196533,-0.196533,0
12.561111,-0.425000,-0.013697,-0.144531,-0.144531,0
12.563889,-0.420000,0.080954,-0.031250,-0.031250,0
12.566667,-0.425000,0.064904,0.147461,0.147461,0
12.569444,-0.420000,-0.033953,0.378662,0.378662,0
12.572222,-0.410000,-0.146418,0.631836,0.631836,0
12.575000,-0.410000,-0.200000,0.863525,0.863525,0
12.577778,-0.415000,-0.151418,1.028320,1.028320,0
12.580556,-0.410000,-0.023953,1.090332,1.090332,1
12.583333,-0.410000,0.079904,1.034180,1.034180,0
12.586111,-0.400000,0.100954,0.869629,0.869629,0
12.588889,-0.405000,0.006303,0.630615,0.630615,0
12.591667,-0.405000,-0.120000,0.364990,0.364990,0
12.594444,-0.425000,-0.212721,0.122314,0.122314,0
12.597222,-0.420000,-0.174907,-0.059082,-0.059082,0
12.600000,-0.410000,-0.050000,-0.160889,-0.160889,0
12.602778,-0.400000,0.074907,-0.187012,-0.187012,0
12.605556,-0.405000,0.102721,-0.158691,-0.158691,0
12.608333,-0.415000,0.020000,-0.105469,-0.105469,0
12.611111,-0.420000,-0.111303,-0.055420,-0.055420,0
12.613889,-0.410000,-0.190954,-0.025879,-0.025879,0
12.616667,-0.410000,-0.179904,-0.022217,-0.022217,0
12.619444,-0.400000,-0.066047,-0.038330,-0.038330,0
12.622222,-0.410000,0.046418,-0.061279,-0.061279,0
12.625000,-0.415000,0.095000,-0.078613,-0.078613,0
12.627778,-0.420000,0.036418,-0.083496,-0.083496,0
12.630556,-0.410000,-0.076047,-0.074707,-0.074707,0
12.633333,-0.400000,-0.169904,-0.057861,-0.057861,0
12.636111,-0.390000,-0.170954,-0.041016,-0.041016,0
12.638889,-0.400000,-0.091303,-0.030518,-0.030518,0
12.641667,-0.415000,0.020000,-0.029785,-0.029785,0
12.644444,-0.420000,0.087721,-0.036377,-0.036377,0
12.647222,-0.415000,0.059907,-0.046387,-0.046387,0
12.650000,-0.415000,-0.055000,-0.053955,-0.053955,0
12.652778,-0.400000,-0.154907,-0.056396,-0.056396,0
12.655556,-0.415000,-0.202721,-0.053467,-0.053467,0
12.658333,-0.430000,-0.145000,-0.047363,-0.047363,0
12.661111,-0.450000,-0.038697,-0.041992,-0.041992,0
12.663889,-0.440000,0.060954,-0.039551,-0.039551,0
12.666667,-0.440000,0.049904,-0.041016,-0.041016,0
12.669444,-0.435000,-0.048953,-0.044922,-0.044922,0
12.672222,-0.435000,-0.171418,-0.048584,-0.048584,0
12.675000,-0.440000,-0.230000,-0.049805,-0.049805,0
12.677778,-0.450000,-0.186418,-0.047119,-0.047119,0
12.680556,-0.435000,-0.048953,-0.041504,-0.041504,0
12.683333,-0.440000,0.049904,-0.034668,-0.034668,0
12.686111,-0.430000,0.070954,-0.028809,-0.028809,0
12.688889,-0.440000,-0.028697,-0.025391,-0.025391,0
12.691667,-0.445000,-0.160000,-0.025635,-0.025635,0
12.694444,-0.445000,-0.232721,-0.028809,-0.028809,0
12.697222,-0.440000,-0.194907,-0.033447,-0.033447,0
12.700000,-0.435000,-0.075000,-0.038330,-0.038330,0
12.702778,-0.420000,0.054907,-0.042725,-0.042725,0
12.705556,-0.415000,0.092721,-0.045654,-0.045654,0
12.708333,-0.410000,0.025000,-0.047363,-0.047363,0
12.711111,-0.405000,-0.096303,-0.048340,-0.048340,0
12.713889,-0.380000,-0.160954,-0.048584,-0.048584,0
12.716667,-0.375000,-0.144904,-0.048584,-0.048584,0
12.719444,-0.370000,-0.036047,-0.048828,-0.048828,0
12.722222,-0.370000,0.086418,-0.049072,-0.049072,0
12.725000,-0.370000,0.140000,-0.049561,-0.049561,0
12.727778,-0.360000,0.096418,-0.050537,-0.050537,0
12.730556,-0.355000,-0.021047,-0.051758,-0.051758,0
12.733333,-0.325000,-0.094904,-0.052979,-0.052979,0
12.736111,-0.305000,-0.085954,-0.053955,-0.053955,0
12.738889,-0.310000,-0.001303,-0.054443,-0.054443,0
12.741667,-0.320000,0.115000,-0.054199,-0.054199,0
12.744444,-0.325000,0.182721,-0.052734,-0.052734,0
12.747222,-0.325000,0.149907,-0.050293,-0.050293,0
12.750000,-0.315000,0.045000,-0.046875,-0.046875,0
12.752778,-0.300000,-0.054907,-0.042969,-0.042969,0
12.755556,-0.305000,-0.092721,-0.039795,-0.039795,0
12.758333,-0.320000,-0.035000,-0.037842,-0.037842,0
12.761111,-0.330000,0.081303,-0.037354,-0.037354,0
12.763889,-0.330000,0.170954,-0.038330,-0.038330,0
12.766667,-0.310000,0.179904,-0.040283,-0.040283,0
12.769444,-0.310000,0.076047,-0.041748,-0.041748,0
12.772222,-0.310000,-0.046418,-0.042480,-0.042480,0
12.775000,-0.305000,-0.095000,-0.042236,-0.042236,0
12.777778,-0.310000,-0.046418,-0.041504,-0.041504,0
12.780556,-0.320000,0.066047,-0.040527,-0.040527,0
12.783333,-0.305000,0.184904,-0.039795,-0.039795,0
12.786111,-0.300000,0.200954,-0.040039,-0.040039,0
12.788889,-0.300000,0.111303,-0.041016,-0.041016,0
12.791667,-0.305000,-0.020000,-0.041748,-0.041748,0
12.794444,-0.320000,-0.107721,-0.042236,-0.042236,0
12.797222,-0.320000,-0.074907,-0.041992,-0.041992,0
12.800000,-0.315000,0.045000,-0.041016,-0.041016,0
12.802778,-0.315000,0.159907,-0.039551,-0.039551,0
12.805556,-0.310000,0.197721,-0.038330,-0.038330,0
12.808333,-0.330000,0.105000,-0.037354,-0.037354,0
12.811111,-0.335000,-0.026303,-0.036621,-0.036621,0
12.813889,-0.335000,-0.115954,-0.036621,-0.036621,0
12.816667,-0.320000,-0.089904,-0.037109,-0.037109,0
12.819444,-0.315000,0.018953,-0.038330,-0.038330,0
12.822222,-0.315000,0.141418,-0.040283,-0.040283,0
12.825000,-0.325000,0.185000,-0.043457,-0.043457,0
12.827778,-0.330000,0.126418,-0.047607,-0.047607,0
12.830556,-0.335000,-0.001047,-0.052490,-0.052490,0
12.833333,-0.320000,-0.089904,-0.057617,-0.057617,0
12.836111,-0.300000,-0.080954,-0.063232,-0.063232,0
12.838889,-0.300000,0.008697,-0.068359,-0.068359,0
12.841667,-0.320000,0.115000,-0.072510,-0.072510,0
12.844444,-0.320000,0.187721,-0.074951,-0.074951,0
12.847222,-0.330000,0.144907,-0.075684,-0.075684,0
12.850000,-0.320000,0.040000,-0.074951,-0.074951,0
12.852778,-0.320000,-0.074907,-0.072998,-0.072998,0
12.855556,-0.325000,-0.112721,-0.071289,-0.071289,0
12.858333,-0.340000,-0.055000,-0.070557,-0.070557,0
12.861111,-0.355000,0.056303,-0.071777,-0.071777,0
12.863889,-0.345000,0.155954,-0.073975,-0.073975,0
12.866667,-0.350000,0.139904,-0.076904,-0.076904,0
12.869444,-0.345000,0.041047,-0.078369,-0.078369,0
12.872222,-0.345000,-0.081418,-0.077393,-0.077393,0
12.875000,-0.360000,-0.150000,-0.073242,-0.073242,0
12.877778,-0.360000,-0.096418,-0.065918,-0.065918,0
12.880556,-0.345000,0.041047,-0.056396,-0.056396,0
12.883333,-0.340000,0.149904,-0.046143,-0.046143,0
12.886111,-0.340000,0.160954,-0.036621,-0.036621,0
12.888889,-0.355000,0.056303,-0.028564,-0.028564,0
12.891667,-0.350000,-0.065000,-0.021973,-0.021973,0
12.894444,-0.350000,-0.137721,-0.016357,-0.016357,0
12.897222,-0.355000,-0.109907,-0.010498,-0.010498,0
12.900000,-0.340000,0.020000,-0.004150,-0.004150,0
12.902778,-0.335000,0.139907,0.003906,0.003906,0
12.905556,-0.340000,0.167721,0.012939,0.012939,0
12.908333,-0.350000,0.085000,0.022705,0.022705,0
12.911111,-0.355000,-0.046303,0.031982,0.031982,0
12.913889,-0.355000,-0.135954,0.040039,0.040039,0
12.916667,-0.355000,-0.124904,0.045410,0.045410,0
12.919444,-0.345000,-0.011047,0.048096,0.048096,0
12.922222,-0.345000,0.111418,0.048096,0.048096,0
12.925000,-0.350000,0.160000,0.046143,0.046143,0
12.927778,-0.360000,0.096418,0.043457,0.043457,0
12.930556,-0.365000,-0.031047,0.041260,0.041260,0
12.933333,-0.365000,-0.134904,0.039795,0.039795,0
12.936111,-0.350000,-0.130954,0.039795,0.039795,0
12.938889,-0.350000,-0.041303,0.040527,0.040527,0
12.941667,-0.360000,0.075000,0.041748,0.041748,0
12.944444,-0.370000,0.137721,0.042969,0.042969,0
12.947222,-0.360000,0.114907,0.044189,0.044189,0
12.950000,-0.350000,0.010000,0.045654,0.045654,0
12.952778,-0.335000,-0.089907,0.047363,0.047363,0
12.955556,-0.350000,-0.137721,0.049072,0.049072,0
12.958333,-0.350000,-0.065000,0.050781,0.050781,0
12.961111,-0.345000,0.066303,0.051514,0.051514,0
12.963889,-0.340000,0.160954,0.051270,0.051270,0
12.966667,-0.340000,0.149904,0.049561,0.049561,0
12.969444,-0.340000,0.046047,0.047119,0.047119,0
12.972222,-0.340000,-0.076418,0.043945,0.043945,0
12.975000,-0.345000,-0.135000,0.040283,0.040283,0
12.977778,-0.350000,-0.086418,0.037109,0.037109,0
12.980556,-0.360000,0.026047,0.034424,0.034424,0
12.983333,-0.350000,0.139904,0.032227,0.032227,0
12.986111,-0.335000,0.165954,0.030762,0.030762,0
12.988889,-0.345000,0.066303,0.030029,0.030029,0
12.991667,-0.350000,-0.065000,0.029785,0.029785,0
12.994444,-0.350000,-0.137721,0.030029,0.030029,0
12.997222,-0.355000,-0.109907,0.030762,0.030762,0
13.000000,-0.340000,0.020000,0.031738,0.031738,0
13.002778,-0.335000,0.139907,0.032959,0.032959,0
13.005556,-0.330000,0.177721,0.034180,0.034180,0
13.008333,-0.340000,0.095000,0.036133,0.036133,0
13.011111,-0.355000,-0.046303,0.038086,0.038086,0
13.013889,-0.355000,-0.135954,0.040039,0.040039,0
13.016667,-0.330000,-0.099904,0.041504,0.041504,0
13.019444,-0.315000,0.018953,0.041504,0.041504,0
13.022222,-0.315000,0.141418,0.039551,0.039551,0
13.025000,-0.315000,0.195000,0.035889,0.035889,0
13.027778,-0.320000,0.136418,0.030518,0.030518,0
13.030556,-0.300000,0.033953,0.024414,0.024414,0
13.033333,-0.300000,-0.069904,0.018555,0.018555,0
13.036111,-0.280000,-0.060954,0.013428,0.013428,0
13.038889,-0.265000,0.043697,0.009521,0.009521,0
13.041667,-0.280000,0.155000,0.006592,0.006592,0
13.044444,-0.285000,0.222721,0.004883,0.004883,0
13.047222,-0.265000,0.209907,0.004150,0.004150,0
13.050000,-0.235000,0.125000,0.004150,0.004150,0
13.052778,-0.230000,0.015093,0.004639,0.004639,0
13.055556,-0.230000,-0.017721,0.005371,0.005371,0
13.058333,-0.245000,0.040000,0.006104,0.006104,0
13.061111,-0.255000,0.156303,0.006592,0.006592,0
13.063889,-0.250000,0.250954,0.006836,0.006836,0
13.066667,-0.245000,0.244904,0.007324,0.007324,0
13.069444,-0.250000,0.136047,0.007812,0.007812,0
13.072222,-0.255000,0.008582,0.008545,0.008545,0
13.075000,-0.265000,-0.055000,0.009521,0.009521,0
13.077778,-0.270000,-0.006418,0.009766,0.009766,0
13.080556,-0.290000,0.096047,0.009766,0.009766,0
13.083333,-0.280000,0.209904,0.008789,0.008789,0
13.086111,-0.275000,0.225954,0.007324,0.007324,0
13.088889,-0.260000,0.151303,0.005859,0.005859,0
13.091667,-0.255000,0.030000,0.004395,0.004395,0
13.094444,-0.260000,-0.047721,0.003418,0.003418,0
13.097222,-0.275000,-0.029907,0.002441,0.002441,0
13.100000,-0.295000,0.065000,0.001465,0.001465,0
13.102778,-0.300000,0.174907,0.000244,0.000244,0
13.105556,-0.305000,0.202721,-0.001221,-0.001221,0
13.108333,-0.335000,0.100000,-0.003174,-0.003174,0
13.111111,-0.355000,-0.046303,-0.004639,-0.004639,0
13.113889,-0.350000,-0.130954,-0.005371,-0.005371,0
13.116667,-0.350000,-0.119904,-0.005127,-0.005127,0
13.119444,-0.350000,-0.016047,-0.004150,-0.004150,0
13.122222,-0.355000,0.101418,-0.002197,-0.002197,0
13.125000,-0.370000,0.140000,0.000000,0.000000,0
13.127778,-0.370000,0.086418,0.002686,0.002686,0
13.130556,-0.360000,-0.026047,0.005615,0.005615,0
13.133333,-0.365000,-0.134904,0.008545,0.008545,0
13.136111,-0.355000,-0.135954,0.011230,0.011230,0
13.138889,-0.365000,-0.056303,0.012939,0.012939,0
13.141667,-0.375000,0.060000,0.013428,0.013428,0
13.144444,-0.385000,0.122721,0.012695,0.012695,0
13.147222,-0.380000,0.094907,0.010742,0.010742,0
13.150000,-0.375000,-0.015000,0.008545,0.008545,0
13.152778,-0.355000,-0.109907,0.006348,0.006348,0
13.155556,-0.370000,-0.157721,0.004395,0.004395,0
13.158333,-0.385000,-0.100000,0.003662,0.003662,0
13.161111,-0.390000,0.021303,0.003662,0.003662,0
13.163889,-0.390000,0.110954,0.004395,0.004395,0
13.166667,-0.370000,0.119904,0.005615,0.005615,0
13.169444,-0.360000,0.026047,0.007324,0.007324,0
13.172222,-0.370000,-0.106418,0.008545,0.008545,0
13.175000,-0.380000,-0.170000,0.009521,0.009521,0
13.177778,-0.385000,-0.121418,0.009766,0.009766,0
13.180556,-0.380000,0.006047,0.009521,0.009521,0
13.183333,-0.375000,0.114904,0.009277,0.009277,0
13.186111,-0.370000,0.130954,0.009766,0.009766,0
13.188889,-0.380000,0.031303,0.011719,0.011719,0
13.191667,-0.405000,-0.120000,0.015381,0.015381,0
13.194444,-0.445000,-0.232721,0.020508,0.020508,0
13.197222,-0.465000,-0.219907,0.027100,0.027100,0
13.200000,-0.480000,-0.120000,0.034180,0.034180,0
13.202778,-0.485000,-0.010093,0.041016,0.041016,0
13.205556,-0.525000,-0.017279,0.047607,0.047607,0
13.208333,-0.555000,-0.120000,0.053711,0.053711,0
13.211111,-0.535000,-0.226303,0.060303,0.060303,0
13.213889,-0.450000,-0.230954,0.067383,0.067383,0
13.216667,-0.325000,-0.094904,0.074951,0.074951,0
13.219444,-0.185000,0.148953,0.083008,0.083008,0
13.222222,-0.025000,0.431418,0.091064,0.091064,0
13.225000,0.185000,0.695000,0.098389,0.098389,0
13.227778,0.430000,0.886418,0.104736,0.104736,0
13.230556,0.660000,0.993953,0.109619,0.109619,0
13.233333,0.815000,1.045096,0.112305,0.112305,0
13.236111,0.850000,1.069046,0.112549,0.112549,0
13.238889,0.750000,1.058697,0.109863,0.109863,0
13.241667,0.485000,0.920000,0.104492,0.104492,0
13.244444,0.110000,0.617721,0.097412,0.097412,0
13.247222,-0.210000,0.264907,0.089355,0.089355,0
13.250000,-0.390000,-0.030000,0.082031,0.082031,0
13.252778,-0.460000,-0.214907,0.076904,0.076904,0
13.255556,-0.485000,-0.272721,0.074707,0.074707,0
13.258333,-0.470000,-0.185000,0.075439,0.075439,0
13.261111,-0.450000,-0.038697,0.078125,0.078125,0
13.263889,-0.425000,0.075954,0.081543,0.081543,0
13.266667,-0.415000,0.074904,0.083984,0.083984,0
13.269444,-0.405000,-0.018953,0.083740,0.083740,0
13.272222,-0.415000,-0.151418,0.079346,0.079346,0
13.275000,-0.415000,-0.205000,0.070557,0.070557,0
13.277778,-0.420000,-0.156418,0.057861,0.057861,0
13.280556,-0.400000,-0.013953,0.042480,0.042480,0
13.283333,-0.395000,0.094904,0.026123,0.026123,0
13.286111,-0.385000,0.115954,0.010986,0.010986,0
13.288889,-0.395000,0.016303,-0.000977,-0.000977,0
13.291667,-0.400000,-0.115000,-0.008545,-0.008545,0
13.294444,-0.420000,-0.207721,-0.011719,-0.011719,0
13.297222,-0.410000,-0.164907,-0.011475,-0.011475,0
13.300000,-0.400000,-0.040000,-0.009766,-0.009766,0
13.302778,-0.400000,0.074907,-0.008545,-0.008545,0
13.305556,-0.405000,0.102721,-0.009521,-0.009521,0
13.308333,-0.405000,0.030000,-0.013184,-0.013184,0
13.311111,-0.435000,-0.126303,-0.018799,-0.018799,0
13.313889,-0.420000,-0.200954,-0.024658,-0.024658,0
13.316667,-0.410000,-0.179904,-0.028809,-0.028809,0
13.319444,-0.405000,-0.071047,-0.030273,-0.030273,0
13.322222,-0.415000,0.041418,-0.028809,-0.028809,0
13.325000,-0.430000,0.080000,-0.025879,-0.025879,0
13.327778,-0.440000,0.016418,-0.023438,-0.023438,0
13.330556,-0.435000,-0.101047,-0.022949,-0.022949,0
13.333333,-0.415000,-0.184904,-0.025635,-0.025635,0
13.336111,-0.420000,-0.200954,-0.031006,-0.031006,0
13.338889,-0.430000,-0.121303,-0.037354,-0.037354,0
13.341667,-0.415000,0.020000,-0.041504,-0.041504,0
13.344444,-0.430000,0.077721,-0.041504,-0.041504,0
13.347222,-0.425000,0.049907,-0.036133,-0.036133,0
13.350000,-0.420000,-0.060000,-0.027588,-0.027588,0
13.352778,-0.420000,-0.174907,-0.019043,-0.019043,0
13.355556,-0.415000,-0.202721,-0.015137,-0.015137,0
13.358333,-0.425000,-0.140000,-0.019043,-0.019043,0
13.361111,-0.425000,-0.013697,-0.031494,-0.031494,0
13.363889,-0.420000,0.080954,-0.049805,-0.049805,0
13.366667,-0.410000,0.079904,-0.070312,-0.070312,0
13.369444,-0.410000,-0.023953,-0.089111,-0.089111,0
13.372222,-0.410000,-0.146418,-0.104736,-0.104736,0
13.375000,-0.420000,-0.210000,-0.118652,-0.118652,0
13.377778,-0.430000,-0.166418,-0.134277,-0.134277,0
13.380556,-0.420000,-0.033953,-0.153320,-0.153320,0
13.383333,-0.415000,0.074904,-0.172607,-0.172607,0
13.386111,-0.395000,0.105954,-0.181641,-0.181641,0
13.388889,-0.405000,0.006303,-0.163330,-0.163330,0
13.391667,-0.415000,-0.130000,-0.098389,-0.098389,0
13.394444,-0.430000,-0.217721,0.028320,0.028320,0
13.397222,-0.420000,-0.174907,0.219238,0.219238,0
13.400000,-0.420000,-0.060000,0.459473,0.459473,0
13.402778,-0.415000,0.059907,0.716797,0.716797,0
13.405556,-0.420000,0.087721,0.946777,0.946777,0
13.408333,-0.425000,0.010000,1.104004,1.104004,0
13.411111,-0.440000,-0.131303,1.153320,1.153320,1
13.413889,-0.430000,-0.210954,1.081543,1.081543,0
13.416667,-0.425000,-0.194904,0.901123,0.901123,0
13.419444,-0.415000,-0.081047,0.647461,0.647461,0
13.422222,-0.420000,0.036418,0.370605,0.370605,0
13.425000,-0.425000,0.085000,0.120605,0.120605,0
13.427778,-0.440000,0.016418,-0.063965,-0.063965,0
13.430556,-0.430000,-0.096047,-0.165527,-0.165527,0
13.433333,-0.430000,-0.199904,-0.189697,-0.189697,0
13.436111,-0.425000,-0.205954,-0.159424,-0.159424,0
13.438889,-0.420000,-0.111303,-0.105469,-0.105469,0
13.441667,-0.415000,0.020000,-0.056152,-0.056152,0
13.444444,-0.425000,0.082721,-0.028809,-0.028809,0
13.447222,-0.430000,0.044907,-0.027100,-0.027100,0
13.450000,-0.425000,-0.065000,-0.043213,-0.043213,0
13.452778,-0.415000,-0.169907,-0.063965,-0.063965,0
13.455556,-0.405000,-0.192721,-0.077393,-0.077393,0
13.458333,-0.405000,-0.120000,-0.077393,-0.077393,0
13.461111,-0.425000,-0.013697,-0.065186,-0.065186,0
13.463889,-0.415000,0.085954,-0.047852,-0.047852,0
13.466667,-0.420000,0.069904,-0.033447,-0.033447,0
13.469444,-0.420000,-0.033953,-0.028320,-0.028320,0
13.472222,-0.420000,-0.156418,-0.033447,-0.033447,0
13.475000,-0.435000,-0.225000,-0.045410,-0.045410,0
13.477778,-0.435000,-0.171418,-0.058594,-0.058594,0
13.480556,-0.440000,-0.053953,-0.067383,-0.067383,0
13.483333,-0.420000,0.069904,-0.069092,-0.069092,0
13.486111,-0.430000,0.070954,-0.064453,-0.064453,0
13.488889,-0.450000,-0.038697,-0.056885,-0.056885,0
13.491667,-0.455000,-0.170000,-0.050781,-0.050781,0
13.494444,-0.465000,-0.252721,-0.049316,-0.049316,0
13.497222,-0.465000,-0.219907,-0.053467,-0.053467,0
13.500000,-0.465000,-0.105000,-0.061035,-0.061035,0
13.502778,-0.465000,0.009907,-0.068848,-0.068848,0
13.505556,-0.465000,0.042721,-0.073975,-0.073975,0
13.508333,-0.470000,-0.035000,-0.074219,-0.074219,0
13.511111,-0.490000,-0.181303,-0.070068,-0.070068,0
13.513889,-0.485000,-0.265954,-0.063721,-0.063721,0
13.516667,-0.460000,-0.229904,-0.057617,-0.057617,0
13.519444,-0.455000,-0.121047,-0.053955,-0.053955,0
13.522222,-0.460000,-0.003582,-0.053955,-0.053955,0
13.525000,-0.455000,0.055000,-0.056152,-0.056152,0
13.527778,-0.455000,0.001418,-0.058838,-0.058838,0
13.530556,-0.440000,-0.106047,-0.060303,-0.060303,0
13.533333,-0.425000,-0.194904,-0.059082,-0.059082,0
13.536111,-0.415000,-0.195954,-0.055908,-0.055908,0
13.538889,-0.400000,-0.091303,-0.052002,-0.052002,0
13.541667,-0.405000,0.030000,-0.048828,-0.048828,0
13.544444,-0.400000,0.107721,-0.047363,-0.047363,0
13.547222,-0.385000,0.089907,-0.047607,-0.047607,0
13.550000,-0.365000,-0.005000,-0.048584,-0.048584,0
13.552778,-0.365000,-0.119907,-0.049316,-0.049316,0
13.555556,-0.360000,-0.147721,-0.048828,-0.048828,0
13.558333,-0.370000,-0.085000,-0.047119,-0.047119,0
13.561111,-0.375000,0.036303,-0.044922,-0.044922,0
13.563889,-0.355000,0.145954,-0.043213,-0.043213,0
13.566667,-0.340000,0.149904,-0.042480,-0.042480,0
13.569444,-0.330000,0.056047,-0.043457,-0.043457,0
13.572222,-0.330000,-0.066418,-0.045898,-0.045898,0
13.575000,-0.330000,-0.120000,-0.049072,-0.049072,0
13.577778,-0.340000,-0.076418,-0.052246,-0.052246,0
13.580556,-0.335000,0.051047,-0.054932,-0.054932,0
13.583333,-0.320000,0.169904,-0.056152,-0.056152,0
13.586111,-0.305000,0.195954,-0.056396,-0.056396,0
13.588889,-0.315000,0.096303,-0.055664,-0.055664,0
13.591667,-0.320000,-0.035000,-0.054443,-0.054443,0
13.594444,-0.320000,-0.107721,-0.053223,-0.053223,0
13.597222,-0.320000,-0.074907,-0.052734,-0.052734,0
13.600000,-0.315000,0.045000,-0.052734,-0.052734,0
13.602778,-0.310000,0.164907,-0.053467,-0.053467,0
13.605556,-0.310000,0.197721,-0.054688,-0.054688,0
13.608333,-0.315000,0.120000,-0.055420,-0.055420,0
13.611111,-0.330000,-0.021303,-0.055908,-0.055908,0
13.613889,-0.320000,-0.100954,-0.055176,-0.055176,0
13.616667,-0.320000,-0.089904,-0.053467,-0.053467,0
13.619444,-0.310000,0.023953,-0.051025,-0.051025,0
13.622222,-0.320000,0.136418,-0.048584,-0.048584,0
13.625000,-0.330000,0.180000,-0.046143,-0.046143,0
13.627778,-0.340000,0.116418,-0.044189,-0.044189,0
13.630556,-0.330000,0.003953,-0.042725,-0.042725,0
13.633333,-0.325000,-0.094904,-0.041992,-0.041992,0
13.636111,-0.325000,-0.105954,-0.042236,-0.042236,0
13.638889,-0.320000,-0.011303,-0.043457,-0.043457,0
13.641667,-0.340000,0.095000,-0.045898,-0.045898,0
13.644444,-0.350000,0.157721,-0.049072,-0.049072,0
13.647222,-0.340000,0.134907,-0.052246,-0.052246,0
13.650000,-0.320000,0.040000,-0.055420,-0.055420,0
13.652778,-0.315000,-0.069907,-0.058105,-0.058105,0
13.655556,-0.325000,-0.112721,-0.060547,-0.060547,0
13.658333,-0.340000,-0.055000,-0.063232,-0.063232,0
13.661111,-0.345000,0.066303,-0.066650,-0.066650,0
13.663889,-0.345000,0.155954,-0.071289,-0.071289,0
13.666667,-0.340000,0.149904,-0.077148,-0.077148,0
13.669444,-0.330000,0.056047,-0.083496,-0.083496,0
13.672222,-0.335000,-0.071418,-0.089844,-0.089844,0
13.675000,-0.345000,-0.135000,-0.095459,-0.095459,0
13.677778,-0.360000,-0.096418,-0.100098,-0.100098,0
13.680556,-0.355000,0.031047,-0.103516,-0.103516,0
13.683333,-0.340000,0.149904,-0.105225,-0.105225,0
13.686111,-0.330000,0.170954,-0.105713,-0.105713,0
13.688889,-0.335000,0.076303,-0.104736,-0.104736,0
13.691667,-0.345000,-0.060000,-0.102783,-0.102783,0
13.694444,-0.365000,-0.152721,-0.099365,-0.099365,0
13.697222,-0.370000,-0.124907,-0.095215,-0.095215,0
13.700000,-0.350000,0.010000,-0.089844,-0.089844,0
13.702778,-0.340000,0.134907,-0.083252,-0.083252,0
13.705556,-0.335000,0.172721,-0.075684,-0.075684,0
13.708333,-0.360000,0.075000,-0.067139,-0.067139,0
13.711111,-0.355000,-0.046303,-0.057373,-0.057373,0
13.713889,-0.340000,-0.120954,-0.046875,-0.046875,0
13.716667,-0.335000,-0.104904,-0.036865,-0.036865,0
13.719444,-0.335000,-0.001047,-0.027588,-0.027588,0
13.722222,-0.320000,0.136418,-0.019775,-0.019775,0
13.725000,-0.335000,0.175000,-0.013916,-0.013916,0
13.727778,-0.355000,0.101418,-0.009277,-0.009277,0
13.730556,-0.350000,-0.016047,-0.005127,-0.005127,0
13.733333,-0.345000,-0.114904,-0.001221,-0.001221,0
13.736111,-0.340000,-0.120954,0.003418,0.003418,0
13.738889,-0.335000,-0.026303,0.008545,0.008545,0
13.741667,-0.350000,0.085000,0.013916,0.013916,0
13.744444,-0.370000,0.137721,0.019287,0.019287,0
13.747222,-0.360000,0.114907,0.024414,0.024414,0
13.750000,-0.355000,0.005000,0.029053,0.029053,0
13.752778,-0.350000,-0.104907,0.032959,0.032959,0
13.755556,-0.345000,-0.132721,0.036377,0.036377,0
13.758333,-0.365000,-0.080000,0.038818,0.038818,0
13.761111,-0.360000,0.051303,0.040771,0.040771,0
13.763889,-0.360000,0.140954,0.042236,0.042236,0
13.766667,-0.350000,0.139904,0.043213,0.043213,0
13.769444,-0.345000,0.041047,0.043945,0.043945,0
13.772222,-0.355000,-0.091418,0.044678,0.044678,0
13.775000,-0.355000,-0.145000,0.045166,0.045166,0
13.777778,-0.365000,-0.101418,0.045410,0.045410,0
13.780556,-0.360000,0.026047,0.044922,0.044922,0
13.783333,-0.345000,0.144904,0.043701,0.043701,0
13.786111,-0.345000,0.155954,0.041992,0.041992,0
13.788889,-0.350000,0.061303,0.040283,0.040283,0
13.791667,-0.355000,-0.070000,0.038574,0.038574,0
13.794444,-0.360000,-0.147721,0.037109,0.037109,0
13.797222,-0.355000,-0.109907,0.035889,0.035889,0
13.800000,-0.350000,0.010000,0.034424,0.034424,0
13.802778,-0.335000,0.139907,0.032715,0.032715,0
13.805556,-0.335000,0.172721,0.030518,0.030518,0
13.808333,-0.355000,0.080000,0.028076,0.028076,0
13.811111,-0.345000,-0.036303,0.025879,0.025879,0
13.813889,-0.340000,-0.120954,0.024658,0.024658,0
13.816667,-0.330000,-0.099904,0.024170,0.024170,0
13.819444,-0.340000,-0.006047,0.024658,0.024658,0
13.822222,-0.345000,0.111418,0.025391,0.025391,0
13.825000,-0.350000,0.160000,0.026367,0.026367,0
13.827778,-0.355000,0.101418,0.026855,0.026855,0
13.830556,-0.350000,-0.016047,0.026855,0.026855,0
13.833333,-0.335000,-0.104904,0.025635,0.025635,0
13.836111,-0.330000,-0.110954,0.023682,0.023682,0
13.838889,-0.330000,-0.021303,0.020752,0.020752,0
13.841667,-0.330000,0.105000,0.017334,0.017334,0
13.844444,-0.330000,0.177721,0.014160,0.014160,0
13.847222,-0.305000,0.169907,0.011963,0.011963,0
13.850000,-0.285000,0.075000,0.010986,0.010986,0
13.852778,-0.275000,-0.029907,0.011475,0.011475,0
13.855556,-0.280000,-0.067721,0.012695,0.012695,0
13.858333,-0.285000,-0.000000,0.013672,0.013672,0
13.861111,-0.290000,0.121303,0.013672,0.013672,0
13.863889,-0.275000,0.225954,0.012207,0.012207,0
13.866667,-0.260000,0.229904,0.009766,0.009766,0
13.869444,-0.245000,0.141047,0.006348,0.006348,0
13.872222,-0.240000,0.023582,0.003418,0.003418,0
13.875000,-0.240000,-0.030000,0.001709,0.001709,0
13.877778,-0.240000,0.023582,0.001709,0.001709,0
13.880556,-0.235000,0.151047,0.003662,0.003662,0
13.883333,-0.225000,0.264904,0.006592,0.006592,0
13.886111,-0.220000,0.280954,0.010498,0.010498,0
13.888889,-0.230000,0.181303,0.014404,0.014404,0
13.891667,-0.240000,0.045000,0.017334,0.017334,0
13.894444,-0.255000,-0.042721,0.019287,0.019287,0
13.897222,-0.255000,-0.009907,0.020020,0.020020,0
13.900000,-0.240000,0.120000,0.019287,0.019287,0
13.902778,-0.240000,0.234907,0.017578,0.017578,0
13.905556,-0.250000,0.257721,0.014893,0.014893,0
13.908333,-0.270000,0.165000,0.011719,0.011719,0
13.911111,-0.270000,0.038697,0.009033,0.009033,0
13.913889,-0.240000,-0.020954,0.006592,0.006592,0
13.916667,-0.230000,0.000096,0.004395,0.004395,0
13.919444,-0.225000,0.108953,0.002441,0.002441,0
13.922222,-0.265000,0.191418,0.000732,0.000732,0
13.925000,-0.295000,0.215000,-0.000732,-0.000732,0
13.927778,-0.305000,0.151418,-0.001709,-0.001709,0
13.930556,-0.325000,0.008953,-0.002197,-0.002197,0
13.933333,-0.315000,-0.084904,-0.001953,-0.001953,0
13.936111,-0.325000,-0.105954,-0.001221,-0.001221,0
13.938889,-0.330000,-0.021303,-0.000488,-0.000488,0
13.941667,-0.345000,0.090000,0.000000,0.000000,0
13.944444,-0.360000,0.147721,0.000000,0.000000,0
13.947222,-0.365000,0.109907,-0.000488,-0.000488,0
13.950000,-0.355000,0.005000,-0.000488,-0.000488,0
13.952778,-0.345000,-0.099907,-0.000732,-0.000732,0
13.955556,-0.340000,-0.127721,-0.000244,-0.000244,0
13.958333,-0.335000,-0.050000,0.000000,0.000000,0
13.961111,-0.360000,0.051303,0.000488,0.000488,0
13.963889,-0.355000,0.145954,0.000488,0.000488,0
13.966667,-0.345000,0.144904,0.000732,0.000732,0
13.969444,-0.335000,0.051047,0.000977,0.000977,0
13.972222,-0.355000,-0.091418,0.001465,0.001465,0
13.975000,-0.350000,-0.140000,0.002930,0.002930,0
13.977778,-0.375000,-0.111418,0.004883,0.004883,0
13.980556,-0.375000,0.011047,0.007080,0.007080,0
13.983333,-0.365000,0.124904,0.009521,0.009521,0
13.986111,-0.365000,0.135954,0.011475,0.011475,0
13.988889,-0.350000,0.061303,0.012451,0.012451,0
13.991667,-0.370000,-0.085000,0.012451,0.012451,0
13.994444,-0.380000,-0.167721,0.010986,0.010986,0
13.997222,-0.365000,-0.119907,0.008789,0.008789,0
14.000000,-0.370000,-0.010000,0.006348,0.006348,0
14.002778,-0.355000,0.119907,0.004150,0.004150,0
14.005556,-0.370000,0.137721,0.003174,0.003174,0
14.008333,-0.380000,0.055000,0.004395,0.004395,0
14.011111,-0.385000,-0.076303,0.008301,0.008301,0
14.013889,-0.385000,-0.165954,0.014893,0.014893,0
14.016667,-0.400000,-0.169904,0.023682,0.023682,0
14.019444,-0.430000,-0.096047,0.033203,0.033203,0
14.022222,-0.465000,-0.008582,0.042725,0.042725,0
14.025000,-0.485000,0.025000,0.051025,0.051025,0
14.027778,-0.520000,-0.063582,0.057861,0.057861,0
14.030556,-0.555000,-0.221047,0.063721,0.063721,0
14.033333,-0.525000,-0.294904,0.068604,0.068604,0
14.036111,-0.435000,-0.215954,0.073486,0.073486,0
14.038889,-0.305000,0.003697,0.078613,0.078613,0
14.041667,-0.155000,0.280000,0.084229,0.084229,0
14.044444,0.010000,0.517721,0.090820,0.090820,0
14.047222,0.260000,0.734907,0.097900,0.097900,0
14.050000,0.535000,0.895000,0.105469,0.105469,0
14.052778,0.760000,1.005093,0.112549,0.112549,0
14.055556,0.890000,1.102279,0.118408,0.118408,0
14.058333,0.905000,1.190000,0.121582,0.121582,0
14.061111,0.705000,1.116303,0.121582,0.121582,0
14.063889,0.360000,0.860954,0.118408,0.118408,0
14.066667,-0.030000,0.459904,0.112549,0.112549,0
14.069444,-0.320000,0.066047,0.105713,0.105713,0
14.072222,-0.455000,-0.191418,0.099365,0.099365,0
14.075000,-0.475000,-0.265000,0.094727,0.094727,0
14.077778,-0.440000,-0.176418,0.092773,0.092773,0
14.080556,-0.395000,-0.008953,0.093506,0.093506,0
14.083333,-0.380000,0.109904,0.095947,0.095947,0
14.086111,-0.380000,0.120954,0.099365,0.099365,0
14.088889,-0.385000,0.026303,0.101562,0.101562,0
14.091667,-0.395000,-0.110000,0.101074,0.101074,0
14.094444,-0.400000,-0.187721,0.097168,0.097168,0
14.097222,-0.405000,-0.159907,0.088867,0.088867,0
14.100000,-0.395000,-0.035000,0.076660,0.076660,0
14.102778,-0.410000,0.064907,0.061035,0.061035,0
14.105556,-0.390000,0.117721,0.044189,0.044189,0
14.108333,-0.395000,0.040000,0.027832,0.027832,0
14.111111,-0.405000,-0.096303,0.013916,0.013916,0
14.113889,-0.405000,-0.185954,0.003906,0.003906,0
14.116667,-0.395000,-0.164904,-0.001953,-0.001953,0
14.119444,-0.385000,-0.051047,-0.004150,-0.004150,0
14.122222,-0.385000,0.071418,-0.003906,-0.003906,0
14.125000,-0.405000,0.105000,-0.003174,-0.003174,0
14.127778,-0.405000,0.051418,-0.002686,-0.002686,0
14.130556,-0.400000,-0.066047,-0.003174,-0.003174,0
14.133333,-0.385000,-0.154904,-0.004395,-0.004395,0
14.136111,-0.380000,-0.160954,-0.005615,-0.005615,0
14.138889,-0.385000,-0.076303,-0.006348,-0.006348,0
14.141667,-0.405000,0.030000,-0.005859,-0.005859,0
14.144444,-0.410000,0.097721,-0.004639,-0.004639,0
14.147222,-0.400000,0.074907,-0.003906,-0.003906,0
14.150000,-0.395000,-0.035000,-0.005371,-0.005371,0
14.152778,-0.385000,-0.139907,-0.009521,-0.009521,0
14.155556,-0.395000,-0.182721,-0.016846,-0.016846,0
14.158333,-0.410000,-0.125000,-0.025391,-0.025391,0
14.161111,-0.405000,0.006303,-0.032715,-0.032715,0
14.163889,-0.405000,0.095954,-0.035889,-0.035889,0
14.166667,-0.395000,0.094904,-0.033691,-0.033691,0
14.169444,-0.390000,-0.003953,-0.026611,-0.026611,0
14.172222,-0.395000,-0.131418,-0.017822,-0.017822,0
14.175000,-0.395000,-0.185000,-0.011230,-0.011230,0
14.177778,-0.405000,-0.141418,-0.010986,-0.010986,0
14.180556,-0.410000,-0.023953,-0.018555,-0.018555,0
14.183333,-0.400000,0.089904,-0.032227,-0.032227,0
14.186111,-0.385000,0.115954,-0.048340,-0.048340,0
14.188889,-0.395000,0.016303,-0.062256,-0.062256,0
14.191667,-0.400000,-0.115000,-0.072266,-0.072266,0
14.194444,-0.395000,-0.182721,-0.080322,-0.080322,0
14.197222,-0.385000,-0.139907,-0.091064,-0.091064,0
14.200000,-0.385000,-0.025000,-0.110352,-0.110352,0
14.202778,-0.375000,0.099907,-0.139893,-0.139893,0
14.205556,-0.375000,0.132721,-0.172607,-0.172607,0
14.208333,-0.380000,0.055000,-0.192627,-0.192627,0
14.211111,-0.395000,-0.086303,-0.176514,-0.176514,0
14.213889,-0.385000,-0.165954,-0.100586,-0.100586,0
14.216667,-0.390000,-0.159904,0.049316,0.049316,0
14.219444,-0.385000,-0.051047,0.270996,0.270996,0
14.222222,-0.380000,0.076418,0.540527,0.540527,0
14.225000,-0.390000,0.120000,0.815430,0.815430,0
14.227778,-0.400000,0.056418,1.043457,1.043457,0
14.230556,-0.400000,-0.066047,1.176025,1.176025,0
14.233333,-0.390000,-0.159904,1.182373,1.182373,1
14.236111,-0.365000,-0.145954,1.058594,1.058594,0
14.238889,-0.375000,-0.066303,0.830078,0.830078,0
14.241667,-0.385000,0.050000,0.545166,0.545166,0
14.244444,-0.400000,0.107721,0.261230,0.261230,0
14.247222,-0.400000,0.074907,0.029785,0.029785,0
14.250000,-0.390000,-0.030000,-0.117188,-0.117188,0
14.252778,-0.380000,-0.134907,-0.173096,-0.173096,0
14.255556,-0.375000,-0.162721,-0.156250,-0.156250,0
14.258333,-0.385000,-0.100000,-0.099365,-0.099365,0
14.261111,-0.395000,0.016303,-0.037354,-0.037354,0
14.263889,-0.380000,0.120954,0.002686,0.002686,0
14.266667,-0.370000,0.119904,0.010010,0.010010,0
14.269444,-0.365000,0.021047,-0.010986,-0.010986,0
14.272222,-0.365000,-0.101418,-0.045166,-0.045166,0
14.275000,-0.375000,-0.165000,-0.075439,-0.075439,0
14.277778,-0.385000,-0.121418,-0.089844,-0.089844,0
14.280556,-0.375000,0.011047,-0.084717,-0.084717,0
14.283333,-0.375000,0.114904,-0.065674,-0.065674,0
14.286111,-0.365000,0.135954,-0.042969,-0.042969,0
14.288889,-0.370000,0.041303,-0.026855,-0.026855,0
14.291667,-0.375000,-0.090000,-0.022705,-0.022705,0
14.294444,-0.400000,-0.187721,-0.030029,-0.030029,0
14.297222,-0.395000,-0.149907,-0.043457,-0.043457,0
14.300000,-0.405000,-0.045000,-0.055664,-0.055664,0
14.302778,-0.370000,0.104907,-0.061279,-0.061279,0
14.305556,-0.385000,0.122721,-0.057861,-0.057861,0
14.308333,-0.400000,0.035000,-0.048096,-0.048096,0
14.311111,-0.410000,-0.101303,-0.036621,-0.036621,0
14.313889,-0.400000,-0.180954,-0.028809,-0.028809,0
14.316667,-0.395000,-0.164904,-0.027344,-0.027344,0
14.319444,-0.375000,-0.041047,-0.032227,-0.032227,0
14.322222,-0.380000,0.076418,-0.041016,-0.041016,0
14.325000,-0.385000,0.125000,-0.049316,-0.049316,0
14.327778,-0.405000,0.051418,-0.053711,-0.053711,0
14.330556,-0.385000,-0.051047,-0.052979,-0.052979,0
14.333333,-0.375000,-0.144904,-0.047852,-0.047852,0
14.336111,-0.370000,-0.150954,-0.041016,-0.041016,0
14.338889,-0.365000,-0.056303,-0.035400,-0.035400,0
14.341667,-0.365000,0.070000,-0.033203,-0.033203,0
14.344444,-0.350000,0.157721,-0.034668,-0.034668,0
14.347222,-0.355000,0.119907,-0.038330,-0.038330,0
14.350000,-0.320000,0.040000,-0.042236,-0.042236,0
14.352778,-0.310000,-0.064907,-0.044434,-0.044434,0
14.355556,-0.310000,-0.097721,-0.044189,-0.044189,0
14.358333,-0.305000,-0.020000,-0.041992,-0.041992,0
14.361111,-0.310000,0.101303,-0.038574,-0.038574,0
14.363889,-0.290000,0.210954,-0.035156,-0.035156,0
14.366667,-0.280000,0.209904,-0.032227,-0.032227,0
14.369444,-0.280000,0.106047,-0.029785,-0.029785,0
14.372222,-0.270000,-0.006418,-0.027344,-0.027344,0
14.375000,-0.280000,-0.070000,-0.024658,-0.024658,0
14.377778,-0.285000,-0.021418,-0.021729,-0.021729,0
14.380556,-0.280000,0.106047,-0.019531,-0.019531,0
14.383333,-0.285000,0.204904,-0.018555,-0.018555,0
14.386111,-0.265000,0.235954,-0.019043,-0.019043,0
14.388889,-0.270000,0.141303,-0.021240,-0.021240,0
14.391667,-0.275000,0.010000,-0.024170,-0.024170,0
14.394444,-0.290000,-0.077721,-0.027100,-0.027100,0
14.397222,-0.290000,-0.044907,-0.029053,-0.029053,0
14.400000,-0.275000,0.085000,-0.029541,-0.029541,0
14.402778,-0.275000,0.199907,-0.028564,-0.028564,0
14.405556,-0.270000,0.237721,-0.026367,-0.026367,0
14.408333,-0.275000,0.160000,-0.023926,-0.023926,0
14.411111,-0.290000,0.018697,-0.021729,-0.021729,0
14.413889,-0.285000,-0.065954,-0.020752,-0.020752,0
14.416667,-0.285000,-0.054904,-0.020996,-0.020996,0
14.419444,-0.260000,0.073953,-0.022461,-0.022461,0
14.422222,-0.260000,0.196418,-0.024414,-0.024414,0
14.425000,-0.275000,0.235000,-0.026123,-0.026123,0
14.427778,-0.285000,0.171418,-0.026611,-0.026611,0
14.430556,-0.275000,0.058953,-0.025635,-0.025635,0
14.433333,-0.265000,-0.034904,-0.022705,-0.022705,0
14.436111,-0.270000,-0.050954,-0.019287,-0.019287,0
14.438889,-0.280000,0.028697,-0.015625,-0.015625,0
14.441667,-0.290000,0.145000,-0.012695,-0.012695,0
14.444444,-0.295000,0.212721,-0.010742,-0.010742,0
14.447222,-0.300000,0.174907,-0.010254,-0.010254,0
14.450000,-0.280000,0.080000,-0.010254,-0.010254,0
14.452778,-0.280000,-0.034907,-0.010742,-0.010742,0
14.455556,-0.275000,-0.062721,-0.011475,-0.011475,0
14.458333,-0.290000,-0.005000,-0.012207,-0.012207,0
14.461111,-0.300000,0.111303,-0.013428,-0.013428,0
14.463889,-0.305000,0.195954,-0.015625,-0.015625,0
14.466667,-0.285000,0.204904,-0.018555,-0.018555,0
14.469444,-0.285000,0.101047,-0.022217,-0.022217,0
14.472222,-0.285000,-0.021418,-0.026611,-0.026611,0
14.475000,-0.295000,-0.085000,-0.030518,-0.030518,0
14.477778,-0.300000,-0.036418,-0.034180,-0.034180,0
14.480556,-0.300000,0.086047,-0.036621,-0.036621,0
14.483333,-0.295000,0.194904,-0.037842,-0.037842,0
14.486111,-0.280000,0.220954,-0.037598,-0.037598,0
14.488889,-0.295000,0.116303,-0.036621,-0.036621,0
14.491667,-0.290000,-0.005000,-0.034668,-0.034668,0
14.494444,-0.305000,-0.092721,-0.032715,-0.032715,0
14.497222,-0.305000,-0.059907,-0.031250,-0.031250,0
14.500000,-0.300000,0.060000,-0.030029,-0.030029,0
14.502778,-0.285000,0.189907,-0.029297,-0.029297,0
14.505556,-0.285000,0.222721,-0.028320,-0.028320,0
14.508333,-0.310000,0.125000,-0.026611,-0.026611,0
14.511111,-0.315000,-0.006303,-0.022949,-0.022949,0
14.513889,-0.305000,-0.085954,-0.017090,-0.017090,0
14.516667,-0.305000,-0.074904,-0.009277,-0.009277,0
14.519444,-0.295000,0.038953,0.000000,0.000000,0
14.522222,-0.300000,0.156418,0.010010,0.010010,0
14.525000,-0.320000,0.190000,0.020020,0.020020,0
14.527778,-0.335000,0.121418,0.029297,0.029297,0
14.530556,-0.320000,0.013953,0.038086,0.038086,0
14.533333,-0.320000,-0.089904,0.046143,0.046143,0
14.536111,-0.310000,-0.090954,0.053467,0.053467,0
14.538889,-0.315000,-0.006303,0.059814,0.059814,0
14.541667,-0.310000,0.125000,0.065186,0.065186,0
14.544444,-0.330000,0.177721,0.069092,0.069092,0
14.547222,-0.320000,0.154907,0.071777,0.071777,0
14.550000,-0.310000,0.050000,0.073486,0.073486,0
14.552778,-0.305000,-0.059907,0.074463,0.074463,0
14.555556,-0.305000,-0.092721,0.074463,0.074463,0
14.558333,-0.315000,-0.030000,0.074219,0.074219,0
14.561111,-0.315000,0.096303,0.073486,0.073486,0
14.563889,-0.315000,0.185954,0.072754,0.072754,0
14.566667,-0.305000,0.184904,0.072021,0.072021,0
14.569444,-0.305000,0.081047,0.071777,0.071777,0
14.572222,-0.300000,-0.036418,0.071533,0.071533,0
14.575000,-0.310000,-0.100000,0.071289,0.071289,0
14.577778,-0.310000,-0.046418,0.071045,0.071045,0
14.580556,-0.310000,0.076047,0.070312,0.070312,0
14.583333,-0.310000,0.179904,0.069580,0.069580,0
14.586111,-0.295000,0.205954,0.069092,0.069092,0
14.588889,-0.300000,0.111303,0.069336,0.069336,0
14.591667,-0.325000,-0.040000,0.070801,0.070801,0
14.594444,-0.325000,-0.112721,0.073242,0.073242,0
14.597222,-0.330000,-0.084907,0.075928,0.075928,0
14.600000,-0.320000,0.040000,0.077881,0.077881,0
14.602778,-0.310000,0.164907,0.078613,0.078613,0
14.605556,-0.305000,0.202721,0.077637,0.077637,0
14.608333,-0.315000,0.120000,0.074951,0.074951,0
14.611111,-0.330000,-0.021303,0.071045,0.071045,0
14.613889,-0.320000,-0.100954,0.067139,0.067139,0
14.616667,-0.310000,-0.079904,0.063721,0.063721,0
14.619444,-0.305000,0.028953,0.061279,0.061279,0
14.622222,-0.300000,0.156418,0.059814,0.059814,0
14.625000,-0.295000,0.215000,0.059326,0.059326,0
14.627778,-0.320000,0.136418,0.059570,0.059570,0
14.630556,-0.310000,0.023953,0.059570,0.059570,0
14.633333,-0.300000,-0.069904,0.059570,0.059570,0
14.636111,-0.275000,-0.055954,0.059326,0.059326,0
14.638889,-0.270000,0.038697,0.058105,0.058105,0
14.641667,-0.260000,0.175000,0.056641,0.056641,0
14.644444,-0.250000,0.257721,0.054932,0.054932,0
14.647222,-0.235000,0.239907,0.053711,0.053711,0
14.650000,-0.230000,0.130000,0.052979,0.052979,0
14.652778,-0.225000,0.020093,0.053223,0.053223,0
14.655556,-0.230000,-0.017721,0.053955,0.053955,0
14.658333,-0.230000,0.055000,0.054443,0.054443,0
14.661111,-0.240000,0.171303,0.054443,0.054443,0
14.663889,-0.230000,0.270954,0.053955,0.053955,0
14.666667,-0.225000,0.264904,0.052734,0.052734,0
14.669444,-0.205000,0.181047,0.051270,0.051270,0
14.672222,-0.205000,0.058582,0.050049,0.050049,0
14.675000,-0.200000,0.010000,0.049072,0.049072,0
14.677778,-0.210000,0.053582,0.048828,0.048828,0
14.680556,-0.195000,0.191047,0.048340,0.048340,0
14.683333,-0.200000,0.289904,0.047852,0.047852,0
14.686111,-0.190000,0.310954,0.046875,0.046875,0
14.688889,-0.200000,0.211303,0.045166,0.045166,0
14.691667,-0.210000,0.075000,0.042725,0.042725,0
14.694444,-0.225000,-0.012721,0.039795,0.039795,0
14.697222,-0.225000,0.020093,0.036865,0.036865,0
14.700000,-0.220000,0.140000,0.033691,0.033691,0
14.702778,-0.220000,0.254907,0.030518,0.030518,0
14.705556,-0.220000,0.287721,0.028076,0.028076,0
14.708333,-0.230000,0.205000,0.026611,0.026611,0
14.711111,-0.250000,0.058697,0.026123,0.026123,0
14.713889,-0.245000,-0.025954,0.026855,0.026855,0
14.716667,-0.230000,0.000096,0.028564,0.028564,0
14.719444,-0.205000,0.128953,0.030518,0.030518,0
14.722222,-0.185000,0.271418,0.032227,0.032227,0
14.725000,-0.195000,0.315000,0.033203,0.033203,0
14.727778,-0.225000,0.231418,0.033691,0.033691,0
14.730556,-0.250000,0.083953,0.034180,0.034180,0
14.733333,-0.255000,-0.024904,0.034424,0.034424,0
14.736111,-0.265000,-0.045954,0.035156,0.035156,0
14.738889,-0.275000,0.033697,0.035889,0.035889,0
14.741667,-0.305000,0.130000,0.036621,0.036621,0
14.744444,-0.320000,0.187721,0.037598,0.037598,0
14.747222,-0.325000,0.149907,0.038330,0.038330,0
14.750000,-0.325000,0.035000,0.039062,0.039062,0
14.752778,-0.330000,-0.084907,0.039551,0.039551,0
14.755556,-0.330000,-0.117721,0.039795,0.039795,0
14.758333,-0.325000,-0.040000,0.039307,0.039307,0
14.761111,-0.335000,0.076303,0.037598,0.037598,0
14.763889,-0.340000,0.160954,0.035156,0.035156,0
14.766667,-0.335000,0.154904,0.031982,0.031982,0
14.769444,-0.320000,0.066047,0.028564,0.028564,0
14.772222,-0.335000,-0.071418,0.025635,0.025635,0
14.775000,-0.345000,-0.135000,0.023682,0.023682,0
14.777778,-0.355000,-0.091418,0.022949,0.022949,0
14.780556,-0.350000,0.036047,0.023682,0.023682,0
14.783333,-0.355000,0.134904,0.025879,0.025879,0
14.786111,-0.350000,0.150954,0.028564,0.028564,0
14.788889,-0.345000,0.066303,0.031494,0.031494,0
14.791667,-0.340000,-0.055000,0.033691,0.033691,0
14.794444,-0.355000,-0.142721,0.034912,0.034912,0
14.797222,-0.350000,-0.104907,0.034912,0.034912,0
14.800000,-0.340000,0.020000,0.034668,0.034668,0
14.802778,-0.340000,0.134907,0.034912,0.034912,0
14.805556,-0.340000,0.167721,0.037109,0.037109,0
14.808333,-0.355000,0.080000,0.042480,0.042480,0
14.811111,-0.400000,-0.091303,0.051758,0.051758,0
14.813889,-0.435000,-0.215954,0.064453,0.064453,0
14.816667,-0.455000,-0.224904,0.078613,0.078613,0
14.819444,-0.470000,-0.136047,0.092041,0.092041,0
14.822222,-0.500000,-0.043582,0.102783,0.102783,0
14.825000,-0.540000,-0.030000,0.109375,0.109375,0
14.827778,-0.545000,-0.088582,0.111816,0.111816,0
14.830556,-0.465000,-0.131047,0.111816,0.111816,0
14.833333,-0.355000,-0.124904,0.110840,0.110840,0
14.836111,-0.210000,0.009046,0.110840,0.110840,0
14.838889,-0.035000,0.273697,0.112793,0.112793,0
14.841667,0.185000,0.620000,0.117188,0.117188,0
14.844444,0.435000,0.942721,0.123535,0.123535,0
14.847222,0.675000,1.149907,0.130127,0.130127,0
14.850000,0.820000,1.180000,0.136230,0.136230,0
14.852778,0.825000,1.070093,0.140625,0.140625,0
14.855556,0.640000,0.852279,0.142822,0.142822,0
14.858333,0.320000,0.605000,0.142822,0.142822,0
14.861111,-0.070000,0.341303,0.141357,0.141357,0
14.863889,-0.340000,0.160954,0.138672,0.138672,0
14.866667,-0.445000,0.044904,0.135254,0.135254,0
14.869444,-0.445000,-0.058953,0.130859,0.130859,0
14.872222,-0.410000,-0.146418,0.125732,0.125732,0
14.875000,-0.380000,-0.170000,0.119629,0.119629,0
14.877778,-0.375000,-0.111418,0.113037,0.113037,0
14.880556,-0.375000,0.011047,0.107422,0.107422,0
14.883333,-0.370000,0.119904,0.104004,0.104004,0
14.886111,-0.365000,0.135954,0.104004,0.104004,0
14.888889,-0.360000,0.051303,0.108398,0.108398,0
14.891667,-0.370000,-0.085000,0.115967,0.115967,0
14.894444,-0.375000,-0.162721,0.124512,0.124512,0
14.897222,-0.370000,-0.124907,0.131104,0.131104,0
14.900000,-0.360000,0.000000,0.132568,0.132568,0
14.902778,-0.350000,0.124907,0.127441,0.127441,0
14.905556,-0.355000,0.152721,0.115234,0.115234,0
14.908333,-0.365000,0.070000,0.098389,0.098389,0
14.911111,-0.380000,-0.071303,0.079346,0.079346,0
14.913889,-0.380000,-0.160954,0.061035,0.061035,0
14.916667,-0.370000,-0.139904,0.045410,0.045410,0
14.919444,-0.365000,-0.031047,0.032959,0.032959,0
14.922222,-0.365000,0.091418,0.023193,0.023193,0
14.925000,-0.380000,0.130000,0.015137,0.015137,0
14.927778,-0.385000,0.071418,0.009033,0.009033,0
14.930556,-0.390000,-0.056047,0.004883,0.004883,0
14.933333,-0.380000,-0.149904,0.003418,0.003418,0
14.936111,-0.375000,-0.155954,0.004883,0.004883,0
14.938889,-0.375000,-0.066303,0.008057,0.008057,0
14.941667,-0.380000,0.055000,0.011719,0.011719,0
14.944444,-0.390000,0.117721,0.012695,0.012695,0
14.947222,-0.380000,0.094907,0.009766,0.009766,0
14.950000,-0.375000,-0.015000,0.002197,0.002197,0
14.952778,-0.370000,-0.124907,-0.008057,-0.008057,0
14.955556,-0.365000,-0.152721,-0.017822,-0.017822,0
14.958333,-0.375000,-0.090000,-0.023682,-0.023682,0
14.961111,-0.385000,0.026303,-0.022705,-0.022705,0
14.963889,-0.365000,0.135954,-0.015137,-0.015137,0
14.966667,-0.360000,0.129904,-0.003906,-0.003906,0
14.969444,-0.350000,0.036047,0.006104,0.006104,0
14.972222,-0.355000,-0.091418,0.010254,0.010254,0
14.975000,-0.355000,-0.145000,0.006104,0.006104,0
14.977778,-0.370000,-0.106418,-0.006348,-0.006348,0
14.980556,-0.365000,0.021047,-0.023193,-0.023193,0
14.983333,-0.350000,0.139904,-0.040039,-0.040039,0
14.986111,-0.360000,0.140954,-0.053955,-0.053955,0
14.988889,-0.365000,0.046303,-0.066162,-0.066162,0
14.991667,-0.365000,-0.080000,-0.080811,-0.080811,0
14.994444,-0.375000,-0.162721,-0.103516,-0.103516,0
14.997222,-0.375000,-0.129907,-0.135986,-0.135986,0
15.000000,-0.355000,0.005000,-0.173340,-0.173340,0
15.002778,-0.355000,0.119907,-0.200195,-0.200195,0
15.005556,-0.370000,0.137721,-0.194092,-0.194092,0
15.008333,-0.375000,0.060000,-0.131348,-0.131348,0
15.011111,-0.380000,-0.071303,0.003662,0.003662,0
15.013889,-0.385000,-0.165954,0.210449,0.210449,0
15.016667,-0.370000,-0.139904,0.466797,0.466797,0
15.019444,-0.370000,-0.036047,0.731934,0.731934,0
15.022222,-0.360000,0.096418,0.954834,0.954834,0
15.025000,-0.370000,0.140000,1.087646,1.087646,0
15.027778,-0.375000,0.081418,1.099609,1.099609,1
15.030556,-0.365000,-0.031047,0.987061,0.987061,0
15.033333,-0.355000,-0.124904,0.773926,0.773926,0
15.036111,-0.345000,-0.125954,0.507080,0.507080,0
15.038889,-0.360000,-0.051303,0.241699,0.241699,0
15.041667,-0.355000,0.080000,0.026123,0.026123,0
15.044444,-0.365000,0.142721,-0.109131,-0.109131,0
15.047222,-0.360000,0.114907,-0.158447,-0.158447,0
15.050000,-0.345000,0.015000,-0.139404,-0.139404,0
15.052778,-0.335000,-0.089907,-0.083008,-0.083008,0
15.055556,-0.335000,-0.122721,-0.022217,-0.022217,0
15.058333,-0.355000,-0.070000,0.017578,0.017578,0
15.061111,-0.355000,0.056303,0.026855,0.026855,0
15.063889,-0.350000,0.150954,0.009766,0.009766,0
15.066667,-0.340000,0.149904,-0.019043,-0.019043,0
15.069444,-0.350000,0.036047,-0.044189,-0.044189,0
15.072222,-0.350000,-0.086418,-0.054199,-0.054199,0
15.075000,-0.355000,-0.145000,-0.047119,-0.047119,0
15.077778,-0.365000,-0.101418,-0.028320,-0.028320,0
15.080556,-0.360000,0.026047,-0.008057,-0.008057,0
15.083333,-0.365000,0.124904,0.004395,0.004395,0
15.086111,-0.365000,0.135954,0.004395,0.004395,0
15.088889,-0.365000,0.046303,-0.006592,-0.006592,0
15.091667,-0.370000,-0.085000,-0.022949,-0.022949,0
15.094444,-0.375000,-0.162721,-0.037354,-0.037354,0
15.097222,-0.380000,-0.134907,-0.044189,-0.044189,0
15.100000,-0.365000,-0.005000,-0.042480,-0.042480,0
15.102778,-0.350000,0.124907,-0.034912,-0.034912,0
15.105556,-0.360000,0.147721,-0.025879,-0.025879,0
15.108333,-0.365000,0.070000,-0.019775,-0.019775,0
15.111111,-0.380000,-0.071303,-0.019043,-0.019043,0
15.113889,-0.375000,-0.155954,-0.023193,-0.023193,0
15.116667,-0.370000,-0.139904,-0.029297,-0.029297,0
15.119444,-0.360000,-0.026047,-0.034180,-0.034180,0
15.122222,-0.365000,0.091418,-0.035645,-0.035645,0
15.125000,-0.375000,0.135000,-0.032715,-0.032715,0
15.127778,-0.380000,0.076418,-0.026855,-0.026855,0
15.130556,-0.375000,-0.041047,-0.019775,-0.019775,0
15.133333,-0.360000,-0.129904,-0.013916,-0.013916,0
15.136111,-0.355000,-0.135954,-0.010254,-0.010254,0
15.138889,-0.355000,-0.046303,-0.008789,-0.008789,0
15.141667,-0.355000,0.080000,-0.008545,-0.008545,0
15.144444,-0.350000,0.157721,-0.008301,-0.008301,0
15.147222,-0.350000,0.124907,-0.007324,-0.007324,0
15.150000,-0.340000,0.020000,-0.005127,-0.005127,0
15.152778,-0.330000,-0.084907,-0.002930,-0.002930,0
15.155556,-0.325000,-0.112721,-0.001709,-0.001709,0
15.158333,-0.335000,-0.050000,-0.001953,-0.001953,0
15.161111,-0.335000,0.076303,-0.003662,-0.003662,0
15.163889,-0.330000,0.170954,-0.006348,-0.006348,0
15.166667,-0.310000,0.179904,-0.008789,-0.008789,0
15.169444,-0.300000,0.086047,-0.009766,-0.009766,0
15.172222,-0.295000,-0.031418,-0.009766,-0.009766,0
15.175000,-0.305000,-0.095000,-0.009033,-0.009033,0
15.177778,-0.310000,-0.046418,-0.008545,-0.008545,0
15.180556,-0.285000,0.101047,-0.009277,-0.009277,0
15.183333,-0.285000,0.204904,-0.011475,-0.011475,0
15.186111,-0.265000,0.235954,-0.014404,-0.014404,0
15.188889,-0.270000,0.141303,-0.017090,-0.017090,0
15.191667,-0.285000,-0.000000,-0.018555,-0.018555,0
15.194444,-0.290000,-0.077721,-0.017578,-0.017578,0
15.197222,-0.275000,-0.029907,-0.014648,-0.014648,0
15.200000,-0.270000,0.090000,-0.010498,-0.010498,0
15.202778,-0.255000,0.219907,-0.006348,-0.006348,0
15.205556,-0.265000,0.242721,-0.002930,-0.002930,0
15.208333,-0.265000,0.170000,-0.000488,-0.000488,0
15.211111,-0.275000,0.033697,0.000732,0.000732,0
15.213889,-0.270000,-0.050954,0.001709,0.001709,0
15.216667,-0.260000,-0.029904,0.002930,0.002930,0
15.219444,-0.250000,0.083953,0.004639,0.004639,0
15.222222,-0.260000,0.196418,0.006836,0.006836,0
15.225000,-0.270000,0.240000,0.009033,0.009033,0
15.227778,-0.280000,0.176418,0.010986,0.010986,0
15.230556,-0.290000,0.043953,0.012695,0.012695,0
15.233333,-0.290000,-0.059904,0.013672,0.013672,0
15.236111,-0.280000,-0.060954,0.013672,0.013672,0
15.238889,-0.280000,0.028697,0.012939,0.012939,0
15.241667,-0.290000,0.145000,0.011475,0.011475,0
15.244444,-0.305000,0.202721,0.009277,0.009277,0
15.247222,-0.300000,0.174907,0.006592,0.006592,0
15.250000,-0.300000,0.060000,0.003906,0.003906,0
15.252778,-0.295000,-0.049907,0.000977,0.000977,0
15.255556,-0.300000,-0.087721,-0.001953,-0.001953,0
15.258333,-0.290000,-0.005000,-0.005127,-0.005127,0
15.261111,-0.300000,0.111303,-0.008057,-0.008057,0
15.263889,-0.310000,0.190954,-0.010986,-0.010986,0
15.266667,-0.310000,0.179904,-0.012695,-0.012695,0
15.269444,-0.295000,0.091047,-0.013184,-0.013184,0
15.272222,-0.295000,-0.031418,-0.012695,-0.012695,0
15.275000,-0.300000,-0.090000,-0.010986,-0.010986,0
15.277778,-0.320000,-0.056418,-0.009277,-0.009277,0
15.280556,-0.315000,0.071047,-0.008057,-0.008057,0
15.283333,-0.315000,0.174904,-0.008057,-0.008057,0
15.286111,-0.300000,0.200954,-0.009277,-0.009277,0
15.288889,-0.310000,0.101303,-0.011475,-0.011475,0
15.291667,-0.305000,-0.020000,-0.013916,-0.013916,0
15.294444,-0.315000,-0.102721,-0.015869,-0.015869,0
15.297222,-0.305000,-0.059907,-0.017334,-0.017334,0
15.300000,-0.305000,0.055000,-0.017578,-0.017578,0
15.302778,-0.305000,0.169907,-0.016846,-0.016846,0
15.305556,-0.300000,0.207721,-0.015137,-0.015137,0
15.308333,-0.305000,0.130000,-0.012451,-0.012451,0
15.311111,-0.310000,-0.001303,-0.009033,-0.009033,0
15.313889,-0.315000,-0.095954,-0.004883,-0.004883,0
15.316667,-0.315000,-0.084904,-0.000488,-0.000488,0
15.319444,-0.315000,0.018953,0.003662,0.003662,0
15.322222,-0.320000,0.136418,0.007568,0.007568,0
15.325000,-0.335000,0.175000,0.010986,0.010986,0
15.327778,-0.345000,0.111418,0.014160,0.014160,0
15.330556,-0.335000,-0.001047,0.017090,0.017090,0
15.333333,-0.310000,-0.079904,0.020508,0.020508,0
15.336111,-0.325000,-0.105954,0.024414,0.024414,0
15.338889,-0.320000,-0.011303,0.028809,0.028809,0
15.341667,-0.330000,0.105000,0.033447,0.033447,0
15.344444,-0.325000,0.182721,0.038574,0.038574,0
15.347222,-0.325000,0.149907,0.044189,0.044189,0
15.350000,-0.320000,0.040000,0.049805,0.049805,0
15.352778,-0.320000,-0.074907,0.055664,0.055664,0
15.355556,-0.315000,-0.102721,0.061035,0.061035,0
15.358333,-0.325000,-0.040000,0.065674,0.065674,0
15.361111,-0.345000,0.066303,0.069336,0.069336,0
15.363889,-0.335000,0.165954,0.071777,0.071777,0
15.366667,-0.325000,0.164904,0.073242,0.073242,0
15.369444,-0.325000,0.061047,0.074219,0.074219,0
15.372222,-0.330000,-0.066418,0.075439,0.075439,0
15.375000,-0.335000,-0.125000,0.076904,0.076904,0
15.377778,-0.340000,-0.076418,0.078857,0.078857,0
15.380556,-0.335000,0.051047,0.081543,0.081543,0
15.383333,-0.325000,0.164904,0.083984,0.083984,0
15.386111,-0.320000,0.180954,0.086182,0.086182,0
15.388889,-0.315000,0.096303,0.087402,0.087402,0
15.391667,-0.335000,-0.050000,0.087891,0.087891,0
15.394444,-0.345000,-0.132721,0.087158,0.087158,0
15.397222,-0.335000,-0.089907,0.084961,0.084961,0
15.400000,-0.325000,0.035000,0.081299,0.081299,0
15.402778,-0.325000,0.149907,0.076904,0.076904,0
15.405556,-0.320000,0.187721,0.072021,0.072021,0
15.408333,-0.325000,0.110000,0.066895,0.066895,0
15.411111,-0.335000,-0.026303,0.062500,0.062500,0
15.413889,-0.320000,-0.100954,0.059082,0.059082,0
15.416667,-0.320000,-0.089904,0.056396,0.056396,0
15.419444,-0.310000,0.023953,0.054688,0.054688,0
15.422222,-0.310000,0.146418,0.052979,0.052979,0
15.425000,-0.320000,0.190000,0.051758,0.051758,0
15.427778,-0.330000,0.126418,0.050537,0.050537,0
15.430556,-0.340000,-0.006047,0.049805,0.049805,0
15.433333,-0.325000,-0.094904,0.049316,0.049316,0
15.436111,-0.305000,-0.085954,0.049316,0.049316,0
15.438889,-0.305000,0.003697,0.049072,0.049072,0
15.441667,-0.290000,0.145000,0.048340,0.048340,0
15.444444,-0.290000,0.217721,0.046875,0.046875,0
15.447222,-0.270000,0.204907,0.045166,0.045166,0
15.450000,-0.265000,0.095000,0.043213,0.043213,0
15.452778,-0.265000,-0.019907,0.041504,0.041504,0
15.455556,-0.260000,-0.047721,0.040039,0.040039,0
15.458333,-0.260000,0.025000,0.039062,0.039062,0
15.461111,-0.270000,0.141303,0.038330,0.038330,0
15.463889,-0.275000,0.225954,0.038330,0.038330,0
15.466667,-0.260000,0.229904,0.038818,0.038818,0
15.469444,-0.245000,0.141047,0.040039,0.040039,0
15.472222,-0.235000,0.028582,0.041748,0.041748,0
15.475000,-0.230000,-0.020000,0.043701,0.043701,0
15.477778,-0.245000,0.018582,0.045410,0.045410,0
15.480556,-0.240000,0.146047,0.046143,0.046143,0
15.483333,-0.230000,0.259904,0.045410,0.045410,0
15.486111,-0.240000,0.260954,0.043213,0.043213,0
15.488889,-0.225000,0.186303,0.039551,0.039551,0
15.491667,-0.240000,0.045000,0.034668,0.034668,0
15.494444,-0.245000,-0.032721,0.029785,0.029785,0
15.497222,-0.240000,0.005093,0.025146,0.025146,0
15.500000,-0.220000,0.140000,0.021729,0.021729,0
15.502778,-0.220000,0.254907,0.019531,0.019531,0
15.505556,-0.230000,0.277721,0.018799,0.018799,0
15.508333,-0.245000,0.190000,0.019531,0.019531,0
15.511111,-0.255000,0.053697,0.021484,0.021484,0
15.513889,-0.240000,-0.020954,0.024170,0.024170,0
15.516667,-0.215000,0.015096,0.026367,0.026367,0
15.519444,-0.225000,0.108953,0.028076,0.028076,0
15.522222,-0.255000,0.201418,0.028564,0.028564,0
15.525000,-0.285000,0.225000,0.027832,0.027832,0
15.527778,-0.310000,0.146418,0.026367,0.026367,0
15.530556,-0.310000,0.023953,0.024658,0.024658,0
15.533333,-0.330000,-0.099904,0.022949,0.022949,0
15.536111,-0.335000,-0.115954,0.021240,0.021240,0
15.538889,-0.350000,-0.041303,0.019775,0.019775,0
15.541667,-0.350000,0.085000,0.018311,0.018311,0
15.544444,-0.360000,0.147721,0.017090,0.017090,0
15.547222,-0.355000,0.119907,0.016113,0.016113,0
15.550000,-0.340000,0.020000,0.015869,0.015869,0
15.552778,-0.340000,-0.094907,0.016357,0.016357,0
15.555556,-0.335000,-0.122721,0.017822,0.017822,0
15.558333,-0.350000,-0.065000,0.019775,0.019775,0
15.561111,-0.360000,0.051303,0.021240,0.021240,0
15.563889,-0.360000,0.140954,0.021729,0.021729,0
15.566667,-0.345000,0.144904,0.021240,0.021240,0
15.569444,-0.345000,0.041047,0.019531,0.019531,0
15.572222,-0.350000,-0.086418,0.017578,0.017578,0
15.575000,-0.350000,-0.140000,0.016357,0.016357,0
15.577778,-0.360000,-0.096418,0.016357,0.016357,0
15.580556,-0.350000,0.036047,0.017822,0.017822,0
15.583333,-0.350000,0.139904,0.020996,0.020996,0
15.586111,-0.345000,0.155954,0.025146,0.025146,0
15.588889,-0.355000,0.056303,0.029053,0.029053,0
15.591667,-0.355000,-0.070000,0.031738,0.031738,0
15.594444,-0.370000,-0.157721,0.031982,0.031982,0
15.597222,-0.375000,-0.129907,0.030029,0.030029,0
15.600000,-0.390000,-0.030000,0.026123,0.026123,0
15.602778,-0.425000,0.049907,0.022217,0.022217,0
15.605556,-0.455000,0.052721,0.020020,0.020020,0
15.608333,-0.475000,-0.040000,0.021240,0.021240,0
15.611111,-0.500000,-0.191303,0.027100,0.027100,0
15.613889,-0.540000,-0.320954,0.036865,0.036865,0
15.616667,-0.570000,-0.339904,0.049316,0.049316,0
15.619444,-0.510000,-0.176047,0.061768,0.061768,0
15.622222,-0.415000,0.041418,0.072266,0.072266,0
15.625000,-0.335000,0.175000,0.078857,0.078857,0
15.627778,-0.260000,0.196418,0.081543,0.081543,0
15.630556,-0.150000,0.183953,0.081787,0.081787,0
15.633333,-0.005000,0.225096,0.081055,0.081055,0
15.636111,0.205000,0.424046,0.081299,0.081299,0
15.638889,0.470000,0.778697,0.083252,0.083252,0
15.641667,0.680000,1.115000,0.087402,0.087402,0
15.644444,0.825000,1.332721,0.092773,0.092773,0
15.647222,0.925000,1.399907,0.098633,0.098633,0
15.650000,0.970000,1.330000,0.103760,0.103760,0
15.652778,0.885000,1.130093,0.107422,0.107422,0
15.655556,0.690000,0.902279,0.109375,0.109375,0
15.658333,0.415000,0.700000,0.110107,0.110107,0
15.661111,0.105000,0.516303,0.109863,0.109863,0
15.663889,-0.150000,0.350954,0.109375,0.109375,0
15.666667,-0.345000,0.144904,0.108887,0.108887,0
15.669444,-0.435000,-0.048953,0.108887,0.108887,0
15.672222,-0.465000,-0.201418,0.108643,0.108643,0
15.675000,-0.455000,-0.245000,0.108643,0.108643,0
15.677778,-0.425000,-0.161418,0.108643,0.108643,0
15.680556,-0.415000,-0.028953,0.108887,0.108887,0
15.683333,-0.395000,0.094904,0.109619,0.109619,0
15.686111,-0.375000,0.125954,0.110352,0.110352,0
15.688889,-0.370000,0.041303,0.110596,0.110596,0
15.691667,-0.395000,-0.110000,0.108643,0.108643,0
15.694444,-0.400000,-0.187721,0.103271,0.103271,0
15.697222,-0.400000,-0.154907,0.092773,0.092773,0
15.700000,-0.410000,-0.050000,0.077148,0.077148,0
15.702778,-0.400000,0.074907,0.057373,0.057373,0
15.705556,-0.405000,0.102721,0.036133,0.036133,0
15.708333,-0.400000,0.035000,0.016602,0.016602,0
15.711111,-0.405000,-0.096303,0.001709,0.001709,0
15.713889,-0.395000,-0.175954,-0.007080,-0.007080,0
15.716667,-0.390000,-0.159904,-0.010254,-0.010254,0
15.719444,-0.380000,-0.046047,-0.009521,-0.009521,0
15.722222,-0.385000,0.071418,-0.007324,-0.007324,0
15.725000,-0.405000,0.105000,-0.006104,-0.006104,0
15.727778,-0.420000,0.036418,-0.006836,-0.006836,0
15.730556,-0.405000,-0.071047,-0.009033,-0.009033,0
15.733333,-0.400000,-0.169904,-0.011475,-0.011475,0
15.736111,-0.390000,-0.170954,-0.012939,-0.012939,0
15.738889,-0.380000,-0.071303,-0.012695,-0.012695,0
15.741667,-0.395000,0.040000,-0.011475,-0.011475,0
15.744444,-0.395000,0.112721,-0.010498,-0.010498,0
15.747222,-0.400000,0.074907,-0.010986,-0.010986,0
15.750000,-0.390000,-0.030000,-0.013672,-0.013672,0
15.752778,-0.410000,-0.164907,-0.017334,-0.017334,0
15.755556,-0.405000,-0.192721,-0.020752,-0.020752,0
15.758333,-0.410000,-0.125000,-0.022217,-0.022217,0
15.761111,-0.410000,0.001303,-0.020264,-0.020264,0
15.763889,-0.395000,0.105954,-0.016602,-0.016602,0
15.766667,-0.385000,0.104904,-0.013428,-0.013428,0
15.769444,-0.395000,-0.008953,-0.015625,-0.015625,0
15.772222,-0.405000,-0.141418,-0.026367,-0.026367,0
15.775000,-0.420000,-0.210000,-0.047607,-0.047607,0
15.777778,-0.435000,-0.171418,-0.078613,-0.078613,0
15.780556,-0.415000,-0.028953,-0.114258,-0.114258,0
15.783333,-0.405000,0.084904,-0.148682,-0.148682,0
15.786111,-0.410000,0.090954,-0.175293,-0.175293,0
15.788889,-0.400000,0.011303,-0.188721,-0.188721,0
15.791667,-0.410000,-0.125000,-0.186523,-0.186523,0
15.794444,-0.415000,-0.202721,-0.168457,-0.168457,0
15.797222,-0.410000,-0.164907,-0.133301,-0.133301,0
15.800000,-0.400000,-0.040000,-0.078613,-0.078613,0
15.802778,-0.405000,0.069907,0.000977,0.000977,0
15.805556,-0.390000,0.117721,0.113037,0.113037,0
15.808333,-0.390000,0.045000,0.263428,0.263428,0
15.811111,-0.400000,-0.091303,0.452881,0.452881,0
15.813889,-0.390000,-0.170954,0.670898,0.670898,0
15.816667,-0.390000,-0.159904,0.896484,0.896484,0
15.819444,-0.390000,-0.056047,1.098145,1.098145,0
15.822222,-0.395000,0.061418,1.241699,1.241699,0
15.825000,-0.420000,0.090000,1.297607,1.297607,1
15.827778,-0.420000,0.036418,1.249756,1.249756,0
15.830556,-0.415000,-0.081047,1.101074,1.101074,0
15.833333,-0.410000,-0.179904,0.873535,0.873535,0
15.836111,-0.395000,-0.175954,0.604492,0.604492,0
15.838889,-0.395000,-0.086303,0.336670,0.336670,0
15.841667,-0.400000,0.035000,0.109131,0.109131,0
15.844444,-0.415000,0.092721,-0.051758,-0.051758,0
15.847222,-0.415000,0.059907,-0.137695,-0.137695,0
15.850000,-0.400000,-0.040000,-0.156982,-0.156982,0
15.852778,-0.400000,-0.154907,-0.131348,-0.131348,0
15.855556,-0.385000,-0.172721,-0.086426,-0.086426,0
15.858333,-0.390000,-0.105000,-0.045654,-0.045654,0
15.861111,-0.410000,0.001303,-0.022949,-0.022949,0
15.863889,-0.395000,0.105954,-0.021729,-0.021729,0
15.866667,-0.390000,0.099904,-0.036377,-0.036377,0
15.869444,-0.380000,0.006047,-0.057129,-0.057129,0
15.872222,-0.375000,-0.111418,-0.073486,-0.073486,0
15.875000,-0.390000,-0.180000,-0.079590,-0.079590,0
15.877778,-0.405000,-0.141418,-0.074707,-0.074707,0
15.880556,-0.420000,-0.033953,-0.062744,-0.062744,0
15.883333,-0.415000,0.074904,-0.049805,-0.049805,0
15.886111,-0.415000,0.085954,-0.041016,-0.041016,0
15.888889,-0.415000,-0.003697,-0.038818,-0.038818,0
15.891667,-0.435000,-0.150000,-0.042969,-0.042969,0
15.894444,-0.465000,-0.252721,-0.050293,-0.050293,0
15.897222,-0.455000,-0.209907,-0.056641,-0.056641,0
15.900000,-0.465000,-0.105000,-0.059326,-0.059326,0
15.902778,-0.460000,0.014907,-0.057617,-0.057617,0
15.905556,-0.445000,0.062721,-0.052246,-0.052246,0
15.908333,-0.455000,-0.020000,-0.045654,-0.045654,0
15.911111,-0.465000,-0.156303,-0.040039,-0.040039,0
15.913889,-0.475000,-0.255954,-0.037354,-0.037354,0
15.916667,-0.455000,-0.224904,-0.038086,-0.038086,0
15.919444,-0.460000,-0.126047,-0.041260,-0.041260,0
15.922222,-0.450000,0.006418,-0.045166,-0.045166,0
15.925000,-0.455000,0.055000,-0.048340,-0.048340,0
15.927778,-0.470000,-0.013582,-0.049316,-0.049316,0
15.930556,-0.455000,-0.121047,-0.048096,-0.048096,0
15.933333,-0.440000,-0.209904,-0.045166,-0.045166,0
15.936111,-0.420000,-0.200954,-0.041992,-0.041992,0
15.938889,-0.415000,-0.106303,-0.040283,-0.040283,0
15.941667,-0.420000,0.015000,-0.040527,-0.040527,0
15.944444,-0.410000,0.097721,-0.043213,-0.043213,0
15.947222,-0.410000,0.064907,-0.047119,-0.047119,0
15.950000,-0.370000,-0.010000,-0.050781,-0.050781,0
15.952778,-0.360000,-0.114907,-0.053467,-0.053467,0
15.955556,-0.350000,-0.137721,-0.054199,-0.054199,0
15.958333,-0.350000,-0.065000,-0.053223,-0.053223,0
15.961111,-0.345000,0.066303,-0.051514,-0.051514,0
15.963889,-0.335000,0.165954,-0.049316,-0.049316,0
15.966667,-0.320000,0.169904,-0.047119,-0.047119,0
15.969444,-0.300000,0.086047,-0.045410,-0.045410,0
15.972222,-0.320000,-0.056418,-0.043213,-0.043213,0
15.975000,-0.315000,-0.105000,-0.040527,-0.040527,0
15.977778,-0.340000,-0.076418,-0.037354,-0.037354,0
15.980556,-0.325000,0.061047,-0.033203,-0.033203,0
15.983333,-0.300000,0.189904,-0.029541,-0.029541,0
15.986111,-0.300000,0.200954,-0.026611,-0.026611,0
15.988889,-0.300000,0.111303,-0.025391,-0.025391,0
15.991667,-0.310000,-0.025000,-0.026367,-0.026367,0
15.994444,-0.330000,-0.117721,-0.029297,-0.029297,0
15.997222,-0.310000,-0.064907,-0.033691,-0.033691,0
16.000000,-0.305000,0.055000,-0.038086,-0.038086,0
16.002778,-0.300000,0.174907,-0.041748,-0.041748,0
16.005556,-0.305000,0.202721,-0.043457,-0.043457,0
16.008333,-0.315000,0.120000,-0.042969,-0.042969,0
16.011111,-0.330000,-0.021303,-0.041016,-0.041016,0
16.013889,-0.310000,-0.090954,-0.037842,-0.037842,0
16.016667,-0.305000,-0.074904,-0.034668,-0.034668,0
16.019444,-0.310000,0.023953,-0.032715,-0.032715,0
16.022222,-0.305000,0.151418,-0.032227,-0.032227,0
16.025000,-0.310000,0.200000,-0.032471,-0.032471,0
16.027778,-0.310000,0.146418,-0.032959,-0.032959,0
16.030556,-0.310000,0.023953,-0.032471,-0.032471,0
16.033333,-0.300000,-0.069904,-0.030273,-0.030273,0
16.036111,-0.305000,-0.085954,-0.026855,-0.026855,0
16.038889,-0.310000,-0.001303,-0.022949,-0.022949,0
16.041667,-0.310000,0.125000,-0.019775,-0.019775,0
16.044444,-0.320000,0.187721,-0.018066,-0.018066,0
16.047222,-0.315000,0.159907,-0.018555,-0.018555,0
16.050000,-0.330000,0.030000,-0.021240,-0.021240,0
16.052778,-0.315000,-0.069907,-0.025879,-0.025879,0
16.055556,-0.320000,-0.107721,-0.032715,-0.032715,0
16.058333,-0.340000,-0.055000,-0.040771,-0.040771,0
16.061111,-0.340000,0.071303,-0.049805,-0.049805,0
16.063889,-0.335000,0.165954,-0.059570,-0.059570,0
16.066667,-0.330000,0.159904,-0.068848,-0.068848,0
16.069444,-0.320000,0.066047,-0.077393,-0.077393,0
16.072222,-0.320000,-0.056418,-0.083984,-0.083984,0
16.075000,-0.325000,-0.115000,-0.088867,-0.088867,0
16.077778,-0.350000,-0.086418,-0.091553,-0.091553,0
16.080556,-0.340000,0.046047,-0.093018,-0.093018,0
16.083333,-0.335000,0.154904,-0.093506,-0.093506,0
16.086111,-0.335000,0.165954,-0.093750,-0.093750,0
16.088889,-0.345000,0.066303,-0.094238,-0.094238,0
16.091667,-0.350000,-0.065000,-0.094971,-0.094971,0
16.094444,-0.360000,-0.147721,-0.095459,-0.095459,0
16.097222,-0.360000,-0.114907,-0.095459,-0.095459,0
16.100000,-0.345000,0.015000,-0.093994,-0.093994,0
16.102778,-0.335000,0.139907,-0.091309,-0.091309,0
16.105556,-0.335000,0.172721,-0.086914,-0.086914,0
16.108333,-0.335000,0.100000,-0.081055,-0.081055,0
16.111111,-0.345000,-0.036303,-0.073486,-0.073486,0
16.113889,-0.335000,-0.115954,-0.064941,-0.064941,0
16.116667,-0.335000,-0.104904,-0.055420,-0.055420,0
16.119444,-0.330000,0.003953,-0.045654,-0.045654,0
16.122222,-0.335000,0.121418,-0.035156,-0.035156,0
16.125000,-0.335000,0.175000,-0.024170,-0.024170,0
16.127778,-0.350000,0.106418,-0.012695,-0.012695,0
16.130556,-0.345000,-0.011047,-0.000732,-0.000732,0
16.133333,-0.355000,-0.124904,0.010986,0.010986,0
16.136111,-0.345000,-0.125954,0.021973,0.021973,0
16.138889,-0.345000,-0.036303,0.030518,0.030518,0
16.141667,-0.355000,0.080000,0.036621,0.036621,0
16.144444,-0.365000,0.142721,0.040039,0.040039,0
16.147222,-0.360000,0.114907,0.041504,0.041504,0
16.150000,-0.355000,0.005000,0.041748,0.041748,0
16.152778,-0.345000,-0.099907,0.041992,0.041992,0
16.155556,-0.345000,-0.132721,0.043213,0.043213,0
16.158333,-0.345000,-0.060000,0.044922,0.044922,0
16.161111,-0.360000,0.051303,0.047119,0.047119,0
16.163889,-0.345000,0.155954,0.049072,0.049072,0
16.166667,-0.340000,0.149904,0.050781,0.050781,0
16.169444,-0.335000,0.051047,0.051270,0.051270,0
16.172222,-0.340000,-0.076418,0.050781,0.050781,0
16.175000,-0.345000,-0.135000,0.049561,0.049561,0
16.177778,-0.370000,-0.106418,0.047852,0.047852,0
16.180556,-0.370000,0.016047,0.046387,0.046387,0
16.183333,-0.360000,0.129904,0.044922,0.044922,0
16.186111,-0.340000,0.160954,0.044189,0.044189,0
16.188889,-0.350000,0.061303,0.044189,0.044189,0
16.191667,-0.365000,-0.080000,0.044922,0.044922,0
16.194444,-0.355000,-0.142721,0.046143,0.046143,0
16.197222,-0.350000,-0.104907,0.047607,0.047607,0
16.200000,-0.340000,0.020000,0.048828,0.048828,0
16.202778,-0.340000,0.134907,0.049561,0.049561,0
16.205556,-0.355000,0.152721,0.049805,0.049805,0
16.208333,-0.355000,0.080000,0.049561,0.049561,0
16.211111,-0.350000,-0.041303,0.049072,0.049072,0
16.213889,-0.350000,-0.130954,0.048096,0.048096,0
16.216667,-0.335000,-0.104904,0.046387,0.046387,0
16.219444,-0.340000,-0.006047,0.043945,0.043945,0
16.222222,-0.340000,0.116418,0.040283,0.040283,0
16.225000,-0.330000,0.180000,0.035889,0.035889,0
16.227778,-0.350000,0.106418,0.031006,0.031006,0
16.230556,-0.315000,0.018953,0.027100,0.027100,0
16.233333,-0.300000,-0.069904,0.024414,0.024414,0
16.236111,-0.290000,-0.070954,0.023193,0.023193,0
16.238889,-0.275000,0.033697,0.023438,0.023438,0
16.241667,-0.280000,0.155000,0.024658,0.024658,0
16.244444,-0.285000,0.222721,0.025879,0.025879,0
16.247222,-0.275000,0.199907,0.026855,0.026855,0
16.250000,-0.270000,0.090000,0.026611,0.026611,0
16.252778,-0.255000,-0.009907,0.024902,0.024902,0
16.255556,-0.240000,-0.027721,0.021973,0.021973,0
16.258333,-0.250000,0.035000,0.017822,0.017822,0
16.261111,-0.255000,0.156303,0.012939,0.012939,0
16.263889,-0.240000,0.260954,0.008301,0.008301,0
16.266667,-0.225000,0.264904,0.004639,0.004639,0
16.269444,-0.225000,0.161047,0.002686,0.002686,0
16.272222,-0.240000,0.023582,0.002930,0.002930,0
16.275000,-0.255000,-0.045000,0.005127,0.005127,0
16.277778,-0.260000,0.003582,0.008789,0.008789,0
16.280556,-0.275000,0.111047,0.012939,0.012939,0
16.283333,-0.260000,0.229904,0.016602,0.016602,0
16.286111,-0.245000,0.255954,0.019287,0.019287,0
16.288889,-0.255000,0.156303,0.020508,0.020508,0
16.291667,-0.265000,0.020000,0.020508,0.020508,0
16.294444,-0.280000,-0.067721,0.019531,0.019531,0
16.297222,-0.270000,-0.024907,0.017822,0.017822,0
16.300000,-0.250000,0.110000,0.015625,0.015625,0
16.302778,-0.235000,0.239907,0.013184,0.013184,0
16.305556,-0.230000,0.277721,0.010254,0.010254,0
16.308333,-0.245000,0.190000,0.007568,0.007568,0
16.311111,-0.270000,0.038697,0.004639,0.004639,0
16.313889,-0.280000,-0.060954,0.002197,0.002197,0
16.316667,-0.280000,-0.049904,0.000000,0.000000,0
16.319444,-0.290000,0.043953,-0.001709,-0.001709,0
16.322222,-0.315000,0.141418,-0.002686,-0.002686,0
16.325000,-0.335000,0.175000,-0.002686,-0.002686,0
16.327778,-0.355000,0.101418,-0.001221,-0.001221,0
16.330556,-0.355000,-0.021047,0.001465,0.001465,0
16.333333,-0.355000,-0.124904,0.005127,0.005127,0
16.336111,-0.360000,-0.140954,0.008789,0.008789,0
16.338889,-0.360000,-0.051303,0.011230,0.011230,0
16.341667,-0.375000,0.060000,0.011963,0.011963,0
16.344444,-0.380000,0.127721,0.010254,0.010254,0
16.347222,-0.360000,0.114907,0.007080,0.007080,0
16.350000,-0.355000,0.005000,0.003174,0.003174,0
16.352778,-0.350000,-0.104907,-0.000732,-0.000732,0
16.355556,-0.345000,-0.132721,-0.003906,-0.003906,0
16.358333,-0.370000,-0.085000,-0.005371,-0.005371,0
16.361111,-0.370000,0.041303,-0.005615,-0.005615,0
16.363889,-0.355000,0.145954,-0.004639,-0.004639,0
16.366667,-0.355000,0.134904,-0.002930,-0.002930,0
16.369444,-0.350000,0.036047,-0.000732,-0.000732,0
16.372222,-0.345000,-0.081418,0.001465,0.001465,0
16.375000,-0.355000,-0.145000,0.003418,0.003418,0
16.377778,-0.355000,-0.091418,0.004639,0.004639,0
16.380556,-0.360000,0.026047,0.005127,0.005127,0
16.383333,-0.355000,0.134904,0.004883,0.004883,0
16.386111,-0.355000,0.145954,0.003906,0.003906,0
16.388889,-0.355000,0.056303,0.002930,0.002930,0
16.391667,-0.360000,-0.075000,0.002930,0.002930,0
16.394444,-0.375000,-0.162721,0.004395,0.004395,0
16.397222,-0.370000,-0.124907,0.007812,0.007812,0
16.400000,-0.390000,-0.030000,0.013672,0.013672,0
16.402778,-0.425000,0.049907,0.021240,0.021240,0
16.405556,-0.465000,0.042721,0.030518,0.030518,0
16.408333,-0.490000,-0.055000,0.040527,0.040527,0
16.411111,-0.525000,-0.216303,0.050293,0.050293,0
16.413889,-0.560000,-0.340954,0.059326,0.059326,0
16.416667,-0.560000,-0.329904,0.067139,0.067139,0
16.419444,-0.495000,-0.161047,0.073242,0.073242,0
16.422222,-0.360000,0.096418,0.078369,0.078369,0
16.425000,-0.220000,0.290000,0.082764,0.082764,0
16.427778,-0.045000,0.411418,0.087402,0.087402,0
16.430556,0.190000,0.523953,0.093018,0.093018,0
16.433333,0.475000,0.705096,0.099121,0.099121,0
16.436111,0.725000,0.944046,0.105225,0.105225,0
16.438889,0.895000,1.203697,0.110352,0.110352,0
16.441667,0.895000,1.330000,0.112793,0.112793,0
16.444444,0.710000,1.217721,0.112549,0.112549,0
16.447222,0.350000,0.824907,0.109375,0.109375,0
16.450000,-0.055000,0.305000,0.104004,0.104004,0
16.452778,-0.350000,-0.104907,0.097900,0.097900,0
16.455556,-0.480000,-0.267721,0.091553,0.091553,0
16.458333,-0.490000,-0.205000,0.086426,0.086426,0
16.461111,-0.465000,-0.053697,0.082764,0.082764,0
16.463889,-0.415000,0.085954,0.080811,0.080811,0
16.466667,-0.405000,0.084904,0.081299,0.081299,0
16.469444,-0.395000,-0.008953,0.083984,0.083984,0
16.472222,-0.405000,-0.141418,0.088379,0.088379,0
16.475000,-0.420000,-0.210000,0.093750,0.093750,0
16.477778,-0.395000,-0.131418,0.098877,0.098877,0
16.480556,-0.415000,-0.028953,0.101807,0.101807,0
16.483333,-0.400000,0.089904,0.101074,0.101074,0
16.486111,-0.390000,0.110954,0.095459,0.095459,0
16.488889,-0.385000,0.026303,0.084717,0.084717,0
16.491667,-0.395000,-0.110000,0.070068,0.070068,0
16.494444,-0.405000,-0.192721,0.052979,0.052979,0
16.497222,-0.395000,-0.149907,0.035400,0.035400,0
16.500000,-0.400000,-0.040000,0.019775,0.019775,0
16.502778,-0.390000,0.084907,0.006836,0.006836,0
16.505556,-0.390000,0.117721,-0.002930,-0.002930,0
16.508333,-0.400000,0.035000,-0.009766,-0.009766,0
16.511111,-0.415000,-0.106303,-0.014893,-0.014893,0
16.513889,-0.405000,-0.185954,-0.018799,-0.018799,0
16.516667,-0.390000,-0.159904,-0.021973,-0.021973,0
16.519444,-0.380000,-0.046047,-0.024170,-0.024170,0
16.522222,-0.380000,0.076418,-0.024170,-0.024170,0
16.525000,-0.405000,0.105000,-0.021484,-0.021484,0
16.527778,-0.390000,0.066418,-0.016846,-0.016846,0
16.530556,-0.400000,-0.066047,-0.010986,-0.010986,0
16.533333,-0.390000,-0.159904,-0.006348,-0.006348,0
16.536111,-0.380000,-0.160954,-0.004883,-0.004883,0
16.538889,-0.380000,-0.071303,-0.007568,-0.007568,0
16.541667,-0.405000,0.030000,-0.013428,-0.013428,0
16.544444,-0.400000,0.107721,-0.019287,-0.019287,0
16.547222,-0.410000,0.064907,-0.022461,-0.022461,0
16.550000,-0.400000,-0.040000,-0.020264,-0.020264,0
16.552778,-0.395000,-0.149907,-0.012939,-0.012939,0
16.555556,-0.400000,-0.187721,-0.003662,-0.003662,0
16.558333,-0.400000,-0.115000,0.003174,0.003174,0
16.561111,-0.405000,0.006303,0.003418,0.003418,0
16.563889,-0.390000,0.110954,-0.004639,-0.004639,0
16.566667,-0.380000,0.109904,-0.019531,-0.019531,0
16.569444,-0.385000,0.001047,-0.036377,-0.036377,0
16.572222,-0.385000,-0.121418,-0.051025,-0.051025,0
16.575000,-0.390000,-0.180000,-0.061523,-0.061523,0
16.577778,-0.405000,-0.141418,-0.069580,-0.069580,0
16.580556,-0.400000,-0.013953,-0.081787,-0.081787,0
16.583333,-0.400000,0.089904,-0.104980,-0.104980,0
16.586111,-0.390000,0.110954,-0.141357,-0.141357,0
16.588889,-0.390000,0.021303,-0.184570,-0.184570,0
16.591667,-0.410000,-0.125000,-0.218018,-0.218018,0
16.594444,-0.410000,-0.197721,-0.216553,-0.216553,0
16.597222,-0.405000,-0.159907,-0.154053,-0.154053,0
16.600000,-0.400000,-0.040000,-0.013184,-0.013184,0
16.602778,-0.410000,0.064907,0.205566,0.205566,0
16.605556,-0.405000,0.102721,0.479248,0.479248,0
16.608333,-0.410000,0.025000,0.764648,0.764648,0
16.611111,-0.415000,-0.106303,1.006836,1.006836,0
16.613889,-0.410000,-0.190954,1.153809,1.153809,0
16.616667,-0.405000,-0.174904,1.171387,1.171387,1
16.619444,-0.395000,-0.061047,1.053711,1.053711,0
16.622222,-0.405000,0.051418,0.825684,0.825684,0
16.625000,-0.400000,0.110000,0.536865,0.536865,0
16.627778,-0.400000,0.056418,0.246826,0.246826,0
16.630556,-0.395000,-0.061047,0.009521,0.009521,0
16.633333,-0.405000,-0.174904,-0.141357,-0.141357,0
16.636111,-0.380000,-0.160954,-0.198730,-0.198730,0
16.638889,-0.385000,-0.076303,-0.180908,-0.180908,0
16.641667,-0.390000,0.045000,-0.121338,-0.121338,0
16.644444,-0.410000,0.097721,-0.056152,-0.056152,0
16.647222,-0.395000,0.079907,-0.012451,-0.012451,0
16.650000,-0.390000,-0.030000,-0.001709,-0.001709,0
16.652778,-0.380000,-0.134907,-0.019043,-0.019043,0
16.655556,-0.385000,-0.172721,-0.049316,-0.049316,0
16.658333,-0.405000,-0.120000,-0.075928,-0.075928,0
16.661111,-0.405000,0.006303,-0.086426,-0.086426,0
16.663889,-0.405000,0.095954,-0.078613,-0.078613,0
16.666667,-0.400000,0.089904,-0.058350,-0.058350,0
16.669444,-0.410000,-0.023953,-0.035645,-0.035645,0
16.672222,-0.410000,-0.146418,-0.020996,-0.020996,0
16.675000,-0.415000,-0.205000,-0.019287,-0.019287,0
16.677778,-0.435000,-0.171418,-0.029541,-0.029541,0
16.680556,-0.430000,-0.043953,-0.045654,-0.045654,0
16.683333,-0.415000,0.074904,-0.059570,-0.059570,0
16.686111,-0.420000,0.080954,-0.065430,-0.065430,0
16.688889,-0.420000,-0.008697,-0.061279,-0.061279,0
16.691667,-0.440000,-0.155000,-0.049561,-0.049561,0
16.694444,-0.440000,-0.227721,-0.035889,-0.035889,0
16.697222,-0.435000,-0.189907,-0.025635,-0.025635,0
16.700000,-0.435000,-0.075000,-0.021973,-0.021973,0
16.702778,-0.435000,0.039907,-0.025146,-0.025146,0
16.705556,-0.430000,0.077721,-0.031982,-0.031982,0
16.708333,-0.445000,-0.010000,-0.039062,-0.039062,0
16.711111,-0.445000,-0.136303,-0.042725,-0.042725,0
16.713889,-0.420000,-0.200954,-0.042480,-0.042480,0
16.716667,-0.425000,-0.194904,-0.039307,-0.039307,0
16.719444,-0.410000,-0.076047,-0.035645,-0.035645,0
16.722222,-0.405000,0.051418,-0.034180,-0.034180,0
16.725000,-0.400000,0.110000,-0.035156,-0.035156,0
16.727778,-0.410000,0.046418,-0.038330,-0.038330,0
16.730556,-0.380000,-0.046047,-0.041260,-0.041260,0
16.733333,-0.370000,-0.139904,-0.042236,-0.042236,0
16.736111,-0.350000,-0.130954,-0.039795,-0.039795,0
16.738889,-0.340000,-0.031303,-0.034668,-0.034668,0
16.741667,-0.355000,0.080000,-0.028809,-0.028809,0
16.744444,-0.345000,0.162721,-0.024414,-0.024414,0
16.747222,-0.340000,0.134907,-0.022461,-0.022461,0
16.750000,-0.315000,0.045000,-0.023682,-0.023682,0
16.752778,-0.320000,-0.074907,-0.027100,-0.027100,0
16.755556,-0.300000,-0.087721,-0.031250,-0.031250,0
16.758333,-0.300000,-0.015000,-0.034912,-0.034912,0
16.761111,-0.315000,0.096303,-0.037109,-0.037109,0
16.763889,-0.305000,0.195954,-0.037598,-0.037598,0
16.766667,-0.300000,0.189904,-0.037354,-0.037354,0
16.769444,-0.280000,0.106047,-0.037109,-0.037109,0
16.772222,-0.290000,-0.026418,-0.037598,-0.037598,0
16.775000,-0.290000,-0.080000,-0.038818,-0.038818,0
16.777778,-0.300000,-0.036418,-0.040771,-0.040771,0
16.780556,-0.295000,0.091047,-0.042969,-0.042969,0
16.783333,-0.295000,0.194904,-0.044678,-0.044678,0
16.786111,-0.280000,0.220954,-0.045166,-0.045166,0
16.788889,-0.285000,0.126303,-0.044434,-0.044434,0
16.791667,-0.290000,-0.005000,-0.042236,-0.042236,0
16.794444,-0.295000,-0.082721,-0.038818,-0.038818,0
16.797222,-0.285000,-0.039907,-0.035400,-0.035400,0
16.800000,-0.280000,0.080000,-0.031982,-0.031982,0
16.802778,-0.275000,0.199907,-0.029785,-0.029785,0
16.805556,-0.265000,0.242721,-0.028320,-0.028320,0
16.808333,-0.280000,0.155000,-0.027344,-0.027344,0
16.811111,-0.295000,0.013697,-0.027100,-0.027100,0
16.813889,-0.280000,-0.060954,-0.026611,-0.026611,0
16.816667,-0.280000,-0.049904,-0.025879,-0.025879,0
16.819444,-0.275000,0.058953,-0.025391,-0.025391,0
16.822222,-0.290000,0.166418,-0.024902,-0.024902,0
16.825000,-0.295000,0.215000,-0.024902,-0.024902,0
16.827778,-0.310000,0.146418,-0.025146,-0.025146,0
16.830556,-0.290000,0.043953,-0.026123,-0.026123,0
16.833333,-0.290000,-0.059904,-0.027832,-0.027832,0
16.836111,-0.275000,-0.055954,-0.030518,-0.030518,0
16.838889,-0.270000,0.038697,-0.034180,-0.034180,0
16.841667,-0.295000,0.140000,-0.038574,-0.038574,0
16.844444,-0.315000,0.192721,-0.043457,-0.043457,0
16.847222,-0.310000,0.164907,-0.048340,-0.048340,0
16.850000,-0.300000,0.060000,-0.052246,-0.052246,0
16.852778,-0.295000,-0.049907,-0.055176,-0.055176,0
16.855556,-0.290000,-0.077721,-0.057129,-0.057129,0
16.858333,-0.300000,-0.015000,-0.058594,-0.058594,0
16.861111,-0.315000,0.096303,-0.060303,-0.060303,0
16.863889,-0.305000,0.195954,-0.062500,-0.062500,0
16.866667,-0.300000,0.189904,-0.065430,-0.065430,0
16.869444,-0.290000,0.096047,-0.068604,-0.068604,0
16.872222,-0.310000,-0.046418,-0.071533,-0.071533,0
16.875000,-0.315000,-0.105000,-0.073975,-0.073975,0
16.877778,-0.330000,-0.066418,-0.075439,-0.075439,0
16.880556,-0.310000,0.076047,-0.075684,-0.075684,0
16.883333,-0.305000,0.184904,-0.074951,-0.074951,0
16.886111,-0.295000,0.205954,-0.072998,-0.072998,0
16.888889,-0.295000,0.116303,-0.069824,-0.069824,0
16.891667,-0.305000,-0.020000,-0.065430,-0.065430,0
16.894444,-0.325000,-0.112721,-0.059570,-0.059570,0
16.897222,-0.315000,-0.069907,-0.052490,-0.052490,0
16.900000,-0.315000,0.045000,-0.044189,-0.044189,0
16.902778,-0.310000,0.164907,-0.035156,-0.035156,0
16.905556,-0.300000,0.207721,-0.025879,-0.025879,0
16.908333,-0.315000,0.120000,-0.016602,-0.016602,0
16.911111,-0.335000,-0.026303,-0.007324,-0.007324,0
16.913889,-0.325000,-0.105954,0.001465,0.001465,0
16.916667,-0.325000,-0.094904,0.009766,0.009766,0
16.919444,-0.315000,0.018953,0.017578,0.017578,0
16.922222,-0.310000,0.146418,0.024414,0.024414,0
16.925000,-0.320000,0.190000,0.030762,0.030762,0
16.927778,-0.335000,0.121418,0.036621,0.036621,0
16.930556,-0.325000,0.008953,0.042236,0.042236,0
16.933333,-0.310000,-0.079904,0.047363,0.047363,0
16.936111,-0.305000,-0.085954,0.052246,0.052246,0
16.938889,-0.305000,0.003697,0.055908,0.055908,0
16.941667,-0.320000,0.115000,0.058838,0.058838,0
16.944444,-0.325000,0.182721,0.060547,0.060547,0
16.947222,-0.315000,0.159907,0.061523,0.061523,0
16.950000,-0.310000,0.050000,0.062256,0.062256,0
16.952778,-0.300000,-0.054907,0.062744,0.062744,0
16.955556,-0.315000,-0.102721,0.062988,0.062988,0
16.958333,-0.325000,-0.040000,0.063232,0.063232,0
16.961111,-0.320000,0.091303,0.062988,0.062988,0
16.963889,-0.320000,0.180954,0.062988,0.062988,0
16.966667,-0.320000,0.169904,0.063232,0.063232,0
16.969444,-0.310000,0.076047,0.064697,0.064697,0
16.972222,-0.310000,-0.046418,0.066895,0.066895,0
16.975000,-0.310000,-0.100000,0.070068,0.070068,0
16.977778,-0.315000,-0.051418,0.073486,0.073486,0
16.980556,-0.305000,0.081047,0.075684,0.075684,0
16.983333,-0.285000,0.204904,0.076416,0.076416,0
16.986111,-0.295000,0.205954,0.074707,0.074707,0
16.988889,-0.305000,0.106303,0.071289,0.071289,0
16.991667,-0.310000,-0.025000,0.067139,0.067139,0
16.994444,-0.315000,-0.102721,0.062988,0.062988,0
16.997222,-0.300000,-0.054907,0.060059,0.060059,0
17.000000,-0.315000,0.045000,0.058838,0.058838,0
17.002778,-0.305000,0.169907,0.059326,0.059326,0
17.005556,-0.305000,0.202721,0.060791,0.060791,0
17.008333,-0.325000,0.110000,0.062012,0.062012,0
17.011111,-0.325000,-0.016303,0.062500,0.062500,0
17.013889,-0.315000,-0.095954,0.061279,0.061279,0
17.016667,-0.300000,-0.069904,0.058838,0.058838,0
17.019444,-0.295000,0.038953,0.055176,0.055176,0
17.022222,-0.310000,0.146418,0.051514,0.051514,0
17.025000,-0.315000,0.195000,0.048340,0.048340,0
17.027778,-0.320000,0.136418,0.046875,0.046875,0
17.030556,-0.315000,0.018953,0.046875,0.046875,0
17.033333,-0.310000,-0.079904,0.048096,0.048096,0
17.036111,-0.295000,-0.075954,0.049072,0.049072,0
17.038889,-0.285000,0.023697,0.049072,0.049072,0
17.041667,-0.270000,0.165000,0.047607,0.047607,0
17.044444,-0.250000,0.257721,0.044434,0.044434,0
17.047222,-0.245000,0.229907,0.041016,0.041016,0
17.050000,-0.230000,0.130000,0.038086,0.038086,0
17.052778,-0.220000,0.025093,0.036865,0.036865,0
17.055556,-0.225000,-0.012721,0.037354,0.037354,0
17.058333,-0.235000,0.050000,0.039062,0.039062,0
17.061111,-0.230000,0.181303,0.041260,0.041260,0
17.063889,-0.220000,0.280954,0.042969,0.042969,0
17.066667,-0.205000,0.284904,0.043457,0.043457,0
17.069444,-0.190000,0.196047,0.042480,0.042480,0
17.072222,-0.190000,0.073582,0.040283,0.040283,0
17.075000,-0.190000,0.020000,0.037598,0.037598,0
17.077778,-0.205000,0.058582,0.034668,0.034668,0
17.080556,-0.205000,0.181047,0.032227,0.032227,0
17.083333,-0.205000,0.284904,0.030029,0.030029,0
17.086111,-0.210000,0.290954,0.028564,0.028564,0
17.088889,-0.215000,0.196303,0.027588,0.027588,0
17.091667,-0.225000,0.060000,0.027100,0.027100,0
17.094444,-0.230000,-0.017721,0.026855,0.026855,0
17.097222,-0.225000,0.020093,0.026855,0.026855,0
17.100000,-0.220000,0.140000,0.027100,0.027100,0
17.102778,-0.220000,0.254907,0.027588,0.027588,0
17.105556,-0.240000,0.267721,0.028320,0.028320,0
17.108333,-0.240000,0.195000,0.029785,0.029785,0
17.111111,-0.230000,0.078697,0.031494,0.031494,0
17.113889,-0.205000,0.014046,0.033447,0.033447,0
17.116667,-0.195000,0.035096,0.035156,0.035156,0
17.119444,-0.195000,0.138953,0.035889,0.035889,0
17.122222,-0.220000,0.236418,0.035889,0.035889,0
17.125000,-0.245000,0.265000,0.034668,0.034668,0
17.127778,-0.275000,0.181418,0.032959,0.032959,0
17.130556,-0.260000,0.073953,0.031250,0.031250,0
17.133333,-0.275000,-0.044904,0.029785,0.029785,0
17.136111,-0.285000,-0.065954,0.029053,0.029053,0
17.138889,-0.300000,0.008697,0.028809,0.028809,0
17.141667,-0.300000,0.135000,0.029053,0.029053,0
17.144444,-0.310000,0.197721,0.030029,0.030029,0
17.147222,-0.310000,0.164907,0.031738,0.031738,0
17.150000,-0.320000,0.040000,0.034424,0.034424,0
17.152778,-0.320000,-0.074907,0.037598,0.037598,0
17.155556,-0.325000,-0.112721,0.041504,0.041504,0
17.158333,-0.335000,-0.050000,0.044922,0.044922,0
17.161111,-0.345000,0.066303,0.047119,0.047119,0
17.163889,-0.335000,0.165954,0.047363,0.047363,0
17.166667,-0.335000,0.154904,0.045410,0.045410,0
17.169444,-0.330000,0.056047,0.041504,0.041504,0
17.172222,-0.335000,-0.071418,0.036865,0.036865,0
17.175000,-0.345000,-0.135000,0.032471,0.032471,0
17.177778,-0.360000,-0.096418,0.029297,0.029297,0
17.180556,-0.345000,0.041047,0.028564,0.028564,0
17.183333,-0.335000,0.154904,0.029541,0.029541,0
17.186111,-0.345000,0.155954,0.032227,0.032227,0
17.188889,-0.345000,0.066303,0.035156,0.035156,0
17.191667,-0.355000,-0.070000,0.036865,0.036865,0
17.194444,-0.360000,-0.147721,0.036865,0.036865,0
17.197222,-0.355000,-0.109907,0.034668,0.034668,0
17.200000,-0.340000,0.020000,0.031250,0.031250,0
17.202778,-0.340000,0.134907,0.028076,0.028076,0
17.205556,-0.350000,0.157721,0.027588,0.027588,0
17.208333,-0.350000,0.085000,0.031250,0.031250,0
17.211111,-0.355000,-0.046303,0.040039,0.040039,0
17.213889,-0.355000,-0.135954,0.052979,0.052979,0
17.216667,-0.355000,-0.124904,0.068359,0.068359,0
17.219444,-0.370000,-0.036047,0.083496,0.083496,0
17.222222,-0.425000,0.031418,0.095947,0.095947,0
17.225000,-0.465000,0.045000,0.104980,0.104980,0
17.227778,-0.480000,-0.023582,0.110352,0.110352,0
17.230556,-0.500000,-0.166047,0.113525,0.113525,0
17.233333,-0.530000,-0.299904,0.116455,0.116455,0
17.236111,-0.535000,-0.315954,0.120117,0.120117,0
17.238889,-0.485000,-0.176303,0.125488,0.125488,0
17.241667,-0.395000,0.040000,0.131836,0.131836,0
17.244444,-0.255000,0.252721,0.138428,0.138428,0
17.247222,-0.095000,0.379907,0.143799,0.143799,0
17.250000,0.095000,0.455000,0.146729,0.146729,0
17.252778,0.350000,0.595093,0.147217,0.147217,0
17.255556,0.630000,0.842279,0.144775,0.144775,0
17.258333,0.845000,1.130000,0.140381,0.140381,0
17.261111,0.955000,1.366303,0.134277,0.134277,0
17.263889,0.975000,1.475954,0.127686,0.127686,0
17.266667,0.825000,1.314904,0.121094,0.121094,0
17.269444,0.480000,0.866047,0.115234,0.115234,0
17.272222,0.055000,0.318582,0.110840,0.110840,0
17.275000,-0.270000,-0.060000,0.108643,0.108643,0
17.277778,-0.455000,-0.191418,0.108887,0.108887,0
17.280556,-0.485000,-0.098953,0.111572,0.111572,0
17.283333,-0.440000,0.049904,0.116211,0.116211,0
17.286111,-0.405000,0.095954,0.121582,0.121582,0
17.288889,-0.375000,0.036303,0.126465,0.126465,0
17.291667,-0.375000,-0.090000,0.129150,0.129150,0
17.294444,-0.390000,-0.177721,0.127930,0.127930,0
17.297222,-0.380000,-0.134907,0.122314,0.122314,0
17.300000,-0.360000,0.000000,0.112061,0.112061,0
17.302778,-0.355000,0.119907,0.098389,0.098389,0
17.305556,-0.345000,0.162721,0.083008,0.083008,0
17.308333,-0.365000,0.070000,0.067627,0.067627,0
17.311111,-0.375000,-0.066303,0.054443,0.054443,0
17.313889,-0.370000,-0.150954,0.043945,0.043945,0
17.316667,-0.370000,-0.139904,0.036621,0.036621,0
17.319444,-0.355000,-0.021047,0.031738,0.031738,0
17.322222,-0.370000,0.086418,0.028320,0.028320,0
17.325000,-0.375000,0.135000,0.025391,0.025391,0
17.327778,-0.380000,0.076418,0.022217,0.022217,0
17.330556,-0.385000,-0.051047,0.018311,0.018311,0
17.333333,-0.380000,-0.149904,0.013184,0.013184,0
17.336111,-0.380000,-0.160954,0.007324,0.007324,0
17.338889,-0.380000,-0.071303,0.001221,0.001221,0
17.341667,-0.385000,0.050000,-0.003662,-0.003662,0
17.344444,-0.395000,0.112721,-0.006592,-0.006592,0
17.347222,-0.395000,0.079907,-0.006348,-0.006348,0
17.350000,-0.390000,-0.030000,-0.003906,-0.003906,0
17.352778,-0.385000,-0.139907,-0.000244,-0.000244,0
17.355556,-0.380000,-0.167721,0.001953,0.001953,0
17.358333,-0.380000,-0.095000,0.000977,0.000977,0
17.361111,-0.395000,0.016303,-0.004395,-0.004395,0
17.363889,-0.390000,0.110954,-0.012695,-0.012695,0
17.366667,-0.380000,0.109904,-0.020996,-0.020996,0
17.369444,-0.370000,0.016047,-0.026123,-0.026123,0
17.372222,-0.375000,-0.111418,-0.024902,-0.024902,0
17.375000,-0.385000,-0.175000,-0.017578,-0.017578,0
17.377778,-0.380000,-0.116418,-0.006592,-0.006592,0
17.380556,-0.375000,0.011047,0.003418,0.003418,0
17.383333,-0.365000,0.124904,0.006836,0.006836,0
17.386111,-0.360000,0.140954,0.000977,0.000977,0
17.388889,-0.365000,0.046303,-0.014893,-0.014893,0
17.391667,-0.365000,-0.080000,-0.037109,-0.037109,0
17.394444,-0.385000,-0.172721,-0.061035,-0.061035,0
17.397222,-0.370000,-0.124907,-0.082764,-0.082764,0
17.400000,-0.365000,-0.005000,-0.101074,-0.101074,0
17.402778,-0.355000,0.119907,-0.118164,-0.118164,0
17.405556,-0.385000,0.122721,-0.136963,-0.136963,0
17.408333,-0.395000,0.040000,-0.157715,-0.157715,0
17.411111,-0.395000,-0.086303,-0.175293,-0.175293,0
17.413889,-0.385000,-0.165954,-0.176514,-0.176514,0
17.416667,-0.370000,-0.139904,-0.141602,-0.141602,0
17.419444,-0.380000,-0.046047,-0.050781,-0.050781,0
17.422222,-0.370000,0.086418,0.109375,0.109375,0
17.425000,-0.375000,0.135000,0.336914,0.336914,0
17.427778,-0.390000,0.066418,0.610107,0.610107,0
17.430556,-0.385000,-0.051047,0.888916,0.888916,0
17.433333,-0.380000,-0.149904,1.122314,1.122314,0
17.436111,-0.370000,-0.150954,1.261719,1.261719,0
17.438889,-0.370000,-0.061303,1.273926,1.273926,1
17.441667,-0.385000,0.050000,1.152100,1.152100,0
17.444444,-0.385000,0.122721,0.919189,0.919189,0
17.447222,-0.380000,0.094907,0.622070,0.622070,0
17.450000,-0.385000,-0.025000,0.319092,0.319092,0
17.452778,-0.370000,-0.124907,0.064697,0.064697,0
17.455556,-0.375000,-0.162721,-0.105469,-0.105469,0
17.458333,-0.375000,-0.090000,-0.180664,-0.180664,0
17.461111,-0.380000,0.031303,-0.175049,-0.175049,0
17.463889,-0.380000,0.120954,-0.119629,-0.119629,0
17.466667,-0.355000,0.134904,-0.051025,-0.051025,0
17.469444,-0.360000,0.026047,0.001709,0.001709,0
17.472222,-0.365000,-0.101418,0.023926,0.023926,0
17.475000,-0.370000,-0.160000,0.016113,0.016113,0
17.477778,-0.380000,-0.116418,-0.009521,-0.009521,0
17.480556,-0.370000,0.016047,-0.036865,-0.036865,0
17.483333,-0.375000,0.114904,-0.052490,-0.052490,0
17.486111,-0.360000,0.140954,-0.051758,-0.051758,0
17.488889,-0.370000,0.041303,-0.037598,-0.037598,0
17.491667,-0.380000,-0.095000,-0.018799,-0.018799,0
17.494444,-0.385000,-0.172721,-0.004883,-0.004883,0
17.497222,-0.375000,-0.129907,-0.001709,-0.001709,0
17.500000,-0.375000,-0.015000,-0.010254,-0.010254,0
17.502778,-0.370000,0.104907,-0.025635,-0.025635,0
17.505556,-0.370000,0.137721,-0.041260,-0.041260,0
17.508333,-0.385000,0.050000,-0.050781,-0.050781,0
17.511111,-0.400000,-0.091303,-0.051514,-0.051514,0
17.513889,-0.395000,-0.175954,-0.045166,-0.045166,0
17.516667,-0.385000,-0.154904,-0.035889,-0.035889,0
17.519444,-0.395000,-0.061047,-0.028809,-0.028809,0
17.522222,-0.380000,0.076418,-0.026855,-0.026855,0
17.525000,-0.400000,0.110000,-0.030518,-0.030518,0
17.527778,-0.400000,0.056418,-0.036865,-0.036865,0
17.530556,-0.400000,-0.066047,-0.042480,-0.042480,0
17.533333,-0.390000,-0.159904,-0.044189,-0.044189,0
17.536111,-0.390000,-0.170954,-0.041260,-0.041260,0
17.538889,-0.385000,-0.076303,-0.034668,-0.034668,0
17.541667,-0.400000,0.035000,-0.027344,-0.027344,0
17.544444,-0.400000,0.107721,-0.021729,-0.021729,0
17.547222,-0.385000,0.089907,-0.019043,-0.019043,0
17.550000,-0.380000,-0.020000,-0.019287,-0.019287,0
17.552778,-0.380000,-0.134907,-0.020508,-0.020508,0
17.555556,-0.385000,-0.172721,-0.021240,-0.021240,0
17.558333,-0.385000,-0.100000,-0.019775,-0.019775,0
17.561111,-0.405000,0.006303,-0.016357,-0.016357,0
17.563889,-0.395000,0.105954,-0.011963,-0.011963,0
17.566667,-0.380000,0.109904,-0.008057,-0.008057,0
17.569444,-0.370000,0.016047,-0.006348,-0.006348,0
17.572222,-0.370000,-0.106418,-0.007324,-0.007324,0
17.575000,-0.380000,-0.170000,-0.010986,-0.010986,0
17.577778,-0.365000,-0.101418,-0.016113,-0.016113,0
17.580556,-0.355000,0.031047,-0.020996,-0.020996,0
17.583333,-0.335000,0.154904,-0.024170,-0.024170,0
17.586111,-0.325000,0.175954,-0.025635,-0.025635,0
17.588889,-0.320000,0.091303,-0.025146,-0.025146,0
17.591667,-0.320000,-0.035000,-0.022949,-0.022949,0
17.594444,-0.330000,-0.117721,-0.020508,-0.020508,0
17.597222,-0.315000,-0.069907,-0.018066,-0.018066,0
17.600000,-0.300000,0.060000,-0.016846,-0.016846,0
17.602778,-0.295000,0.179907,-0.016846,-0.016846,0
17.605556,-0.285000,0.222721,-0.017334,-0.017334,0
17.608333,-0.295000,0.140000,-0.018311,-0.018311,0
17.611111,-0.290000,0.018697,-0.018555,-0.018555,0
17.613889,-0.285000,-0.065954,-0.018311,-0.018311,0
17.616667,-0.270000,-0.039904,-0.017578,-0.017578,0
17.619444,-0.260000,0.073953,-0.016846,-0.016846,0
17.622222,-0.265000,0.191418,-0.016602,-0.016602,0
17.625000,-0.275000,0.235000,-0.016602,-0.016602,0
17.627778,-0.280000,0.176418,-0.016357,-0.016357,0
17.630556,-0.275000,0.058953,-0.015625,-0.015625,0
17.633333,-0.270000,-0.039904,-0.013672,-0.013672,0
17.636111,-0.270000,-0.050954,-0.011230,-0.011230,0
17.638889,-0.260000,0.048697,-0.008301,-0.008301,0
17.641667,-0.270000,0.165000,-0.005615,-0.005615,0
17.644444,-0.280000,0.227721,-0.003906,-0.003906,0
17.647222,-0.285000,0.189907,-0.003418,-0.003418,0
17.650000,-0.275000,0.085000,-0.003906,-0.003906,0
17.652778,-0.265000,-0.019907,-0.005615,-0.005615,0
17.655556,-0.270000,-0.057721,-0.007568,-0.007568,0
17.658333,-0.285000,0.000000,-0.009766,-0.009766,0
17.661111,-0.285000,0.126303,-0.011230,-0.011230,0
17.663889,-0.285000,0.215954,-0.012451,-0.012451,0
17.666667,-0.275000,0.214904,-0.012695,-0.012695,0
17.669444,-0.280000,0.106047,-0.012451,-0.012451,0
17.672222,-0.275000,-0.011418,-0.012451,-0.012451,0
17.675000,-0.285000,-0.075000,-0.012939,-0.012939,0
17.677778,-0.295000,-0.031418,-0.014404,-0.014404,0
17.680556,-0.295000,0.091047,-0.017090,-0.017090,0
17.683333,-0.285000,0.204904,-0.020508,-0.020508,0
17.686111,-0.280000,0.220954,-0.024414,-0.024414,0
17.688889,-0.270000,0.141303,-0.028076,-0.028076,0
17.691667,-0.285000,0.000000,-0.030762,-0.030762,0
17.694444,-0.275000,-0.062721,-0.032471,-0.032471,0
17.697222,-0.290000,-0.044907,-0.033203,-0.033203,0
17.700000,-0.285000,0.075000,-0.033691,-0.033691,0
17.702778,-0.280000,0.194907,-0.034180,-0.034180,0
17.705556,-0.290000,0.217721,-0.034912,-0.034912,0
17.708333,-0.300000,0.135000,-0.035645,-0.035645,0
17.711111,-0.310000,-0.001303,-0.035645,-0.035645,0
17.713889,-0.310000,-0.090954,-0.035156,-0.035156,0
17.716667,-0.310000,-0.079904,-0.033691,-0.033691,0
17.719444,-0.300000,0.033953,-0.031738,-0.031738,0
17.722222,-0.300000,0.156418,-0.030029,-0.030029,0
17.725000,-0.315000,0.195000,-0.028564,-0.028564,0
17.727778,-0.325000,0.131418,-0.028320,-0.028320,0
17.730556,-0.315000,0.018953,-0.028809,-0.028809,0
17.733333,-0.305000,-0.074904,-0.030029,-0.030029,0
17.736111,-0.310000,-0.090954,-0.031250,-0.031250,0
17.738889,-0.310000,-0.001303,-0.031738,-0.031738,0
17.741667,-0.315000,0.120000,-0.031494,-0.031494,0
17.744444,-0.330000,0.177721,-0.029053,-0.029053,0
17.747222,-0.325000,0.149907,-0.024414,-0.024414,0
17.750000,-0.320000,0.040000,-0.017578,-0.017578,0
17.752778,-0.320000,-0.074907,-0.008789,-0.008789,0
17.755556,-0.315000,-0.102721,0.000977,0.000977,0
17.758333,-0.325000,-0.040000,0.010742,0.010742,0
17.761111,-0.330000,0.081303,0.019043,0.019043,0
17.763889,-0.335000,0.165954,0.026123,0.026123,0
17.766667,-0.325000,0.164904,0.031250,0.031250,0
17.769444,-0.320000,0.066047,0.035645,0.035645,0
17.772222,-0.320000,-0.056418,0.039795,0.039795,0
17.775000,-0.315000,-0.105000,0.044434,0.044434,0
17.777778,-0.320000,-0.056418,0.049561,0.049561,0
17.780556,-0.310000,0.076047,0.055420,0.055420,0
17.783333,-0.310000,0.179904,0.061523,0.061523,0
17.786111,-0.300000,0.200954,0.067383,0.067383,0
17.788889,-0.305000,0.106303,0.072510,0.072510,0
17.791667,-0.320000,-0.035000,0.076416,0.076416,0
17.794444,-0.340000,-0.127721,0.078857,0.078857,0
17.797222,-0.335000,-0.089907,0.080322,0.080322,0
17.800000,-0.330000,0.030000,0.080566,0.080566,0
17.802778,-0.320000,0.154907,0.080322,0.080322,0
17.805556,-0.330000,0.177721,0.079590,0.079590,0
17.808333,-0.330000,0.105000,0.079102,0.079102,0
17.811111,-0.335000,-0.026303,0.078857,0.078857,0
17.813889,-0.340000,-0.120954,0.078857,0.078857,0
17.816667,-0.335000,-0.104904,0.078613,0.078613,0
17.819444,-0.325000,0.008953,0.077881,0.077881,0
17.822222,-0.340000,0.116418,0.076660,0.076660,0
17.825000,-0.345000,0.165000,0.074951,0.074951,0
17.827778,-0.340000,0.116418,0.073242,0.073242,0
17.830556,-0.340000,-0.006047,0.071777,0.071777,0
17.833333,-0.325000,-0.094904,0.071045,0.071045,0
17.836111,-0.340000,-0.120954,0.070801,0.070801,0
17.838889,-0.335000,-0.026303,0.070557,0.070557,0
17.841667,-0.340000,0.095000,0.069580,0.069580,0
17.844444,-0.350000,0.157721,0.067871,0.067871,0
17.847222,-0.340000,0.134907,0.065674,0.065674,0
17.850000,-0.330000,0.030000,0.063477,0.063477,0
17.852778,-0.330000,-0.084907,0.062012,0.062012,0
17.855556,-0.325000,-0.112721,0.061523,0.061523,0
17.858333,-0.335000,-0.050000,0.062256,0.062256,0
17.861111,-0.340000,0.071303,0.064209,0.064209,0
17.863889,-0.335000,0.165954,0.066406,0.066406,0
17.866667,-0.315000,0.174904,0.068604,0.068604,0
17.869444,-0.315000,0.071047,0.069824,0.069824,0
17.872222,-0.310000,-0.046418,0.069336,0.069336,0
17.875000,-0.320000,-0.110000,0.067383,0.067383,0
17.877778,-0.330000,-0.066418,0.063477,0.063477,0
17.880556,-0.320000,0.066047,0.058350,0.058350,0
17.883333,-0.305000,0.184904,0.052490,0.052490,0
17.886111,-0.310000,0.190954,0.047119,0.047119,0
17.888889,-0.305000,0.106303,0.042969,0.042969,0
17.891667,-0.295000,-0.010000,0.040283,0.040283,0
17.894444,-0.320000,-0.107721,0.039307,0.039307,0
17.897222,-0.305000,-0.059907,0.039307,0.039307,0
17.900000,-0.290000,0.070000,0.039551,0.039551,0
17.902778,-0.285000,0.189907,0.039551,0.039551,0
17.905556,-0.285000,0.222721,0.038574,0.038574,0
17.908333,-0.285000,0.150000,0.037109,0.037109,0
17.911111,-0.285000,0.023697,0.035156,0.035156,0
17.913889,-0.265000,-0.045954,0.033203,0.033203,0
17.916667,-0.250000,-0.019904,0.031982,0.031982,0
17.919444,-0.250000,0.083953,0.031006,0.031006,0
17.922222,-0.250000,0.206418,0.030518,0.030518,0
17.925000,-0.250000,0.260000,0.029541,0.029541,0
17.927778,-0.250000,0.206418,0.028320,0.028320,0
17.930556,-0.250000,0.083953,0.026855,0.026855,0
17.933333,-0.230000,0.000096,0.024902,0.024902,0
17.936111,-0.215000,0.004046,0.023193,0.023193,0
17.938889,-0.225000,0.083697,0.021973,0.021973,0
17.941667,-0.225000,0.210000,0.021973,0.021973,0
17.944444,-0.230000,0.277721,0.023438,0.023438,0
17.947222,-0.230000,0.244907,0.026611,0.026611,0
17.950000,-0.225000,0.135000,0.031250,0.031250,0
17.952778,-0.215000,0.030093,0.036133,0.036133,0
17.955556,-0.215000,-0.002721,0.040283,0.040283,0
17.958333,-0.230000,0.055000,0.042236,0.042236,0
17.961111,-0.250000,0.161303,0.041504,0.041504,0
17.963889,-0.240000,0.260954,0.038086,0.038086,0
17.966667,-0.230000,0.259904,0.032959,0.032959,0
17.969444,-0.230000,0.156047,0.027588,0.027588,0
17.972222,-0.240000,0.023582,0.022705,0.022705,0
17.975000,-0.250000,-0.040000,0.019775,0.019775,0
17.977778,-0.255000,0.008582,0.018311,0.018311,0
17.980556,-0.220000,0.166047,0.018311,0.018311,0
17.983333,-0.200000,0.289904,0.018555,0.018555,0
17.986111,-0.200000,0.300954,0.018311,0.018311,0
17.988889,-0.225000,0.186303,0.017578,0.017578,0
17.991667,-0.265000,0.020000,0.016113,0.016113,0
17.994444,-0.290000,-0.077721,0.014160,0.014160,0
17.997222,-0.290000,-0.044907,0.012695,0.012695,0
18.000000,-0.300000,0.060000,0.011475,0.011475,0
18.002778,-0.310000,0.164907,0.010986,0.010986,0
18.005556,-0.325000,0.182721,0.010986,0.010986,0
18.008333,-0.335000,0.100000,0.011230,0.011230,0
18.011111,-0.340000,-0.031303,0.011475,0.011475,0
18.013889,-0.350000,-0.130954,0.011719,0.011719,0
18.016667,-0.340000,-0.109904,0.011475,0.011475,0
18.019444,-0.340000,-0.006047,0.010986,0.010986,0
18.022222,-0.345000,0.111418,0.010742,0.010742,0
18.025000,-0.330000,0.180000,0.010742,0.010742,0
18.027778,-0.350000,0.106418,0.011475,0.011475,0
18.030556,-0.345000,-0.011047,0.013184,0.013184,0
18.033333,-0.345000,-0.114904,0.015869,0.015869,0
18.036111,-0.340000,-0.120954,0.018799,0.018799,0
18.038889,-0.350000,-0.041303,0.021484,0.021484,0
18.041667,-0.355000,0.080000,0.023682,0.023682,0
18.044444,-0.355000,0.152721,0.025146,0.025146,0
18.047222,-0.355000,0.119907,0.026367,0.026367,0
18.050000,-0.345000,0.015000,0.027832,0.027832,0
18.052778,-0.340000,-0.094907,0.029541,0.029541,0
18.055556,-0.340000,-0.127721,0.031738,0.031738,0
18.058333,-0.355000,-0.070000,0.033936,0.033936,0
18.061111,-0.360000,0.051303,0.035889,0.035889,0
18.063889,-0.360000,0.140954,0.037598,0.037598,0
18.066667,-0.355000,0.134904,0.039307,0.039307,0
18.069444,-0.345000,0.041047,0.041016,0.041016,0
18.072222,-0.345000,-0.081418,0.043701,0.043701,0
18.075000,-0.360000,-0.150000,0.047363,0.047363,0
18.077778,-0.370000,-0.106418,0.052002,0.052002,0
18.080556,-0.375000,0.011047,0.057617,0.057617,0
18.083333,-0.370000,0.119904,0.063477,0.063477,0
18.086111,-0.380000,0.120954,0.069580,0.069580,0
18.088889,-0.420000,-0.008697,0.075439,0.075439,0
18.091667,-0.465000,-0.180000,0.081055,0.081055,0
18.094444,-0.485000,-0.272721,0.086670,0.086670,0
18.097222,-0.515000,-0.269907,0.092285,0.092285,0
18.100000,-0.545000,-0.185000,0.097412,0.097412,0
18.102778,-0.575000,-0.100093,0.102295,0.102295,0
18.105556,-0.545000,-0.037279,0.106445,0.106445,0
18.108333,-0.450000,-0.015000,0.109863,0.109863,0
18.111111,-0.325000,-0.016303,0.113037,0.113037,0
18.113889,-0.195000,0.024046,0.115723,0.115723,0
18.116667,-0.045000,0.185096,0.118408,0.118408,0
18.119444,0.165000,0.498953,0.120850,0.120850,0
18.122222,0.425000,0.881418,0.122803,0.122803,0
18.125000,0.655000,1.165000,0.123779,0.123779,0
18.127778,0.810000,1.266418,0.123535,0.123535,0
18.130556,0.875000,1.208953,0.121338,0.121338,0
18.133333,0.815000,1.045096,0.117432,0.117432,0
18.136111,0.590000,0.809046,0.112305,0.112305,0
18.138889,0.220000,0.528697,0.106689,0.106689,0
18.141667,-0.150000,0.285000,0.102051,0.102051,0
18.144444,-0.380000,0.127721,0.099854,0.099854,0
18.147222,-0.470000,0.004907,0.101318,0.101318,0
18.150000,-0.465000,-0.105000,0.105957,0.105957,0
18.152778,-0.425000,-0.179907,0.113037,0.113037,0
18.155556,-0.385000,-0.172721,0.119873,0.119873,0
18.158333,-0.375000,-0.090000,0.124023,0.124023,0
18.161111,-0.395000,0.016303,0.123047,0.123047,0
18.163889,-0.385000,0.115954,0.115967,0.115967,0
18.166667,-0.375000,0.114904,0.102783,0.102783,0
18.169444,-0.355000,0.031047,0.085693,0.085693,0
18.172222,-0.370000,-0.106418,0.066406,0.066406,0
18.175000,-0.360000,-0.150000,0.047607,0.047607,0
18.177778,-0.365000,-0.101418,0.031006,0.031006,0
18.180556,-0.370000,0.016047,0.017822,0.017822,0
18.183333,-0.370000,0.119904,0.008545,0.008545,0
18.186111,-0.360000,0.140954,0.003174,0.003174,0
18.188889,-0.365000,0.046303,0.000977,0.000977,0
18.191667,-0.375000,-0.090000,0.001221,0.001221,0
18.194444,-0.380000,-0.167721,0.003174,0.003174,0
18.197222,-0.370000,-0.124907,0.005127,0.005127,0
18.200000,-0.370000,-0.010000,0.005615,0.005615,0
18.202778,-0.370000,0.104907,0.004150,0.004150,0
18.205556,-0.380000,0.127721,0.000244,0.000244,0
18.208333,-0.385000,0.050000,-0.005127,-0.005127,0
18.211111,-0.395000,-0.086303,-0.009766,-0.009766,0
18.213889,-0.390000,-0.170954,-0.011963,-0.011963,0
18.216667,-0.380000,-0.149904,-0.011230,-0.011230,0
18.219444,-0.375000,-0.041047,-0.008057,-0.008057,0
18.222222,-0.375000,0.081418,-0.003662,-0.003662,0
18.225000,-0.395000,0.115000,-0.000732,-0.000732,0
18.227778,-0.400000,0.056418,-0.000977,-0.000977,0
18.230556,-0.395000,-0.061047,-0.004883,-0.004883,0
18.233333,-0.370000,-0.139904,-0.011475,-0.011475,0
18.236111,-0.370000,-0.150954,-0.017822,-0.017822,0
18.238889,-0.370000,-0.061303,-0.021484,-0.021484,0
18.241667,-0.365000,0.070000,-0.020508,-0.020508,0
18.244444,-0.390000,0.117721,-0.015137,-0.015137,0
18.247222,-0.385000,0.089907,-0.008057,-0.008057,0
18.250000,-0.375000,-0.015000,-0.003174,-0.003174,0
18.252778,-0.360000,-0.114907,-0.005127,-0.005127,0
18.255556,-0.380000,-0.167721,-0.015625,-0.015625,0
18.258333,-0.390000,-0.105000,-0.034668,-0.034668,0
18.261111,-0.390000,0.021303,-0.059326,-0.059326,0
18.263889,-0.385000,0.115954,-0.085449,-0.085449,0
18.266667,-0.375000,0.114904,-0.109863,-0.109863,0
18.269444,-0.375000,0.011047,-0.132080,-0.132080,0
18.272222,-0.375000,-0.111418,-0.152588,-0.152588,0
18.275000,-0.380000,-0.170000,-0.172363,-0.172363,0
18.277778,-0.390000,-0.126418,-0.189209,-0.189209,0
18.280556,-0.380000,0.006047,-0.194824,-0.194824,0
18.283333,-0.365000,0.124904,-0.174561,-0.174561,0
18.286111,-0.380000,0.120954,-0.111084,-0.111084,0
18.288889,-0.380000,0.031303,0.010986,0.010986,0
18.291667,-0.385000,-0.100000,0.196289,0.196289,0
18.294444,-0.390000,-0.177721,0.433594,0.433594,0
18.297222,-0.390000,-0.144907,0.694092,0.694092,0
18.300000,-0.380000,-0.020000,0.935059,0.935059,0
18.302778,-0.380000,0.094907,1.109619,1.109619,0
18.305556,-0.385000,0.122721,1.180176,1.180176,1
18.308333,-0.395000,0.040000,1.128418,1.128418,0
18.311111,-0.400000,-0.091303,0.961670,0.961670,0
18.313889,-0.385000,-0.165954,0.713135,0.713135,0
18.316667,-0.380000,-0.149904,0.432129,0.432129,0
18.319444,-0.360000,-0.026047,0.170898,0.170898,0
18.322222,-0.370000,0.086418,-0.027832,-0.027832,0
18.325000,-0.375000,0.135000,-0.142090,-0.142090,0
18.327778,-0.370000,0.086418,-0.173584,-0.173584,0
18.330556,-0.385000,-0.051047,-0.143555,-0.143555,0
18.333333,-0.370000,-0.139904,-0.083496,-0.083496,0
18.336111,-0.365000,-0.145954,-0.025146,-0.025146,0
18.338889,-0.360000,-0.051303,0.010742,0.010742,0
18.341667,-0.365000,0.070000,0.017090,0.017090,0
18.344444,-0.375000,0.132721,0.000244,0.000244,0
18.347222,-0.380000,0.094907,-0.025635,-0.025635,0
18.350000,-0.365000,-0.005000,-0.046143,-0.046143,0
18.352778,-0.370000,-0.124907,-0.052490,-0.052490,0
18.355556,-0.360000,-0.147721,-0.043701,-0.043701,0
18.358333,-0.370000,-0.085000,-0.026123,-0.026123,0
18.361111,-0.395000,0.016303,-0.008789,-0.008789,0
18.363889,-0.385000,0.115954,0.000244,0.000244,0
18.366667,-0.385000,0.104904,-0.001953,-0.001953,0
18.369444,-0.390000,-0.003953,-0.013184,-0.013184,0
18.372222,-0.390000,-0.126418,-0.027832,-0.027832,0
18.375000,-0.390000,-0.180000,-0.039551,-0.039551,0
18.377778,-0.410000,-0.146418,-0.043945,-0.043945,0
18.380556,-0.390000,-0.003953,-0.041016,-0.041016,0
18.383333,-0.380000,0.109904,-0.033447,-0.033447,0
18.386111,-0.390000,0.110954,-0.025635,-0.025635,0
18.388889,-0.380000,0.031303,-0.021973,-0.021973,0
18.391667,-0.395000,-0.110000,-0.023682,-0.023682,0
18.394444,-0.405000,-0.192721,-0.029785,-0.029785,0
18.397222,-0.405000,-0.159907,-0.036621,-0.036621,0
18.400000,-0.395000,-0.035000,-0.041504,-0.041504,0
18.402778,-0.390000,0.084907,-0.041748,-0.041748,0
18.405556,-0.390000,0.117721,-0.037354,-0.037354,0
18.408333,-0.410000,0.025000,-0.029541,-0.029541,0
18.411111,-0.415000,-0.106303,-0.021484,-0.021484,0
18.413889,-0.390000,-0.170954,-0.015137,-0.015137,0
18.416667,-0.380000,-0.149904,-0.012451,-0.012451,0
18.419444,-0.390000,-0.056047,-0.013672,-0.013672,0
18.422222,-0.385000,0.071418,-0.017578,-0.017578,0
18.425000,-0.390000,0.120000,-0.021973,-0.021973,0
18.427778,-0.390000,0.066418,-0.025146,-0.025146,0
18.430556,-0.380000,-0.046047,-0.026611,-0.026611,0
18.433333,-0.360000,-0.129904,-0.025635,-0.025635,0
18.436111,-0.355000,-0.135954,-0.023682,-0.023682,0
18.438889,-0.345000,-0.036303,-0.021729,-0.021729,0
18.441667,-0.340000,0.095000,-0.020264,-0.020264,0
18.444444,-0.345000,0.162721,-0.019775,-0.019775,0
18.447222,-0.330000,0.144907,-0.020020,-0.020020,0
18.450000,-0.320000,0.040000,-0.020020,-0.020020,0
18.452778,-0.315000,-0.069907,-0.019775,-0.019775,0
18.455556,-0.300000,-0.087721,-0.019043,-0.019043,0
18.458333,-0.305000,-0.020000,-0.018311,-0.018311,0
18.461111,-0.320000,0.091303,-0.017822,-0.017822,0
18.463889,-0.300000,0.200954,-0.018311,-0.018311,0
18.466667,-0.275000,0.214904,-0.019531,-0.019531,0
18.469444,-0.275000,0.111047,-0.021729,-0.021729,0
18.472222,-0.275000,-0.011418,-0.023926,-0.023926,0
18.475000,-0.275000,-0.065000,-0.025879,-0.025879,0
18.477778,-0.280000,-0.016418,-0.027344,-0.027344,0
18.480556,-0.285000,0.101047,-0.027832,-0.027832,0
18.483333,-0.275000,0.214904,-0.027100,-0.027100,0
18.486111,-0.275000,0.225954,-0.025391,-0.025391,0
18.488889,-0.280000,0.131303,-0.022461,-0.022461,0
18.491667,-0.295000,-0.010000,-0.018799,-0.018799,0
18.494444,-0.305000,-0.092721,-0.014893,-0.014893,0
18.497222,-0.305000,-0.059907,-0.010986,-0.010986,0
18.500000,-0.300000,0.060000,-0.008301,-0.008301,0
18.502778,-0.290000,0.184907,-0.006592,-0.006592,0
18.505556,-0.285000,0.222721,-0.006348,-0.006348,0
18.508333,-0.295000,0.140000,-0.007080,-0.007080,0
18.511111,-0.310000,-0.001303,-0.007812,-0.007812,0
18.513889,-0.300000,-0.080954,-0.008057,-0.008057,0
18.516667,-0.300000,-0.069904,-0.007324,-0.007324,0
18.519444,-0.295000,0.038953,-0.006592,-0.006592,0
18.522222,-0.300000,0.156418,-0.005615,-0.005615,0
18.525000,-0.305000,0.205000,-0.005127,-0.005127,0
18.527778,-0.310000,0.146418,-0.005859,-0.005859,0
18.530556,-0.315000,0.018953,-0.007812,-0.007812,0
18.533333,-0.305000,-0.074904,-0.010986,-0.010986,0
18.536111,-0.310000,-0.090954,-0.015137,-0.015137,0
18.538889,-0.310000,-0.001303,-0.020020,-0.020020,0
18.541667,-0.315000,0.120000,-0.025146,-0.025146,0
18.544444,-0.320000,0.187721,-0.029297,-0.029297,0
18.547222,-0.305000,0.169907,-0.031982,-0.031982,0
18.550000,-0.290000,0.070000,-0.032959,-0.032959,0
18.552778,-0.285000,-0.039907,-0.032227,-0.032227,0
18.555556,-0.295000,-0.082721,-0.030518,-0.030518,0
18.558333,-0.300000,-0.015000,-0.028809,-0.028809,0
18.561111,-0.315000,0.096303,-0.027832,-0.027832,0
18.563889,-0.310000,0.190954,-0.028564,-0.028564,0
18.566667,-0.315000,0.174904,-0.030518,-0.030518,0
18.569444,-0.320000,0.066047,-0.033691,-0.033691,0
18.572222,-0.320000,-0.056418,-0.036865,-0.036865,0
18.575000,-0.330000,-0.120000,-0.039551,-0.039551,0
18.577778,-0.340000,-0.076418,-0.041016,-0.041016,0
18.580556,-0.320000,0.066047,-0.041260,-0.041260,0
18.583333,-0.310000,0.179904,-0.040527,-0.040527,0
18.586111,-0.320000,0.180954,-0.039062,-0.039062,0
18.588889,-0.320000,0.091303,-0.037354,-0.037354,0
18.591667,-0.330000,-0.045000,-0.035645,-0.035645,0
18.594444,-0.345000,-0.132721,-0.033691,-0.033691,0
18.597222,-0.340000,-0.094907,-0.031738,-0.031738,0
18.600000,-0.330000,0.030000,-0.029297,-0.029297,0
18.602778,-0.330000,0.144907,-0.025879,-0.025879,0
18.605556,-0.320000,0.187721,-0.021240,-0.021240,0
18.608333,-0.330000,0.105000,-0.014893,-0.014893,0
18.611111,-0.325000,-0.016303,-0.007080,-0.007080,0
18.613889,-0.325000,-0.105954,0.001953,0.001953,0
18.616667,-0.320000,-0.089904,0.010986,0.010986,0
18.619444,-0.315000,0.018953,0.019287,0.019287,0
18.622222,-0.320000,0.136418,0.026367,0.026367,0
18.625000,-0.330000,0.180000,0.031738,0.031738,0
18.627778,-0.345000,0.111418,0.036133,0.036133,0
18.630556,-0.320000,0.013953,0.040283,0.040283,0
18.633333,-0.315000,-0.084904,0.044922,0.044922,0
18.636111,-0.315000,-0.095954,0.050537,0.050537,0
18.638889,-0.320000,-0.011303,0.056885,0.056885,0
18.641667,-0.325000,0.110000,0.063721,0.063721,0
18.644444,-0.335000,0.172721,0.070312,0.070312,0
18.647222,-0.340000,0.134907,0.075684,0.075684,0
18.650000,-0.330000,0.030000,0.079346,0.079346,0
18.652778,-0.325000,-0.079907,0.080566,0.080566,0
18.655556,-0.315000,-0.102721,0.079590,0.079590,0
18.658333,-0.335000,-0.050000,0.076172,0.076172,0
18.661111,-0.345000,0.066303,0.071533,0.071533,0
18.663889,-0.340000,0.160954,0.066406,0.066406,0
18.666667,-0.325000,0.164904,0.061523,0.061523,0
18.669444,-0.320000,0.066047,0.057861,0.057861,0
18.672222,-0.330000,-0.066418,0.055908,0.055908,0
18.675000,-0.345000,-0.135000,0.055176,0.055176,0
18.677778,-0.340000,-0.076418,0.055176,0.055176,0
18.680556,-0.330000,0.056047,0.055420,0.055420,0
18.683333,-0.340000,0.149904,0.055176,0.055176,0
18.686111,-0.325000,0.175954,0.054443,0.054443,0
18.688889,-0.315000,0.096303,0.053467,0.053467,0
18.691667,-0.310000,-0.025000,0.052490,0.052490,0
18.694444,-0.325000,-0.112721,0.051514,0.051514,0
18.697222,-0.315000,-0.069907,0.050537,0.050537,0
18.700000,-0.330000,0.030000,0.049072,0.049072,0
18.702778,-0.315000,0.159907,0.046875,0.046875,0
18.705556,-0.320000,0.187721,0.043701,0.043701,0
18.708333,-0.325000,0.110000,0.040283,0.040283,0
18.711111,-0.330000,-0.021303,0.037598,0.037598,0
18.713889,-0.330000,-0.110954,0.036377,0.036377,0
18.716667,-0.315000,-0.084904,0.037842,0.037842,0
18.719444,-0.310000,0.023953,0.041260,0.041260,0
18.722222,-0.305000,0.151418,0.046143,0.046143,0
18.725000,-0.310000,0.200000,0.051514,0.051514,0
18.727778,-0.310000,0.146418,0.055420,0.055420,0
18.730556,-0.300000,0.033953,0.056885,0.056885,0
18.733333,-0.285000,-0.054904,0.055176,0.055176,0
18.736111,-0.275000,-0.055954,0.050293,0.050293,0
18.738889,-0.270000,0.038697,0.043213,0.043213,0
18.741667,-0.270000,0.165000,0.035400,0.035400,0
18.744444,-0.280000,0.227721,0.028809,0.028809,0
18.747222,-0.265000,0.209907,0.024902,0.024902,0
18.750000,-0.255000,0.105000,0.023926,0.023926,0
18.752778,-0.250000,-0.004907,0.025635,0.025635,0
18.755556,-0.245000,-0.032721,0.028320,0.028320,0
18.758333,-0.250000,0.035000,0.030518,0.030518,0
18.761111,-0.245000,0.166303,0.030273,0.030273,0
18.763889,-0.225000,0.275954,0.027832,0.027832,0
18.766667,-0.215000,0.274904,0.023438,0.023438,0
18.769444,-0.220000,0.166047,0.018799,0.018799,0
18.772222,-0.220000,0.043582,0.015625,0.015625,0
18.775000,-0.230000,-0.020000,0.014648,0.014648,0
18.777778,-0.235000,0.028582,0.016602,0.016602,0
18.780556,-0.240000,0.146047,0.020264,0.020264,0
18.783333,-0.240000,0.249904,0.024658,0.024658,0
18.786111,-0.230000,0.270954,0.028076,0.028076,0
18.788889,-0.225000,0.186303,0.029785,0.029785,0
18.791667,-0.240000,0.045000,0.029541,0.029541,0
18.794444,-0.270000,-0.057721,0.027832,0.027832,0
18.797222,-0.250000,-0.004907,0.026123,0.026123,0
18.800000,-0.255000,0.105000,0.024658,0.024658,0
18.802778,-0.235000,0.239907,0.024414,0.024414,0
18.805556,-0.225000,0.282721,0.025146,0.025146,0
18.808333,-0.215000,0.220000,0.026611,0.026611,0
18.811111,-0.240000,0.068697,0.027832,0.027832,0
18.813889,-0.260000,-0.040954,0.028320,0.028320,0
18.816667,-0.275000,-0.044904,0.027344,0.027344,0
18.819444,-0.285000,0.048953,0.024902,0.024902,0
18.822222,-0.315000,0.141418,0.021973,0.021973,0
18.825000,-0.320000,0.190000,0.019043,0.019043,0
18.827778,-0.345000,0.111418,0.017090,0.017090,0
18.830556,-0.350000,-0.016047,0.016846,0.016846,0
18.833333,-0.350000,-0.119904,0.017822,0.017822,0
18.836111,-0.360000,-0.140954,0.019287,0.019287,0
18.838889,-0.365000,-0.056303,0.020264,0.020264,0
18.841667,-0.355000,0.080000,0.019775,0.019775,0
18.844444,-0.360000,0.147721,0.017822,0.017822,0
18.847222,-0.360000,0.114907,0.015137,0.015137,0
18.850000,-0.360000,-0.000000,0.012695,0.012695,0
18.852778,-0.350000,-0.104907,0.011963,0.011963,0
18.855556,-0.345000,-0.132721,0.013428,0.013428,0
18.858333,-0.355000,-0.070000,0.016602,0.016602,0
18.861111,-0.375000,0.036303,0.020996,0.020996,0
18.863889,-0.365000,0.135954,0.025391,0.025391,0
18.866667,-0.350000,0.139904,0.028809,0.028809,0
18.869444,-0.345000,0.041047,0.030762,0.030762,0
18.872222,-0.340000,-0.076418,0.031006,0.031006,0
18.875000,-0.335000,-0.125000,0.029785,0.029785,0
18.877778,-0.355000,-0.091418,0.027588,0.027588,0
18.880556,-0.365000,0.021047,0.025391,0.025391,0
18.883333,-0.350000,0.139904,0.023682,0.023682,0
18.886111,-0.345000,0.155954,0.022705,0.022705,0
18.888889,-0.345000,0.066303,0.023193,0.023193,0
18.891667,-0.355000,-0.070000,0.025146,0.025146,0
18.894444,-0.370000,-0.157721,0.028564,0.028564,0
18.897222,-0.370000,-0.124907,0.032959,0.032959,0
18.900000,-0.365000,-0.005000,0.038330,0.038330,0
18.902778,-0.360000,0.114907,0.044189,0.044189,0
18.905556,-0.385000,0.122721,0.050293,0.050293,0
18.908333,-0.415000,0.020000,0.056396,0.056396,0
18.911111,-0.455000,-0.146303,0.062012,0.062012,0
18.913889,-0.465000,-0.245954,0.067627,0.067627,0
18.916667,-0.460000,-0.229904,0.072754,0.072754,0
18.919444,-0.475000,-0.141047,0.077148,0.077148,0
18.922222,-0.495000,-0.038582,0.081543,0.081543,0
18.925000,-0.555000,-0.045000,0.085693,0.085693,0
18.927778,-0.585000,-0.128582,0.090576,0.090576,0
18.930556,-0.550000,-0.216047,0.095947,0.095947,0
18.933333,-0.460000,-0.229904,0.102295,0.102295,0
18.936111,-0.345000,-0.125954,0.108887,0.108887,0
18.938889,-0.205000,0.103697,0.114746,0.114746,0
18.941667,-0.040000,0.395000,0.119629,0.119629,0
18.944444,0.190000,0.697721,0.122559,0.122559,0
18.947222,0.455000,0.929907,0.123779,0.123779,0
18.950000,0.680000,1.040000,0.123047,0.123047,0
18.952778,0.840000,1.085093,0.120850,0.120850,0
18.955556,0.880000,1.092279,0.117188,0.117188,0
18.958333,0.725000,1.010000,0.112305,0.112305,0
18.961111,0.400000,0.811303,0.106934,0.106934,0
18.963889,0.000000,0.500954,0.102051,0.102051,0
18.966667,-0.280000,0.209904,0.098389,0.098389,0
18.969444,-0.435000,-0.048953,0.097168,0.097168,0
18.972222,-0.510000,-0.246418,0.098877,0.098877,0
18.975000,-0.485000,-0.275000,0.102539,0.102539,0
18.977778,-0.460000,-0.196418,0.107178,0.107178,0
18.980556,-0.430000,-0.043953,0.111084,0.111084,0
18.983333,-0.405000,0.084904,0.112305,0.112305,0
18.986111,-0.410000,0.090954,0.109131,0.109131,0
18.988889,-0.410000,0.001303,0.100342,0.100342,0
18.991667,-0.415000,-0.130000,0.086670,0.086670,0
18.994444,-0.405000,-0.192721,0.069092,0.069092,0
18.997222,-0.415000,-0.169907,0.049072,0.049072,0
19.000000,-0.395000,-0.035000,0.029053,0.029053,0
19.002778,-0.390000,0.084907,0.010986,0.010986,0
19.005556,-0.395000,0.112721,-0.002930,-0.002930,0
19.008333,-0.405000,0.030000,-0.011963,-0.011963,0
19.011111,-0.410000,-0.101303,-0.015869,-0.015869,0
19.013889,-0.410000,-0.190954,-0.015137,-0.015137,0
19.016667,-0.395000,-0.164904,-0.011719,-0.011719,0
19.019444,-0.390000,-0.056047,-0.007812,-0.007812,0
19.022222,-0.400000,0.056418,-0.005859,-0.005859,0
19.025000,-0.400000,0.110000,-0.006836,-0.006836,0
19.027778,-0.395000,0.061418,-0.010254,-0.010254,0
19.030556,-0.400000,-0.066047,-0.014893,-0.014893,0
19.033333,-0.385000,-0.154904,-0.018311,-0.018311,0
19.036111,-0.385000,-0.165954,-0.018799,-0.018799,0
19.038889,-0.395000,-0.086303,-0.015625,-0.015625,0
19.041667,-0.410000,0.025000,-0.009277,-0.009277,0
19.044444,-0.420000,0.087721,-0.001953,-0.001953,0
19.047222,-0.410000,0.064907,0.003418,0.003418,0
19.050000,-0.400000,-0.040000,0.004883,0.004883,0
19.052778,-0.390000,-0.144907,0.001465,0.001465,0
19.055556,-0.410000,-0.197721,-0.005371,-0.005371,0
19.058333,-0.415000,-0.130000,-0.012695,-0.012695,0
19.061111,-0.425000,-0.013697,-0.017578,-0.017578,0
19.063889,-0.425000,0.075954,-0.017334,-0.017334,0
19.066667,-0.405000,0.084904,-0.012695,-0.012695,0
19.069444,-0.400000,-0.013953,-0.006348,-0.006348,0
19.072222,-0.425000,-0.161418,-0.002930,-0.002930,0
19.075000,-0.415000,-0.205000,-0.007324,-0.007324,0
19.077778,-0.415000,-0.151418,-0.021729,-0.021729,0
19.080556,-0.410000,-0.023953,-0.044189,-0.044189,0
19.083333,-0.405000,0.084904,-0.070312,-0.070312,0
19.086111,-0.400000,0.100954,-0.093994,-0.093994,0
19.088889,-0.410000,0.001303,-0.111328,-0.111328,0
19.091667,-0.405000,-0.120000,-0.122070,-0.122070,0
19.094444,-0.415000,-0.202721,-0.130615,-0.130615,0
19.097222,-0.410000,-0.164907,-0.142822,-0.142822,0
19.100000,-0.400000,-0.040000,-0.162598,-0.162598,0
19.102778,-0.395000,0.079907,-0.187012,-0.187012,0
19.105556,-0.400000,0.107721,-0.203613,-0.203613,0
19.108333,-0.405000,0.030000,-0.191406,-0.191406,0
19.111111,-0.405000,-0.096303,-0.126953,-0.126953,0
19.113889,-0.415000,-0.195954,0.006348,0.006348,0
19.116667,-0.405000,-0.174904,0.210449,0.210449,0
19.119444,-0.400000,-0.066047,0.467285,0.467285,0
19.122222,-0.405000,0.051418,0.738525,0.738525,0
19.125000,-0.410000,0.100000,0.974609,0.974609,0
19.127778,-0.420000,0.036418,1.125977,1.125977,0
19.130556,-0.415000,-0.081047,1.157959,1.157959,1
19.133333,-0.400000,-0.169904,1.061035,1.061035,0
19.136111,-0.395000,-0.175954,0.854248,0.854248,0
19.138889,-0.400000,-0.091303,0.580322,0.580322,0
19.141667,-0.415000,0.020000,0.294922,0.294922,0
19.144444,-0.420000,0.087721,0.050293,0.050293,0
19.147222,-0.410000,0.064907,-0.117188,-0.117188,0
19.150000,-0.400000,-0.040000,-0.195557,-0.195557,0
19.152778,-0.395000,-0.149907,-0.196045,-0.196045,0
19.155556,-0.400000,-0.187721,-0.147949,-0.147949,0
19.158333,-0.415000,-0.130000,-0.084961,-0.084961,0
19.161111,-0.410000,0.001303,-0.035400,-0.035400,0
19.163889,-0.415000,0.085954,-0.013916,-0.013916,0
19.166667,-0.415000,0.074904,-0.020508,-0.020508,0
19.169444,-0.405000,-0.018953,-0.043701,-0.043701,0
19.172222,-0.410000,-0.146418,-0.068359,-0.068359,0
19.175000,-0.420000,-0.210000,-0.082031,-0.082031,0
19.177778,-0.440000,-0.176418,-0.080078,-0.080078,0
19.180556,-0.430000,-0.043953,-0.065430,-0.065430,0
19.183333,-0.430000,0.059904,-0.046631,-0.046631,0
19.186111,-0.425000,0.075954,-0.032227,-0.032227,0
19.188889,-0.435000,-0.023697,-0.027832,-0.027832,0
19.191667,-0.435000,-0.150000,-0.032959,-0.032959,0
19.194444,-0.440000,-0.227721,-0.043701,-0.043701,0
19.197222,-0.450000,-0.204907,-0.053223,-0.053223,0
19.200000,-0.450000,-0.090000,-0.057373,-0.057373,0
19.202778,-0.450000,0.024907,-0.053711,-0.053711,0
19.205556,-0.465000,0.042721,-0.044922,-0.044922,0
19.208333,-0.470000,-0.035000,-0.035400,-0.035400,0
19.211111,-0.485000,-0.176303,-0.029053,-0.029053,0
19.213889,-0.465000,-0.245954,-0.028809,-0.028809,0
19.216667,-0.455000,-0.224904,-0.034424,-0.034424,0
19.219444,-0.450000,-0.116047,-0.042969,-0.042969,0
19.222222,-0.450000,0.006418,-0.051270,-0.051270,0
19.225000,-0.470000,0.040000,-0.056152,-0.056152,0
19.227778,-0.485000,-0.028582,-0.056641,-0.056641,0
19.230556,-0.460000,-0.126047,-0.053711,-0.053711,0
19.233333,-0.445000,-0.214904,-0.049072,-0.049072,0
19.236111,-0.435000,-0.215954,-0.046143,-0.046143,0
19.238889,-0.425000,-0.116303,-0.045654,-0.045654,0
19.241667,-0.430000,0.005000,-0.048096,-0.048096,0
19.244444,-0.430000,0.077721,-0.051758,-0.051758,0
19.247222,-0.415000,0.059907,-0.054688,-0.054688,0
19.250000,-0.385000,-0.025000,-0.055176,-0.055176,0
19.252778,-0.365000,-0.119907,-0.052734,-0.052734,0
19.255556,-0.375000,-0.162721,-0.048584,-0.048584,0
19.258333,-0.360000,-0.075000,-0.043945,-0.043945,0
19.261111,-0.360000,0.051303,-0.040527,-0.040527,0
19.263889,-0.350000,0.150954,-0.039307,-0.039307,0
19.266667,-0.335000,0.154904,-0.039551,-0.039551,0
19.269444,-0.335000,0.051047,-0.040771,-0.040771,0
19.272222,-0.325000,-0.061418,-0.041016,-0.041016,0
19.275000,-0.335000,-0.125000,-0.040283,-0.040283,0
19.277778,-0.335000,-0.071418,-0.038330,-0.038330,0
19.280556,-0.335000,0.051047,-0.036133,-0.036133,0
19.283333,-0.310000,0.179904,-0.034424,-0.034424,0
19.286111,-0.310000,0.190954,-0.034180,-0.034180,0
19.288889,-0.315000,0.096303,-0.035400,-0.035400,0
19.291667,-0.315000,-0.030000,-0.037842,-0.037842,0
19.294444,-0.320000,-0.107721,-0.040039,-0.040039,0
19.297222,-0.315000,-0.069907,-0.041748,-0.041748,0
19.300000,-0.295000,0.065000,-0.042236,-0.042236,0
19.302778,-0.295000,0.179907,-0.041504,-0.041504,0
19.305556,-0.300000,0.207721,-0.040039,-0.040039,0
19.308333,-0.305000,0.130000,-0.038086,-0.038086,0
19.311111,-0.330000,-0.021303,-0.036621,-0.036621,0
19.313889,-0.325000,-0.105954,-0.035645,-0.035645,0
19.316667,-0.315000,-0.084904,-0.035400,-0.035400,0
19.319444,-0.325000,0.008953,-0.035645,-0.035645,0
19.322222,-0.320000,0.136418,-0.036377,-0.036377,0
19.325000,-0.330000,0.180000,-0.036621,-0.036621,0
19.327778,-0.335000,0.121418,-0.036621,-0.036621,0
19.330556,-0.335000,-0.001047,-0.036133,-0.036133,0
19.333333,-0.330000,-0.099904,-0.035645,-0.035645,0
19.336111,-0.305000,-0.085954,-0.035400,-0.035400,0
19.338889,-0.325000,-0.016303,-0.036377,-0.036377,0
19.341667,-0.325000,0.110000,-0.038818,-0.038818,0
19.344444,-0.325000,0.182721,-0.042969,-0.042969,0
19.347222,-0.325000,0.149907,-0.047607,-0.047607,0
19.350000,-0.310000,0.050000,-0.052246,-0.052246,0
19.352778,-0.305000,-0.059907,-0.055664,-0.055664,0
19.355556,-0.315000,-0.102721,-0.058105,-0.058105,0
19.358333,-0.325000,-0.040000,-0.059570,-0.059570,0
19.361111,-0.330000,0.081303,-0.060303,-0.060303,0
19.363889,-0.325000,0.175954,-0.062012,-0.062012,0
19.366667,-0.325000,0.164904,-0.064697,-0.064697,0
19.369444,-0.340000,0.046047,-0.069092,-0.069092,0
19.372222,-0.340000,-0.076418,-0.074707,-0.074707,0
19.375000,-0.340000,-0.130000,-0.081299,-0.081299,0
19.377778,-0.345000,-0.081418,-0.087646,-0.087646,0
19.380556,-0.340000,0.046047,-0.093018,-0.093018,0
19.383333,-0.325000,0.164904,-0.096924,-0.096924,0
19.386111,-0.330000,0.170954,-0.098877,-0.098877,0
19.388889,-0.320000,0.091303,-0.099121,-0.099121,0
19.391667,-0.325000,-0.040000,-0.098145,-0.098145,0
19.394444,-0.340000,-0.127721,-0.096680,-0.096680,0
19.397222,-0.340000,-0.094907,-0.095215,-0.095215,0
19.400000,-0.335000,0.025000,-0.093994,-0.093994,0
19.402778,-0.340000,0.134907,-0.093262,-0.093262,0
19.405556,-0.350000,0.157721,-0.092041,-0.092041,0
19.408333,-0.355000,0.080000,-0.089355,-0.089355,0
19.411111,-0.360000,-0.051303,-0.084717,-0.084717,0
19.413889,-0.350000,-0.130954,-0.077148,-0.077148,0
19.416667,-0.345000,-0.114904,-0.067383,-0.067383,0
19.419444,-0.345000,-0.011047,-0.056152,-0.056152,0
19.422222,-0.360000,0.096418,-0.044189,-0.044189,0
19.425000,-0.355000,0.155000,-0.032471,-0.032471,0
19.427778,-0.370000,0.086418,-0.021484,-0.021484,0
19.430556,-0.365000,-0.031047,-0.011475,-0.011475,0
19.433333,-0.350000,-0.119904,-0.002197,-0.002197,0
19.436111,-0.360000,-0.140954,0.005859,0.005859,0
19.438889,-0.350000,-0.041303,0.013184,0.013184,0
19.441667,-0.360000,0.075000,0.019287,0.019287,0
19.444444,-0.370000,0.137721,0.023926,0.023926,0
19.447222,-0.360000,0.114907,0.027832,0.027832,0
19.450000,-0.355000,0.005000,0.030762,0.030762,0
19.452778,-0.345000,-0.099907,0.033203,0.033203,0
19.455556,-0.345000,-0.132721,0.035156,0.035156,0
19.458333,-0.350000,-0.065000,0.037354,0.037354,0
19.461111,-0.350000,0.061303,0.039795,0.039795,0
19.463889,-0.345000,0.155954,0.042480,0.042480,0
19.466667,-0.335000,0.154904,0.045654,0.045654,0
19.469444,-0.330000,0.056047,0.049316,0.049316,0
19.472222,-0.340000,-0.076418,0.052490,0.052490,0
19.475000,-0.345000,-0.135000,0.055176,0.055176,0
19.477778,-0.350000,-0.086418,0.056152,0.056152,0
19.480556,-0.345000,0.041047,0.055420,0.055420,0
19.483333,-0.345000,0.144904,0.052490,0.052490,0
19.486111,-0.340000,0.160954,0.047852,0.047852,0
19.488889,-0.340000,0.071303,0.042236,0.042236,0
19.491667,-0.345000,-0.060000,0.036865,0.036865,0
19.494444,-0.360000,-0.147721,0.032715,0.032715,0
19.497222,-0.350000,-0.104907,0.030029,0.030029,0
19.500000,-0.345000,0.015000,0.029053,0.029053,0
19.502778,-0.335000,0.139907,0.028809,0.028809,0
19.505556,-0.345000,0.162721,0.029541,0.029541,0
19.508333,-0.345000,0.090000,0.030518,0.030518,0
19.511111,-0.355000,-0.046303,0.031494,0.031494,0
19.513889,-0.345000,-0.125954,0.032959,0.032959,0
19.516667,-0.335000,-0.104904,0.034424,0.034424,0
19.519444,-0.325000,0.008953,0.036133,0.036133,0
19.522222,-0.320000,0.136418,0.038086,0.038086,0
19.525000,-0.305000,0.205000,0.039551,0.039551,0
19.527778,-0.305000,0.151418,0.040771,0.040771,0
19.530556,-0.300000,0.033953,0.040771,0.040771,0
19.533333,-0.285000,-0.054904,0.039551,0.039551,0
19.536111,-0.280000,-0.060954,0.036377,0.036377,0
19.538889,-0.265000,0.043697,0.031494,0.031494,0
19.541667,-0.275000,0.160000,0.025879,0.025879,0
19.544444,-0.270000,0.237721,0.020020,0.020020,0
19.547222,-0.245000,0.229907,0.015625,0.015625,0
19.550000,-0.240000,0.120000,0.013672,0.013672,0
19.552778,-0.230000,0.015093,0.014648,0.014648,0
19.555556,-0.235000,-0.022721,0.018066,0.018066,0
19.558333,-0.230000,0.055000,0.022461,0.022461,0
19.561111,-0.245000,0.166303,0.026611,0.026611,0
19.563889,-0.245000,0.255954,0.028809,0.028809,0
19.566667,-0.240000,0.249904,0.028564,0.028564,0
19.569444,-0.250000,0.136047,0.025879,0.025879,0
19.572222,-0.255000,0.008582,0.021240,0.021240,0
19.575000,-0.255000,-0.045000,0.016113,0.016113,0
19.577778,-0.270000,-0.006418,0.011230,0.011230,0
19.580556,-0.265000,0.121047,0.007568,0.007568,0
19.583333,-0.265000,0.224904,0.004883,0.004883,0
19.586111,-0.265000,0.235954,0.003418,0.003418,0
19.588889,-0.255000,0.156303,0.002686,0.002686,0
19.591667,-0.250000,0.035000,0.002441,0.002441,0
19.594444,-0.235000,-0.022721,0.001709,0.001709,0
19.597222,-0.230000,0.015093,0.000488,0.000488,0
19.600000,-0.250000,0.110000,-0.001221,-0.001221,0
19.602778,-0.260000,0.214907,-0.003174,-0.003174,0
19.605556,-0.280000,0.227721,-0.004883,-0.004883,0
19.608333,-0.305000,0.130000,-0.006348,-0.006348,0
19.611111,-0.340000,-0.031303,-0.006836,-0.006836,0
19.613889,-0.330000,-0.110954,-0.006592,-0.006592,0
19.616667,-0.335000,-0.104904,-0.005615,-0.005615,0
19.619444,-0.330000,0.003953,-0.004395,-0.004395,0
19.622222,-0.345000,0.111418,-0.003418,-0.003418,0
19.625000,-0.350000,0.160000,-0.002197,-0.002197,0
19.627778,-0.360000,0.096418,-0.000732,-0.000732,0
19.630556,-0.360000,-0.026047,0.001221,0.001221,0
19.633333,-0.360000,-0.129904,0.004150,0.004150,0
19.636111,-0.365000,-0.145954,0.007812,0.007812,0
19.638889,-0.365000,-0.056303,0.010986,0.010986,0
19.641667,-0.355000,0.080000,0.013428,0.013428,0
19.644444,-0.365000,0.142721,0.014404,0.014404,0
19.647222,-0.360000,0.114907,0.014160,0.014160,0
19.650000,-0.360000,0.000000,0.012451,0.012451,0
19.652778,-0.360000,-0.114907,0.010254,0.010254,0
19.655556,-0.355000,-0.142721,0.008057,0.008057,0
19.658333,-0.375000,-0.090000,0.006592,0.006592,0
19.661111,-0.375000,0.036303,0.005615,0.005615,0
19.663889,-0.365000,0.135954,0.005615,0.005615,0
19.666667,-0.360000,0.129904,0.006104,0.006104,0
19.669444,-0.370000,0.016047,0.006348,0.006348,0
19.672222,-0.360000,-0.096418,0.006348,0.006348,0
19.675000,-0.380000,-0.170000,0.005859,0.005859,0
19.677778,-0.390000,-0.126418,0.004883,0.004883,0
19.680556,-0.385000,0.001047,0.003662,0.003662,0
19.683333,-0.385000,0.104904,0.003174,0.003174,0
19.686111,-0.365000,0.135954,0.004150,0.004150,0
19.688889,-0.375000,0.036303,0.007080,0.007080,0
19.691667,-0.375000,-0.090000,0.012451,0.012451,0
19.694444,-0.400000,-0.187721,0.019287,0.019287,0
19.697222,-0.395000,-0.149907,0.027588,0.027588,0
19.700000,-0.430000,-0.070000,0.035889,0.035889,0
19.702778,-0.460000,0.014907,0.043945,0.043945,0
19.705556,-0.480000,0.027721,0.051270,0.051270,0
19.708333,-0.510000,-0.075000,0.058350,0.058350,0
19.711111,-0.570000,-0.261303,0.065430,0.065430,0
19.713889,-0.585000,-0.365954,0.073242,0.073242,0
19.716667,-0.515000,-0.284904,0.081299,0.081299,0
19.719444,-0.385000,-0.051047,0.089355,0.089355,0
19.722222,-0.240000,0.216418,0.097168,0.097168,0
19.725000,-0.085000,0.425000,0.103516,0.103516,0
19.727778,0.125000,0.581418,0.108887,0.108887,0
19.730556,0.405000,0.738953,0.112549,0.112549,0
19.733333,0.675000,0.905096,0.114990,0.114990,0
19.736111,0.865000,1.084046,0.115234,0.115234,0
19.738889,0.935000,1.243697,0.113281,0.113281,0
19.741667,0.840000,1.275000,0.108887,0.108887,0
19.744444,0.555000,1.062721,0.102295,0.102295,0
19.747222,0.140000,0.614907,0.094727,0.094727,0
19.750000,-0.200000,0.160000,0.087158,0.087158,0
19.752778,-0.405000,-0.159907,0.081787,0.081787,0
19.755556,-0.485000,-0.272721,0.079590,0.079590,0
19.758333,-0.485000,-0.200000,0.081299,0.081299,0
19.761111,-0.450000,-0.038697,0.086670,0.086670,0
19.763889,-0.385000,0.115954,0.093994,0.093994,0
19.766667,-0.385000,0.104904,0.101562,0.101562,0
19.769444,-0.385000,0.001047,0.106445,0.106445,0
19.772222,-0.390000,-0.126418,0.106934,0.106934,0
19.775000,-0.385000,-0.175000,0.101562,0.101562,0
19.777778,-0.395000,-0.131418,0.090576,0.090576,0
19.780556,-0.390000,-0.003953,0.074707,0.074707,0
19.783333,-0.385000,0.104904,0.056396,0.056396,0
19.786111,-0.385000,0.115954,0.037842,0.037842,0
19.788889,-0.390000,0.021303,0.021973,0.021973,0
19.791667,-0.395000,-0.110000,0.009766,0.009766,0
19.794444,-0.390000,-0.177721,0.001953,0.001953,0
19.797222,-0.390000,-0.144907,-0.001953,-0.001953,0
19.800000,-0.395000,-0.035000,-0.003418,-0.003418,0
19.802778,-0.380000,0.094907,-0.003906,-0.003906,0
19.805556,-0.385000,0.122721,-0.005371,-0.005371,0
19.808333,-0.390000,0.045000,-0.008057,-0.008057,0
19.811111,-0.405000,-0.096303,-0.012207,-0.012207,0
19.813889,-0.400000,-0.180954,-0.016846,-0.016846,0
19.816667,-0.395000,-0.164904,-0.020996,-0.020996,0
19.819444,-0.390000,-0.056047,-0.022949,-0.022949,0
19.822222,-0.390000,0.066418,-0.022217,-0.022217,0
19.825000,-0.390000,0.120000,-0.019043,-0.019043,0
19.827778,-0.405000,0.051418,-0.014648,-0.014648,0
19.830556,-0.375000,-0.041047,-0.011230,-0.011230,0
19.833333,-0.390000,-0.159904,-0.010498,-0.010498,0
19.836111,-0.380000,-0.160954,-0.013672,-0.013672,0
19.838889,-0.390000,-0.081303,-0.020508,-0.020508,0
19.841667,-0.385000,0.050000,-0.028809,-0.028809,0
19.844444,-0.390000,0.117721,-0.036133,-0.036133,0
19.847222,-0.385000,0.089907,-0.039307,-0.039307,0
19.850000,-0.370000,-0.010000,-0.037598,-0.037598,0
19.852778,-0.365000,-0.119907,-0.031738,-0.031738,0
19.855556,-0.365000,-0.152721,-0.025146,-0.025146,0
19.858333,-0.380000,-0.095000,-0.021973,-0.021973,0
19.861111,-0.390000,0.021303,-0.024414,-0.024414,0
19.863889,-0.390000,0.110954,-0.033203,-0.033203,0
19.866667,-0.385000,0.104904,-0.045898,-0.045898,0
19.869444,-0.375000,0.011047,-0.058838,-0.058838,0
19.872222,-0.380000,-0.116418,-0.069824,-0.069824,0
19.875000,-0.390000,-0.180000,-0.079346,-0.079346,0
19.877778,-0.390000,-0.126418,-0.091309,-0.091309,0
19.880556,-0.395000,-0.008953,-0.110840,-0.110840,0
19.883333,-0.375000,0.114904,-0.141113,-0.141113,0
19.886111,-0.385000,0.115954,-0.178711,-0.178711,0
19.888889,-0.385000,0.026303,-0.210693,-0.210693,0
19.891667,-0.400000,-0.115000,-0.215576,-0.215576,0
19.894444,-0.390000,-0.177721,-0.168945,-0.168945,0
19.897222,-0.385000,-0.139907,-0.050781,-0.050781,0
19.900000,-0.385000,-0.025000,0.144287,0.144287,0
19.902778,-0.375000,0.099907,0.402588,0.402588,0
19.905556,-0.380000,0.127721,0.688477,0.688477,0
19.908333,-0.395000,0.040000,0.952393,0.952393,0
19.911111,-0.405000,-0.096303,1.141357,1.141357,0
19.913889,-0.385000,-0.165954,1.213379,1.213379,1
19.916667,-0.380000,-0.149904,1.150635,1.150635,0
19.919444,-0.375000,-0.041047,0.964355,0.964355,0
19.922222,-0.380000,0.076418,0.693848,0.693848,0
19.925000,-0.380000,0.130000,0.395020,0.395020,0
19.927778,-0.390000,0.066418,0.125244,0.125244,0
19.930556,-0.390000,-0.056047,-0.071045,-0.071045,0
19.933333,-0.380000,-0.149904,-0.174072,-0.174072,0
19.936111,-0.355000,-0.135954,-0.190186,-0.190186,0
19.938889,-0.355000,-0.046303,-0.145752,-0.145752,0
19.941667,-0.370000,0.065000,-0.077393,-0.077393,0
19.944444,-0.385000,0.122721,-0.018311,-0.018311,0
19.947222,-0.375000,0.099907,0.011963,0.011963,0
19.950000,-0.385000,-0.025000,0.008789,0.008789,0
19.952778,-0.375000,-0.129907,-0.017334,-0.017334,0
19.955556,-0.390000,-0.177721,-0.050049,-0.050049,0
19.958333,-0.390000,-0.105000,-0.073242,-0.073242,0
19.961111,-0.400000,0.011303,-0.078613,-0.078613,0
19.963889,-0.400000,0.100954,-0.066895,-0.066895,0
19.966667,-0.385000,0.104904,-0.045898,-0.045898,0
19.969444,-0.390000,-0.003953,-0.025879,-0.025879,0
19.972222,-0.390000,-0.126418,-0.015381,-0.015381,0
19.975000,-0.405000,-0.195000,-0.017578,-0.017578,0
19.977778,-0.415000,-0.151418,-0.029785,-0.029785,0
19.980556,-0.405000,-0.018953,-0.045410,-0.045410,0
19.983333,-0.405000,0.084904,-0.057373,-0.057373,0
19.986111,-0.405000,0.095954,-0.061279,-0.061279,0
19.988889,-0.410000,0.001303,-0.056152,-0.056152,0
19.991667,-0.425000,-0.140000,-0.045898,-0.045898,0
19.994444,-0.430000,-0.217721,-0.034912,-0.034912,0
19.997222,-0.420000,-0.174907,-0.027832,-0.027832,0
20.000000,-0.405000,-0.045000,-0.027100,-0.027100,0
20.002778,-0.410000,0.064907,-0.031250,-0.031250,0
20.005556,-0.410000,0.097721,-0.037598,-0.037598,0
20.008333,-0.410000,0.025000,-0.042236,-0.042236,0
20.011111,-0.410000,-0.101303,-0.042480,-0.042480,0
20.013889,-0.400000,-0.180954,-0.037842,-0.037842,0
20.016667,-0.385000,-0.154904,-0.030029,-0.030029,0
20.019444,-0.370000,-0.036047,-0.021729,-0.021729,0
20.022222,-0.375000,0.081418,-0.015869,-0.015869,0
20.025000,-0.360000,0.150000,-0.013428,-0.013428,0
20.027778,-0.365000,0.091418,-0.014648,-0.014648,0
20.030556,-0.355000,-0.021047,-0.017822,-0.017822,0
20.033333,-0.335000,-0.104904,-0.021240,-0.021240,0
20.036111,-0.315000,-0.095954,-0.023438,-0.023438,0
20.038889,-0.315000,-0.006303,-0.024414,-0.024414,0
20.041667,-0.310000,0.125000,-0.024414,-0.024414,0
20.044444,-0.315000,0.192721,-0.023926,-0.023926,0
20.047222,-0.295000,0.179907,-0.023926,-0.023926,0
20.050000,-0.290000,0.070000,-0.024414,-0.024414,0
20.052778,-0.270000,-0.024907,-0.025391,-0.025391,0
20.055556,-0.285000,-0.072721,-0.025879,-0.025879,0
20.058333,-0.290000,-0.005000,-0.026367,-0.026367,0
20.061111,-0.290000,0.121303,-0.026367,-0.026367,0
20.063889,-0.280000,0.220954,-0.026367,-0.026367,0
20.066667,-0.275000,0.214904,-0.025879,-0.025879,0
20.069444,-0.255000,0.131047,-0.025635,-0.025635,0
20.072222,-0.270000,-0.006418,-0.025391,-0.025391,0
20.075000,-0.275000,-0.065000,-0.024902,-0.024902,0
20.077778,-0.275000,-0.011418,-0.024414,-0.024414,0
20.080556,-0.280000,0.106047,-0.024170,-0.024170,0
20.083333,-0.255000,0.234904,-0.023926,-0.023926,0
20.086111,-0.245000,0.255954,-0.023682,-0.023682,0
20.088889,-0.260000,0.151303,-0.023682,-0.023682,0
20.091667,-0.255000,0.030000,-0.023438,-0.023438,0
20.094444,-0.265000,-0.052721,-0.022949,-0.022949,0
20.097222,-0.260000,-0.014907,-0.021729,-0.021729,0
20.100000,-0.260000,0.100000,-0.020020,-0.020020,0
20.102778,-0.240000,0.234907,-0.017578,-0.017578,0
20.105556,-0.250000,0.257721,-0.014404,-0.014404,0
20.108333,-0.260000,0.175000,-0.010986,-0.010986,0
20.111111,-0.275000,0.033697,-0.008057,-0.008057,0
20.113889,-0.265000,-0.045954,-0.005859,-0.005859,0
20.116667,-0.260000,-0.029904,-0.005127,-0.005127,0
20.119444,-0.260000,0.073953,-0.006592,-0.006592,0
20.122222,-0.285000,0.171418,-0.010254,-0.010254,0
20.125000,-0.285000,0.225000,-0.015137,-0.015137,0
20.127778,-0.280000,0.176418,-0.020508,-0.020508,0
20.130556,-0.285000,0.048953,-0.025146,-0.025146,0
20.133333,-0.285000,-0.054904,-0.028564,-0.028564,0
20.136111,-0.265000,-0.045954,-0.030273,-0.030273,0
20.138889,-0.280000,0.028697,-0.031006,-0.031006,0
20.141667,-0.275000,0.160000,-0.031494,-0.031494,0
20.144444,-0.295000,0.212721,-0.032227,-0.032227,0
20.147222,-0.295000,0.179907,-0.033936,-0.033936,0
20.150000,-0.280000,0.080000,-0.036377,-0.036377,0
20.152778,-0.275000,-0.029907,-0.039795,-0.039795,0
20.155556,-0.280000,-0.067721,-0.043701,-0.043701,0
20.158333,-0.285000,0.000000,-0.047607,-0.047607,0
20.161111,-0.310000,0.101303,-0.051514,-0.051514,0
20.163889,-0.305000,0.195954,-0.054688,-0.054688,0
20.166667,-0.280000,0.209904,-0.057129,-0.057129,0
20.169444,-0.290000,0.096047,-0.058838,-0.058838,0
20.172222,-0.285000,-0.021418,-0.059326,-0.059326,0
20.175000,-0.290000,-0.080000,-0.058838,-0.058838,0
20.177778,-0.300000,-0.036418,-0.057129,-0.057129,0
20.180556,-0.310000,0.076047,-0.054688,-0.054688,0
20.183333,-0.295000,0.194904,-0.051270,-0.051270,0
20.186111,-0.295000,0.205954,-0.047119,-0.047119,0
20.188889,-0.290000,0.121303,-0.041748,-0.041748,0
20.191667,-0.315000,-0.030000,-0.035645,-0.035645,0
20.194444,-0.310000,-0.097721,-0.028564,-0.028564,0
20.197222,-0.310000,-0.064907,-0.020752,-0.020752,0
20.200000,-0.315000,0.045000,-0.012695,-0.012695,0
20.202778,-0.305000,0.169907,-0.004395,-0.004395,0
20.205556,-0.310000,0.197721,0.004150,0.004150,0
20.208333,-0.320000,0.115000,0.012939,0.012939,0
20.211111,-0.325000,-0.016303,0.022217,0.022217,0
20.213889,-0.310000,-0.090954,0.031738,0.031738,0
20.216667,-0.305000,-0.074904,0.040771,0.040771,0
20.219444,-0.310000,0.023953,0.048828,0.048828,0
20.222222,-0.305000,0.151418,0.055420,0.055420,0
20.225000,-0.315000,0.195000,0.060547,0.060547,0
20.227778,-0.315000,0.141418,0.063965,0.063965,0
20.230556,-0.305000,0.028953,0.066650,0.066650,0
20.233333,-0.305000,-0.074904,0.068848,0.068848,0
20.236111,-0.300000,-0.080954,0.070801,0.070801,0
20.238889,-0.300000,0.008697,0.072754,0.072754,0
20.241667,-0.315000,0.120000,0.074463,0.074463,0
20.244444,-0.320000,0.187721,0.076172,0.076172,0
20.247222,-0.305000,0.169907,0.077881,0.077881,0
20.250000,-0.295000,0.065000,0.079590,0.079590,0
20.252778,-0.300000,-0.054907,0.081543,0.081543,0
20.255556,-0.305000,-0.092721,0.083740,0.083740,0
20.258333,-0.300000,-0.015000,0.085938,0.085938,0
20.261111,-0.320000,0.091303,0.087891,0.087891,0
20.263889,-0.310000,0.190954,0.089355,0.089355,0
20.266667,-0.305000,0.184904,0.090820,0.090820,0
20.269444,-0.295000,0.091047,0.092041,0.092041,0
20.272222,-0.300000,-0.036418,0.093018,0.093018,0
20.275000,-0.310000,-0.100000,0.093750,0.093750,0
20.277778,-0.325000,-0.061418,0.093994,0.093994,0
20.280556,-0.315000,0.071047,0.093262,0.093262,0
20.283333,-0.315000,0.174904,0.091553,0.091553,0
20.286111,-0.300000,0.200954,0.088867,0.088867,0
20.288889,-0.300000,0.111303,0.085205,0.085205,0
20.291667,-0.310000,-0.025000,0.080811,0.080811,0
20.294444,-0.320000,-0.107721,0.076660,0.076660,0
20.297222,-0.315000,-0.069907,0.072754,0.072754,0
20.300000,-0.305000,0.055000,0.069580,0.069580,0
20.302778,-0.300000,0.174907,0.067139,0.067139,0
20.305556,-0.300000,0.207721,0.065918,0.065918,0
20.308333,-0.300000,0.135000,0.065186,0.065186,0
20.311111,-0.300000,0.008697,0.065430,0.065430,0
20.313889,-0.285000,-0.065954,0.066162,0.066162,0
20.316667,-0.260000,-0.029904,0.066406,0.066406,0
20.319444,-0.245000,0.088953,0.066406,0.066406,0
20.322222,-0.240000,0.216418,0.065186,0.065186,0
20.325000,-0.245000,0.265000,0.062988,0.062988,0
20.327778,-0.250000,0.206418,0.060547,0.060547,0
20.330556,-0.240000,0.093953,0.058105,0.058105,0
20.333333,-0.245000,-0.014904,0.056396,0.056396,0
20.336111,-0.230000,-0.010954,0.055420,0.055420,0
20.338889,-0.220000,0.088697,0.054932,0.054932,0
20.341667,-0.230000,0.205000,0.054443,0.054443,0
20.344444,-0.235000,0.272721,0.054199,0.054199,0
20.347222,-0.230000,0.244907,0.053467,0.053467,0
20.350000,-0.205000,0.155000,0.052734,0.052734,0
20.352778,-0.200000,0.045093,0.051758,0.051758,0
20.355556,-0.195000,0.017279,0.050537,0.050537,0
20.358333,-0.210000,0.075000,0.049072,0.049072,0
20.361111,-0.215000,0.196303,0.047119,0.047119,0
20.363889,-0.205000,0.295954,0.044922,0.044922,0
20.366667,-0.205000,0.284904,0.042236,0.042236,0
20.369444,-0.205000,0.181047,0.039551,0.039551,0
20.372222,-0.210000,0.053582,0.037109,0.037109,0
20.375000,-0.225000,-0.015000,0.034912,0.034912,0
20.377778,-0.230000,0.033582,0.033203,0.033203,0
20.380556,-0.225000,0.161047,0.031982,0.031982,0
20.383333,-0.220000,0.269904,0.031250,0.031250,0
20.386111,-0.220000,0.280954,0.031250,0.031250,0
20.388889,-0.215000,0.196303,0.031738,0.031738,0
20.391667,-0.200000,0.085000,0.032715,0.032715,0
20.394444,-0.190000,0.022279,0.033936,0.033936,0
20.397222,-0.190000,0.055093,0.035400,0.035400,0
20.400000,-0.205000,0.155000,0.036621,0.036621,0
20.402778,-0.225000,0.249907,0.037598,0.037598,0
20.405556,-0.250000,0.257721,0.037842,0.037842,0
20.408333,-0.270000,0.165000,0.038086,0.038086,0
20.411111,-0.300000,0.008697,0.038086,0.038086,0
20.413889,-0.305000,-0.085954,0.038330,0.038330,0
20.416667,-0.320000,-0.089904,0.038818,0.038818,0
20.419444,-0.320000,0.013953,0.039062,0.039062,0
20.422222,-0.325000,0.131418,0.039062,0.039062,0
20.425000,-0.335000,0.175000,0.039062,0.039062,0
20.427778,-0.340000,0.116418,0.039062,0.039062,0
20.430556,-0.335000,-0.001047,0.039307,0.039307,0
20.433333,-0.345000,-0.114904,0.039795,0.039795,0
20.436111,-0.330000,-0.110954,0.040283,0.040283,0
20.438889,-0.330000,-0.021303,0.040527,0.040527,0
20.441667,-0.345000,0.090000,0.039795,0.039795,0
20.444444,-0.345000,0.162721,0.038330,0.038330,0
20.447222,-0.350000,0.124907,0.036133,0.036133,0
20.450000,-0.335000,0.025000,0.033936,0.033936,0
20.452778,-0.335000,-0.089907,0.032471,0.032471,0
20.455556,-0.335000,-0.122721,0.031982,0.031982,0
20.458333,-0.340000,-0.055000,0.032471,0.032471,0
20.461111,-0.345000,0.066303,0.033691,0.033691,0
20.463889,-0.340000,0.160954,0.034668,0.034668,0
20.466667,-0.320000,0.169904,0.035156,0.035156,0
20.469444,-0.325000,0.061047,0.034668,0.034668,0
20.472222,-0.325000,-0.061418,0.033691,0.033691,0
20.475000,-0.335000,-0.125000,0.032959,0.032959,0
20.477778,-0.345000,-0.081418,0.033203,0.033203,0
20.480556,-0.350000,0.036047,0.035889,0.035889,0
20.483333,-0.395000,0.094904,0.041260,0.041260,0
20.486111,-0.430000,0.070954,0.049316,0.049316,0
20.488889,-0.460000,-0.048697,0.060059,0.060059,0
20.491667,-0.505000,-0.220000,0.071533,0.071533,0
20.494444,-0.545000,-0.332721,0.082764,0.082764,0
20.497222,-0.575000,-0.329907,0.091797,0.091797,0
20.500000,-0.560000,-0.200000,0.098145,0.098145,0
20.502778,-0.455000,0.019907,0.101807,0.101807,0
20.505556,-0.330000,0.177721,0.103027,0.103027,0
20.508333,-0.235000,0.200000,0.103516,0.103516,0
20.511111,-0.130000,0.178697,0.104492,0.104492,0
20.513889,0.000000,0.219046,0.106934,0.106934,0
20.516667,0.160000,0.390096,0.110840,0.110840,0
20.519444,0.350000,0.683953,0.115967,0.115967,0
20.522222,0.545000,1.001418,0.121094,0.121094,0
20.525000,0.700000,1.210000,0.125977,0.125977,0
20.527778,0.815000,1.271418,0.129883,0.129883,0
20.530556,0.930000,1.263953,0.133301,0.133301,0
20.533333,1.035000,1.265096,0.135742,0.135742,0
20.536111,1.050000,1.269046,0.137207,0.137207,0
20.538889,0.920000,1.228697,0.136963,0.136963,0
20.541667,0.570000,1.005000,0.134766,0.134766,0
20.544444,0.115000,0.622721,0.130615,0.130615,0
20.547222,-0.245000,0.229907,0.125000,0.125000,0
20.550000,-0.420000,-0.060000,0.119385,0.119385,0
20.552778,-0.425000,-0.179907,0.114502,0.114502,0
20.555556,-0.390000,-0.177721,0.112305,0.112305,0
20.558333,-0.355000,-0.070000,0.113525,0.113525,0
20.561111,-0.360000,0.051303,0.118164,0.118164,0
20.563889,-0.365000,0.135954,0.125488,0.125488,0
20.566667,-0.355000,0.134904,0.133545,0.133545,0
20.569444,-0.350000,0.036047,0.139648,0.139648,0
20.572222,-0.360000,-0.096418,0.141357,0.141357,0
20.575000,-0.365000,-0.155000,0.136230,0.136230,0
20.577778,-0.390000,-0.126418,0.123779,0.123779,0
20.580556,-0.385000,0.001047,0.104492,0.104492,0
20.583333,-0.375000,0.114904,0.080566,0.080566,0
20.586111,-0.370000,0.130954,0.055908,0.055908,0
20.588889,-0.370000,0.041303,0.033691,0.033691,0
20.591667,-0.380000,-0.095000,0.017090,0.017090,0
20.594444,-0.395000,-0.182721,0.007568,0.007568,0
20.597222,-0.385000,-0.139907,0.004395,0.004395,0
20.600000,-0.375000,-0.015000,0.005127,0.005127,0
20.602778,-0.365000,0.109907,0.006836,0.006836,0
20.605556,-0.370000,0.137721,0.006348,0.006348,0
20.608333,-0.385000,0.050000,0.002686,0.002686,0
20.611111,-0.400000,-0.091303,-0.003906,-0.003906,0
20.613889,-0.385000,-0.165954,-0.010986,-0.010986,0
20.616667,-0.385000,-0.154904,-0.015869,-0.015869,0
20.619444,-0.370000,-0.036047,-0.016602,-0.016602,0
20.622222,-0.375000,0.081418,-0.012695,-0.012695,0
20.625000,-0.385000,0.125000,-0.006348,-0.006348,0
20.627778,-0.395000,0.061418,-0.000488,-0.000488,0
20.630556,-0.390000,-0.056047,0.001953,0.001953,0
20.633333,-0.370000,-0.139904,-0.000244,-0.000244,0
20.636111,-0.360000,-0.140954,-0.006592,-0.006592,0
20.638889,-0.360000,-0.051303,-0.013672,-0.013672,0
20.641667,-0.365000,0.070000,-0.017334,-0.017334,0
20.644444,-0.370000,0.137721,-0.014404,-0.014404,0
20.647222,-0.370000,0.104907,-0.005127,-0.005127,0
20.650000,-0.365000,-0.005000,0.005615,0.005615,0
20.652778,-0.355000,-0.109907,0.010498,0.010498,0
20.655556,-0.360000,-0.147721,0.000488,0.000488,0
20.658333,-0.370000,-0.085000,-0.029297,-0.029297,0
20.661111,-0.380000,0.031303,-0.078125,-0.078125,0
20.663889,-0.380000,0.120954,-0.137451,-0.137451,0
20.666667,-0.365000,0.124904,-0.193115,-0.193115,0
20.669444,-0.370000,0.016047,-0.229980,-0.229980,0
20.672222,-0.365000,-0.101418,-0.236328,-0.236328,0
20.675000,-0.380000,-0.170000,-0.207520,-0.207520,0
20.677778,-0.390000,-0.126418,-0.146973,-0.146973,0
20.680556,-0.380000,0.006047,-0.063721,-0.063721,0
20.683333,-0.380000,0.109904,0.033203,0.033203,0
20.686111,-0.365000,0.135954,0.138428,0.138428,0
20.688889,-0.365000,0.046303,0.254150,0.254150,0
20.691667,-0.375000,-0.090000,0.387939,0.387939,0
20.694444,-0.385000,-0.172721,0.548340,0.548340,0
20.697222,-0.385000,-0.139907,0.736816,0.736816,0
20.700000,-0.375000,-0.015000,0.943115,0.943115,0
20.702778,-0.360000,0.114907,1.141602,1.141602,0
20.705556,-0.355000,0.152721,1.297363,1.297363,0
20.708333,-0.370000,0.065000,1.373535,1.373535,1
20.711111,-0.375000,-0.066303,1.343506,1.343506,0
20.713889,-0.370000,-0.150954,1.200684,1.200684,0
20.716667,-0.370000,-0.139904,0.962646,0.962646,0
20.719444,-0.355000,-0.021047,0.668457,0.668457,0
20.722222,-0.365000,0.091418,0.369873,0.369873,0
20.725000,-0.360000,0.150000,0.115723,0.115723,0
20.727778,-0.385000,0.071418,-0.058838,-0.058838,0
20.730556,-0.385000,-0.051047,-0.141846,-0.141846,0
20.733333,-0.380000,-0.149904,-0.145264,-0.145264,0
20.736111,-0.360000,-0.140954,-0.097900,-0.097900,0
20.738889,-0.365000,-0.056303,-0.035400,-0.035400,0
20.741667,-0.375000,0.060000,0.012451,0.012451,0
20.744444,-0.380000,0.127721,0.029541,0.029541,0
20.747222,-0.370000,0.104907,0.015381,0.015381,0
20.750000,-0.370000,-0.010000,-0.017822,-0.017822,0
20.752778,-0.370000,-0.124907,-0.052490,-0.052490,0
20.755556,-0.360000,-0.147721,-0.074707,-0.074707,0
20.758333,-0.385000,-0.100000,-0.077881,-0.077881,0
20.761111,-0.395000,0.016303,-0.064453,-0.064453,0
20.763889,-0.380000,0.120954,-0.043213,-0.043213,0
20.766667,-0.375000,0.114904,-0.025146,-0.025146,0
20.769444,-0.365000,0.021047,-0.017090,-0.017090,0
20.772222,-0.375000,-0.111418,-0.020996,-0.020996,0
20.775000,-0.385000,-0.175000,-0.033203,-0.033203,0
20.777778,-0.390000,-0.126418,-0.046875,-0.046875,0
20.780556,-0.375000,0.011047,-0.055420,-0.055420,0
20.783333,-0.370000,0.119904,-0.056152,-0.056152,0
20.786111,-0.370000,0.130954,-0.049561,-0.049561,0
20.788889,-0.370000,0.041303,-0.039795,-0.039795,0
20.791667,-0.370000,-0.085000,-0.031494,-0.031494,0
20.794444,-0.385000,-0.172721,-0.028076,-0.028076,0
20.797222,-0.380000,-0.134907,-0.030029,-0.030029,0
20.800000,-0.385000,-0.025000,-0.035400,-0.035400,0
20.802778,-0.370000,0.104907,-0.040283,-0.040283,0
20.805556,-0.370000,0.137721,-0.041748,-0.041748,0
20.808333,-0.370000,0.065000,-0.038086,-0.038086,0
20.811111,-0.380000,-0.071303,-0.029785,-0.029785,0
20.813889,-0.370000,-0.150954,-0.019775,-0.019775,0
20.816667,-0.345000,-0.114904,-0.010986,-0.010986,0
20.819444,-0.340000,-0.006047,-0.006104,-0.006104,0
20.822222,-0.325000,0.131418,-0.005859,-0.005859,0
20.825000,-0.335000,0.175000,-0.009277,-0.009277,0
20.827778,-0.325000,0.131418,-0.014160,-0.014160,0
20.830556,-0.305000,0.028953,-0.018066,-0.018066,0
20.833333,-0.295000,-0.064904,-0.019531,-0.019531,0
20.836111,-0.295000,-0.075954,-0.018799,-0.018799,0
20.838889,-0.300000,0.008697,-0.017090,-0.017090,0
20.841667,-0.300000,0.135000,-0.015869,-0.015869,0
20.844444,-0.305000,0.202721,-0.016113,-0.016113,0
20.847222,-0.295000,0.179907,-0.017578,-0.017578,0
20.850000,-0.280000,0.080000,-0.020020,-0.020020,0
20.852778,-0.285000,-0.039907,-0.021729,-0.021729,0
20.855556,-0.275000,-0.062721,-0.022461,-0.022461,0
20.858333,-0.265000,0.020000,-0.021973,-0.021973,0
20.861111,-0.280000,0.131303,-0.020508,-0.020508,0
20.863889,-0.275000,0.225954,-0.018799,-0.018799,0
20.866667,-0.255000,0.234904,-0.017334,-0.017334,0
20.869444,-0.265000,0.121047,-0.016602,-0.016602,0
20.872222,-0.260000,0.003582,-0.015869,-0.015869,0
20.875000,-0.265000,-0.055000,-0.014893,-0.014893,0
20.877778,-0.285000,-0.021418,-0.013672,-0.013672,0
20.880556,-0.285000,0.101047,-0.011719,-0.011719,0
20.883333,-0.275000,0.214904,-0.009277,-0.009277,0
20.886111,-0.260000,0.240954,-0.006836,-0.006836,0
20.888889,-0.265000,0.146303,-0.005127,-0.005127,0
20.891667,-0.285000,-0.000000,-0.004150,-0.004150,0
20.894444,-0.285000,-0.072721,-0.004639,-0.004639,0
20.897222,-0.290000,-0.044907,-0.006104,-0.006104,0
20.900000,-0.275000,0.085000,-0.008545,-0.008545,0
20.902778,-0.275000,0.199907,-0.011230,-0.011230,0
20.905556,-0.265000,0.242721,-0.013428,-0.013428,0
20.908333,-0.275000,0.160000,-0.014648,-0.014648,0
20.911111,-0.305000,0.003697,-0.014648,-0.014648,0
20.913889,-0.290000,-0.070954,-0.013672,-0.013672,0
20.916667,-0.285000,-0.054904,-0.011719,-0.011719,0
20.919444,-0.285000,0.048953,-0.010254,-0.010254,0
20.922222,-0.275000,0.181418,-0.009766,-0.009766,0
20.925000,-0.295000,0.215000,-0.010498,-0.010498,0
20.927778,-0.300000,0.156418,-0.012451,-0.012451,0
20.930556,-0.280000,0.053953,-0.014893,-0.014893,0
20.933333,-0.280000,-0.049904,-0.017334,-0.017334,0
20.936111,-0.270000,-0.050954,-0.019043,-0.019043,0
20.938889,-0.280000,0.028697,-0.020508,-0.020508,0
20.941667,-0.295000,0.140000,-0.021240,-0.021240,0
20.944444,-0.300000,0.207721,-0.021484,-0.021484,0
20.947222,-0.310000,0.164907,-0.021240,-0.021240,0
20.950000,-0.315000,0.045000,-0.020508,-0.020508,0
20.952778,-0.305000,-0.059907,-0.019531,-0.019531,0
20.955556,-0.305000,-0.092721,-0.018311,-0.018311,0
20.958333,-0.335000,-0.050000,-0.017578,-0.017578,0
20.961111,-0.335000,0.076303,-0.017090,-0.017090,0
20.963889,-0.320000,0.180954,-0.017334,-0.017334,0
20.966667,-0.320000,0.169904,-0.018311,-0.018311,0
20.969444,-0.310000,0.076047,-0.019531,-0.019531,0
20.972222,-0.320000,-0.056418,-0.020752,-0.020752,0
20.975000,-0.330000,-0.120000,-0.021729,-0.021729,0
20.977778,-0.330000,-0.066418,-0.022217,-0.022217,0
20.980556,-0.330000,0.056047,-0.021729,-0.021729,0
20.983333,-0.330000,0.159904,-0.020264,-0.020264,0
20.986111,-0.310000,0.190954,-0.016846,-0.016846,0
20.988889,-0.315000,0.096303,-0.011719,-0.011719,0
20.991667,-0.320000,-0.035000,-0.004395,-0.004395,0
20.994444,-0.335000,-0.122721,0.004883,0.004883,0
20.997222,-0.330000,-0.084907,0.015137,0.015137,0
21.000000,-0.315000,0.045000,0.025391,0.025391,0
21.002778,-0.310000,0.164907,0.034912,0.034912,0
21.005556,-0.315000,0.192721,0.042236,0.042236,0
21.008333,-0.330000,0.105000,0.047363,0.047363,0
21.011111,-0.340000,-0.031303,0.050781,0.050781,0
21.013889,-0.335000,-0.115954,0.052490,0.052490,0
21.016667,-0.340000,-0.109904,0.053711,0.053711,0
21.019444,-0.305000,0.028953,0.055176,0.055176,0
21.022222,-0.320000,0.136418,0.057373,0.057373,0
21.025000,-0.330000,0.180000,0.060547,0.060547,0
21.027778,-0.340000,0.116418,0.065186,0.065186,0
21.030556,-0.335000,-0.001047,0.070557,0.070557,0
21.033333,-0.320000,-0.089904,0.075928,0.075928,0
21.036111,-0.320000,-0.100954,0.080811,0.080811,0
21.038889,-0.330000,-0.021303,0.084229,0.084229,0
21.041667,-0.330000,0.105000,0.085693,0.085693,0
21.044444,-0.335000,0.172721,0.085205,0.085205,0
21.047222,-0.325000,0.149907,0.083496,0.083496,0
21.050000,-0.315000,0.045000,0.081299,0.081299,0
21.052778,-0.320000,-0.074907,0.078857,0.078857,0
21.055556,-0.315000,-0.102721,0.077148,0.077148,0
21.058333,-0.320000,-0.035000,0.075439,0.075439,0
21.061111,-0.310000,0.101303,0.074219,0.074219,0
21.063889,-0.310000,0.190954,0.072998,0.072998,0
21.066667,-0.310000,0.179904,0.072021,0.072021,0
21.069444,-0.305000,0.081047,0.071289,0.071289,0
21.072222,-0.300000,-0.036418,0.071045,0.071045,0
21.075000,-0.310000,-0.100000,0.071045,0.071045,0
21.077778,-0.310000,-0.046418,0.070801,0.070801,0
21.080556,-0.300000,0.086047,0.070068,0.070068,0
21.083333,-0.285000,0.204904,0.068604,0.068604,0
21.086111,-0.290000,0.210954,0.066406,0.066406,0
21.088889,-0.275000,0.136303,0.063477,0.063477,0
21.091667,-0.275000,0.010000,0.060791,0.060791,0
21.094444,-0.275000,-0.062721,0.059082,0.059082,0
21.097222,-0.270000,-0.024907,0.058838,0.058838,0
21.100000,-0.255000,0.105000,0.060059,0.060059,0
21.102778,-0.240000,0.234907,0.062256,0.062256,0
21.105556,-0.245000,0.262721,0.064941,0.064941,0
21.108333,-0.240000,0.195000,0.067139,0.067139,0
21.111111,-0.245000,0.063697,0.067627,0.067627,0
21.113889,-0.245000,-0.025954,0.066162,0.066162,0
21.116667,-0.220000,0.010096,0.062256,0.062256,0
21.119444,-0.205000,0.128953,0.056152,0.056152,0
21.122222,-0.190000,0.266418,0.048584,0.048584,0
21.125000,-0.195000,0.315000,0.040771,0.040771,0
21.127778,-0.190000,0.266418,0.033691,0.033691,0
21.130556,-0.200000,0.133953,0.028809,0.028809,0
21.133333,-0.195000,0.035096,0.026367,0.026367,0
21.136111,-0.200000,0.019046,0.025879,0.025879,0
21.138889,-0.210000,0.098697,0.026367,0.026367,0
21.141667,-0.215000,0.220000,0.027100,0.027100,0
21.144444,-0.220000,0.287721,0.026855,0.026855,0
21.147222,-0.210000,0.264907,0.026123,0.026123,0
21.150000,-0.210000,0.150000,0.024658,0.024658,0
21.152778,-0.200000,0.045093,0.023193,0.023193,0
21.155556,-0.210000,0.002279,0.022217,0.022217,0
21.158333,-0.220000,0.065000,0.022217,0.022217,0
21.161111,-0.215000,0.196303,0.023193,0.023193,0
21.163889,-0.220000,0.280954,0.024658,0.024658,0
21.166667,-0.235000,0.254904,0.026123,0.026123,0
21.169444,-0.225000,0.161047,0.027588,0.027588,0
21.172222,-0.225000,0.038582,0.028076,0.028076,0
21.175000,-0.220000,-0.010000,0.027832,0.027832,0
21.177778,-0.200000,0.063582,0.026367,0.026367,0
21.180556,-0.205000,0.181047,0.024170,0.024170,0
21.183333,-0.230000,0.259904,0.021484,0.021484,0
21.186111,-0.250000,0.250954,0.019287,0.019287,0
21.188889,-0.260000,0.151303,0.017822,0.017822,0
21.191667,-0.285000,0.000000,0.017578,0.017578,0
21.194444,-0.300000,-0.087721,0.018311,0.018311,0
21.197222,-0.315000,-0.069907,0.019287,0.019287,0
21.200000,-0.330000,0.030000,0.020020,0.020020,0
21.202778,-0.325000,0.149907,0.020264,0.020264,0
21.205556,-0.335000,0.172721,0.019531,0.019531,0
21.208333,-0.340000,0.095000,0.018311,0.018311,0
21.211111,-0.345000,-0.036303,0.017090,0.017090,0
21.213889,-0.330000,-0.110954,0.016846,0.016846,0
21.216667,-0.320000,-0.089904,0.017090,0.017090,0
21.219444,-0.320000,0.013953,0.018311,0.018311,0
21.222222,-0.325000,0.131418,0.020264,0.020264,0
21.225000,-0.335000,0.175000,0.022217,0.022217,0
21.227778,-0.335000,0.121418,0.024414,0.024414,0
21.230556,-0.335000,-0.001047,0.026855,0.026855,0
21.233333,-0.330000,-0.099904,0.029297,0.029297,0
21.236111,-0.330000,-0.110954,0.031738,0.031738,0
21.238889,-0.335000,-0.026303,0.033936,0.033936,0
21.241667,-0.350000,0.085000,0.035645,0.035645,0
21.244444,-0.355000,0.152721,0.036865,0.036865,0
21.247222,-0.350000,0.124907,0.037842,0.037842,0
21.250000,-0.345000,0.015000,0.038818,0.038818,0
21.252778,-0.340000,-0.094907,0.040039,0.040039,0
21.255556,-0.350000,-0.137721,0.042480,0.042480,0
21.258333,-0.360000,-0.075000,0.046387,0.046387,0
21.261111,-0.390000,0.021303,0.051514,0.051514,0
21.263889,-0.400000,0.100954,0.058105,0.058105,0
21.266667,-0.435000,0.054904,0.065430,0.065430,0
21.269444,-0.465000,-0.078953,0.072998,0.072998,0
21.272222,-0.480000,-0.216418,0.079834,0.079834,0
21.275000,-0.515000,-0.305000,0.085449,0.085449,0
21.277778,-0.570000,-0.306418,0.089355,0.089355,0
21.280556,-0.580000,-0.193953,0.092285,0.092285,0
21.283333,-0.520000,-0.030096,0.095459,0.095459,0
21.286111,-0.400000,0.100954,0.100098,0.100098,0
21.288889,-0.250000,0.161303,0.107178,0.107178,0
21.291667,-0.095000,0.190000,0.116943,0.116943,0
21.294444,0.100000,0.312279,0.128174,0.128174,0
21.297222,0.395000,0.640093,0.138916,0.138916,0
21.300000,0.660000,1.020000,0.147217,0.147217,0
21.302778,0.830000,1.304907,0.150879,0.150879,0
21.305556,0.880000,1.387721,0.149902,0.149902,0
21.308333,0.760000,1.195000,0.144775,0.144775,0
21.311111,0.460000,0.768697,0.137939,0.137939,0
21.313889,0.070000,0.289046,0.131836,0.131836,0
21.316667,-0.240000,-0.009904,0.128174,0.128174,0
21.319444,-0.425000,-0.091047,0.127686,0.127686,0
21.322222,-0.485000,-0.028582,0.129395,0.129395,0
21.325000,-0.480000,0.030000,0.131592,0.131592,0
21.327778,-0.430000,0.026418,0.132568,0.132568,0
21.330556,-0.400000,-0.066047,0.131104,0.131104,0
21.333333,-0.395000,-0.164904,0.127197,0.127197,0
21.336111,-0.400000,-0.180954,0.121826,0.121826,0
21.338889,-0.400000,-0.091303,0.116943,0.116943,0
21.341667,-0.395000,0.040000,0.114502,0.114502,0
21.344444,-0.390000,0.117721,0.114990,0.114990,0
21.347222,-0.375000,0.099907,0.118408,0.118408,0
21.350000,-0.365000,-0.005000,0.123291,0.123291,0
21.352778,-0.370000,-0.124907,0.126465,0.126465,0
21.355556,-0.385000,-0.172721,0.125488,0.125488,0
21.358333,-0.395000,-0.110000,0.118652,0.118652,0
21.361111,-0.405000,0.006303,0.105957,0.105957,0
21.363889,-0.390000,0.110954,0.088379,0.088379,0
21.366667,-0.390000,0.099904,0.068848,0.068848,0
21.369444,-0.385000,0.001047,0.049805,0.049805,0
21.372222,-0.380000,-0.116418,0.033203,0.033203,0
21.375000,-0.395000,-0.185000,0.019775,0.019775,0
21.377778,-0.400000,-0.136418,0.010010,0.010010,0
21.380556,-0.380000,0.006047,0.003418,0.003418,0
21.383333,-0.380000,0.109904,0.000000,0.000000,0
21.386111,-0.375000,0.125954,-0.000244,-0.000244,0
21.388889,-0.385000,0.026303,0.002930,0.002930,0
21.391667,-0.395000,-0.110000,0.008301,0.008301,0
21.394444,-0.405000,-0.192721,0.014648,0.014648,0
21.397222,-0.400000,-0.154907,0.019287,0.019287,0
21.400000,-0.395000,-0.035000,0.020264,0.020264,0
21.402778,-0.395000,0.079907,0.016357,0.016357,0
21.405556,-0.380000,0.127721,0.008301,0.008301,0
21.408333,-0.395000,0.040000,-0.001221,-0.001221,0
21.411111,-0.390000,-0.081303,-0.008545,-0.008545,0
21.413889,-0.395000,-0.175954,-0.010742,-0.010742,0
21.416667,-0.400000,-0.169904,-0.007324,-0.007324,0
21.419444,-0.390000,-0.056047,0.000000,0.000000,0
21.422222,-0.385000,0.071418,0.006348,0.006348,0
21.425000,-0.390000,0.120000,0.007568,0.007568,0
21.427778,-0.400000,0.056418,0.000977,0.000977,0
21.430556,-0.390000,-0.056047,-0.013428,-0.013428,0
21.433333,-0.380000,-0.149904,-0.032227,-0.032227,0
21.436111,-0.380000,-0.160954,-0.050781,-0.050781,0
21.438889,-0.385000,-0.076303,-0.066650,-0.066650,0
21.441667,-0.380000,0.055000,-0.079834,-0.079834,0
21.444444,-0.385000,0.122721,-0.094482,-0.094482,0
21.447222,-0.370000,0.104907,-0.116455,-0.116455,0
21.450000,-0.375000,-0.015000,-0.148438,-0.148438,0
21.452778,-0.370000,-0.124907,-0.187012,-0.187012,0
21.455556,-0.370000,-0.157721,-0.219238,-0.219238,0
21.458333,-0.375000,-0.090000,-0.223877,-0.223877,0
21.461111,-0.385000,0.026303,-0.176025,-0.176025,0
21.463889,-0.385000,0.115954,-0.056885,-0.056885,0
21.466667,-0.375000,0.114904,0.138428,0.138428,0
21.469444,-0.385000,0.001047,0.394043,0.394043,0
21.472222,-0.380000,-0.116418,0.673584,0.673584,0
21.475000,-0.400000,-0.190000,0.926514,0.926514,0
21.477778,-0.405000,-0.141418,1.100830,1.100830,0
21.480556,-0.400000,-0.013953,1.157959,1.157959,1
21.483333,-0.385000,0.104904,1.083008,1.083008,0
21.486111,-0.380000,0.120954,0.892090,0.892090,0
21.488889,-0.375000,0.036303,0.625488,0.625488,0
21.491667,-0.395000,-0.110000,0.339600,0.339600,0
21.494444,-0.405000,-0.192721,0.088135,0.088135,0
21.497222,-0.405000,-0.159907,-0.089111,-0.089111,0
21.500000,-0.395000,-0.035000,-0.177002,-0.177002,0
21.502778,-0.390000,0.084907,-0.185303,-0.185303,0
21.505556,-0.380000,0.127721,-0.140869,-0.140869,0
21.508333,-0.385000,0.050000,-0.077637,-0.077637,0
21.511111,-0.395000,-0.086303,-0.024902,-0.024902,0
21.513889,-0.375000,-0.155954,0.000977,0.000977,0
21.516667,-0.375000,-0.144904,-0.001465,-0.001465,0
21.519444,-0.380000,-0.046047,-0.022217,-0.022217,0
21.522222,-0.385000,0.071418,-0.046631,-0.046631,0
21.525000,-0.375000,0.135000,-0.062012,-0.062012,0
21.527778,-0.385000,0.071418,-0.062988,-0.062988,0
21.530556,-0.385000,-0.051047,-0.051514,-0.051514,0
21.533333,-0.375000,-0.144904,-0.035156,-0.035156,0
21.536111,-0.380000,-0.160954,-0.022705,-0.022705,0
21.538889,-0.400000,-0.091303,-0.019775,-0.019775,0
21.541667,-0.405000,0.030000,-0.026367,-0.026367,0
21.544444,-0.415000,0.092721,-0.038574,-0.038574,0
21.547222,-0.410000,0.064907,-0.049316,-0.049316,0
21.550000,-0.415000,-0.055000,-0.053711,-0.053711,0
21.552778,-0.400000,-0.154907,-0.049561,-0.049561,0
21.555556,-0.410000,-0.197721,-0.039551,-0.039551,0
21.558333,-0.410000,-0.125000,-0.028320,-0.028320,0
21.561111,-0.415000,-0.003697,-0.021240,-0.021240,0
21.563889,-0.415000,0.085954,-0.021240,-0.021240,0
21.566667,-0.415000,0.074904,-0.027832,-0.027832,0
21.569444,-0.415000,-0.028953,-0.037598,-0.037598,0
21.572222,-0.415000,-0.151418,-0.046143,-0.046143,0
21.575000,-0.425000,-0.215000,-0.049805,-0.049805,0
21.577778,-0.445000,-0.181418,-0.047852,-0.047852,0
21.580556,-0.430000,-0.043953,-0.041504,-0.041504,0
21.583333,-0.420000,0.069904,-0.034180,-0.034180,0
21.586111,-0.415000,0.085954,-0.028564,-0.028564,0
21.588889,-0.400000,0.011303,-0.026855,-0.026855,0
21.591667,-0.410000,-0.125000,-0.028564,-0.028564,0
21.594444,-0.405000,-0.192721,-0.032715,-0.032715,0
21.597222,-0.385000,-0.139907,-0.036133,-0.036133,0
21.600000,-0.375000,-0.015000,-0.037354,-0.037354,0
21.602778,-0.350000,0.124907,-0.035889,-0.035889,0
21.605556,-0.350000,0.157721,-0.031982,-0.031982,0
21.608333,-0.350000,0.085000,-0.027100,-0.027100,0
21.611111,-0.355000,-0.046303,-0.022705,-0.022705,0
21.613889,-0.335000,-0.115954,-0.019531,-0.019531,0
21.616667,-0.330000,-0.099904,-0.017822,-0.017822,0
21.619444,-0.305000,0.028953,-0.016846,-0.016846,0
21.622222,-0.310000,0.146418,-0.016113,-0.016113,0
21.625000,-0.325000,0.185000,-0.014648,-0.014648,0
21.627778,-0.325000,0.131418,-0.012695,-0.012695,0
21.630556,-0.315000,0.018953,-0.010986,-0.010986,0
21.633333,-0.315000,-0.084904,-0.010254,-0.010254,0
21.636111,-0.310000,-0.090954,-0.011230,-0.011230,0
21.638889,-0.310000,-0.001303,-0.014160,-0.014160,0
21.641667,-0.305000,0.130000,-0.018555,-0.018555,0
21.644444,-0.315000,0.192721,-0.023682,-0.023682,0
21.647222,-0.320000,0.154907,-0.027588,-0.027588,0
21.650000,-0.310000,0.050000,-0.029785,-0.029785,0
21.652778,-0.305000,-0.059907,-0.029785,-0.029785,0
21.655556,-0.305000,-0.092721,-0.028076,-0.028076,0
21.658333,-0.305000,-0.020000,-0.025879,-0.025879,0
21.661111,-0.310000,0.101303,-0.024414,-0.024414,0
21.663889,-0.295000,0.205954,-0.024414,-0.024414,0
21.666667,-0.295000,0.194904,-0.025879,-0.025879,0
21.669444,-0.290000,0.096047,-0.027832,-0.027832,0
21.672222,-0.285000,-0.021418,-0.029541,-0.029541,0
21.675000,-0.285000,-0.075000,-0.030029,-0.030029,0
21.677778,-0.305000,-0.041418,-0.028809,-0.028809,0
21.680556,-0.305000,0.081047,-0.026367,-0.026367,0
21.683333,-0.295000,0.194904,-0.023193,-0.023193,0
21.686111,-0.290000,0.210954,-0.020020,-0.020020,0
21.688889,-0.295000,0.116303,-0.017578,-0.017578,0
21.691667,-0.295000,-0.010000,-0.015625,-0.015625,0
21.694444,-0.305000,-0.092721,-0.014160,-0.014160,0
21.697222,-0.305000,-0.059907,-0.013672,-0.013672,0
21.700000,-0.300000,0.060000,-0.013428,-0.013428,0
21.702778,-0.300000,0.174907,-0.014160,-0.014160,0
21.705556,-0.300000,0.207721,-0.016113,-0.016113,0
21.708333,-0.320000,0.115000,-0.019043,-0.019043,0
21.711111,-0.320000,-0.011303,-0.023438,-0.023438,0
21.713889,-0.325000,-0.105954,-0.028564,-0.028564,0
21.716667,-0.320000,-0.089904,-0.034424,-0.034424,0
21.719444,-0.320000,0.013953,-0.040283,-0.040283,0
21.722222,-0.305000,0.151418,-0.044922,-0.044922,0
21.725000,-0.325000,0.185000,-0.048340,-0.048340,0
21.727778,-0.320000,0.136418,-0.049805,-0.049805,0
21.730556,-0.315000,0.018953,-0.049316,-0.049316,0
21.733333,-0.320000,-0.089904,-0.047852,-0.047852,0
21.736111,-0.310000,-0.090954,-0.046875,-0.046875,0
21.738889,-0.315000,-0.006303,-0.047119,-0.047119,0
21.741667,-0.310000,0.125000,-0.049561,-0.049561,0
21.744444,-0.315000,0.192721,-0.053955,-0.053955,0
21.747222,-0.315000,0.159907,-0.059326,-0.059326,0
21.750000,-0.315000,0.045000,-0.064453,-0.064453,0
21.752778,-0.305000,-0.059907,-0.067871,-0.067871,0
21.755556,-0.310000,-0.097721,-0.068359,-0.068359,0
21.758333,-0.315000,-0.030000,-0.066162,-0.066162,0
21.761111,-0.325000,0.086303,-0.061279,-0.061279,0
21.763889,-0.330000,0.170954,-0.054443,-0.054443,0
21.766667,-0.330000,0.159904,-0.046387,-0.046387,0
21.769444,-0.325000,0.061047,-0.037842,-0.037842,0
21.772222,-0.325000,-0.061418,-0.028809,-0.028809,0
21.775000,-0.330000,-0.120000,-0.019531,-0.019531,0
21.777778,-0.350000,-0.086418,-0.010498,-0.010498,0
21.780556,-0.350000,0.036047,-0.001465,-0.001465,0
21.783333,-0.330000,0.159904,0.007324,0.007324,0
21.786111,-0.325000,0.175954,0.015381,0.015381,0
21.788889,-0.330000,0.081303,0.022705,0.022705,0
21.791667,-0.350000,-0.065000,0.028809,0.028809,0
21.794444,-0.360000,-0.147721,0.033691,0.033691,0
21.797222,-0.350000,-0.104907,0.037354,0.037354,0
21.800000,-0.340000,0.020000,0.039551,0.039551,0
21.802778,-0.330000,0.144907,0.040771,0.040771,0
21.805556,-0.330000,0.177721,0.041504,0.041504,0
21.808333,-0.330000,0.105000,0.041992,0.041992,0
21.811111,-0.350000,-0.041303,0.042725,0.042725,0
21.813889,-0.350000,-0.130954,0.043457,0.043457,0
21.816667,-0.340000,-0.109904,0.044189,0.044189,0
21.819444,-0.325000,0.008953,0.044678,0.044678,0
21.822222,-0.320000,0.136418,0.044434,0.044434,0
21.825000,-0.330000,0.180000,0.044189,0.044189,0
21.827778,-0.335000,0.121418,0.044189,0.044189,0
21.830556,-0.350000,-0.016047,0.045166,0.045166,0
21.833333,-0.340000,-0.109904,0.047607,0.047607,0
21.836111,-0.345000,-0.125954,0.051270,0.051270,0
21.838889,-0.340000,-0.031303,0.055420,0.055420,0
21.841667,-0.330000,0.105000,0.059326,0.059326,0
21.844444,-0.335000,0.172721,0.061768,0.061768,0
21.847222,-0.340000,0.134907,0.062744,0.062744,0
21.850000,-0.320000,0.040000,0.062012,0.062012,0
21.852778,-0.325000,-0.079907,0.060547,0.060547,0
21.855556,-0.330000,-0.117721,0.058350,0.058350,0
21.858333,-0.350000,-0.065000,0.056641,0.056641,0
21.861111,-0.350000,0.061303,0.055420,0.055420,0
21.863889,-0.335000,0.165954,0.054932,0.054932,0
21.866667,-0.320000,0.169904,0.055176,0.055176,0
21.869444,-0.310000,0.076047,0.055176,0.055176,0
21.872222,-0.305000,-0.041418,0.054688,0.054688,0
21.875000,-0.295000,-0.085000,0.052979,0.052979,0
21.877778,-0.295000,-0.031418,0.050049,0.050049,0
21.880556,-0.275000,0.111047,0.045654,0.045654,0
21.883333,-0.270000,0.219904,0.040771,0.040771,0
21.886111,-0.255000,0.245954,0.036377,0.036377,0
21.888889,-0.265000,0.146303,0.032959,0.032959,0
21.891667,-0.250000,0.035000,0.031494,0.031494,0
21.894444,-0.250000,-0.037721,0.031738,0.031738,0
21.897222,-0.250000,-0.004907,0.032959,0.032959,0
21.900000,-0.225000,0.135000,0.034424,0.034424,0
21.902778,-0.220000,0.254907,0.035400,0.035400,0
21.905556,-0.220000,0.287721,0.035645,0.035645,0
21.908333,-0.230000,0.205000,0.035645,0.035645,0
21.911111,-0.250000,0.058697,0.035645,0.035645,0
21.913889,-0.250000,-0.030954,0.036133,0.036133,0
21.916667,-0.250000,-0.019904,0.037354,0.037354,0
21.919444,-0.235000,0.098953,0.038818,0.038818,0
21.922222,-0.230000,0.226418,0.040283,0.040283,0
21.925000,-0.245000,0.265000,0.040771,0.040771,0
21.927778,-0.240000,0.216418,0.040283,0.040283,0
21.930556,-0.235000,0.098953,0.038574,0.038574,0
21.933333,-0.235000,-0.004904,0.035889,0.035889,0
21.936111,-0.230000,-0.010954,0.032471,0.032471,0
21.938889,-0.255000,0.053697,0.028809,0.028809,0
21.941667,-0.260000,0.175000,0.025391,0.025391,0
21.944444,-0.275000,0.232721,0.021973,0.021973,0
21.947222,-0.265000,0.209907,0.019287,0.019287,0
21.950000,-0.255000,0.105000,0.017090,0.017090,0
21.952778,-0.230000,0.015093,0.015625,0.015625,0
21.955556,-0.225000,-0.012721,0.014160,0.014160,0
21.958333,-0.240000,0.045000,0.012939,0.012939,0
21.961111,-0.270000,0.141303,0.011719,0.011719,0
21.963889,-0.285000,0.215954,0.010498,0.010498,0
21.966667,-0.295000,0.194904,0.009277,0.009277,0
21.969444,-0.305000,0.081047,0.008545,0.008545,0
21.972222,-0.320000,-0.056418,0.007812,0.007812,0
21.975000,-0.355000,-0.145000,0.007812,0.007812,0
21.977778,-0.365000,-0.101418,0.008057,0.008057,0
21.980556,-0.360000,0.026047,0.008789,0.008789,0
21.983333,-0.365000,0.124904,0.010010,0.010010,0
21.986111,-0.355000,0.145954,0.011719,0.011719,0
21.988889,-0.355000,0.056303,0.013916,0.013916,0
21.991667,-0.360000,-0.075000,0.016357,0.016357,0
21.994444,-0.365000,-0.152721,0.018066,0.018066,0
21.997222,-0.365000,-0.119907,0.018311,0.018311,0
22.000000,-0.355000,0.005000,0.017090,0.017090,0
22.002778,-0.345000,0.129907,0.014404,0.014404,0
22.005556,-0.355000,0.152721,0.010742,0.010742,0
22.008333,-0.370000,0.065000,0.007812,0.007812,0
22.011111,-0.385000,-0.076303,0.006836,0.006836,0
22.013889,-0.370000,-0.150954,0.008057,0.008057,0
22.016667,-0.350000,-0.119904,0.011475,0.011475,0
22.019444,-0.350000,-0.016047,0.015381,0.015381,0
22.022222,-0.345000,0.111418,0.018555,0.018555,0
22.025000,-0.360000,0.150000,0.019531,0.019531,0
22.027778,-0.370000,0.086418,0.017822,0.017822,0
22.030556,-0.370000,-0.036047,0.014404,0.014404,0
22.033333,-0.360000,-0.129904,0.010742,0.010742,0
22.036111,-0.345000,-0.125954,0.009033,0.009033,0
22.038889,-0.360000,-0.051303,0.010498,0.010498,0
22.041667,-0.365000,0.070000,0.016113,0.016113,0
22.044444,-0.385000,0.122721,0.025391,0.025391,0
22.047222,-0.390000,0.084907,0.037109,0.037109,0
22.050000,-0.405000,-0.045000,0.049072,0.049072,0
22.052778,-0.430000,-0.184907,0.059570,0.059570,0
22.055556,-0.450000,-0.237721,0.067871,0.067871,0
22.058333,-0.470000,-0.185000,0.073975,0.073975,0
22.061111,-0.515000,-0.103697,0.078857,0.078857,0
22.063889,-0.550000,-0.049046,0.083984,0.083984,0
22.066667,-0.565000,-0.075096,0.090332,0.090332,0
22.069444,-0.505000,-0.118953,0.098633,0.098633,0
22.072222,-0.420000,-0.156418,0.107666,0.107666,0
22.075000,-0.295000,-0.085000,0.115479,0.115479,0
22.077778,-0.130000,0.133582,0.120361,0.120361,0
22.080556,0.080000,0.466047,0.120850,0.120850,0
22.083333,0.360000,0.849904,0.117188,0.117188,0
22.086111,0.620000,1.120954,0.110840,0.110840,0
22.088889,0.835000,1.246303,0.104492,0.104492,0
22.091667,0.920000,1.205000,0.100342,0.100342,0
22.094444,0.830000,1.042279,0.099854,0.099854,0
22.097222,0.545000,0.790093,0.103027,0.103027,0
22.100000,0.160000,0.520000,0.107910,0.107910,0
22.102778,-0.180000,0.294907,0.112305,0.112305,0
22.105556,-0.395000,0.112721,0.113770,0.113770,0
22.108333,-0.490000,-0.055000,0.111084,0.111084,0
22.111111,-0.515000,-0.206303,0.104492,0.104492,0
22.113889,-0.470000,-0.250954,0.096191,0.096191,0
22.116667,-0.425000,-0.194904,0.088867,0.088867,0
22.119444,-0.410000,-0.076047,0.084961,0.084961,0
22.122222,-0.410000,0.046418,0.085449,0.085449,0
22.125000,-0.415000,0.095000,0.090332,0.090332,0
22.127778,-0.410000,0.046418,0.097168,0.097168,0
22.130556,-0.405000,-0.071047,0.103027,0.103027,0
22.133333,-0.395000,-0.164904,0.104248,0.104248,0
22.136111,-0.395000,-0.175954,0.098389,0.098389,0
22.138889,-0.395000,-0.086303,0.084717,0.084717,0
22.141667,-0.405000,0.030000,0.064453,0.064453,0
22.144444,-0.410000,0.097721,0.040771,0.040771,0
22.147222,-0.400000,0.074907,0.018311,0.018311,0
22.150000,-0.405000,-0.045000,0.000244,0.000244,0
22.152778,-0.395000,-0.149907,-0.010742,-0.010742,0
22.155556,-0.400000,-0.187721,-0.014893,-0.014893,0
22.158333,-0.410000,-0.125000,-0.014160,-0.014160,0
22.161111,-0.420000,-0.008697,-0.011963,-0.011963,0
22.163889,-0.415000,0.085954,-0.010742,-0.010742,0
22.166667,-0.415000,0.074904,-0.011963,-0.011963,0
22.169444,-0.405000,-0.018953,-0.015137,-0.015137,0
22.172222,-0.410000,-0.146418,-0.018799,-0.018799,0
22.175000,-0.430000,-0.220000,-0.020508,-0.020508,0
22.177778,-0.445000,-0.181418,-0.019775,-0.019775,0
22.180556,-0.445000,-0.058953,-0.016602,-0.016602,0
22.183333,-0.425000,0.064904,-0.013184,-0.013184,0
22.186111,-0.415000,0.085954,-0.011230,-0.011230,0
22.188889,-0.420000,-0.008697,-0.012695,-0.012695,0
22.191667,-0.420000,-0.135000,-0.016846,-0.016846,0
22.194444,-0.425000,-0.212721,-0.022461,-0.022461,0
22.197222,-0.420000,-0.174907,-0.025879,-0.025879,0
22.200000,-0.425000,-0.065000,-0.025391,-0.025391,0
22.202778,-0.410000,0.064907,-0.019775,-0.019775,0
22.205556,-0.415000,0.092721,-0.011475,-0.011475,0
22.208333,-0.435000,0.000000,-0.003662,-0.003662,0
22.211111,-0.440000,-0.131303,-0.001221,-0.001221,0
22.213889,-0.435000,-0.215954,-0.006836,-0.006836,0
22.216667,-0.415000,-0.184904,-0.020508,-0.020508,0
22.219444,-0.415000,-0.081047,-0.039062,-0.039062,0
22.222222,-0.410000,0.046418,-0.057373,-0.057373,0
22.225000,-0.410000,0.100000,-0.071777,-0.071777,0
22.227778,-0.420000,0.036418,-0.081299,-0.081299,0
22.230556,-0.430000,-0.096047,-0.089844,-0.089844,0
22.233333,-0.435000,-0.204904,-0.104004,-0.104004,0
22.236111,-0.425000,-0.205954,-0.128662,-0.128662,0
22.238889,-0.420000,-0.111303,-0.163330,-0.163330,0
22.241667,-0.420000,0.015000,-0.197754,-0.197754,0
22.244444,-0.425000,0.082721,-0.211426,-0.211426,0
22.247222,-0.425000,0.049907,-0.178711,-0.178711,0
22.250000,-0.425000,-0.065000,-0.076904,-0.076904,0
22.252778,-0.420000,-0.174907,0.103271,0.103271,0
22.255556,-0.425000,-0.212721,0.351318,0.351318,0
22.258333,-0.425000,-0.140000,0.634521,0.634521,0
22.261111,-0.425000,-0.013697,0.903076,0.903076,0
22.263889,-0.420000,0.080954,1.103027,1.103027,0
22.266667,-0.415000,0.074904,1.189941,1.189941,1
22.269444,-0.415000,-0.028953,1.142334,1.142334,0
22.272222,-0.415000,-0.151418,0.968750,0.968750,0
22.275000,-0.420000,-0.210000,0.706055,0.706055,0
22.277778,-0.430000,-0.166418,0.409180,0.409180,0
22.280556,-0.425000,-0.038953,0.135986,0.135986,0
22.283333,-0.420000,0.069904,-0.068604,-0.068604,0
22.286111,-0.415000,0.085954,-0.181885,-0.181885,0
22.288889,-0.420000,-0.008697,-0.207764,-0.207764,0
22.291667,-0.420000,-0.135000,-0.170654,-0.170654,0
22.294444,-0.430000,-0.217721,-0.105957,-0.105957,0
22.297222,-0.420000,-0.174907,-0.045898,-0.045898,0
22.300000,-0.420000,-0.060000,-0.011963,-0.011963,0
22.302778,-0.410000,0.064907,-0.009521,-0.009521,0
22.305556,-0.405000,0.102721,-0.029785,-0.029785,0
22.308333,-0.425000,0.010000,-0.057617,-0.057617,0
22.311111,-0.435000,-0.126303,-0.077637,-0.077637,0
22.313889,-0.440000,-0.220954,-0.082031,-0.082031,0
22.316667,-0.420000,-0.189904,-0.070801,-0.070801,0
22.319444,-0.415000,-0.081047,-0.051758,-0.051758,0
22.322222,-0.430000,0.026418,-0.034424,-0.034424,0
22.325000,-0.440000,0.070000,-0.026611,-0.026611,0
22.327778,-0.450000,0.006418,-0.030518,-0.030518,0
22.330556,-0.450000,-0.116047,-0.042725,-0.042725,0
22.333333,-0.445000,-0.214904,-0.056641,-0.056641,0
22.336111,-0.445000,-0.225954,-0.066650,-0.066650,0
22.338889,-0.445000,-0.136303,-0.069580,-0.069580,0
22.341667,-0.465000,-0.030000,-0.065918,-0.065918,0
22.344444,-0.475000,0.032721,-0.059570,-0.059570,0
22.347222,-0.490000,-0.015093,-0.055176,-0.055176,0
22.350000,-0.480000,-0.120000,-0.055664,-0.055664,0
22.352778,-0.475000,-0.229907,-0.061035,-0.061035,0
22.355556,-0.480000,-0.267721,-0.068359,-0.068359,0
22.358333,-0.485000,-0.200000,-0.074707,-0.074707,0
22.361111,-0.490000,-0.078697,-0.076416,-0.076416,0
22.363889,-0.485000,0.015954,-0.072510,-0.072510,0
22.366667,-0.475000,0.014904,-0.064941,-0.064941,0
22.369444,-0.455000,-0.068953,-0.056152,-0.056152,0
22.372222,-0.465000,-0.201418,-0.050049,-0.050049,0
22.375000,-0.460000,-0.250000,-0.048584,-0.048584,0
22.377778,-0.470000,-0.206418,-0.051758,-0.051758,0
22.380556,-0.455000,-0.068953,-0.057861,-0.057861,0
22.383333,-0.450000,0.039904,-0.063965,-0.063965,0
22.386111,-0.435000,0.065954,-0.067139,-0.067139,0
22.388889,-0.430000,-0.018697,-0.065918,-0.065918,0
22.391667,-0.430000,-0.145000,-0.061035,-0.061035,0
22.394444,-0.420000,-0.207721,-0.054688,-0.054688,0
22.397222,-0.415000,-0.169907,-0.049072,-0.049072,0
22.400000,-0.390000,-0.030000,-0.046387,-0.046387,0
22.402778,-0.385000,0.089907,-0.047119,-0.047119,0
22.405556,-0.375000,0.132721,-0.050781,-0.050781,0
22.408333,-0.375000,0.060000,-0.055176,-0.055176,0
22.411111,-0.375000,-0.066303,-0.058350,-0.058350,0
22.413889,-0.360000,-0.140954,-0.059570,-0.059570,0
22.416667,-0.345000,-0.114904,-0.058350,-0.058350,0
22.419444,-0.335000,-0.001047,-0.055908,-0.055908,0
22.422222,-0.330000,0.126418,-0.053467,-0.053467,0
22.425000,-0.345000,0.165000,-0.051758,-0.051758,0
22.427778,-0.340000,0.116418,-0.051514,-0.051514,0
22.430556,-0.335000,-0.001047,-0.052002,-0.052002,0
22.433333,-0.330000,-0.099904,-0.052246,-0.052246,0
22.436111,-0.325000,-0.105954,-0.052002,-0.052002,0
22.438889,-0.320000,-0.011303,-0.050781,-0.050781,0
22.441667,-0.330000,0.105000,-0.048828,-0.048828,0
22.444444,-0.335000,0.172721,-0.047119,-0.047119,0
22.447222,-0.325000,0.149907,-0.045898,-0.045898,0
22.450000,-0.320000,0.040000,-0.045410,-0.045410,0
22.452778,-0.310000,-0.064907,-0.046143,-0.046143,0
22.455556,-0.305000,-0.092721,-0.047119,-0.047119,0
22.458333,-0.325000,-0.040000,-0.048340,-0.048340,0
22.461111,-0.330000,0.081303,-0.049316,-0.049316,0
22.463889,-0.325000,0.175954,-0.049561,-0.049561,0
22.466667,-0.320000,0.169904,-0.048828,-0.048828,0
22.469444,-0.305000,0.081047,-0.047607,-0.047607,0
22.472222,-0.320000,-0.056418,-0.045898,-0.045898,0
22.475000,-0.320000,-0.110000,-0.044434,-0.044434,0
22.477778,-0.340000,-0.076418,-0.043945,-0.043945,0
22.480556,-0.325000,0.061047,-0.044434,-0.044434,0
22.483333,-0.325000,0.164904,-0.046143,-0.046143,0
22.486111,-0.330000,0.170954,-0.048584,-0.048584,0
22.488889,-0.330000,0.081303,-0.051758,-0.051758,0
22.491667,-0.345000,-0.060000,-0.054688,-0.054688,0
22.494444,-0.355000,-0.142721,-0.057617,-0.057617,0
22.497222,-0.350000,-0.104907,-0.060059,-0.060059,0
22.500000,-0.330000,0.030000,-0.062500,-0.062500,0
22.502778,-0.325000,0.149907,-0.065186,-0.065186,0
22.505556,-0.335000,0.172721,-0.068359,-0.068359,0
22.508333,-0.335000,0.100000,-0.072266,-0.072266,0
22.511111,-0.360000,-0.051303,-0.077148,-0.077148,0
22.513889,-0.350000,-0.130954,-0.082520,-0.082520,0
22.516667,-0.345000,-0.114904,-0.088379,-0.088379,0
22.519444,-0.355000,-0.021047,-0.094971,-0.094971,0
22.522222,-0.360000,0.096418,-0.101562,-0.101562,0
22.525000,-0.350000,0.160000,-0.107910,-0.107910,0
22.527778,-0.370000,0.086418,-0.112793,-0.112793,0
22.530556,-0.350000,-0.016047,-0.115479,-0.115479,0
22.533333,-0.355000,-0.124904,-0.115479,-0.115479,0
22.536111,-0.350000,-0.130954,-0.113525,-0.113525,0
22.538889,-0.350000,-0.041303,-0.109863,-0.109863,0
22.541667,-0.350000,0.085000,-0.105469,-0.105469,0
22.544444,-0.365000,0.142721,-0.101318,-0.101318,0
22.547222,-0.355000,0.119907,-0.097656,-0.097656,0
22.550000,-0.360000,0.000000,-0.094482,-0.094482,0
22.552778,-0.350000,-0.104907,-0.091553,-0.091553,0
22.555556,-0.360000,-0.147721,-0.087891,-0.087891,0
22.558333,-0.365000,-0.080000,-0.083496,-0.083496,0
22.561111,-0.375000,0.036303,-0.077881,-0.077881,0
22.563889,-0.365000,0.135954,-0.070801,-0.070801,0
22.566667,-0.375000,0.114904,-0.062744,-0.062744,0
22.569444,-0.365000,0.021047,-0.053955,-0.053955,0
22.572222,-0.380000,-0.116418,-0.044678,-0.044678,0
22.575000,-0.380000,-0.170000,-0.035400,-0.035400,0
22.577778,-0.395000,-0.131418,-0.026611,-0.026611,0
22.580556,-0.385000,0.001047,-0.018311,-0.018311,0
22.583333,-0.375000,0.114904,-0.010498,-0.010498,0
22.586111,-0.370000,0.130954,-0.002686,-0.002686,0
22.588889,-0.375000,0.036303,0.004639,0.004639,0
22.591667,-0.375000,-0.090000,0.011963,0.011963,0
22.594444,-0.385000,-0.172721,0.018555,0.018555,0
22.597222,-0.375000,-0.129907,0.024170,0.024170,0
22.600000,-0.375000,-0.015000,0.028076,0.028076,0
22.602778,-0.360000,0.114907,0.030273,0.030273,0
22.605556,-0.370000,0.137721,0.031006,0.031006,0
22.608333,-0.375000,0.060000,0.031006,0.031006,0
22.611111,-0.380000,-0.071303,0.031250,0.031250,0
22.613889,-0.375000,-0.155954,0.032227,0.032227,0
22.616667,-0.365000,-0.134904,0.034424,0.034424,0
22.619444,-0.360000,-0.026047,0.037354,0.037354,0
22.622222,-0.360000,0.096418,0.040039,0.040039,0
22.625000,-0.365000,0.145000,0.042236,0.042236,0
22.627778,-0.380000,0.076418,0.043213,0.043213,0
22.630556,-0.380000,-0.046047,0.043213,0.043213,0
22.633333,-0.375000,-0.144904,0.042725,0.042725,0
22.636111,-0.355000,-0.135954,0.041992,0.041992,0
22.638889,-0.365000,-0.056303,0.041260,0.041260,0
22.641667,-0.370000,0.065000,0.040771,0.040771,0
22.644444,-0.385000,0.122721,0.040527,0.040527,0
22.647222,-0.375000,0.099907,0.040527,0.040527,0
22.650000,-0.360000,0.000000,0.040039,0.040039,0
22.652778,-0.365000,-0.119907,0.038574,0.038574,0
22.655556,-0.365000,-0.152721,0.035889,0.035889,0
22.658333,-0.380000,-0.095000,0.031738,0.031738,0
22.661111,-0.380000,0.031303,0.027100,0.027100,0
22.663889,-0.370000,0.130954,0.022461,0.022461,0
22.666667,-0.360000,0.129904,0.019043,0.019043,0
22.669444,-0.360000,0.026047,0.017578,0.017578,0
22.672222,-0.350000,-0.086418,0.018066,0.018066,0
22.675000,-0.360000,-0.150000,0.020020,0.020020,0
22.677778,-0.365000,-0.101418,0.021973,0.021973,0
22.680556,-0.350000,0.036047,0.022949,0.022949,0
22.683333,-0.345000,0.144904,0.021973,0.021973,0
22.686111,-0.335000,0.165954,0.018799,0.018799,0
22.688889,-0.325000,0.086303,0.013916,0.013916,0
22.691667,-0.320000,-0.035000,0.008789,0.008789,0
22.694444,-0.330000,-0.117721,0.004150,0.004150,0
22.697222,-0.320000,-0.074907,0.001465,0.001465,0
22.700000,-0.300000,0.060000,0.000488,0.000488,0
22.702778,-0.300000,0.174907,0.001221,0.001221,0
22.705556,-0.295000,0.212721,0.002930,0.002930,0
22.708333,-0.305000,0.130000,0.004883,0.004883,0
22.711111,-0.295000,0.013697,0.006348,0.006348,0
22.713889,-0.285000,-0.065954,0.007080,0.007080,0
22.716667,-0.270000,-0.039904,0.006592,0.006592,0
22.719444,-0.270000,0.063953,0.005371,0.005371,0
22.722222,-0.255000,0.201418,0.003418,0.003418,0
22.725000,-0.265000,0.245000,0.001465,0.001465,0
22.727778,-0.270000,0.186418,-0.000488,-0.000488,0
22.730556,-0.275000,0.058953,-0.001953,-0.001953,0
22.733333,-0.265000,-0.034904,-0.003174,-0.003174,0
22.736111,-0.275000,-0.055954,-0.004883,-0.004883,0
22.738889,-0.270000,0.038697,-0.007324,-0.007324,0
22.741667,-0.285000,0.150000,-0.010986,-0.010986,0
22.744444,-0.295000,0.212721,-0.015137,-0.015137,0
22.747222,-0.295000,0.179907,-0.019287,-0.019287,0
22.750000,-0.285000,0.075000,-0.022461,-0.022461,0
22.752778,-0.275000,-0.029907,-0.024170,-0.024170,0
22.755556,-0.280000,-0.067721,-0.023926,-0.023926,0
22.758333,-0.300000,-0.015000,-0.022461,-0.022461,0
22.761111,-0.290000,0.121303,-0.020264,-0.020264,0
22.763889,-0.285000,0.215954,-0.018066,-0.018066,0
22.766667,-0.255000,0.234904,-0.016357,-0.016357,0
22.769444,-0.240000,0.146047,-0.015625,-0.015625,0
22.772222,-0.270000,-0.006418,-0.015381,-0.015381,0
22.775000,-0.300000,-0.090000,-0.015625,-0.015625,0
22.777778,-0.340000,-0.076418,-0.015625,-0.015625,0
22.780556,-0.340000,0.046047,-0.015137,-0.015137,0
22.783333,-0.350000,0.139904,-0.014404,-0.014404,0
22.786111,-0.360000,0.140954,-0.012939,-0.012939,0
22.788889,-0.380000,0.031303,-0.011475,-0.011475,0
22.791667,-0.390000,-0.105000,-0.010010,-0.010010,0
22.794444,-0.405000,-0.192721,-0.009277,-0.009277,0
22.797222,-0.400000,-0.154907,-0.009277,-0.009277,0
22.800000,-0.385000,-0.025000,-0.010010,-0.010010,0
22.802778,-0.385000,0.089907,-0.011230,-0.011230,0
22.805556,-0.385000,0.122721,-0.012695,-0.012695,0
22.808333,-0.405000,0.030000,-0.013916,-0.013916,0
22.811111,-0.410000,-0.101303,-0.013916,-0.013916,0
22.813889,-0.405000,-0.185954,-0.013428,-0.013428,0
22.816667,-0.390000,-0.159904,-0.012695,-0.012695,0
22.819444,-0.400000,-0.066047,-0.011963,-0.011963,0
22.822222,-0.395000,0.061418,-0.012207,-0.012207,0
22.825000,-0.415000,0.095000,-0.013184,-0.013184,0
22.827778,-0.415000,0.041418,-0.014404,-0.014404,0
22.830556,-0.405000,-0.071047,-0.015381,-0.015381,0
22.833333,-0.395000,-0.164904,-0.015381,-0.015381,0
22.836111,-0.390000,-0.170954,-0.014160,-0.014160,0
22.838889,-0.390000,-0.081303,-0.012207,-0.012207,0
22.841667,-0.405000,0.030000,-0.010010,-0.010010,0
22.844444,-0.415000,0.092721,-0.007812,-0.007812,0
22.847222,-0.415000,0.059907,-0.005615,-0.005615,0
22.850000,-0.400000,-0.040000,-0.003418,-0.003418,0
22.852778,-0.405000,-0.159907,-0.000488,-0.000488,0
22.855556,-0.430000,-0.217721,0.003418,0.003418,0
22.858333,-0.480000,-0.195000,0.008789,0.008789,0
22.861111,-0.525000,-0.113697,0.014893,0.014893,0
22.863889,-0.550000,-0.049046,0.021729,0.021729,0
22.866667,-0.570000,-0.080096,0.028320,0.028320,0
22.869444,-0.595000,-0.208953,0.034424,0.034424,0
22.872222,-0.645000,-0.381418,0.039551,0.039551,0
22.875000,-0.640000,-0.430000,0.043945,0.043945,0
22.877778,-0.570000,-0.306418,0.048096,0.048096,0
22.880556,-0.440000,-0.053953,0.052246,0.052246,0
22.883333,-0.335000,0.154904,0.057373,0.057373,0
22.886111,-0.250000,0.250954,0.063232,0.063232,0
22.888889,-0.150000,0.261303,0.069824,0.069824,0
22.891667,-0.015000,0.270000,0.076660,0.076660,0
22.894444,0.160000,0.372279,0.083008,0.083008,0
22.897222,0.410000,0.655093,0.087891,0.087891,0
22.900000,0.665000,1.025000,0.090332,0.090332,0
22.902778,0.855000,1.329907,0.090332,0.090332,0
22.905556,0.955000,1.462721,0.088135,0.088135,0
22.908333,0.910000,1.345000,0.084717,0.084717,0
22.911111,0.645000,0.953697,0.080566,0.080566,0
22.913889,0.215000,0.434046,0.076416,0.076416,0
22.916667,-0.195000,0.035096,0.072754,0.072754,0
22.919444,-0.445000,-0.111047,0.069092,0.069092,0
22.922222,-0.540000,-0.083582,0.066162,0.066162,0
22.925000,-0.510000,-0.000000,0.063477,0.063477,0
22.927778,-0.485000,-0.028582,0.062256,0.062256,0
22.930556,-0.435000,-0.101047,0.063232,0.063232,0
22.933333,-0.445000,-0.214904,0.066650,0.066650,0
22.936111,-0.440000,-0.220954,0.072021,0.072021,0
22.938889,-0.440000,-0.131303,0.078613,0.078613,0
22.941667,-0.440000,-0.005000,0.083740,0.083740,0
22.944444,-0.450000,0.057721,0.085205,0.085205,0
22.947222,-0.455000,0.019907,0.081055,0.081055,0
22.950000,-0.455000,-0.095000,0.070068,0.070068,0
22.952778,-0.450000,-0.204907,0.052246,0.052246,0
22.955556,-0.455000,-0.242721,0.029785,0.029785,0
22.958333,-0.460000,-0.175000,0.005615,0.005615,0
22.961111,-0.470000,-0.058697,-0.016113,-0.016113,0
22.963889,-0.465000,0.035954,-0.031982,-0.031982,0
22.966667,-0.450000,0.039904,-0.040283,-0.040283,0
22.969444,-0.440000,-0.053953,-0.041504,-0.041504,0
22.972222,-0.450000,-0.186418,-0.038086,-0.038086,0
22.975000,-0.445000,-0.235000,-0.033936,-0.033936,0
22.977778,-0.460000,-0.196418,-0.032715,-0.032715,0
22.980556,-0.460000,-0.073953,-0.036377,-0.036377,0
22.983333,-0.440000,0.049904,-0.044189,-0.044189,0
22.986111,-0.445000,0.055954,-0.053467,-0.053467,0
22.988889,-0.445000,-0.033697,-0.060059,-0.060059,0
22.991667,-0.450000,-0.165000,-0.061035,-0.061035,0
22.994444,-0.455000,-0.242721,-0.056152,-0.056152,0
22.997222,-0.450000,-0.204907,-0.048096,-0.048096,0
23.000000,-0.455000,-0.095000,-0.040771,-0.040771,0
23.002778,-0.435000,0.039907,-0.039062,-0.039062,0
23.005556,-0.455000,0.052721,-0.044189,-0.044189,0
23.008333,-0.450000,-0.015000,-0.054688,-0.054688,0
23.011111,-0.455000,-0.146303,-0.065674,-0.065674,0
23.013889,-0.455000,-0.235954,-0.070801,-0.070801,0
23.016667,-0.445000,-0.214904,-0.067139,-0.067139,0
23.019444,-0.440000,-0.106047,-0.054932,-0.054932,0
23.022222,-0.435000,0.021418,-0.040039,-0.040039,0
23.025000,-0.435000,0.075000,-0.031982,-0.031982,0
23.027778,-0.450000,0.006418,-0.039307,-0.039307,0
23.030556,-0.445000,-0.111047,-0.066650,-0.066650,0
23.033333,-0.430000,-0.199904,-0.111572,-0.111572,0
23.036111,-0.440000,-0.220954,-0.165527,-0.165527,0
23.038889,-0.450000,-0.141303,-0.215332,-0.215332,0
23.041667,-0.450000,-0.015000,-0.249512,-0.249512,0
23.044444,-0.455000,0.052721,-0.260986,-0.260986,0
23.047222,-0.460000,0.014907,-0.250000,-0.250000,0
23.050000,-0.440000,-0.080000,-0.223389,-0.223389,0
23.052778,-0.435000,-0.189907,-0.188721,-0.188721,0
23.055556,-0.445000,-0.232721,-0.149414,-0.149414,0
23.058333,-0.455000,-0.170000,-0.100830,-0.100830,0
23.061111,-0.460000,-0.048697,-0.029053,-0.029053,0
23.063889,-0.455000,0.045954,0.083496,0.083496,0
23.066667,-0.440000,0.049904,0.249268,0.249268,0
23.069444,-0.445000,-0.058953,0.467285,0.467285,0
23.072222,-0.440000,-0.176418,0.717041,0.717041,0
23.075000,-0.450000,-0.240000,0.959961,0.959961,0
23.077778,-0.465000,-0.201418,1.146973,1.146973,0
23.080556,-0.450000,-0.063953,1.233154,1.233154,1
23.083333,-0.455000,0.034904,1.191406,1.191406,0
23.086111,-0.440000,0.060954,1.022461,1.022461,0
23.088889,-0.440000,-0.028697,0.756592,0.756592,0
23.091667,-0.450000,-0.165000,0.447021,0.447021,0
23.094444,-0.475000,-0.262721,0.153564,0.153564,0
23.097222,-0.455000,-0.209907,-0.073242,-0.073242,0
23.100000,-0.450000,-0.090000,-0.204590,-0.204590,0
23.102778,-0.450000,0.024907,-0.240234,-0.240234,0
23.105556,-0.440000,0.067721,-0.204102,-0.204102,0
23.108333,-0.440000,-0.005000,-0.133545,-0.133545,0
23.111111,-0.455000,-0.146303,-0.065918,-0.065918,0
23.113889,-0.440000,-0.220954,-0.027344,-0.027344,0
23.116667,-0.440000,-0.209904,-0.026611,-0.026611,0
23.119444,-0.435000,-0.101047,-0.055176,-0.055176,0
23.122222,-0.440000,0.016418,-0.095703,-0.095703,0
23.125000,-0.445000,0.065000,-0.129150,-0.129150,0
23.127778,-0.455000,0.001418,-0.143066,-0.143066,0
23.130556,-0.450000,-0.116047,-0.135254,-0.135254,0
23.133333,-0.440000,-0.209904,-0.113281,-0.113281,0
23.136111,-0.435000,-0.215954,-0.088623,-0.088623,0
23.138889,-0.450000,-0.141303,-0.072510,-0.072510,0
23.141667,-0.445000,-0.010000,-0.070068,-0.070068,0
23.144444,-0.455000,0.052721,-0.079590,-0.079590,0
23.147222,-0.450000,0.024907,-0.094482,-0.094482,0
23.150000,-0.445000,-0.085000,-0.106689,-0.106689,0
23.152778,-0.445000,-0.199907,-0.110352,-0.110352,0
23.155556,-0.455000,-0.242721,-0.104248,-0.104248,0
23.158333,-0.470000,-0.185000,-0.092285,-0.092285,0
23.161111,-0.470000,-0.058697,-0.079590,-0.079590,0
23.163889,-0.480000,0.020954,-0.071777,-0.071777,0
23.166667,-0.465000,0.024904,-0.071289,-0.071289,0
23.169444,-0.455000,-0.068953,-0.077148,-0.077148,0
23.172222,-0.455000,-0.191418,-0.085449,-0.085449,0
23.175000,-0.465000,-0.255000,-0.092529,-0.092529,0
23.177778,-0.470000,-0.206418,-0.094971,-0.094971,0
23.180556,-0.470000,-0.083953,-0.092773,-0.092773,0
23.183333,-0.455000,0.034904,-0.086914,-0.086914,0
23.186111,-0.455000,0.045954,-0.080078,-0.080078,0
23.188889,-0.460000,-0.048697,-0.074951,-0.074951,0
23.191667,-0.450000,-0.165000,-0.072266,-0.072266,0
23.194444,-0.455000,-0.242721,-0.071777,-0.071777,0
23.197222,-0.445000,-0.199907,-0.072510,-0.072510,0
23.200000,-0.435000,-0.075000,-0.072998,-0.072998,0
23.202778,-0.410000,0.064907,-0.072754,-0.072754,0
23.205556,-0.420000,0.087721,-0.072021,-0.072021,0
23.208333,-0.420000,0.015000,-0.071045,-0.071045,0
23.211111,-0.425000,-0.116303,-0.070557,-0.070557,0
23.213889,-0.410000,-0.190954,-0.071289,-0.071289,0
23.216667,-0.390000,-0.159904,-0.072998,-0.072998,0
23.219444,-0.370000,-0.036047,-0.075195,-0.075195,0
23.222222,-0.370000,0.086418,-0.076904,-0.076904,0
23.225000,-0.375000,0.135000,-0.077637,-0.077637,0
23.227778,-0.380000,0.076418,-0.077393,-0.077393,0
23.230556,-0.360000,-0.026047,-0.075928,-0.075928,0
23.233333,-0.350000,-0.119904,-0.074463,-0.074463,0
23.236111,-0.350000,-0.130954,-0.073242,-0.073242,0
23.238889,-0.335000,-0.026303,-0.072998,-0.072998,0
23.241667,-0.340000,0.095000,-0.073486,-0.073486,0
23.244444,-0.355000,0.152721,-0.074707,-0.074707,0
23.247222,-0.355000,0.119907,-0.075439,-0.075439,0
23.250000,-0.340000,0.020000,-0.075684,-0.075684,0
23.252778,-0.330000,-0.084907,-0.074951,-0.074951,0
23.255556,-0.345000,-0.132721,-0.073975,-0.073975,0
23.258333,-0.350000,-0.065000,-0.073242,-0.073242,0
23.261111,-0.345000,0.066303,-0.072998,-0.072998,0
23.263889,-0.345000,0.155954,-0.073975,-0.073975,0
23.266667,-0.330000,0.159904,-0.075439,-0.075439,0
23.269444,-0.315000,0.071047,-0.076904,-0.076904,0
23.272222,-0.325000,-0.061418,-0.077637,-0.077637,0
23.275000,-0.340000,-0.130000,-0.077148,-0.077148,0
23.277778,-0.340000,-0.076418,-0.075195,-0.075195,0
23.280556,-0.340000,0.046047,-0.072510,-0.072510,0
23.283333,-0.340000,0.149904,-0.069336,-0.069336,0
23.286111,-0.335000,0.165954,-0.066406,-0.066406,0
23.288889,-0.345000,0.066303,-0.064453,-0.064453,0
23.291667,-0.350000,-0.065000,-0.063477,-0.063477,0
23.294444,-0.370000,-0.157721,-0.063965,-0.063965,0
23.297222,-0.350000,-0.104907,-0.065430,-0.065430,0
23.300000,-0.345000,0.015000,-0.067383,-0.067383,0
23.302778,-0.335000,0.139907,-0.069580,-0.069580,0
23.305556,-0.355000,0.152721,-0.071289,-0.071289,0
23.308333,-0.365000,0.070000,-0.072021,-0.072021,0
23.311111,-0.360000,-0.051303,-0.071533,-0.071533,0
23.313889,-0.365000,-0.145954,-0.070312,-0.070312,0
23.316667,-0.360000,-0.129904,-0.069092,-0.069092,0
23.319444,-0.350000,-0.016047,-0.068848,-0.068848,0
23.322222,-0.355000,0.101418,-0.070557,-0.070557,0
23.325000,-0.355000,0.155000,-0.074219,-0.074219,0
23.327778,-0.375000,0.081418,-0.079102,-0.079102,0
23.330556,-0.375000,-0.041047,-0.084473,-0.084473,0
23.333333,-0.370000,-0.139904,-0.088867,-0.088867,0
23.336111,-0.355000,-0.135954,-0.091797,-0.091797,0
23.338889,-0.355000,-0.046303,-0.093262,-0.093262,0
23.341667,-0.375000,0.060000,-0.093506,-0.093506,0
23.344444,-0.375000,0.132721,-0.092773,-0.092773,0
23.347222,-0.385000,0.089907,-0.091797,-0.091797,0
23.350000,-0.365000,-0.005000,-0.091309,-0.091309,0
23.352778,-0.360000,-0.114907,-0.091064,-0.091064,0
23.355556,-0.365000,-0.152721,-0.090820,-0.090820,0
23.358333,-0.390000,-0.105000,-0.090576,-0.090576,0
23.361111,-0.390000,0.021303,-0.089600,-0.089600,0
23.363889,-0.385000,0.115954,-0.087646,-0.087646,0
23.366667,-0.380000,0.109904,-0.084229,-0.084229,0
23.369444,-0.385000,0.001047,-0.079834,-0.079834,0
23.372222,-0.390000,-0.126418,-0.074219,-0.074219,0
23.375000,-0.390000,-0.180000,-0.068115,-0.068115,0
23.377778,-0.405000,-0.141418,-0.061768,-0.061768,0
23.380556,-0.390000,-0.003953,-0.055664,-0.055664,0
23.383333,-0.395000,0.094904,-0.049805,-0.049805,0
23.386111,-0.390000,0.110954,-0.043701,-0.043701,0
23.388889,-0.395000,0.016303,-0.037354,-0.037354,0
23.391667,-0.410000,-0.125000,-0.030273,-0.030273,0
23.394444,-0.415000,-0.202721,-0.022705,-0.022705,0
23.397222,-0.415000,-0.169907,-0.014648,-0.014648,0
23.400000,-0.405000,-0.045000,-0.007080,-0.007080,0
23.402778,-0.395000,0.079907,0.000000,0.000000,0
23.405556,-0.405000,0.102721,0.005859,0.005859,0
23.408333,-0.415000,0.020000,0.010986,0.010986,0
23.411111,-0.420000,-0.111303,0.015137,0.015137,0
23.413889,-0.410000,-0.190954,0.018555,0.018555,0
23.416667,-0.420000,-0.189904,0.020996,0.020996,0
23.419444,-0.400000,-0.066047,0.022217,0.022217,0
23.422222,-0.400000,0.056418,0.022217,0.022217,0
23.425000,-0.405000,0.105000,0.021240,0.021240,0
23.427778,-0.415000,0.041418,0.020020,0.020020,0
23.430556,-0.420000,-0.086047,0.019531,0.019531,0
23.433333,-0.400000,-0.169904,0.020264,0.020264,0
23.436111,-0.395000,-0.175954,0.022705,0.022705,0
23.438889,-0.385000,-0.076303,0.026123,0.026123,0
23.441667,-0.405000,0.030000,0.029785,0.029785,0
23.444444,-0.410000,0.097721,0.032959,0.032959,0
23.447222,-0.410000,0.064907,0.034424,0.034424,0
23.450000,-0.405000,-0.045000,0.034180,0.034180,0
23.452778,-0.395000,-0.149907,0.031982,0.031982,0
23.455556,-0.405000,-0.192721,0.028564,0.028564,0
23.458333,-0.410000,-0.125000,0.024170,0.024170,0
23.461111,-0.410000,0.001303,0.019775,0.019775,0
23.463889,-0.415000,0.085954,0.016357,0.016357,0
23.466667,-0.415000,0.074904,0.013916,0.013916,0
23.469444,-0.405000,-0.018953,0.012939,0.012939,0
23.472222,-0.395000,-0.131418,0.012695,0.012695,0
23.475000,-0.405000,-0.195000,0.012695,0.012695,0
23.477778,-0.410000,-0.146418,0.011963,0.011963,0
23.480556,-0.410000,-0.023953,0.010742,0.010742,0
23.483333,-0.400000,0.089904,0.009033,0.009033,0
23.486111,-0.395000,0.105954,0.006836,0.006836,0
23.488889,-0.395000,0.016303,0.004883,0.004883,0
23.491667,-0.395000,-0.110000,0.003662,0.003662,0
23.494444,-0.405000,-0.192721,0.002930,0.002930,0
23.497222,-0.390000,-0.144907,0.002686,0.002686,0
23.500000,-0.370000,-0.010000,0.002441,0.002441,0
23.502778,-0.365000,0.109907,0.001465,0.001465,0
23.505556,-0.355000,0.152721,-0.000244,-0.000244,0
23.508333,-0.355000,0.080000,-0.002197,-0.002197,0
23.511111,-0.355000,-0.046303,-0.004150,-0.004150,0
23.513889,-0.350000,-0.130954,-0.005371,-0.005371,0
23.516667,-0.340000,-0.109904,-0.005615,-0.005615,0
23.519444,-0.330000,0.003953,-0.005615,-0.005615,0
23.522222,-0.325000,0.131418,-0.005615,-0.005615,0
23.525000,-0.340000,0.170000,-0.006104,-0.006104,0
23.527778,-0.345000,0.111418,-0.007568,-0.007568,0
23.530556,-0.345000,-0.011047,-0.010010,-0.010010,0
23.533333,-0.325000,-0.094904,-0.012695,-0.012695,0
23.536111,-0.300000,-0.080954,-0.016113,-0.016113,0
23.538889,-0.305000,0.003697,-0.019043,-0.019043,0
23.541667,-0.305000,0.130000,-0.021973,-0.021973,0
23.544444,-0.320000,0.187721,-0.024170,-0.024170,0
23.547222,-0.300000,0.174907,-0.025635,-0.025635,0
23.550000,-0.315000,0.045000,-0.026611,-0.026611,0
23.552778,-0.295000,-0.049907,-0.027344,-0.027344,0
23.555556,-0.305000,-0.092721,-0.028320,-0.028320,0
23.558333,-0.320000,-0.035000,-0.029785,-0.029785,0
23.561111,-0.330000,0.081303,-0.032227,-0.032227,0
23.563889,-0.320000,0.180954,-0.035156,-0.035156,0
23.566667,-0.300000,0.189904,-0.038330,-0.038330,0
23.569444,-0.295000,0.091047,-0.041016,-0.041016,0
23.572222,-0.310000,-0.046418,-0.042969,-0.042969,0
23.575000,-0.325000,-0.115000,-0.043945,-0.043945,0
23.577778,-0.320000,-0.056418,-0.044434,-0.044434,0
23.580556,-0.300000,0.086047,-0.044434,-0.044434,0
23.583333,-0.280000,0.209904,-0.044922,-0.044922,0
23.586111,-0.295000,0.205954,-0.045410,-0.045410,0
23.588889,-0.330000,0.081303,-0.046143,-0.046143,0
23.591667,-0.365000,-0.080000,-0.046631,-0.046631,0
23.594444,-0.385000,-0.172721,-0.046631,-0.046631,0
23.597222,-0.390000,-0.144907,-0.045898,-0.045898,0
23.600000,-0.395000,-0.035000,-0.044434,-0.044434,0
23.602778,-0.395000,0.079907,-0.042725,-0.042725,0
23.605556,-0.410000,0.097721,-0.041016,-0.041016,0
23.608333,-0.420000,0.015000,-0.039307,-0.039307,0
23.611111,-0.440000,-0.131303,-0.037842,-0.037842,0
23.613889,-0.430000,-0.210954,-0.036621,-0.036621,0
23.616667,-0.420000,-0.189904,-0.036133,-0.036133,0
23.619444,-0.415000,-0.081047,-0.036377,-0.036377,0
23.622222,-0.410000,0.046418,-0.037354,-0.037354,0
23.625000,-0.430000,0.080000,-0.039062,-0.039062,0
23.627778,-0.435000,0.021418,-0.041016,-0.041016,0
23.630556,-0.430000,-0.096047,-0.042969,-0.042969,0
23.633333,-0.430000,-0.199904,-0.044434,-0.044434,0
23.636111,-0.420000,-0.200954,-0.045410,-0.045410,0
23.638889,-0.420000,-0.111303,-0.045654,-0.045654,0
23.641667,-0.440000,-0.005000,-0.045410,-0.045410,0
23.644444,-0.445000,0.062721,-0.044922,-0.044922,0
23.647222,-0.430000,0.044907,-0.043945,-0.043945,0
23.650000,-0.430000,-0.070000,-0.042480,-0.042480,0
23.652778,-0.425000,-0.179907,-0.041016,-0.041016,0
23.655556,-0.430000,-0.217721,-0.039795,-0.039795,0
23.658333,-0.430000,-0.145000,-0.038818,-0.038818,0
23.661111,-0.445000,-0.033697,-0.038086,-0.038086,0
23.663889,-0.440000,0.060954,-0.037354,-0.037354,0
23.666667,-0.455000,0.034904,-0.035645,-0.035645,0
23.669444,-0.430000,-0.043953,-0.032227,-0.032227,0
23.672222,-0.440000,-0.176418,-0.026855,-0.026855,0
23.675000,-0.455000,-0.245000,-0.019531,-0.019531,0
23.677778,-0.480000,-0.216418,-0.010742,-0.010742,0
23.680556,-0.510000,-0.123953,-0.001709,-0.001709,0
23.683333,-0.545000,-0.055096,0.006836,0.006836,0
23.686111,-0.565000,-0.064046,0.013428,0.013428,0
23.688889,-0.580000,-0.168697,0.018066,0.018066,0
23.691667,-0.635000,-0.350000,0.020752,0.020752,0
23.694444,-0.665000,-0.452721,0.022217,0.022217,0
23.697222,-0.630000,-0.384907,0.023193,0.023193,0
23.700000,-0.510000,-0.150000,0.024658,0.024658,0
23.702778,-0.355000,0.119907,0.027100,0.027100,0
23.705556,-0.200000,0.307721,0.030762,0.030762,0
23.708333,-0.025000,0.410000,0.035400,0.035400,0
23.711111,0.240000,0.548697,0.041016,0.041016,0
23.713889,0.540000,0.759046,0.046875,0.046875,0
23.716667,0.755000,0.985096,0.052002,0.052002,0
23.719444,0.845000,1.178953,0.055664,0.055664,0
23.722222,0.795000,1.251418,0.057129,0.057129,0
23.725000,0.550000,1.060000,0.056396,0.056396,0
23.727778,0.120000,0.576418,0.054199,0.054199,0
23.730556,-0.285000,0.048953,0.051025,0.051025,0
23.733333,-0.520000,-0.289904,0.047852,0.047852,0
23.736111,-0.585000,-0.365954,0.045410,0.045410,0
23.738889,-0.560000,-0.251303,0.044189,0.044189,0
23.741667,-0.520000,-0.085000,0.044434,0.044434,0
23.744444,-0.500000,0.007721,0.046387,0.046387,0
23.747222,-0.470000,0.004907,0.049805,0.049805,0
23.750000,-0.475000,-0.115000,0.054199,0.054199,0
23.752778,-0.470000,-0.224907,0.058105,0.058105,0
23.755556,-0.460000,-0.247721,0.060059,0.060059,0
23.758333,-0.480000,-0.195000,0.058350,0.058350,0
23.761111,-0.485000,-0.073697,0.051758,0.051758,0
23.763889,-0.485000,0.015954,0.039551,0.039551,0
23.766667,-0.470000,0.019904,0.022461,0.022461,0
23.769444,-0.465000,-0.078953,0.002441,0.002441,0
23.772222,-0.475000,-0.211418,-0.017822,-0.017822,0
23.775000,-0.480000,-0.270000,-0.035645,-0.035645,0
23.777778,-0.490000,-0.226418,-0.049072,-0.049072,0
23.780556,-0.485000,-0.098953,-0.056885,-0.056885,0
23.783333,-0.475000,0.014904,-0.059814,-0.059814,0
23.786111,-0.470000,0.030954,-0.059570,-0.059570,0
23.788889,-0.475000,-0.063697,-0.058594,-0.058594,0
23.791667,-0.490000,-0.205000,-0.058838,-0.058838,0
23.794444,-0.495000,-0.282721,-0.061035,-0.061035,0
23.797222,-0.495000,-0.249907,-0.065186,-0.065186,0
23.800000,-0.495000,-0.135000,-0.069336,-0.069336,0
23.802778,-0.480000,-0.005093,-0.072021,-0.072021,0
23.805556,-0.490000,0.017721,-0.071777,-0.071777,0
23.808333,-0.485000,-0.050000,-0.069092,-0.069092,0
23.811111,-0.495000,-0.186303,-0.065674,-0.065674,0
23.813889,-0.490000,-0.270954,-0.063232,-0.063232,0
23.816667,-0.485000,-0.254904,-0.064209,-0.064209,0
23.819444,-0.480000,-0.146047,-0.069336,-0.069336,0
23.822222,-0.475000,-0.018582,-0.076660,-0.076660,0
23.825000,-0.485000,0.025000,-0.083496,-0.083496,0
23.827778,-0.490000,-0.033582,-0.086426,-0.086426,0
23.830556,-0.485000,-0.151047,-0.083496,-0.083496,0
23.833333,-0.480000,-0.249904,-0.075928,-0.075928,0
23.836111,-0.475000,-0.255954,-0.067139,-0.067139,0
23.838889,-0.485000,-0.176303,-0.062256,-0.062256,0
23.841667,-0.485000,-0.050000,-0.065430,-0.065430,0
23.844444,-0.510000,-0.002279,-0.077148,-0.077148,0
23.847222,-0.495000,-0.020093,-0.095459,-0.095459,0
23.850000,-0.490000,-0.130000,-0.115234,-0.115234,0
23.852778,-0.485000,-0.239907,-0.132080,-0.132080,0
23.855556,-0.475000,-0.262721,-0.145020,-0.145020,0
23.858333,-0.475000,-0.190000,-0.156738,-0.156738,0
23.861111,-0.495000,-0.083697,-0.173340,-0.173340,0
23.863889,-0.475000,0.025954,-0.199707,-0.199707,0
23.866667,-0.475000,0.014904,-0.235840,-0.235840,0
23.869444,-0.475000,-0.088953,-0.271484,-0.271484,0
23.872222,-0.470000,-0.206418,-0.286865,-0.286865,0
23.875000,-0.495000,-0.285000,-0.256592,-0.256592,0
23.877778,-0.495000,-0.231418,-0.157715,-0.157715,0
23.880556,-0.495000,-0.108953,0.020752,0.020752,0
23.883333,-0.490000,-0.000096,0.269775,0.269775,0
23.886111,-0.470000,0.030954,0.557373,0.557373,0
23.888889,-0.485000,-0.073697,0.834473,0.834473,0
23.891667,-0.495000,-0.210000,1.045410,1.045410,0
23.894444,-0.505000,-0.292721,1.142822,1.142822,1
23.897222,-0.495000,-0.249907,1.103027,1.103027,0
23.900000,-0.490000,-0.130000,0.931885,0.931885,0
23.902778,-0.490000,-0.015093,0.665771,0.665771,0
23.905556,-0.480000,0.027721,0.361084,0.361084,0
23.908333,-0.490000,-0.055000,0.078613,0.078613,0
23.911111,-0.500000,-0.191303,-0.132812,-0.132812,0
23.913889,-0.495000,-0.275954,-0.248535,-0.248535,0
23.916667,-0.490000,-0.259904,-0.271240,-0.271240,0
23.919444,-0.475000,-0.141047,-0.227539,-0.227539,0
23.922222,-0.480000,-0.023582,-0.154541,-0.154541,0
23.925000,-0.490000,0.020000,-0.088623,-0.088623,0
23.927778,-0.500000,-0.043582,-0.052734,-0.052734,0
23.930556,-0.480000,-0.146047,-0.052734,-0.052734,0
23.933333,-0.485000,-0.254904,-0.079102,-0.079102,0
23.936111,-0.475000,-0.255954,-0.114502,-0.114502,0
23.938889,-0.480000,-0.171303,-0.141602,-0.141602,0
23.941667,-0.480000,-0.045000,-0.150146,-0.150146,0
23.944444,-0.480000,0.027721,-0.139648,-0.139648,0
23.947222,-0.470000,0.004907,-0.117920,-0.117920,0
23.950000,-0.465000,-0.105000,-0.096191,-0.096191,0
23.952778,-0.460000,-0.214907,-0.083740,-0.083740,0
23.955556,-0.475000,-0.262721,-0.084961,-0.084961,0
23.958333,-0.475000,-0.190000,-0.097412,-0.097412,0
23.961111,-0.480000,-0.068697,-0.114502,-0.114502,0
23.963889,-0.490000,0.010954,-0.128418,-0.128418,0
23.966667,-0.480000,0.009904,-0.134277,-0.134277,0
23.969444,-0.470000,-0.083953,-0.130859,-0.130859,0
23.972222,-0.480000,-0.216418,-0.121582,-0.121582,0
23.975000,-0.495000,-0.285000,-0.111328,-0.111328,0
23.977778,-0.505000,-0.241418,-0.104980,-0.104980,0
23.980556,-0.505000,-0.118953,-0.104980,-0.104980,0
23.983333,-0.485000,0.004904,-0.110107,-0.110107,0
23.986111,-0.485000,0.015954,-0.116943,-0.116943,0
23.988889,-0.485000,-0.073697,-0.122070,-0.122070,0
23.991667,-0.495000,-0.210000,-0.122314,-0.122314,0
23.994444,-0.505000,-0.292721,-0.117432,-0.117432,0
23.997222,-0.505000,-0.259907,-0.109375,-0.109375,0
24.000000,-0.490000,-0.130000,-0.101562,-0.101562,0
24.002778,-0.485000,-0.010093,-0.096680,-0.096680,0
24.005556,-0.500000,0.007721,-0.096436,-0.096436,0
24.008333,-0.490000,-0.055000,-0.100342,-0.100342,0
24.011111,-0.500000,-0.191303,-0.106445,-0.106445,0
24.013889,-0.480000,-0.260954,-0.112061,-0.112061,0
24.016667,-0.470000,-0.239904,-0.115723,-0.115723,0
24.019444,-0.445000,-0.111047,-0.116455,-0.116455,0
24.022222,-0.450000,0.006418,-0.114502,-0.114502,0
24.025000,-0.450000,0.060000,-0.111084,-0.111084,0
24.027778,-0.450000,0.006418,-0.106934,-0.106934,0
24.030556,-0.425000,-0.091047,-0.103027,-0.103027,0
24.033333,-0.405000,-0.174904,-0.099854,-0.099854,0
24.036111,-0.385000,-0.165954,-0.097656,-0.097656,0
24.038889,-0.385000,-0.076303,-0.096436,-0.096436,0
24.041667,-0.395000,0.040000,-0.096191,-0.096191,0
24.044444,-0.390000,0.117721,-0.097412,-0.097412,0
24.047222,-0.385000,0.089907,-0.099365,-0.099365,0
24.050000,-0.375000,-0.015000,-0.101318,-0.101318,0
24.052778,-0.370000,-0.124907,-0.103516,-0.103516,0
24.055556,-0.375000,-0.162721,-0.104980,-0.104980,0
24.058333,-0.385000,-0.100000,-0.105957,-0.105957,0
24.061111,-0.390000,0.021303,-0.106689,-0.106689,0
24.063889,-0.390000,0.110954,-0.107178,-0.107178,0
24.066667,-0.385000,0.104904,-0.107666,-0.107666,0
24.069444,-0.370000,0.016047,-0.108154,-0.108154,0
24.072222,-0.370000,-0.106418,-0.108643,-0.108643,0
24.075000,-0.390000,-0.180000,-0.108643,-0.108643,0
24.077778,-0.385000,-0.121418,-0.108398,-0.108398,0
24.080556,-0.385000,0.001047,-0.107910,-0.107910,0
24.083333,-0.385000,0.104904,-0.106934,-0.106934,0
24.086111,-0.375000,0.125954,-0.105713,-0.105713,0
24.088889,-0.375000,0.036303,-0.104492,-0.104492,0
24.091667,-0.380000,-0.095000,-0.103516,-0.103516,0
24.094444,-0.390000,-0.177721,-0.102783,-0.102783,0
24.097222,-0.370000,-0.124907,-0.102539,-0.102539,0
24.100000,-0.380000,-0.020000,-0.102783,-0.102783,0
24.102778,-0.365000,0.109907,-0.103027,-0.103027,0
24.105556,-0.370000,0.137721,-0.103027,-0.103027,0
24.108333,-0.375000,0.060000,-0.102295,-0.102295,0
24.111111,-0.390000,-0.081303,-0.100342,-0.100342,0
24.113889,-0.380000,-0.160954,-0.097656,-0.097656,0
24.116667,-0.365000,-0.134904,-0.094482,-0.094482,0
24.119444,-0.365000,-0.031047,-0.091309,-0.091309,0
24.122222,-0.370000,0.086418,-0.088867,-0.088867,0
24.125000,-0.375000,0.135000,-0.087891,-0.087891,0
24.127778,-0.395000,0.061418,-0.087646,-0.087646,0
24.130556,-0.390000,-0.056047,-0.088623,-0.088623,0
24.133333,-0.390000,-0.159904,-0.090088,-0.090088,0
24.136111,-0.380000,-0.160954,-0.092285,-0.092285,0
24.138889,-0.390000,-0.081303,-0.095215,-0.095215,0
24.141667,-0.405000,0.030000,-0.098877,-0.098877,0
24.144444,-0.415000,0.092721,-0.102783,-0.102783,0
24.147222,-0.415000,0.059907,-0.106689,-0.106689,0
24.150000,-0.410000,-0.050000,-0.109619,-0.109619,0
24.152778,-0.395000,-0.149907,-0.111572,-0.111572,0
24.155556,-0.395000,-0.182721,-0.112549,-0.112549,0
24.158333,-0.410000,-0.125000,-0.112793,-0.112793,0
24.161111,-0.420000,-0.008697,-0.113037,-0.113037,0
24.163889,-0.410000,0.090954,-0.113281,-0.113281,0
24.166667,-0.415000,0.074904,-0.114258,-0.114258,0
24.169444,-0.400000,-0.013953,-0.115723,-0.115723,0
24.172222,-0.420000,-0.156418,-0.117432,-0.117432,0
24.175000,-0.425000,-0.215000,-0.118652,-0.118652,0
24.177778,-0.430000,-0.166418,-0.119141,-0.119141,0
24.180556,-0.430000,-0.043953,-0.118408,-0.118408,0
24.183333,-0.425000,0.064904,-0.115967,-0.115967,0
24.186111,-0.410000,0.090954,-0.111816,-0.111816,0
24.188889,-0.410000,0.001303,-0.106201,-0.106201,0
24.191667,-0.410000,-0.125000,-0.099121,-0.099121,0
24.194444,-0.425000,-0.212721,-0.091064,-0.091064,0
24.197222,-0.425000,-0.179907,-0.082031,-0.082031,0
24.200000,-0.410000,-0.050000,-0.072266,-0.072266,0
24.202778,-0.410000,0.064907,-0.062256,-0.062256,0
24.205556,-0.420000,0.087721,-0.052002,-0.052002,0
24.208333,-0.420000,0.015000,-0.041504,-0.041504,0
24.211111,-0.445000,-0.136303,-0.031250,-0.031250,0
24.213889,-0.450000,-0.230954,-0.021729,-0.021729,0
24.216667,-0.435000,-0.204904,-0.013916,-0.013916,0
24.219444,-0.430000,-0.096047,-0.008301,-0.008301,0
24.222222,-0.430000,0.026418,-0.005371,-0.005371,0
24.225000,-0.440000,0.070000,-0.005127,-0.005127,0
24.227778,-0.450000,0.006418,-0.006348,-0.006348,0
24.230556,-0.445000,-0.111047,-0.008057,-0.008057,0
24.233333,-0.440000,-0.209904,-0.009766,-0.009766,0
24.236111,-0.420000,-0.200954,-0.010254,-0.010254,0
24.238889,-0.420000,-0.111303,-0.010254,-0.010254,0
24.241667,-0.430000,0.005000,-0.009766,-0.009766,0
24.244444,-0.445000,0.062721,-0.009521,-0.009521,0
24.247222,-0.445000,0.029907,-0.009277,-0.009277,0
24.250000,-0.435000,-0.075000,-0.009766,-0.009766,0
24.252778,-0.425000,-0.179907,-0.010254,-0.010254,0
24.255556,-0.425000,-0.212721,-0.010742,-0.010742,0
24.258333,-0.445000,-0.160000,-0.010986,-0.010986,0
24.261111,-0.450000,-0.038697,-0.010742,-0.010742,0
24.263889,-0.445000,0.055954,-0.010254,-0.010254,0
24.266667,-0.435000,0.054904,-0.009277,-0.009277,0
24.269444,-0.425000,-0.038953,-0.008057,-0.008057,0
24.272222,-0.420000,-0.156418,-0.006592,-0.006592,0
24.275000,-0.430000,-0.220000,-0.005371,-0.005371,0
24.277778,-0.430000,-0.166418,-0.004639,-0.004639,0
24.280556,-0.430000,-0.043953,-0.004395,-0.004395,0
24.283333,-0.420000,0.069904,-0.004395,-0.004395,0
24.286111,-0.405000,0.095954,-0.004639,-0.004639,0
24.288889,-0.415000,-0.003697,-0.004639,-0.004639,0
24.291667,-0.420000,-0.135000,-0.004639,-0.004639,0
24.294444,-0.425000,-0.212721,-0.004395,-0.004395,0
24.297222,-0.425000,-0.179907,-0.004639,-0.004639,0
24.300000,-0.420000,-0.060000,-0.005615,-0.005615,0
24.302778,-0.425000,0.049907,-0.007812,-0.007812,0
24.305556,-0.420000,0.087721,-0.011719,-0.011719,0
24.308333,-0.425000,0.010000,-0.016602,-0.016602,0
24.311111,-0.440000,-0.131303,-0.021973,-0.021973,0
24.313889,-0.440000,-0.220954,-0.026855,-0.026855,0
24.316667,-0.425000,-0.194904,-0.031250,-0.031250,0
24.319444,-0.420000,-0.086047,-0.034424,-0.034424,0
24.322222,-0.420000,0.036418,-0.036377,-0.036377,0
24.325000,-0.415000,0.095000,-0.037354,-0.037354,0
24.327778,-0.425000,0.031418,-0.037354,-0.037354,0
24.330556,-0.400000,-0.066047,-0.036621,-0.036621,0
24.333333,-0.380000,-0.149904,-0.036133,-0.036133,0
24.336111,-0.365000,-0.145954,-0.036133,-0.036133,0
24.338889,-0.370000,-0.061303,-0.037354,-0.037354,0
24.341667,-0.370000,0.065000,-0.040039,-0.040039,0
24.344444,-0.365000,0.142721,-0.043945,-0.043945,0
24.347222,-0.355000,0.119907,-0.048096,-0.048096,0
24.350000,-0.345000,0.015000,-0.051758,-0.051758,0
24.352778,-0.330000,-0.084907,-0.053955,-0.053955,0
24.355556,-0.320000,-0.107721,-0.054199,-0.054199,0
24.358333,-0.320000,-0.035000,-0.052979,-0.052979,0
24.361111,-0.330000,0.081303,-0.050537,-0.050537,0
24.363889,-0.325000,0.175954,-0.047607,-0.047607,0
24.366667,-0.315000,0.174904,-0.044922,-0.044922,0
24.369444,-0.315000,0.071047,-0.042969,-0.042969,0
24.372222,-0.315000,-0.051418,-0.042480,-0.042480,0
24.375000,-0.325000,-0.115000,-0.043701,-0.043701,0
24.377778,-0.340000,-0.076418,-0.046387,-0.046387,0
24.380556,-0.345000,0.041047,-0.050049,-0.050049,0
24.383333,-0.335000,0.154904,-0.054688,-0.054688,0
24.386111,-0.325000,0.175954,-0.059570,-0.059570,0
24.388889,-0.335000,0.076303,-0.063721,-0.063721,0
24.391667,-0.355000,-0.070000,-0.067139,-0.067139,0
24.394444,-0.380000,-0.167721,-0.069092,-0.069092,0
24.397222,-0.360000,-0.114907,-0.069580,-0.069580,0
24.400000,-0.345000,0.015000,-0.069092,-0.069092,0
24.402778,-0.305000,0.169907,-0.068115,-0.068115,0
24.405556,-0.295000,0.212721,-0.066650,-0.066650,0
24.408333,-0.315000,0.120000,-0.065186,-0.065186,0
24.411111,-0.335000,-0.026303,-0.063721,-0.063721,0
24.413889,-0.365000,-0.145954,-0.062256,-0.062256,0
24.416667,-0.370000,-0.139904,-0.061279,-0.061279,0
24.419444,-0.375000,-0.041047,-0.061035,-0.061035,0
24.422222,-0.385000,0.071418,-0.061768,-0.061768,0
24.425000,-0.405000,0.105000,-0.063477,-0.063477,0
24.427778,-0.430000,0.026418,-0.065430,-0.065430,0
24.430556,-0.430000,-0.096047,-0.067627,-0.067627,0
24.433333,-0.430000,-0.199904,-0.068848,-0.068848,0
24.436111,-0.430000,-0.210954,-0.069336,-0.069336,0
24.438889,-0.435000,-0.126303,-0.068848,-0.068848,0
24.441667,-0.450000,-0.015000,-0.067383,-0.067383,0
24.444444,-0.460000,0.047721,-0.064941,-0.064941,0
24.447222,-0.460000,0.014907,-0.062012,-0.062012,0
24.450000,-0.460000,-0.100000,-0.058594,-0.058594,0
24.452778,-0.455000,-0.209907,-0.055176,-0.055176,0
24.455556,-0.450000,-0.237721,-0.052246,-0.052246,0
24.458333,-0.450000,-0.165000,-0.050293,-0.050293,0
24.461111,-0.465000,-0.053697,-0.049316,-0.049316,0
24.463889,-0.470000,0.030954,-0.049316,-0.049316,0
24.466667,-0.470000,0.019904,-0.049805,-0.049805,0
24.469444,-0.460000,-0.073953,-0.050537,-0.050537,0
24.472222,-0.475000,-0.211418,-0.051270,-0.051270,0
24.475000,-0.480000,-0.270000,-0.052490,-0.052490,0
24.477778,-0.490000,-0.226418,-0.053955,-0.053955,0
24.480556,-0.480000,-0.093953,-0.056152,-0.056152,0
24.483333,-0.465000,0.024904,-0.059326,-0.059326,0
24.486111,-0.465000,0.035954,-0.062256,-0.062256,0
24.488889,-0.480000,-0.068697,-0.064453,-0.064453,0
24.491667,-0.485000,-0.200000,-0.064941,-0.064941,0
24.494444,-0.495000,-0.282721,-0.062744,-0.062744,0
24.497222,-0.495000,-0.249907,-0.057617,-0.057617,0
24.500000,-0.490000,-0.130000,-0.050537,-0.050537,0
24.502778,-0.490000,-0.015093,-0.041992,-0.041992,0
24.505556,-0.525000,-0.017279,-0.033203,-0.033203,0
24.508333,-0.555000,-0.120000,-0.024902,-0.024902,0
24.511111,-0.600000,-0.291303,-0.016846,-0.016846,0
24.513889,-0.610000,-0.390954,-0.009277,-0.009277,0
24.516667,-0.620000,-0.389904,-0.001709,-0.001709,0
24.519444,-0.655000,-0.321047,0.006104,0.006104,0
24.522222,-0.680000,-0.223582,0.014160,0.014160,0
24.525000,-0.655000,-0.145000,0.022217,0.022217,0
24.527778,-0.575000,-0.118582,0.029785,0.029785,0
24.530556,-0.445000,-0.111047,0.036377,0.036377,0
24.533333,-0.310000,-0.079904,0.041260,0.041260,0
24.536111,-0.130000,0.089046,0.044678,0.044678,0
24.538889,0.125000,0.433697,0.046631,0.046631,0
24.541667,0.395000,0.830000,0.047363,0.047363,0
24.544444,0.600000,1.107721,0.047363,0.047363,0
24.547222,0.725000,1.199907,0.046387,0.046387,0
24.550000,0.715000,1.075000,0.044678,0.044678,0
24.552778,0.530000,0.775093,0.041504,0.041504,0
24.555556,0.185000,0.397279,0.036621,0.036621,0
24.558333,-0.195000,0.090000,0.030029,0.030029,0
24.561111,-0.455000,-0.043697,0.022461,0.022461,0
24.563889,-0.590000,-0.089046,0.015869,0.015869,0
24.566667,-0.615000,-0.125096,0.011963,0.011963,0
24.569444,-0.585000,-0.198953,0.012451,0.012451,0
24.572222,-0.545000,-0.281418,0.017578,0.017578,0
24.575000,-0.535000,-0.325000,0.026367,0.026367,0
24.577778,-0.535000,-0.271418,0.036133,0.036133,0
24.580556,-0.535000,-0.148953,0.043945,0.043945,0
24.583333,-0.525000,-0.035096,0.046387,0.046387,0
24.586111,-0.505000,-0.004046,0.042236,0.042236,0
24.588889,-0.515000,-0.103697,0.031006,0.031006,0
24.591667,-0.505000,-0.220000,0.014648,0.014648,0
24.594444,-0.515000,-0.302721,-0.004150,-0.004150,0
24.597222,-0.515000,-0.269907,-0.022949,-0.022949,0
24.600000,-0.490000,-0.130000,-0.039062,-0.039062,0
24.602778,-0.495000,-0.020093,-0.051025,-0.051025,0
24.605556,-0.500000,0.007721,-0.059082,-0.059082,0
24.608333,-0.490000,-0.055000,-0.063965,-0.063965,0
24.611111,-0.520000,-0.211303,-0.066895,-0.066895,0
24.613889,-0.510000,-0.290954,-0.069824,-0.069824,0
24.616667,-0.520000,-0.289904,-0.073730,-0.073730,0
24.619444,-0.505000,-0.171047,-0.079346,-0.079346,0
24.622222,-0.505000,-0.048582,-0.086182,-0.086182,0
24.625000,-0.505000,0.005000,-0.092529,-0.092529,0
24.627778,-0.515000,-0.058582,-0.096924,-0.096924,0
24.630556,-0.515000,-0.181047,-0.098145,-0.098145,0
24.633333,-0.500000,-0.269904,-0.095947,-0.095947,0
24.636111,-0.510000,-0.290954,-0.092285,-0.092285,0
24.638889,-0.515000,-0.206303,-0.089355,-0.089355,0
24.641667,-0.525000,-0.090000,-0.089844,-0.089844,0
24.644444,-0.530000,-0.022279,-0.094971,-0.094971,0
24.647222,-0.525000,-0.050093,-0.103760,-0.103760,0
24.650000,-0.535000,-0.175000,-0.114014,-0.114014,0
24.652778,-0.520000,-0.274907,-0.121826,-0.121826,0
24.655556,-0.525000,-0.312721,-0.124268,-0.124268,0
24.658333,-0.520000,-0.235000,-0.120361,-0.120361,0
24.661111,-0.530000,-0.118697,-0.111816,-0.111816,0
24.663889,-0.520000,-0.019046,-0.102295,-0.102295,0
24.666667,-0.520000,-0.030096,-0.097168,-0.097168,0
24.669444,-0.510000,-0.123953,-0.100098,-0.100098,0
24.672222,-0.515000,-0.251418,-0.112305,-0.112305,0
24.675000,-0.510000,-0.300000,-0.131592,-0.131592,0
24.677778,-0.530000,-0.266418,-0.153564,-0.153564,0
24.680556,-0.530000,-0.143953,-0.172852,-0.172852,0
24.683333,-0.520000,-0.030096,-0.187500,-0.187500,0
24.686111,-0.510000,-0.009046,-0.198975,-0.198975,0
24.688889,-0.505000,-0.093697,-0.211670,-0.211670,0
24.691667,-0.525000,-0.240000,-0.230957,-0.230957,0
24.694444,-0.530000,-0.317721,-0.258301,-0.258301,0
24.697222,-0.525000,-0.279907,-0.287598,-0.287598,0
24.700000,-0.510000,-0.150000,-0.303711,-0.303711,0
24.702778,-0.495000,-0.020093,-0.284180,-0.284180,0
24.705556,-0.500000,0.007721,-0.206787,-0.206787,0
24.708333,-0.510000,-0.075000,-0.058105,-0.058105,0
24.711111,-0.520000,-0.211303,0.159668,0.159668,0
24.713889,-0.520000,-0.300954,0.422852,0.422852,0
24.716667,-0.515000,-0.284904,0.689697,0.689697,0
24.719444,-0.505000,-0.171047,0.909424,0.909424,0
24.722222,-0.500000,-0.043582,1.034912,1.034912,0
24.725000,-0.510000,-0.000000,1.036621,1.036621,1
24.727778,-0.520000,-0.063582,0.912109,0.912109,0
24.730556,-0.505000,-0.171047,0.687012,0.687012,0
24.733333,-0.515000,-0.284904,0.408691,0.408691,0
24.736111,-0.510000,-0.290954,0.132568,0.132568,0
24.738889,-0.520000,-0.211303,-0.091797,-0.091797,0
24.741667,-0.505000,-0.070000,-0.234619,-0.234619,0
24.744444,-0.505000,0.002721,-0.290039,-0.290039,0
24.747222,-0.515000,-0.040093,-0.274902,-0.274902,0
24.750000,-0.525000,-0.165000,-0.220215,-0.220215,0
24.752778,-0.500000,-0.254907,-0.159180,-0.159180,0
24.755556,-0.495000,-0.282721,-0.116455,-0.116455,0
24.758333,-0.495000,-0.210000,-0.103027,-0.103027,0
24.761111,-0.505000,-0.093697,-0.114990,-0.114990,0
24.763889,-0.495000,0.005954,-0.139404,-0.139404,0
24.766667,-0.490000,-0.000096,-0.160400,-0.160400,0
24.769444,-0.475000,-0.088953,-0.167236,-0.167236,0
24.772222,-0.490000,-0.226418,-0.157959,-0.157959,0
24.775000,-0.495000,-0.285000,-0.137695,-0.137695,0
24.777778,-0.510000,-0.246418,-0.116455,-0.116455,0
24.780556,-0.505000,-0.118953,-0.103516,-0.103516,0
24.783333,-0.500000,-0.010096,-0.103271,-0.103271,0
24.786111,-0.500000,0.000954,-0.114746,-0.114746,0
24.788889,-0.500000,-0.088697,-0.131348,-0.131348,0
24.791667,-0.505000,-0.220000,-0.145508,-0.145508,0
24.794444,-0.515000,-0.302721,-0.151367,-0.151367,0
24.797222,-0.505000,-0.259907,-0.147461,-0.147461,0
24.800000,-0.505000,-0.145000,-0.136963,-0.136963,0
24.802778,-0.515000,-0.040093,-0.125000,-0.125000,0
24.805556,-0.510000,-0.002279,-0.117188,-0.117188,0
24.808333,-0.525000,-0.090000,-0.116699,-0.116699,0
24.811111,-0.535000,-0.226303,-0.123291,-0.123291,0
24.813889,-0.535000,-0.315954,-0.133789,-0.133789,0
24.816667,-0.540000,-0.309904,-0.144043,-0.144043,0
24.819444,-0.520000,-0.186047,-0.150635,-0.150635,0
24.822222,-0.540000,-0.083582,-0.152344,-0.152344,0
24.825000,-0.540000,-0.030000,-0.149414,-0.149414,0
24.827778,-0.560000,-0.103582,-0.144043,-0.144043,0
24.830556,-0.550000,-0.216047,-0.138672,-0.138672,0
24.833333,-0.540000,-0.309904,-0.135254,-0.135254,0
24.836111,-0.545000,-0.325954,-0.134033,-0.134033,0
24.838889,-0.540000,-0.231303,-0.134521,-0.134521,0
24.841667,-0.545000,-0.110000,-0.135498,-0.135498,0
24.844444,-0.550000,-0.042279,-0.135986,-0.135986,0
24.847222,-0.555000,-0.080093,-0.135254,-0.135254,0
24.850000,-0.530000,-0.170000,-0.133789,-0.133789,0
24.852778,-0.520000,-0.274907,-0.132080,-0.132080,0
24.855556,-0.515000,-0.302721,-0.130859,-0.130859,0
24.858333,-0.500000,-0.215000,-0.131104,-0.131104,0
24.861111,-0.505000,-0.093697,-0.132080,-0.132080,0
24.863889,-0.505000,-0.004046,-0.132812,-0.132812,0
24.866667,-0.485000,0.004904,-0.133057,-0.133057,0
24.869444,-0.465000,-0.078953,-0.131592,-0.131592,0
24.872222,-0.470000,-0.206418,-0.128906,-0.128906,0
24.875000,-0.460000,-0.250000,-0.125488,-0.125488,0
24.877778,-0.460000,-0.196418,-0.122070,-0.122070,0
24.880556,-0.455000,-0.068953,-0.120117,-0.120117,0
24.883333,-0.435000,0.054904,-0.119385,-0.119385,0
24.886111,-0.430000,0.070954,-0.120117,-0.120117,0
24.888889,-0.425000,-0.013697,-0.121582,-0.121582,0
24.891667,-0.430000,-0.145000,-0.122803,-0.122803,0
24.894444,-0.440000,-0.227721,-0.123291,-0.123291,0
24.897222,-0.440000,-0.194907,-0.122803,-0.122803,0
24.900000,-0.435000,-0.075000,-0.121582,-0.121582,0
24.902778,-0.410000,0.064907,-0.120361,-0.120361,0
24.905556,-0.410000,0.097721,-0.119385,-0.119385,0
24.908333,-0.415000,0.020000,-0.119141,-0.119141,0
24.911111,-0.420000,-0.111303,-0.119629,-0.119629,0
24.913889,-0.410000,-0.190954,-0.120361,-0.120361,0
24.916667,-0.400000,-0.169904,-0.121338,-0.121338,0
24.919444,-0.395000,-0.061047,-0.122070,-0.122070,0
24.922222,-0.390000,0.066418,-0.121826,-0.121826,0
24.925000,-0.405000,0.105000,-0.120850,-0.120850,0
24.927778,-0.410000,0.046418,-0.118408,-0.118408,0
24.930556,-0.405000,-0.071047,-0.114746,-0.114746,0
24.933333,-0.390000,-0.159904,-0.110107,-0.110107,0
24.936111,-0.400000,-0.180954,-0.105225,-0.105225,0
24.938889,-0.405000,-0.096303,-0.101318,-0.101318,0
24.941667,-0.415000,0.020000,-0.098877,-0.098877,0
24.944444,-0.415000,0.092721,-0.098633,-0.098633,0
24.947222,-0.415000,0.059907,-0.100586,-0.100586,0
24.950000,-0.410000,-0.050000,-0.103516,-0.103516,0
24.952778,-0.400000,-0.154907,-0.107178,-0.107178,0
24.955556,-0.410000,-0.197721,-0.110352,-0.110352,0
24.958333,-0.410000,-0.125000,-0.112793,-0.112793,0
24.961111,-0.425000,-0.013697,-0.114502,-0.114502,0
24.963889,-0.415000,0.085954,-0.115234,-0.115234,0
24.966667,-0.395000,0.094904,-0.115723,-0.115723,0
24.969444,-0.405000,-0.018953,-0.115967,-0.115967,0
24.972222,-0.400000,-0.136418,-0.116943,-0.116943,0
24.975000,-0.415000,-0.205000,-0.118896,-0.118896,0
24.977778,-0.420000,-0.156418,-0.122070,-0.122070,0
24.980556,-0.425000,-0.038953,-0.126465,-0.126465,0
24.983333,-0.410000,0.079904,-0.131836,-0.131836,0
24.986111,-0.400000,0.100954,-0.137451,-0.137451,0
24.988889,-0.405000,0.006303,-0.142578,-0.142578,0
24.991667,-0.420000,-0.135000,-0.146973,-0.146973,0
24.994444,-0.420000,-0.207721,-0.149902,-0.149902,0
24.997222,-0.415000,-0.169907,-0.152100,-0.152100,0
25.000000,-0.410000,-0.050000,-0.153809,-0.153809,0
25.002778,-0.410000,0.064907,-0.155518,-0.155518,0
25.005556,-0.420000,0.087721,-0.157471,-0.157471,0
25.008333,-0.425000,0.010000,-0.159912,-0.159912,0
25.011111,-0.440000,-0.131303,-0.161865,-0.161865,0
25.013889,-0.435000,-0.215954,-0.163086,-0.163086,0
25.016667,-0.430000,-0.199904,-0.163086,-0.163086,0
25.019444,-0.430000,-0.096047,-0.161133,-0.161133,0
25.022222,-0.430000,0.026418,-0.157471,-0.157471,0
25.025000,-0.430000,0.080000,-0.151855,-0.151855,0
25.027778,-0.445000,0.011418,-0.145020,-0.145020,0
25.030556,-0.450000,-0.116047,-0.137451,-0.137451,0
25.033333,-0.435000,-0.204904,-0.129150,-0.129150,0
25.036111,-0.425000,-0.205954,-0.120850,-0.120850,0
25.038889,-0.420000,-0.111303,-0.113037,-0.113037,0
25.041667,-0.425000,0.010000,-0.105713,-0.105713,0
25.044444,-0.430000,0.077721,-0.098633,-0.098633,0
25.047222,-0.455000,0.019907,-0.091309,-0.091309,0
25.050000,-0.450000,-0.090000,-0.083496,-0.083496,0
25.052778,-0.440000,-0.194907,-0.075439,-0.075439,0
25.055556,-0.430000,-0.217721,-0.067627,-0.067627,0
25.058333,-0.440000,-0.155000,-0.061035,-0.061035,0
25.061111,-0.440000,-0.028697,-0.056152,-0.056152,0
25.063889,-0.440000,0.060954,-0.053223,-0.053223,0
25.066667,-0.430000,0.059904,-0.052246,-0.052246,0
25.069444,-0.420000,-0.033953,-0.051758,-0.051758,0
25.072222,-0.415000,-0.151418,-0.051514,-0.051514,0
25.075000,-0.425000,-0.215000,-0.050049,-0.050049,0
25.077778,-0.450000,-0.186418,-0.047119,-0.047119,0
25.080556,-0.455000,-0.068953,-0.042969,-0.042969,0
25.083333,-0.450000,0.039904,-0.038086,-0.038086,0
25.086111,-0.445000,0.055954,-0.033203,-0.033203,0
25.088889,-0.435000,-0.023697,-0.028809,-0.028809,0
25.091667,-0.435000,-0.150000,-0.025391,-0.025391,0
25.094444,-0.450000,-0.237721,-0.023193,-0.023193,0
25.097222,-0.450000,-0.204907,-0.021973,-0.021973,0
25.100000,-0.445000,-0.085000,-0.021973,-0.021973,0
25.102778,-0.430000,0.044907,-0.022461,-0.022461,0
25.105556,-0.425000,0.082721,-0.023682,-0.023682,0
25.108333,-0.450000,-0.015000,-0.025146,-0.025146,0
25.111111,-0.460000,-0.151303,-0.026855,-0.026855,0
25.113889,-0.445000,-0.225954,-0.028809,-0.028809,0
25.116667,-0.440000,-0.209904,-0.030762,-0.030762,0
25.119444,-0.425000,-0.091047,-0.032715,-0.032715,0
25.122222,-0.420000,0.036418,-0.034912,-0.034912,0
25.125000,-0.445000,0.065000,-0.036865,-0.036865,0
25.127778,-0.450000,0.006418,-0.037598,-0.037598,0
25.130556,-0.435000,-0.101047,-0.037354,-0.037354,0
25.133333,-0.425000,-0.194904,-0.036133,-0.036133,0
25.136111,-0.410000,-0.190954,-0.034424,-0.034424,0
25.138889,-0.420000,-0.111303,-0.032715,-0.032715,0
25.141667,-0.440000,-0.005000,-0.032227,-0.032227,0
25.144444,-0.445000,0.062721,-0.032959,-0.032959,0
25.147222,-0.435000,0.039907,-0.034668,-0.034668,0
25.150000,-0.430000,-0.070000,-0.036621,-0.036621,0
25.152778,-0.430000,-0.184907,-0.038330,-0.038330,0
25.155556,-0.425000,-0.212721,-0.039062,-0.039062,0
25.158333,-0.430000,-0.145000,-0.039062,-0.039062,0
25.161111,-0.425000,-0.013697,-0.038330,-0.038330,0
25.163889,-0.410000,0.090954,-0.037598,-0.037598,0
25.166667,-0.410000,0.079904,-0.037354,-0.037354,0
25.169444,-0.380000,0.006047,-0.037842,-0.037842,0
25.172222,-0.365000,-0.101418,-0.038818,-0.038818,0
25.175000,-0.370000,-0.160000,-0.040771,-0.040771,0
25.177778,-0.400000,-0.136418,-0.042969,-0.042969,0
25.180556,-0.390000,-0.003953,-0.045898,-0.045898,0
25.183333,-0.370000,0.119904,-0.048828,-0.048828,0
25.186111,-0.355000,0.145954,-0.052246,-0.052246,0
25.188889,-0.350000,0.061303,-0.055420,-0.055420,0
25.191667,-0.360000,-0.075000,-0.058838,-0.058838,0
25.194444,-0.380000,-0.167721,-0.061523,-0.061523,0
25.197222,-0.370000,-0.124907,-0.063232,-0.063232,0
25.200000,-0.355000,0.005000,-0.064209,-0.064209,0
25.202778,-0.330000,0.144907,-0.063721,-0.063721,0
25.205556,-0.325000,0.182721,-0.062256,-0.062256,0
25.208333,-0.325000,0.110000,-0.059814,-0.059814,0
25.211111,-0.330000,-0.021303,-0.057617,-0.057617,0
25.213889,-0.320000,-0.100954,-0.056396,-0.056396,0
25.216667,-0.320000,-0.089904,-0.056641,-0.056641,0
25.219444,-0.315000,0.018953,-0.059082,-0.059082,0
25.222222,-0.320000,0.136418,-0.062988,-0.062988,0
25.225000,-0.340000,0.170000,-0.067627,-0.067627,0
25.227778,-0.355000,0.101418,-0.070801,-0.070801,0
25.230556,-0.350000,-0.016047,-0.071777,-0.071777,0
25.233333,-0.340000,-0.109904,-0.069580,-0.069580,0
25.236111,-0.340000,-0.120954,-0.064941,-0.064941,0
25.238889,-0.360000,-0.051303,-0.059326,-0.059326,0
25.241667,-0.370000,0.065000,-0.054688,-0.054688,0
25.244444,-0.385000,0.122721,-0.052734,-0.052734,0
25.247222,-0.370000,0.104907,-0.053711,-0.053711,0
25.250000,-0.340000,0.020000,-0.057373,-0.057373,0
25.252778,-0.325000,-0.079907,-0.062988,-0.062988,0
25.255556,-0.335000,-0.122721,-0.068604,-0.068604,0
25.258333,-0.380000,-0.095000,-0.072754,-0.072754,0
25.261111,-0.390000,0.021303,-0.075195,-0.075195,0
25.263889,-0.410000,0.090954,-0.075195,-0.075195,0
25.266667,-0.420000,0.069904,-0.073486,-0.073486,0
25.269444,-0.420000,-0.033953,-0.071045,-0.071045,0
25.272222,-0.440000,-0.176418,-0.068848,-0.068848,0
25.275000,-0.450000,-0.240000,-0.067383,-0.067383,0
25.277778,-0.460000,-0.196418,-0.067383,-0.067383,0
25.280556,-0.445000,-0.058953,-0.068359,-0.068359,0
25.283333,-0.455000,0.034904,-0.070068,-0.070068,0
25.286111,-0.435000,0.065954,-0.071533,-0.071533,0
25.288889,-0.445000,-0.033697,-0.072266,-0.072266,0
25.291667,-0.450000,-0.165000,-0.071533,-0.071533,0
25.294444,-0.460000,-0.247721,-0.069824,-0.069824,0
25.297222,-0.465000,-0.219907,-0.066895,-0.066895,0
25.300000,-0.460000,-0.100000,-0.063965,-0.063965,0
25.302778,-0.455000,0.019907,-0.061279,-0.061279,0
25.305556,-0.455000,0.052721,-0.059326,-0.059326,0
25.308333,-0.465000,-0.030000,-0.058350,-0.058350,0
25.311111,-0.480000,-0.171303,-0.058105,-0.058105,0
25.313889,-0.465000,-0.245954,-0.058594,-0.058594,0
25.316667,-0.455000,-0.224904,-0.059570,-0.059570,0
25.319444,-0.455000,-0.121047,-0.061279,-0.061279,0
25.322222,-0.470000,-0.013582,-0.063232,-0.063232,0
25.325000,-0.470000,0.040000,-0.064941,-0.064941,0
25.327778,-0.475000,-0.018582,-0.065186,-0.065186,0
25.330556,-0.485000,-0.151047,-0.063721,-0.063721,0
25.333333,-0.470000,-0.239904,-0.059570,-0.059570,0
25.336111,-0.480000,-0.260954,-0.052979,-0.052979,0
25.338889,-0.460000,-0.151303,-0.044678,-0.044678,0
25.341667,-0.480000,-0.045000,-0.035400,-0.035400,0
25.344444,-0.485000,0.022721,-0.026367,-0.026367,0
25.347222,-0.485000,-0.010093,-0.018311,-0.018311,0
25.350000,-0.495000,-0.135000,-0.011719,-0.011719,0
25.352778,-0.525000,-0.279907,-0.007080,-0.007080,0
25.355556,-0.540000,-0.327721,-0.004150,-0.004150,0
25.358333,-0.570000,-0.285000,-0.002686,-0.002686,0
25.361111,-0.595000,-0.183697,-0.002197,-0.002197,0
25.363889,-0.635000,-0.134046,-0.001465,-0.001465,0
25.366667,-0.670000,-0.180096,0.000244,0.000244,0
25.369444,-0.630000,-0.243953,0.003906,0.003906,0
25.372222,-0.540000,-0.276418,0.009277,0.009277,0
25.375000,-0.415000,-0.205000,0.016113,0.016113,0
25.377778,-0.280000,-0.016418,0.023926,0.023926,0
25.380556,-0.080000,0.306047,0.031494,0.031494,0
25.383333,0.165000,0.654904,0.038086,0.038086,0
25.386111,0.435000,0.935954,0.043213,0.043213,0
25.388889,0.675000,1.086303,0.046387,0.046387,0
25.391667,0.800000,1.085000,0.047607,0.047607,0
25.394444,0.830000,1.042279,0.046631,0.046631,0
25.397222,0.660000,0.905093,0.043701,0.043701,0
25.400000,0.345000,0.705000,0.038818,0.038818,0
25.402778,-0.040000,0.434907,0.031738,0.031738,0
25.405556,-0.350000,0.157721,0.023682,0.023682,0
25.408333,-0.530000,-0.095000,0.015381,0.015381,0
25.411111,-0.605000,-0.296303,0.008545,0.008545,0
25.413889,-0.625000,-0.405954,0.004150,0.004150,0
25.416667,-0.590000,-0.359904,0.003174,0.003174,0
25.419444,-0.545000,-0.211047,0.005371,0.005371,0
25.422222,-0.520000,-0.063582,0.009766,0.009766,0
25.425000,-0.510000,-0.000000,0.014160,0.014160,0
25.427778,-0.530000,-0.073582,0.016357,0.016357,0
25.430556,-0.515000,-0.181047,0.014893,0.014893,0
25.433333,-0.500000,-0.269904,0.007812,0.007812,0
25.436111,-0.495000,-0.275954,-0.004883,-0.004883,0
25.438889,-0.495000,-0.186303,-0.021973,-0.021973,0
25.441667,-0.505000,-0.070000,-0.041748,-0.041748,0
25.444444,-0.505000,0.002721,-0.060547,-0.060547,0
25.447222,-0.505000,-0.030093,-0.075684,-0.075684,0
25.450000,-0.495000,-0.135000,-0.084717,-0.084717,0
25.452778,-0.500000,-0.254907,-0.087402,-0.087402,0
25.455556,-0.500000,-0.287721,-0.084961,-0.084961,0
25.458333,-0.500000,-0.215000,-0.080322,-0.080322,0
25.461111,-0.520000,-0.108697,-0.076660,-0.076660,0
25.463889,-0.505000,-0.004046,-0.076172,-0.076172,0
25.466667,-0.495000,-0.005096,-0.080078,-0.080078,0
25.469444,-0.495000,-0.108953,-0.087158,-0.087158,0
25.472222,-0.500000,-0.236418,-0.094971,-0.094971,0
25.475000,-0.510000,-0.300000,-0.101074,-0.101074,0
25.477778,-0.515000,-0.251418,-0.103027,-0.103027,0
25.480556,-0.510000,-0.123953,-0.101074,-0.101074,0
25.483333,-0.500000,-0.010096,-0.096680,-0.096680,0
25.486111,-0.480000,0.020954,-0.092285,-0.092285,0
25.488889,-0.500000,-0.088697,-0.090820,-0.090820,0
25.491667,-0.505000,-0.220000,-0.093750,-0.093750,0
25.494444,-0.520000,-0.307721,-0.100342,-0.100342,0
25.497222,-0.515000,-0.269907,-0.108643,-0.108643,0
25.500000,-0.505000,-0.145000,-0.114990,-0.114990,0
25.502778,-0.490000,-0.015093,-0.116943,-0.116943,0
25.505556,-0.510000,-0.002279,-0.114258,-0.114258,0
25.508333,-0.505000,-0.070000,-0.107910,-0.107910,0
25.511111,-0.500000,-0.191303,-0.101807,-0.101807,0
25.513889,-0.505000,-0.285954,-0.099609,-0.099609,0
25.516667,-0.490000,-0.259904,-0.104004,-0.104004,0
25.519444,-0.480000,-0.146047,-0.114746,-0.114746,0
25.522222,-0.490000,-0.033582,-0.129883,-0.129883,0
25.525000,-0.485000,0.025000,-0.145508,-0.145508,0
25.527778,-0.500000,-0.043582,-0.159668,-0.159668,0
25.530556,-0.500000,-0.166047,-0.172363,-0.172363,0
25.533333,-0.490000,-0.259904,-0.186768,-0.186768,0
25.536111,-0.485000,-0.265954,-0.207031,-0.207031,0
25.538889,-0.495000,-0.186303,-0.234131,-0.234131,0
25.541667,-0.505000,-0.070000,-0.261963,-0.261963,0
25.544444,-0.505000,0.002721,-0.276611,-0.276611,0
25.547222,-0.510000,-0.035093,-0.257080,-0.257080,0
25.550000,-0.500000,-0.140000,-0.181152,-0.181152,0
25.552778,-0.490000,-0.244907,-0.034424,-0.034424,0
25.555556,-0.490000,-0.277721,0.182617,0.182617,0
25.558333,-0.500000,-0.215000,0.449463,0.449463,0
25.561111,-0.510000,-0.098697,0.727295,0.727295,0
25.563889,-0.515000,-0.014046,0.965576,0.965576,0
25.566667,-0.495000,-0.005096,1.115479,1.115479,0
25.569444,-0.495000,-0.108953,1.143311,1.143311,1
25.572222,-0.490000,-0.226418,1.040039,1.040039,0
25.575000,-0.515000,-0.305000,0.824463,0.824463,0
25.577778,-0.510000,-0.246418,0.540039,0.540039,0
25.580556,-0.505000,-0.118953,0.241943,0.241943,0
25.583333,-0.495000,-0.005096,-0.016357,-0.016357,0
25.586111,-0.495000,0.005954,-0.197754,-0.197754,0
25.588889,-0.485000,-0.073697,-0.287842,-0.287842,0
25.591667,-0.490000,-0.205000,-0.296875,-0.296875,0
25.594444,-0.510000,-0.297721,-0.252197,-0.252197,0
25.597222,-0.495000,-0.249907,-0.187744,-0.187744,0
25.600000,-0.485000,-0.125000,-0.132812,-0.132812,0
25.602778,-0.480000,-0.005093,-0.104248,-0.104248,0
25.605556,-0.480000,0.027721,-0.104004,-0.104004,0
25.608333,-0.495000,-0.060000,-0.122803,-0.122803,0
25.611111,-0.510000,-0.201303,-0.145508,-0.145508,0
25.613889,-0.520000,-0.300954,-0.159912,-0.159912,0
25.616667,-0.510000,-0.279904,-0.159912,-0.159912,0
25.619444,-0.505000,-0.171047,-0.147217,-0.147217,0
25.622222,-0.515000,-0.058582,-0.129395,-0.129395,0
25.625000,-0.520000,-0.010000,-0.114990,-0.114990,0
25.627778,-0.540000,-0.083582,-0.109619,-0.109619,0
25.630556,-0.540000,-0.206047,-0.114258,-0.114258,0
25.633333,-0.520000,-0.289904,-0.125488,-0.125488,0
25.636111,-0.530000,-0.310954,-0.137451,-0.137451,0
25.638889,-0.535000,-0.226303,-0.144531,-0.144531,0
25.641667,-0.540000,-0.105000,-0.144531,-0.144531,0
25.644444,-0.555000,-0.047279,-0.138184,-0.138184,0
25.647222,-0.555000,-0.080093,-0.128906,-0.128906,0
25.650000,-0.540000,-0.180000,-0.120850,-0.120850,0
25.652778,-0.540000,-0.294907,-0.116699,-0.116699,0
25.655556,-0.545000,-0.332721,-0.117676,-0.117676,0
25.658333,-0.540000,-0.255000,-0.122070,-0.122070,0
25.661111,-0.550000,-0.138697,-0.127686,-0.127686,0
25.663889,-0.540000,-0.039046,-0.131592,-0.131592,0
25.666667,-0.530000,-0.040096,-0.132324,-0.132324,0
25.669444,-0.530000,-0.143953,-0.130127,-0.130127,0
25.672222,-0.525000,-0.261418,-0.126465,-0.126465,0
25.675000,-0.525000,-0.315000,-0.123047,-0.123047,0
25.677778,-0.520000,-0.256418,-0.121094,-0.121094,0
25.680556,-0.510000,-0.123953,-0.120850,-0.120850,0
25.683333,-0.495000,-0.005096,-0.121338,-0.121338,0
25.686111,-0.480000,0.020954,-0.121094,-0.121094,0
25.688889,-0.465000,-0.053697,-0.119385,-0.119385,0
25.691667,-0.470000,-0.185000,-0.115723,-0.115723,0
25.694444,-0.465000,-0.252721,-0.110840,-0.110840,0
25.697222,-0.455000,-0.209907,-0.105957,-0.105957,0
25.700000,-0.440000,-0.080000,-0.103027,-0.103027,0
25.702778,-0.415000,0.059907,-0.102783,-0.102783,0
25.705556,-0.415000,0.092721,-0.104736,-0.104736,0
25.708333,-0.410000,0.025000,-0.108398,-0.108398,0
25.711111,-0.410000,-0.101303,-0.111816,-0.111816,0
25.713889,-0.390000,-0.170954,-0.114502,-0.114502,0
25.716667,-0.390000,-0.159904,-0.115479,-0.115479,0
25.719444,-0.380000,-0.046047,-0.115234,-0.115234,0
25.722222,-0.380000,0.076418,-0.114258,-0.114258,0
25.725000,-0.390000,0.120000,-0.113281,-0.113281,0
25.727778,-0.395000,0.061418,-0.112793,-0.112793,0
25.730556,-0.385000,-0.051047,-0.113037,-0.113037,0
25.733333,-0.380000,-0.149904,-0.113525,-0.113525,0
25.736111,-0.365000,-0.145954,-0.114014,-0.114014,0
25.738889,-0.375000,-0.066303,-0.114746,-0.114746,0
25.741667,-0.385000,0.050000,-0.115234,-0.115234,0
25.744444,-0.375000,0.132721,-0.115479,-0.115479,0
25.747222,-0.380000,0.094907,-0.115234,-0.115234,0
25.750000,-0.370000,-0.010000,-0.114990,-0.114990,0
25.752778,-0.365000,-0.119907,-0.114014,-0.114014,0
25.755556,-0.370000,-0.157721,-0.113037,-0.113037,0
25.758333,-0.380000,-0.095000,-0.111572,-0.111572,0
25.761111,-0.400000,0.011303,-0.110107,-0.110107,0
25.763889,-0.395000,0.105954,-0.108398,-0.108398,0
25.766667,-0.390000,0.099904,-0.106201,-0.106201,0
25.769444,-0.385000,0.001047,-0.104004,-0.104004,0
25.772222,-0.395000,-0.131418,-0.101807,-0.101807,0
25.775000,-0.400000,-0.190000,-0.100342,-0.100342,0
25.777778,-0.410000,-0.146418,-0.099854,-0.099854,0
25.780556,-0.410000,-0.023953,-0.101318,-0.101318,0
25.783333,-0.400000,0.089904,-0.104736,-0.104736,0
25.786111,-0.390000,0.110954,-0.110107,-0.110107,0
25.788889,-0.395000,0.016303,-0.116211,-0.116211,0
25.791667,-0.395000,-0.110000,-0.122559,-0.122559,0
25.794444,-0.405000,-0.192721,-0.127930,-0.127930,0
25.797222,-0.405000,-0.159907,-0.132324,-0.132324,0
25.800000,-0.395000,-0.035000,-0.135498,-0.135498,0
25.802778,-0.385000,0.089907,-0.137939,-0.137939,0
25.805556,-0.400000,0.107721,-0.140625,-0.140625,0
25.808333,-0.410000,0.025000,-0.143555,-0.143555,0
25.811111,-0.410000,-0.101303,-0.147217,-0.147217,0
25.813889,-0.410000,-0.190954,-0.151123,-0.151123,0
25.816667,-0.400000,-0.169904,-0.155029,-0.155029,0
25.819444,-0.385000,-0.051047,-0.158447,-0.158447,0
25.822222,-0.395000,0.061418,-0.161133,-0.161133,0
25.825000,-0.395000,0.115000,-0.162598,-0.162598,0
25.827778,-0.400000,0.056418,-0.162598,-0.162598,0
25.830556,-0.405000,-0.071047,-0.161377,-0.161377,0
25.833333,-0.390000,-0.159904,-0.159668,-0.159668,0
25.836111,-0.385000,-0.165954,-0.157471,-0.157471,0
25.838889,-0.405000,-0.096303,-0.155518,-0.155518,0
25.841667,-0.415000,0.020000,-0.153809,-0.153809,0
25.844444,-0.420000,0.087721,-0.151611,-0.151611,0
25.847222,-0.415000,0.059907,-0.148682,-0.148682,0
25.850000,-0.410000,-0.050000,-0.143799,-0.143799,0
25.852778,-0.410000,-0.164907,-0.137207,-0.137207,0
25.855556,-0.405000,-0.192721,-0.128662,-0.128662,0
25.858333,-0.420000,-0.135000,-0.119141,-0.119141,0
25.861111,-0.435000,-0.023697,-0.109619,-0.109619,0
25.863889,-0.430000,0.070954,-0.100098,-0.100098,0
25.866667,-0.430000,0.059904,-0.091064,-0.091064,0
25.869444,-0.420000,-0.033953,-0.082520,-0.082520,0
25.872222,-0.410000,-0.146418,-0.073730,-0.073730,0
25.875000,-0.425000,-0.215000,-0.064209,-0.064209,0
25.877778,-0.440000,-0.176418,-0.054443,-0.054443,0
25.880556,-0.445000,-0.058953,-0.044434,-0.044434,0
25.883333,-0.415000,0.074904,-0.034668,-0.034668,0
25.886111,-0.415000,0.085954,-0.025879,-0.025879,0
25.888889,-0.420000,-0.008697,-0.018799,-0.018799,0
25.891667,-0.420000,-0.135000,-0.013672,-0.013672,0
25.894444,-0.445000,-0.232721,-0.010498,-0.010498,0
25.897222,-0.425000,-0.179907,-0.009033,-0.009033,0
25.900000,-0.410000,-0.050000,-0.008789,-0.008789,0
25.902778,-0.415000,0.059907,-0.009033,-0.009033,0
25.905556,-0.420000,0.087721,-0.009033,-0.009033,0
25.908333,-0.410000,0.025000,-0.008057,-0.008057,0
25.911111,-0.420000,-0.111303,-0.006348,-0.006348,0
25.913889,-0.405000,-0.185954,-0.003906,-0.003906,0
25.916667,-0.400000,-0.169904,-0.000977,-0.000977,0
25.919444,-0.390000,-0.056047,0.001221,0.001221,0
25.922222,-0.390000,0.066418,0.002197,0.002197,0
25.925000,-0.395000,0.115000,0.001465,0.001465,0
25.927778,-0.410000,0.046418,-0.000488,-0.000488,0
25.930556,-0.405000,-0.071047,-0.003418,-0.003418,0
25.933333,-0.395000,-0.164904,-0.006836,-0.006836,0
25.936111,-0.395000,-0.175954,-0.010498,-0.010498,0
25.938889,-0.395000,-0.086303,-0.014160,-0.014160,0
25.941667,-0.405000,0.030000,-0.018066,-0.018066,0
25.944444,-0.420000,0.087721,-0.021973,-0.021973,0
25.947222,-0.420000,0.054907,-0.025391,-0.025391,0
25.950000,-0.405000,-0.045000,-0.028320,-0.028320,0
25.952778,-0.395000,-0.149907,-0.030273,-0.030273,0
25.955556,-0.390000,-0.177721,-0.031006,-0.031006,0
25.958333,-0.410000,-0.125000,-0.030762,-0.030762,0
25.961111,-0.415000,-0.003697,-0.029541,-0.029541,0
25.963889,-0.415000,0.085954,-0.028076,-0.028076,0
25.966667,-0.410000,0.079904,-0.026367,-0.026367,0
25.969444,-0.390000,-0.003953,-0.025635,-0.025635,0
25.972222,-0.390000,-0.126418,-0.025391,-0.025391,0
25.975000,-0.400000,-0.190000,-0.026367,-0.026367,0
25.977778,-0.395000,-0.131418,-0.028320,-0.028320,0
25.980556,-0.395000,-0.008953,-0.030762,-0.030762,0
25.983333,-0.375000,0.114904,-0.032959,-0.032959,0
25.986111,-0.370000,0.130954,-0.034424,-0.034424,0
25.988889,-0.345000,0.066303,-0.034668,-0.034668,0
25.991667,-0.350000,-0.065000,-0.033203,-0.033203,0
25.994444,-0.340000,-0.127721,-0.030273,-0.030273,0
25.997222,-0.330000,-0.084907,-0.027100,-0.027100,0
26.000000,-0.320000,0.040000,-0.024170,-0.024170,0
26.002778,-0.300000,0.174907,-0.022949,-0.022949,0
26.005556,-0.305000,0.202721,-0.023926,-0.023926,0
26.008333,-0.320000,0.115000,-0.026367,-0.026367,0
26.011111,-0.320000,-0.011303,-0.030029,-0.030029,0
26.013889,-0.310000,-0.090954,-0.033691,-0.033691,0
26.016667,-0.285000,-0.054904,-0.037354,-0.037354,0
26.019444,-0.275000,0.058953,-0.040039,-0.040039,0
26.022222,-0.280000,0.176418,-0.042236,-0.042236,0
26.025000,-0.290000,0.220000,-0.044189,-0.044189,0
26.027778,-0.295000,0.161418,-0.045898,-0.045898,0
26.030556,-0.305000,0.028953,-0.047607,-0.047607,0
26.033333,-0.300000,-0.069904,-0.049561,-0.049561,0
26.036111,-0.300000,-0.080954,-0.051514,-0.051514,0
26.038889,-0.310000,-0.001303,-0.053955,-0.053955,0
26.041667,-0.315000,0.120000,-0.056152,-0.056152,0
26.044444,-0.325000,0.182721,-0.058105,-0.058105,0
26.047222,-0.305000,0.169907,-0.059326,-0.059326,0
26.050000,-0.305000,0.055000,-0.059814,-0.059814,0
26.052778,-0.315000,-0.069907,-0.059570,-0.059570,0
26.055556,-0.315000,-0.102721,-0.058594,-0.058594,0
26.058333,-0.310000,-0.025000,-0.057617,-0.057617,0
26.061111,-0.305000,0.106303,-0.056885,-0.056885,0
26.063889,-0.275000,0.225954,-0.056641,-0.056641,0
26.066667,-0.255000,0.234904,-0.056641,-0.056641,0
26.069444,-0.260000,0.126047,-0.056885,-0.056885,0
26.072222,-0.295000,-0.031418,-0.056641,-0.056641,0
26.075000,-0.325000,-0.115000,-0.055908,-0.055908,0
26.077778,-0.340000,-0.076418,-0.054199,-0.054199,0
26.080556,-0.350000,0.036047,-0.051514,-0.051514,0
26.083333,-0.350000,0.139904,-0.048096,-0.048096,0
26.086111,-0.360000,0.140954,-0.044189,-0.044189,0
26.088889,-0.375000,0.036303,-0.040283,-0.040283,0
26.091667,-0.380000,-0.095000,-0.036377,-0.036377,0
26.094444,-0.405000,-0.192721,-0.032959,-0.032959,0
26.097222,-0.400000,-0.154907,-0.030762,-0.030762,0
26.100000,-0.405000,-0.045000,-0.029785,-0.029785,0
26.102778,-0.390000,0.084907,-0.030273,-0.030273,0
26.105556,-0.405000,0.102721,-0.031982,-0.031982,0
26.108333,-0.415000,0.020000,-0.034424,-0.034424,0
26.111111,-0.425000,-0.116303,-0.036621,-0.036621,0
26.113889,-0.420000,-0.200954,-0.038574,-0.038574,0
26.116667,-0.415000,-0.184904,-0.040039,-0.040039,0
26.119444,-0.420000,-0.086047,-0.041260,-0.041260,0
26.122222,-0.410000,0.046418,-0.042236,-0.042236,0
26.125000,-0.425000,0.085000,-0.043213,-0.043213,0
26.127778,-0.425000,0.031418,-0.043701,-0.043701,0
26.130556,-0.430000,-0.096047,-0.043701,-0.043701,0
26.133333,-0.410000,-0.179904,-0.042969,-0.042969,0
26.136111,-0.410000,-0.190954,-0.041992,-0.041992,0
26.138889,-0.400000,-0.091303,-0.041016,-0.041016,0
26.141667,-0.420000,0.015000,-0.040527,-0.040527,0
26.144444,-0.430000,0.077721,-0.040039,-0.040039,0
26.147222,-0.425000,0.049907,-0.039551,-0.039551,0
26.150000,-0.415000,-0.055000,-0.038086,-0.038086,0
26.152778,-0.430000,-0.184907,-0.034668,-0.034668,0
26.155556,-0.450000,-0.237721,-0.028809,-0.028809,0
26.158333,-0.490000,-0.205000,-0.020508,-0.020508,0
26.161111,-0.540000,-0.128697,-0.010254,-0.010254,0
26.163889,-0.550000,-0.049046,0.000977,0.000977,0
26.166667,-0.570000,-0.080096,0.011963,0.011963,0
26.169444,-0.595000,-0.208953,0.021973,0.021973,0
26.172222,-0.605000,-0.341418,0.030273,0.030273,0
26.175000,-0.555000,-0.345000,0.036621,0.036621,0
26.177778,-0.425000,-0.161418,0.041748,0.041748,0
26.180556,-0.255000,0.131047,0.045898,0.045898,0
26.183333,-0.080000,0.409904,0.049805,0.049805,0
26.186111,0.160000,0.660954,0.053955,0.053955,0
26.188889,0.445000,0.856303,0.058594,0.058594,0
26.191667,0.705000,0.990000,0.063232,0.063232,0
26.194444,0.885000,1.097279,0.067139,0.067139,0
26.197222,1.005000,1.250093,0.069336,0.069336,0
26.200000,1.045000,1.405000,0.069824,0.069824,0
26.202778,0.975000,1.449907,0.068115,0.068115,0
26.205556,0.740000,1.247721,0.064697,0.064697,0
26.208333,0.350000,0.785000,0.059814,0.059814,0
26.211111,-0.070000,0.238697,0.054688,0.054688,0
26.213889,-0.405000,-0.185954,0.049561,0.049561,0
26.216667,-0.550000,-0.319904,0.044922,0.044922,0
26.219444,-0.560000,-0.226047,0.041016,0.041016,0
26.222222,-0.535000,-0.078582,0.038330,0.038330,0
26.225000,-0.500000,0.010000,0.037354,0.037354,0
26.227778,-0.455000,0.001418,0.039062,0.039062,0
26.230556,-0.455000,-0.121047,0.044189,0.044189,0
26.233333,-0.445000,-0.214904,0.052246,0.052246,0
26.236111,-0.445000,-0.225954,0.062012,0.062012,0
26.238889,-0.440000,-0.131303,0.070801,0.070801,0
26.241667,-0.455000,-0.020000,0.076172,0.076172,0
26.244444,-0.465000,0.042721,0.075684,0.075684,0
26.247222,-0.465000,0.009907,0.068359,0.068359,0
26.250000,-0.465000,-0.105000,0.054688,0.054688,0
26.252778,-0.465000,-0.219907,0.037109,0.037109,0
26.255556,-0.465000,-0.252721,0.017822,0.017822,0
26.258333,-0.480000,-0.195000,-0.000244,-0.000244,0
26.261111,-0.485000,-0.073697,-0.014648,-0.014648,0
26.263889,-0.480000,0.020954,-0.024658,-0.024658,0
26.266667,-0.470000,0.019904,-0.030762,-0.030762,0
26.269444,-0.470000,-0.083953,-0.034912,-0.034912,0
26.272222,-0.460000,-0.196418,-0.038818,-0.038818,0
26.275000,-0.460000,-0.250000,-0.043945,-0.043945,0
26.277778,-0.475000,-0.211418,-0.050781,-0.050781,0
26.280556,-0.475000,-0.088953,-0.058105,-0.058105,0
26.283333,-0.470000,0.019904,-0.064697,-0.064697,0
26.286111,-0.455000,0.045954,-0.069092,-0.069092,0
26.288889,-0.455000,-0.043697,-0.070312,-0.070312,0
26.291667,-0.460000,-0.175000,-0.069092,-0.069092,0
26.294444,-0.460000,-0.247721,-0.067139,-0.067139,0
26.297222,-0.460000,-0.214907,-0.066406,-0.066406,0
26.300000,-0.455000,-0.095000,-0.068115,-0.068115,0
26.302778,-0.450000,0.024907,-0.072021,-0.072021,0
26.305556,-0.450000,0.057721,-0.076416,-0.076416,0
26.308333,-0.455000,-0.020000,-0.078857,-0.078857,0
26.311111,-0.475000,-0.166303,-0.077148,-0.077148,0
26.313889,-0.465000,-0.245954,-0.071777,-0.071777,0
26.316667,-0.465000,-0.234904,-0.064209,-0.064209,0
26.319444,-0.450000,-0.116047,-0.058838,-0.058838,0
26.322222,-0.450000,0.006418,-0.059326,-0.059326,0
26.325000,-0.455000,0.055000,-0.068359,-0.068359,0
26.327778,-0.480000,-0.023582,-0.086670,-0.086670,0
26.330556,-0.470000,-0.136047,-0.111572,-0.111572,0
26.333333,-0.445000,-0.214904,-0.140137,-0.140137,0
26.336111,-0.435000,-0.215954,-0.168945,-0.168945,0
26.338889,-0.440000,-0.131303,-0.195801,-0.195801,0
26.341667,-0.450000,-0.015000,-0.218262,-0.218262,0
26.344444,-0.460000,0.047721,-0.233398,-0.233398,0
26.347222,-0.460000,0.014907,-0.235107,-0.235107,0
26.350000,-0.445000,-0.085000,-0.212891,-0.212891,0
26.352778,-0.430000,-0.184907,-0.152588,-0.152588,0
26.355556,-0.425000,-0.212721,-0.039795,-0.039795,0
26.358333,-0.450000,-0.165000,0.135010,0.135010,0
26.361111,-0.460000,-0.048697,0.369629,0.369629,0
26.363889,-0.455000,0.045954,0.646973,0.646973,0
26.366667,-0.450000,0.039904,0.933838,0.933838,0
26.369444,-0.440000,-0.053953,1.186035,1.186035,0
26.372222,-0.445000,-0.181418,1.356934,1.356934,0
26.375000,-0.440000,-0.230000,1.409912,1.409912,1
26.377778,-0.450000,-0.186418,1.328613,1.328613,0
26.380556,-0.445000,-0.058953,1.123291,1.123291,0
26.383333,-0.440000,0.049904,0.829102,0.829102,0
26.386111,-0.435000,0.065954,0.498779,0.498779,0
26.388889,-0.450000,-0.038697,0.189209,0.189209,0
26.391667,-0.450000,-0.165000,-0.053223,-0.053223,0
26.394444,-0.455000,-0.242721,-0.202148,-0.202148,0
26.397222,-0.455000,-0.209907,-0.256348,-0.256348,0
26.400000,-0.460000,-0.100000,-0.236572,-0.236572,0
26.402778,-0.450000,0.024907,-0.176025,-0.176025,0
26.405556,-0.435000,0.072721,-0.109863,-0.109863,0
26.408333,-0.465000,-0.030000,-0.063477,-0.063477,0
26.411111,-0.465000,-0.156303,-0.048340,-0.048340,0
26.413889,-0.450000,-0.230954,-0.061035,-0.061035,0
26.416667,-0.435000,-0.204904,-0.089355,-0.089355,0
26.419444,-0.430000,-0.096047,-0.118164,-0.118164,0
26.422222,-0.435000,0.021418,-0.135498,-0.135498,0
26.425000,-0.450000,0.060000,-0.137939,-0.137939,0
26.427778,-0.465000,-0.008582,-0.127930,-0.127930,0
26.430556,-0.465000,-0.131047,-0.113525,-0.113525,0
26.433333,-0.460000,-0.229904,-0.102295,-0.102295,0
26.436111,-0.455000,-0.235954,-0.099121,-0.099121,0
26.438889,-0.455000,-0.146303,-0.104248,-0.104248,0
26.441667,-0.460000,-0.025000,-0.114014,-0.114014,0
26.444444,-0.470000,0.037721,-0.122559,-0.122559,0
26.447222,-0.470000,0.004907,-0.125977,-0.125977,0
26.450000,-0.460000,-0.100000,-0.122070,-0.122070,0
26.452778,-0.450000,-0.204907,-0.113037,-0.113037,0
26.455556,-0.455000,-0.242721,-0.102539,-0.102539,0
26.458333,-0.460000,-0.175000,-0.094482,-0.094482,0
26.461111,-0.475000,-0.063697,-0.091064,-0.091064,0
26.463889,-0.460000,0.040954,-0.092285,-0.092285,0
26.466667,-0.460000,0.029904,-0.095947,-0.095947,0
26.469444,-0.450000,-0.063953,-0.098633,-0.098633,0
26.472222,-0.450000,-0.186418,-0.098877,-0.098877,0
26.475000,-0.445000,-0.235000,-0.095703,-0.095703,0
26.477778,-0.445000,-0.181418,-0.090820,-0.090820,0
26.480556,-0.435000,-0.048953,-0.086426,-0.086426,0
26.483333,-0.425000,0.064904,-0.084229,-0.084229,0
26.486111,-0.420000,0.080954,-0.085205,-0.085205,0
26.488889,-0.415000,-0.003697,-0.088623,-0.088623,0
26.491667,-0.395000,-0.110000,-0.092773,-0.092773,0
26.494444,-0.405000,-0.192721,-0.095459,-0.095459,0
26.497222,-0.385000,-0.139907,-0.095459,-0.095459,0
26.500000,-0.385000,-0.025000,-0.093018,-0.093018,0
26.502778,-0.370000,0.104907,-0.089111,-0.089111,0
26.505556,-0.360000,0.147721,-0.084473,-0.084473,0
26.508333,-0.360000,0.075000,-0.080811,-0.080811,0
26.511111,-0.360000,-0.051303,-0.078369,-0.078369,0
26.513889,-0.355000,-0.135954,-0.076904,-0.076904,0
26.516667,-0.355000,-0.124904,-0.075928,-0.075928,0
26.519444,-0.335000,-0.001047,-0.074707,-0.074707,0
26.522222,-0.335000,0.121418,-0.073242,-0.073242,0
26.525000,-0.345000,0.165000,-0.071777,-0.071777,0
26.527778,-0.340000,0.116418,-0.070557,-0.070557,0
26.530556,-0.335000,-0.001047,-0.069824,-0.069824,0
26.533333,-0.320000,-0.089904,-0.069824,-0.069824,0
26.536111,-0.320000,-0.100954,-0.070801,-0.070801,0
26.538889,-0.325000,-0.016303,-0.072266,-0.072266,0
26.541667,-0.325000,0.110000,-0.073486,-0.073486,0
26.544444,-0.335000,0.172721,-0.073975,-0.073975,0
26.547222,-0.330000,0.144907,-0.073242,-0.073242,0
26.550000,-0.325000,0.035000,-0.071533,-0.071533,0
26.552778,-0.325000,-0.079907,-0.068848,-0.068848,0
26.555556,-0.335000,-0.122721,-0.066162,-0.066162,0
26.558333,-0.350000,-0.065000,-0.064209,-0.064209,0
26.561111,-0.360000,0.051303,-0.064209,-0.064209,0
26.563889,-0.365000,0.135954,-0.066162,-0.066162,0
26.566667,-0.345000,0.144904,-0.069336,-0.069336,0
26.569444,-0.335000,0.051047,-0.073486,-0.073486,0
26.572222,-0.350000,-0.086418,-0.077148,-0.077148,0
26.575000,-0.350000,-0.140000,-0.079590,-0.079590,0
26.577778,-0.355000,-0.091418,-0.080566,-0.080566,0
26.580556,-0.360000,0.026047,-0.079834,-0.079834,0
26.583333,-0.345000,0.144904,-0.077393,-0.077393,0
26.586111,-0.330000,0.170954,-0.074219,-0.074219,0
26.588889,-0.330000,0.081303,-0.070557,-0.070557,0
26.591667,-0.345000,-0.060000,-0.067871,-0.067871,0
26.594444,-0.355000,-0.142721,-0.066650,-0.066650,0
26.597222,-0.355000,-0.109907,-0.067383,-0.067383,0
26.600000,-0.340000,0.020000,-0.070312,-0.070312,0
26.602778,-0.345000,0.129907,-0.074951,-0.074951,0
26.605556,-0.350000,0.157721,-0.080322,-0.080322,0
26.608333,-0.360000,0.075000,-0.085205,-0.085205,0
26.611111,-0.370000,-0.061303,-0.088623,-0.088623,0
26.613889,-0.375000,-0.155954,-0.090088,-0.090088,0
26.616667,-0.360000,-0.129904,-0.089844,-0.089844,0
26.619444,-0.365000,-0.031047,-0.088623,-0.088623,0
26.622222,-0.360000,0.096418,-0.087402,-0.087402,0
26.625000,-0.365000,0.145000,-0.086914,-0.086914,0
26.627778,-0.380000,0.076418,-0.087402,-0.087402,0
26.630556,-0.375000,-0.041047,-0.088379,-0.088379,0
26.633333,-0.365000,-0.134904,-0.089600,-0.089600,0
26.636111,-0.365000,-0.145954,-0.090332,-0.090332,0
26.638889,-0.365000,-0.056303,-0.090332,-0.090332,0
26.641667,-0.375000,0.060000,-0.089355,-0.089355,0
26.644444,-0.390000,0.117721,-0.086914,-0.086914,0
26.647222,-0.385000,0.089907,-0.083496,-0.083496,0
26.650000,-0.375000,-0.015000,-0.078857,-0.078857,0
26.652778,-0.370000,-0.124907,-0.073486,-0.073486,0
26.655556,-0.370000,-0.157721,-0.067627,-0.067627,0
26.658333,-0.375000,-0.090000,-0.061279,-0.061279,0
26.661111,-0.390000,0.021303,-0.054443,-0.054443,0
26.663889,-0.380000,0.120954,-0.047607,-0.047607,0
26.666667,-0.370000,0.119904,-0.040283,-0.040283,0
26.669444,-0.345000,0.041047,-0.032471,-0.032471,0
26.672222,-0.360000,-0.096418,-0.024414,-0.024414,0
26.675000,-0.370000,-0.160000,-0.016357,-0.016357,0
26.677778,-0.385000,-0.121418,-0.008789,-0.008789,0
26.680556,-0.375000,0.011047,-0.001953,-0.001953,0
26.683333,-0.375000,0.114904,0.003418,0.003418,0
26.686111,-0.370000,0.130954,0.008057,0.008057,0
26.688889,-0.370000,0.041303,0.011719,0.011719,0
26.691667,-0.395000,-0.110000,0.015137,0.015137,0
26.694444,-0.400000,-0.187721,0.018311,0.018311,0
26.697222,-0.385000,-0.139907,0.021729,0.021729,0
26.700000,-0.390000,-0.030000,0.025391,0.025391,0
26.702778,-0.380000,0.094907,0.028564,0.028564,0
26.705556,-0.385000,0.122721,0.031738,0.031738,0
26.708333,-0.380000,0.055000,0.034424,0.034424,0
26.711111,-0.395000,-0.086303,0.037109,0.037109,0
26.713889,-0.390000,-0.170954,0.039062,0.039062,0
26.716667,-0.385000,-0.154904,0.040039,0.040039,0
26.719444,-0.375000,-0.041047,0.039795,0.039795,0
26.722222,-0.375000,0.081418,0.037842,0.037842,0
26.725000,-0.380000,0.130000,0.034424,0.034424,0
26.727778,-0.390000,0.066418,0.029541,0.029541,0
26.730556,-0.380000,-0.046047,0.024170,0.024170,0
26.733333,-0.375000,-0.144904,0.019287,0.019287,0
26.736111,-0.375000,-0.155954,0.015137,0.015137,0
26.738889,-0.365000,-0.056303,0.012207,0.012207,0
26.741667,-0.370000,0.065000,0.010254,0.010254,0
26.744444,-0.370000,0.137721,0.009521,0.009521,0
26.747222,-0.355000,0.119907,0.009766,0.009766,0
26.750000,-0.360000,0.000000,0.010986,0.010986,0
26.752778,-0.350000,-0.104907,0.012695,0.012695,0
26.755556,-0.335000,-0.122721,0.014648,0.014648,0
26.758333,-0.350000,-0.065000,0.016602,0.016602,0
26.761111,-0.350000,0.061303,0.018066,0.018066,0
26.763889,-0.340000,0.160954,0.019043,0.019043,0
26.766667,-0.320000,0.169904,0.019043,0.019043,0
26.769444,-0.295000,0.091047,0.018311,0.018311,0
26.772222,-0.295000,-0.031418,0.016846,0.016846,0
26.775000,-0.305000,-0.095000,0.014648,0.014648,0
26.777778,-0.315000,-0.051418,0.011475,0.011475,0
26.780556,-0.300000,0.086047,0.007568,0.007568,0
26.783333,-0.285000,0.204904,0.003662,0.003662,0
26.786111,-0.285000,0.215954,-0.000488,-0.000488,0
26.788889,-0.285000,0.126303,-0.003662,-0.003662,0
26.791667,-0.285000,-0.000000,-0.005859,-0.005859,0
26.794444,-0.270000,-0.057721,-0.006836,-0.006836,0
26.797222,-0.275000,-0.029907,-0.007080,-0.007080,0
26.800000,-0.260000,0.100000,-0.006836,-0.006836,0
26.802778,-0.245000,0.229907,-0.007080,-0.007080,0
26.805556,-0.250000,0.257721,-0.007568,-0.007568,0
26.808333,-0.260000,0.175000,-0.008789,-0.008789,0
26.811111,-0.270000,0.038697,-0.010254,-0.010254,0
26.813889,-0.280000,-0.060954,-0.011963,-0.011963,0
26.816667,-0.280000,-0.049904,-0.013672,-0.013672,0
26.819444,-0.265000,0.068953,-0.015381,-0.015381,0
26.822222,-0.265000,0.191418,-0.017090,-0.017090,0
26.825000,-0.265000,0.245000,-0.018799,-0.018799,0
26.827778,-0.275000,0.181418,-0.019531,-0.019531,0
26.830556,-0.270000,0.063953,-0.019531,-0.019531,0
26.833333,-0.255000,-0.024904,-0.018066,-0.018066,0
26.836111,-0.240000,-0.020954,-0.015625,-0.015625,0
26.838889,-0.230000,0.078697,-0.012695,-0.012695,0
26.841667,-0.240000,0.195000,-0.009766,-0.009766,0
26.844444,-0.275000,0.232721,-0.007568,-0.007568,0
26.847222,-0.310000,0.164907,-0.006836,-0.006836,0
26.850000,-0.305000,0.055000,-0.007080,-0.007080,0
26.852778,-0.320000,-0.074907,-0.008789,-0.008789,0
26.855556,-0.330000,-0.117721,-0.011475,-0.011475,0
26.858333,-0.350000,-0.065000,-0.014893,-0.014893,0
26.861111,-0.370000,0.041303,-0.018555,-0.018555,0
26.863889,-0.375000,0.125954,-0.022217,-0.022217,0
26.866667,-0.365000,0.124904,-0.025635,-0.025635,0
26.869444,-0.370000,0.016047,-0.028076,-0.028076,0
26.872222,-0.370000,-0.106418,-0.029541,-0.029541,0
26.875000,-0.370000,-0.160000,-0.030029,-0.030029,0
26.877778,-0.380000,-0.116418,-0.030029,-0.030029,0
26.880556,-0.385000,0.001047,-0.029297,-0.029297,0
26.883333,-0.380000,0.109904,-0.028564,-0.028564,0
26.886111,-0.370000,0.130954,-0.027588,-0.027588,0
26.888889,-0.360000,0.051303,-0.026611,-0.026611,0
26.891667,-0.370000,-0.085000,-0.025635,-0.025635,0
26.894444,-0.385000,-0.172721,-0.024902,-0.024902,0
26.897222,-0.375000,-0.129907,-0.024414,-0.024414,0
26.900000,-0.375000,-0.015000,-0.024170,-0.024170,0
26.902778,-0.380000,0.094907,-0.023926,-0.023926,0
26.905556,-0.380000,0.127721,-0.023438,-0.023438,0
26.908333,-0.395000,0.040000,-0.022217,-0.022217,0
26.911111,-0.400000,-0.091303,-0.019775,-0.019775,0
26.913889,-0.400000,-0.180954,-0.016357,-0.016357,0
26.916667,-0.390000,-0.159904,-0.012207,-0.012207,0
26.919444,-0.390000,-0.056047,-0.008301,-0.008301,0
26.922222,-0.390000,0.066418,-0.004883,-0.004883,0
26.925000,-0.395000,0.115000,-0.002197,-0.002197,0
26.927778,-0.415000,0.041418,0.000244,0.000244,0
26.930556,-0.425000,-0.091047,0.003174,0.003174,0
26.933333,-0.435000,-0.204904,0.007568,0.007568,0
26.936111,-0.475000,-0.255954,0.013916,0.013916,0
26.938889,-0.500000,-0.191303,0.021484,0.021484,0
26.941667,-0.525000,-0.090000,0.030029,0.030029,0
26.944444,-0.570000,-0.062279,0.038574,0.038574,0
26.947222,-0.605000,-0.130093,0.045898,0.045898,0
26.950000,-0.595000,-0.235000,0.051758,0.051758,0
26.952778,-0.500000,-0.254907,0.055908,0.055908,0
26.955556,-0.360000,-0.147721,0.058594,0.058594,0
26.958333,-0.230000,0.055000,0.060303,0.060303,0
26.961111,-0.055000,0.356303,0.062500,0.062500,0
26.963889,0.200000,0.700954,0.065430,0.065430,0
26.966667,0.500000,0.989904,0.070312,0.070312,0
26.969444,0.730000,1.116047,0.076416,0.076416,0
26.972222,0.855000,1.118582,0.083496,0.083496,0
26.975000,0.835000,1.045000,0.090332,0.090332,0
26.977778,0.620000,0.883582,0.095215,0.095215,0
26.980556,0.225000,0.611047,0.097168,0.097168,0
26.983333,-0.160000,0.329904,0.095703,0.095703,0
26.986111,-0.415000,0.085954,0.091553,0.091553,0
26.988889,-0.525000,-0.113697,0.085449,0.085449,0
26.991667,-0.515000,-0.230000,0.079590,0.079590,0
26.994444,-0.470000,-0.257721,0.075439,0.075439,0
26.997222,-0.435000,-0.189907,0.074219,0.074219,0
27.000000,-0.415000,-0.055000,0.076660,0.076660,0
27.002778,-0.415000,0.059907,0.082764,0.082764,0
27.005556,-0.410000,0.097721,0.090820,0.090820,0
27.008333,-0.405000,0.030000,0.099121,0.099121,0
27.011111,-0.415000,-0.106303,0.105469,0.105469,0
27.013889,-0.420000,-0.200954,0.107178,0.107178,0
27.016667,-0.415000,-0.184904,0.102783,0.102783,0
27.019444,-0.400000,-0.066047,0.091309,0.091309,0
27.022222,-0.415000,0.041418,0.074219,0.074219,0
27.025000,-0.420000,0.090000,0.053223,0.053223,0
27.027778,-0.430000,0.026418,0.032227,0.032227,0
27.030556,-0.420000,-0.086047,0.013916,0.013916,0
27.033333,-0.405000,-0.174904,0.000732,0.000732,0
27.036111,-0.410000,-0.190954,-0.007080,-0.007080,0
27.038889,-0.400000,-0.091303,-0.010986,-0.010986,0
27.041667,-0.415000,0.020000,-0.013428,-0.013428,0
27.044444,-0.430000,0.077721,-0.016602,-0.016602,0
27.047222,-0.420000,0.054907,-0.021240,-0.021240,0
27.050000,-0.425000,-0.065000,-0.027100,-0.027100,0
27.052778,-0.405000,-0.159907,-0.031982,-0.031982,0
27.055556,-0.410000,-0.197721,-0.033691,-0.033691,0
27.058333,-0.420000,-0.135000,-0.031494,-0.031494,0
27.061111,-0.435000,-0.023697,-0.025879,-0.025879,0
27.063889,-0.430000,0.070954,-0.019043,-0.019043,0
27.066667,-0.425000,0.064904,-0.014404,-0.014404,0
27.069444,-0.415000,-0.028953,-0.014648,-0.014648,0
27.072222,-0.420000,-0.156418,-0.020508,-0.020508,0
27.075000,-0.425000,-0.215000,-0.030762,-0.030762,0
27.077778,-0.435000,-0.171418,-0.041260,-0.041260,0
27.080556,-0.425000,-0.038953,-0.048828,-0.048828,0
27.083333,-0.420000,0.069904,-0.050049,-0.050049,0
27.086111,-0.410000,0.090954,-0.045166,-0.045166,0
27.088889,-0.410000,0.001303,-0.037354,-0.037354,0
27.091667,-0.420000,-0.135000,-0.031250,-0.031250,0
27.094444,-0.425000,-0.212721,-0.031250,-0.031250,0
27.097222,-0.415000,-0.169907,-0.039307,-0.039307,0
27.100000,-0.405000,-0.045000,-0.054199,-0.054199,0
27.102778,-0.400000,0.074907,-0.071289,-0.071289,0
27.105556,-0.405000,0.102721,-0.086426,-0.086426,0
27.108333,-0.400000,0.035000,-0.097656,-0.097656,0
27.111111,-0.410000,-0.101303,-0.106934,-0.106934,0
27.113889,-0.420000,-0.200954,-0.120361,-0.120361,0
27.116667,-0.405000,-0.174904,-0.144287,-0.144287,0
27.119444,-0.395000,-0.061047,-0.180420,-0.180420,0
27.122222,-0.415000,0.041418,-0.221191,-0.221191,0
27.125000,-0.410000,0.100000,-0.249023,-0.249023,0
27.127778,-0.430000,0.026418,-0.238037,-0.238037,0
27.130556,-0.425000,-0.091047,-0.162842,-0.162842,0
27.133333,-0.415000,-0.184904,-0.008301,-0.008301,0
27.136111,-0.415000,-0.195954,0.221436,0.221436,0
27.138889,-0.410000,-0.101303,0.500000,0.500000,0
27.141667,-0.420000,0.015000,0.780518,0.780518,0
27.144444,-0.430000,0.077721,1.007812,1.007812,0
27.147222,-0.425000,0.049907,1.131836,1.131836,1
27.150000,-0.410000,-0.050000,1.123535,1.123535,0
27.152778,-0.410000,-0.164907,0.982910,0.982910,0
27.155556,-0.400000,-0.187721,0.740234,0.740234,0
27.158333,-0.405000,-0.120000,0.447998,0.447998,0
27.161111,-0.415000,-0.003697,0.166016,0.166016,0
27.163889,-0.420000,0.080954,-0.054688,-0.054688,0
27.166667,-0.405000,0.084904,-0.184570,-0.184570,0
27.169444,-0.400000,-0.013953,-0.221924,-0.221924,0
27.172222,-0.390000,-0.126418,-0.188232,-0.188232,0
27.175000,-0.400000,-0.190000,-0.118896,-0.118896,0
27.177778,-0.400000,-0.136418,-0.050293,-0.050293,0
27.180556,-0.405000,-0.018953,-0.008057,-0.008057,0
27.183333,-0.395000,0.094904,-0.001465,-0.001465,0
27.186111,-0.390000,0.110954,-0.023682,-0.023682,0
27.188889,-0.405000,0.006303,-0.058105,-0.058105,0
27.191667,-0.400000,-0.115000,-0.087402,-0.087402,0
27.194444,-0.430000,-0.217721,-0.099365,-0.099365,0
27.197222,-0.430000,-0.184907,-0.092041,-0.092041,0
27.200000,-0.420000,-0.060000,-0.071777,-0.071777,0
27.202778,-0.415000,0.059907,-0.049805,-0.049805,0
27.205556,-0.405000,0.102721,-0.035645,-0.035645,0
27.208333,-0.425000,0.010000,-0.033936,-0.033936,0
27.211111,-0.435000,-0.126303,-0.043701,-0.043701,0
27.213889,-0.430000,-0.210954,-0.058350,-0.058350,0
27.216667,-0.425000,-0.194904,-0.070801,-0.070801,0
27.219444,-0.415000,-0.081047,-0.075684,-0.075684,0
27.222222,-0.425000,0.031418,-0.072266,-0.072266,0
27.225000,-0.425000,0.085000,-0.062988,-0.062988,0
27.227778,-0.440000,0.016418,-0.053223,-0.053223,0
27.230556,-0.435000,-0.101047,-0.047852,-0.047852,0
27.233333,-0.415000,-0.184904,-0.048340,-0.048340,0
27.236111,-0.415000,-0.195954,-0.054688,-0.054688,0
27.238889,-0.425000,-0.116303,-0.063232,-0.063232,0
27.241667,-0.430000,0.005000,-0.070557,-0.070557,0
27.244444,-0.435000,0.072721,-0.073486,-0.073486,0
27.247222,-0.410000,0.064907,-0.071289,-0.071289,0
27.250000,-0.395000,-0.035000,-0.065430,-0.065430,0
27.252778,-0.385000,-0.139907,-0.058350,-0.058350,0
27.255556,-0.375000,-0.162721,-0.052979,-0.052979,0
27.258333,-0.380000,-0.095000,-0.050781,-0.050781,0
27.261111,-0.385000,0.026303,-0.051758,-0.051758,0
27.263889,-0.380000,0.120954,-0.054199,-0.054199,0
27.266667,-0.365000,0.124904,-0.055664,-0.055664,0
27.269444,-0.345000,0.041047,-0.054932,-0.054932,0
27.272222,-0.345000,-0.081418,-0.051758,-0.051758,0
27.275000,-0.360000,-0.150000,-0.046387,-0.046387,0
27.277778,-0.365000,-0.101418,-0.041016,-0.041016,0
27.280556,-0.345000,0.041047,-0.037109,-0.037109,0
27.283333,-0.340000,0.149904,-0.035889,-0.035889,0
27.286111,-0.325000,0.175954,-0.036865,-0.036865,0
27.288889,-0.325000,0.086303,-0.039062,-0.039062,0
27.291667,-0.330000,-0.045000,-0.041748,-0.041748,0
27.294444,-0.340000,-0.127721,-0.043701,-0.043701,0
27.297222,-0.335000,-0.089907,-0.045166,-0.045166,0
27.300000,-0.325000,0.035000,-0.046143,-0.046143,0
27.302778,-0.310000,0.164907,-0.047363,-0.047363,0
27.305556,-0.305000,0.202721,-0.048828,-0.048828,0
27.308333,-0.310000,0.125000,-0.050781,-0.050781,0
27.311111,-0.335000,-0.026303,-0.052490,-0.052490,0
27.313889,-0.330000,-0.110954,-0.053467,-0.053467,0
27.316667,-0.320000,-0.089904,-0.053223,-0.053223,0
27.319444,-0.315000,0.018953,-0.051514,-0.051514,0
27.322222,-0.310000,0.146418,-0.049072,-0.049072,0
27.325000,-0.310000,0.200000,-0.046387,-0.046387,0
27.327778,-0.315000,0.141418,-0.043945,-0.043945,0
27.330556,-0.305000,0.028953,-0.041992,-0.041992,0
27.333333,-0.305000,-0.074904,-0.040527,-0.040527,0
27.336111,-0.295000,-0.075954,-0.039795,-0.039795,0
27.338889,-0.300000,0.008697,-0.038818,-0.038818,0
27.341667,-0.315000,0.120000,-0.037598,-0.037598,0
27.344444,-0.330000,0.177721,-0.035645,-0.035645,0
27.347222,-0.330000,0.144907,-0.032959,-0.032959,0
27.350000,-0.315000,0.045000,-0.030273,-0.030273,0
27.352778,-0.305000,-0.059907,-0.027832,-0.027832,0
27.355556,-0.325000,-0.112721,-0.026611,-0.026611,0
27.358333,-0.335000,-0.050000,-0.027344,-0.027344,0
27.361111,-0.335000,0.076303,-0.030273,-0.030273,0
27.363889,-0.340000,0.160954,-0.034912,-0.034912,0
27.366667,-0.335000,0.154904,-0.040283,-0.040283,0
27.369444,-0.320000,0.066047,-0.045410,-0.045410,0
27.372222,-0.340000,-0.076418,-0.049561,-0.049561,0
27.375000,-0.355000,-0.145000,-0.052246,-0.052246,0
27.377778,-0.350000,-0.086418,-0.053711,-0.053711,0
27.380556,-0.360000,0.026047,-0.054688,-0.054688,0
27.383333,-0.350000,0.139904,-0.055420,-0.055420,0
27.386111,-0.340000,0.160954,-0.056396,-0.056396,0
27.388889,-0.335000,0.076303,-0.057373,-0.057373,0
27.391667,-0.345000,-0.060000,-0.058594,-0.058594,0
27.394444,-0.360000,-0.147721,-0.059326,-0.059326,0
27.397222,-0.350000,-0.104907,-0.059814,-0.059814,0
27.400000,-0.350000,0.010000,-0.060303,-0.060303,0
27.402778,-0.345000,0.129907,-0.060791,-0.060791,0
27.405556,-0.345000,0.162721,-0.061768,-0.061768,0
27.408333,-0.355000,0.080000,-0.062988,-0.062988,0
27.411111,-0.365000,-0.056303,-0.063477,-0.063477,0
27.413889,-0.360000,-0.140954,-0.062744,-0.062744,0
27.416667,-0.360000,-0.129904,-0.060547,-0.060547,0
27.419444,-0.355000,-0.021047,-0.055908,-0.055908,0
27.422222,-0.360000,0.096418,-0.049805,-0.049805,0
27.425000,-0.370000,0.140000,-0.042236,-0.042236,0
27.427778,-0.375000,0.081418,-0.033936,-0.033936,0
27.430556,-0.385000,-0.051047,-0.026123,-0.026123,0
27.433333,-0.375000,-0.144904,-0.018799,-0.018799,0
27.436111,-0.370000,-0.150954,-0.012695,-0.012695,0
27.438889,-0.380000,-0.071303,-0.008057,-0.008057,0
27.441667,-0.385000,0.050000,-0.004150,-0.004150,0
27.444444,-0.385000,0.122721,-0.000977,-0.000977,0
27.447222,-0.380000,0.094907,0.002441,0.002441,0
27.450000,-0.380000,-0.020000,0.006348,0.006348,0
27.452778,-0.370000,-0.124907,0.010742,0.010742,0
27.455556,-0.370000,-0.157721,0.015137,0.015137,0
27.458333,-0.375000,-0.090000,0.019043,0.019043,0
27.461111,-0.370000,0.041303,0.022461,0.022461,0
27.463889,-0.370000,0.130954,0.025391,0.025391,0
27.466667,-0.360000,0.129904,0.027832,0.027832,0
27.469444,-0.360000,0.026047,0.030518,0.030518,0
27.472222,-0.355000,-0.091418,0.033691,0.033691,0
27.475000,-0.380000,-0.170000,0.036865,0.036865,0
27.477778,-0.400000,-0.136418,0.039551,0.039551,0
27.480556,-0.395000,-0.008953,0.041016,0.041016,0
27.483333,-0.390000,0.099904,0.041260,0.041260,0
27.486111,-0.380000,0.120954,0.040039,0.040039,0
27.488889,-0.380000,0.031303,0.038574,0.038574,0
27.491667,-0.390000,-0.105000,0.037598,0.037598,0
27.494444,-0.385000,-0.172721,0.038330,0.038330,0
27.497222,-0.370000,-0.124907,0.040771,0.040771,0
27.500000,-0.375000,-0.015000,0.044678,0.044678,0
27.502778,-0.365000,0.109907,0.049072,0.049072,0
27.505556,-0.360000,0.147721,0.052979,0.052979,0
27.508333,-0.365000,0.070000,0.054932,0.054932,0
27.511111,-0.380000,-0.071303,0.054932,0.054932,0
27.513889,-0.380000,-0.160954,0.052734,0.052734,0
27.516667,-0.370000,-0.139904,0.048828,0.048828,0
27.519444,-0.375000,-0.041047,0.044189,0.044189,0
27.522222,-0.380000,0.076418,0.039551,0.039551,0
27.525000,-0.390000,0.120000,0.035889,0.035889,0
27.527778,-0.395000,0.061418,0.033447,0.033447,0
27.530556,-0.390000,-0.056047,0.032227,0.032227,0
27.533333,-0.355000,-0.124904,0.031738,0.031738,0
27.536111,-0.350000,-0.130954,0.030762,0.030762,0
27.538889,-0.360000,-0.051303,0.028809,0.028809,0
27.541667,-0.375000,0.060000,0.025391,0.025391,0
27.544444,-0.385000,0.122721,0.020752,0.020752,0
27.547222,-0.380000,0.094907,0.015869,0.015869,0
27.550000,-0.375000,-0.015000,0.011963,0.011963,0
27.552778,-0.350000,-0.104907,0.009277,0.009277,0
27.555556,-0.355000,-0.142721,0.008545,0.008545,0
27.558333,-0.355000,-0.070000,0.009033,0.009033,0
27.561111,-0.355000,0.056303,0.010498,0.010498,0
27.563889,-0.345000,0.155954,0.011719,0.011719,0
27.566667,-0.330000,0.159904,0.012207,0.012207,0
27.569444,-0.315000,0.071047,0.011963,0.011963,0
27.572222,-0.310000,-0.046418,0.010986,0.010986,0
27.575000,-0.325000,-0.115000,0.009521,0.009521,0
27.577778,-0.315000,-0.051418,0.008057,0.008057,0
27.580556,-0.300000,0.086047,0.006592,0.006592,0
27.583333,-0.285000,0.204904,0.005371,0.005371,0
27.586111,-0.265000,0.235954,0.003906,0.003906,0
27.588889,-0.255000,0.156303,0.002197,0.002197,0
27.591667,-0.270000,0.015000,0.000244,0.000244,0
27.594444,-0.265000,-0.052721,-0.002197,-0.002197,0
27.597222,-0.265000,-0.019907,-0.005127,-0.005127,0
27.600000,-0.255000,0.105000,-0.008057,-0.008057,0
27.602778,-0.255000,0.219907,-0.011475,-0.011475,0
27.605556,-0.265000,0.242721,-0.014648,-0.014648,0
27.608333,-0.275000,0.160000,-0.017334,-0.017334,0
27.611111,-0.290000,0.018697,-0.019531,-0.019531,0
27.613889,-0.275000,-0.055954,-0.020996,-0.020996,0
27.616667,-0.275000,-0.044904,-0.021973,-0.021973,0
27.619444,-0.285000,0.048953,-0.022217,-0.022217,0
27.622222,-0.295000,0.161418,-0.021973,-0.021973,0
27.625000,-0.300000,0.210000,-0.020996,-0.020996,0
27.627778,-0.290000,0.166418,-0.019043,-0.019043,0
27.630556,-0.270000,0.063953,-0.015869,-0.015869,0
27.633333,-0.275000,-0.044904,-0.011963,-0.011963,0
27.636111,-0.295000,-0.075954,-0.008057,-0.008057,0
27.638889,-0.310000,-0.001303,-0.004883,-0.004883,0
27.641667,-0.345000,0.090000,-0.003906,-0.003906,0
27.644444,-0.365000,0.142721,-0.005615,-0.005615,0
27.647222,-0.370000,0.104907,-0.009277,-0.009277,0
27.650000,-0.390000,-0.030000,-0.014893,-0.014893,0
27.652778,-0.385000,-0.139907,-0.020752,-0.020752,0
27.655556,-0.395000,-0.182721,-0.026123,-0.026123,0
27.658333,-0.410000,-0.125000,-0.030273,-0.030273,0
27.661111,-0.415000,-0.003697,-0.031982,-0.031982,0
27.663889,-0.405000,0.095954,-0.031494,-0.031494,0
27.666667,-0.395000,0.094904,-0.028564,-0.028564,0
27.669444,-0.400000,-0.013953,-0.023926,-0.023926,0
27.672222,-0.405000,-0.141418,-0.018066,-0.018066,0
27.675000,-0.400000,-0.190000,-0.012451,-0.012451,0
27.677778,-0.405000,-0.141418,-0.007812,-0.007812,0
27.680556,-0.410000,-0.023953,-0.005615,-0.005615,0
27.683333,-0.390000,0.099904,-0.006348,-0.006348,0
27.686111,-0.395000,0.105954,-0.009766,-0.009766,0
27.688889,-0.395000,0.016303,-0.014893,-0.014893,0
27.691667,-0.415000,-0.130000,-0.020264,-0.020264,0
27.694444,-0.430000,-0.217721,-0.024414,-0.024414,0
27.697222,-0.430000,-0.184907,-0.026367,-0.026367,0
27.700000,-0.415000,-0.055000,-0.025635,-0.025635,0
27.702778,-0.410000,0.064907,-0.022705,-0.022705,0
27.705556,-0.405000,0.102721,-0.018555,-0.018555,0
27.708333,-0.410000,0.025000,-0.014404,-0.014404,0
27.711111,-0.410000,-0.101303,-0.011475,-0.011475,0
27.713889,-0.420000,-0.200954,-0.010254,-0.010254,0
27.716667,-0.410000,-0.179904,-0.010742,-0.010742,0
27.719444,-0.415000,-0.081047,-0.012451,-0.012451,0
27.722222,-0.425000,0.031418,-0.013916,-0.013916,0
27.725000,-0.455000,0.055000,-0.013916,-0.013916,0
27.727778,-0.500000,-0.043582,-0.011963,-0.011963,0
27.730556,-0.510000,-0.176047,-0.007080,-0.007080,0
27.733333,-0.520000,-0.289904,-0.000244,-0.000244,0
27.736111,-0.520000,-0.300954,0.007568,0.007568,0
27.738889,-0.570000,-0.261303,0.015381,0.015381,0
27.741667,-0.615000,-0.180000,0.022461,0.022461,0
27.744444,-0.655000,-0.147279,0.028564,0.028564,0
27.747222,-0.640000,-0.165093,0.034180,0.034180,0
27.750000,-0.570000,-0.210000,0.040771,0.040771,0
27.752778,-0.475000,-0.229907,0.048340,0.048340,0
27.755556,-0.360000,-0.147721,0.057129,0.057129,0
27.758333,-0.235000,0.050000,0.066895,0.066895,0
27.761111,-0.040000,0.371303,0.076416,0.076416,0
27.763889,0.240000,0.740954,0.084961,0.084961,0
27.766667,0.515000,1.004904,0.091797,0.091797,0
27.769444,0.710000,1.096047,0.096436,0.096436,0
27.772222,0.795000,1.058582,0.098877,0.098877,0
27.775000,0.720000,0.930000,0.098877,0.098877,0
27.777778,0.435000,0.698582,0.096680,0.096680,0
27.780556,0.065000,0.451047,0.092529,0.092529,0
27.783333,-0.250000,0.239904,0.086914,0.086914,0
27.786111,-0.445000,0.055954,0.080566,0.080566,0
27.788889,-0.535000,-0.123697,0.074707,0.074707,0
27.791667,-0.550000,-0.265000,0.070312,0.070312,0
27.794444,-0.510000,-0.297721,0.068359,0.068359,0
27.797222,-0.480000,-0.234907,0.068604,0.068604,0
27.800000,-0.450000,-0.090000,0.070801,0.070801,0
27.802778,-0.450000,0.024907,0.073242,0.073242,0
27.805556,-0.445000,0.062721,0.074219,0.074219,0
27.808333,-0.440000,-0.005000,0.071533,0.071533,0
27.811111,-0.455000,-0.146303,0.063965,0.063965,0
27.813889,-0.450000,-0.230954,0.051025,0.051025,0
27.816667,-0.450000,-0.219904,0.033691,0.033691,0
27.819444,-0.440000,-0.106047,0.013672,0.013672,0
27.822222,-0.440000,0.016418,-0.006836,-0.006836,0
27.825000,-0.445000,0.065000,-0.024902,-0.024902,0
27.827778,-0.450000,0.006418,-0.038574,-0.038574,0
27.830556,-0.455000,-0.121047,-0.046143,-0.046143,0
27.833333,-0.445000,-0.214904,-0.048584,-0.048584,0
27.836111,-0.435000,-0.215954,-0.047119,-0.047119,0
27.838889,-0.430000,-0.121303,-0.044678,-0.044678,0
27.841667,-0.440000,-0.005000,-0.042969,-0.042969,0
27.844444,-0.455000,0.052721,-0.043701,-0.043701,0
27.847222,-0.445000,0.029907,-0.045898,-0.045898,0
27.850000,-0.445000,-0.085000,-0.048584,-0.048584,0
27.852778,-0.440000,-0.194907,-0.049805,-0.049805,0
27.855556,-0.435000,-0.222721,-0.048584,-0.048584,0
27.858333,-0.460000,-0.175000,-0.045654,-0.045654,0
27.861111,-0.460000,-0.048697,-0.042725,-0.042725,0
27.863889,-0.455000,0.045954,-0.041748,-0.041748,0
27.866667,-0.465000,0.024904,-0.044678,-0.044678,0
27.869444,-0.450000,-0.063953,-0.051758,-0.051758,0
27.872222,-0.445000,-0.181418,-0.061523,-0.061523,0
27.875000,-0.470000,-0.260000,-0.070068,-0.070068,0
27.877778,-0.485000,-0.221418,-0.073975,-0.073975,0
27.880556,-0.465000,-0.078953,-0.070801,-0.070801,0
27.883333,-0.460000,0.029904,-0.061523,-0.061523,0
27.886111,-0.460000,0.040954,-0.049072,-0.049072,0
27.888889,-0.450000,-0.038697,-0.039551,-0.039551,0
27.891667,-0.450000,-0.165000,-0.038574,-0.038574,0
27.894444,-0.470000,-0.257721,-0.049316,-0.049316,0
27.897222,-0.460000,-0.214907,-0.071533,-0.071533,0
27.900000,-0.455000,-0.095000,-0.100342,-0.100342,0
27.902778,-0.440000,0.034907,-0.129150,-0.129150,0
27.905556,-0.435000,0.072721,-0.152344,-0.152344,0
27.908333,-0.445000,-0.010000,-0.167480,-0.167480,0
27.911111,-0.450000,-0.141303,-0.177734,-0.177734,0
27.913889,-0.435000,-0.215954,-0.189453,-0.189453,0
27.916667,-0.440000,-0.209904,-0.208496,-0.208496,0
27.919444,-0.445000,-0.111047,-0.236084,-0.236084,0
27.922222,-0.445000,0.011418,-0.263184,-0.263184,0
27.925000,-0.450000,0.060000,-0.271973,-0.271973,0
27.927778,-0.450000,0.006418,-0.238281,-0.238281,0
27.930556,-0.440000,-0.106047,-0.140381,-0.140381,0
27.933333,-0.435000,-0.204904,0.031494,0.031494,0
27.936111,-0.440000,-0.220954,0.267822,0.267822,0
27.938889,-0.445000,-0.136303,0.538330,0.538330,0
27.941667,-0.455000,-0.020000,0.796143,0.796143,0
27.944444,-0.475000,0.032721,0.989258,0.989258,0
27.947222,-0.460000,0.014907,1.075439,1.075439,1
27.950000,-0.450000,-0.090000,1.033447,1.033447,0
27.952778,-0.435000,-0.189907,0.871338,0.871338,0
27.955556,-0.440000,-0.227721,0.623779,0.623779,0
27.958333,-0.445000,-0.160000,0.343018,0.343018,0
27.961111,-0.455000,-0.043697,0.083984,0.083984,0
27.963889,-0.450000,0.050954,-0.109131,-0.109131,0
27.966667,-0.435000,0.054904,-0.214844,-0.214844,0
27.969444,-0.435000,-0.048953,-0.236816,-0.236816,0
27.972222,-0.450000,-0.186418,-0.198242,-0.198242,0
27.975000,-0.450000,-0.240000,-0.133545,-0.133545,0
27.977778,-0.460000,-0.196418,-0.074219,-0.074219,0
27.980556,-0.455000,-0.068953,-0.041260,-0.041260,0
27.983333,-0.440000,0.049904,-0.039795,-0.039795,0
27.986111,-0.430000,0.070954,-0.061523,-0.061523,0
27.988889,-0.425000,-0.013697,-0.090820,-0.090820,0
27.991667,-0.435000,-0.150000,-0.113037,-0.113037,0
27.994444,-0.460000,-0.247721,-0.118652,-0.118652,0
27.997222,-0.465000,-0.219907,-0.108154,-0.108154,0
28.000000,-0.445000,-0.085000,-0.088379,-0.088379,0
28.002778,-0.440000,0.034907,-0.069336,-0.069336,0
28.005556,-0.440000,0.067721,-0.058838,-0.058838,0
28.008333,-0.470000,-0.035000,-0.059814,-0.059814,0
28.011111,-0.480000,-0.171303,-0.069580,-0.069580,0
28.013889,-0.490000,-0.270954,-0.082275,-0.082275,0
28.016667,-0.480000,-0.249904,-0.091309,-0.091309,0
28.019444,-0.475000,-0.141047,-0.093018,-0.093018,0
28.022222,-0.485000,-0.028582,-0.087646,-0.087646,0
28.025000,-0.490000,0.020000,-0.078857,-0.078857,0
28.027778,-0.495000,-0.038582,-0.071045,-0.071045,0
28.030556,-0.490000,-0.156047,-0.067871,-0.067871,0
28.033333,-0.490000,-0.259904,-0.071045,-0.071045,0
28.036111,-0.490000,-0.270954,-0.078857,-0.078857,0
28.038889,-0.495000,-0.186303,-0.088379,-0.088379,0
28.041667,-0.495000,-0.060000,-0.095947,-0.095947,0
28.044444,-0.510000,-0.002279,-0.099365,-0.099365,0
28.047222,-0.495000,-0.020093,-0.098389,-0.098389,0
28.050000,-0.495000,-0.135000,-0.094238,-0.094238,0
28.052778,-0.475000,-0.229907,-0.089600,-0.089600,0
28.055556,-0.475000,-0.262721,-0.086426,-0.086426,0
28.058333,-0.465000,-0.180000,-0.086182,-0.086182,0
28.061111,-0.475000,-0.063697,-0.088135,-0.088135,0
28.063889,-0.465000,0.035954,-0.090820,-0.090820,0
28.066667,-0.430000,0.059904,-0.091797,-0.091797,0
28.069444,-0.410000,-0.023953,-0.089844,-0.089844,0
28.072222,-0.405000,-0.141418,-0.085205,-0.085205,0
28.075000,-0.395000,-0.185000,-0.078857,-0.078857,0
28.077778,-0.405000,-0.141418,-0.072266,-0.072266,0
28.080556,-0.395000,-0.008953,-0.067871,-0.067871,0
28.083333,-0.370000,0.119904,-0.065918,-0.065918,0
28.086111,-0.355000,0.145954,-0.066406,-0.066406,0
28.088889,-0.365000,0.046303,-0.068359,-0.068359,0
28.091667,-0.370000,-0.085000,-0.070068,-0.070068,0
28.094444,-0.370000,-0.157721,-0.070801,-0.070801,0
28.097222,-0.380000,-0.134907,-0.069824,-0.069824,0
28.100000,-0.370000,-0.010000,-0.067871,-0.067871,0
28.102778,-0.355000,0.119907,-0.065918,-0.065918,0
28.105556,-0.360000,0.147721,-0.065186,-0.065186,0
28.108333,-0.370000,0.065000,-0.066162,-0.066162,0
28.111111,-0.370000,-0.061303,-0.068848,-0.068848,0
28.113889,-0.355000,-0.135954,-0.072510,-0.072510,0
28.116667,-0.340000,-0.109904,-0.076172,-0.076172,0
28.119444,-0.325000,0.008953,-0.078613,-0.078613,0
28.122222,-0.325000,0.131418,-0.079102,-0.079102,0
28.125000,-0.340000,0.170000,-0.077637,-0.077637,0
28.127778,-0.345000,0.111418,-0.074463,-0.074463,0
28.130556,-0.360000,-0.026047,-0.070068,-0.070068,0
28.133333,-0.345000,-0.114904,-0.066162,-0.066162,0
28.136111,-0.345000,-0.125954,-0.063477,-0.063477,0
28.138889,-0.355000,-0.046303,-0.062744,-0.062744,0
28.141667,-0.355000,0.080000,-0.064209,-0.064209,0
28.144444,-0.365000,0.142721,-0.066895,-0.066895,0
28.147222,-0.370000,0.104907,-0.069824,-0.069824,0
28.150000,-0.365000,-0.005000,-0.071777,-0.071777,0
28.152778,-0.370000,-0.124907,-0.071777,-0.071777,0
28.155556,-0.370000,-0.157721,-0.070068,-0.070068,0
28.158333,-0.375000,-0.090000,-0.067383,-0.067383,0
28.161111,-0.375000,0.036303,-0.064209,-0.064209,0
28.163889,-0.365000,0.135954,-0.062012,-0.062012,0
28.166667,-0.360000,0.129904,-0.061523,-0.061523,0
28.169444,-0.355000,0.031047,-0.062744,-0.062744,0
28.172222,-0.355000,-0.091418,-0.065430,-0.065430,0
28.175000,-0.355000,-0.145000,-0.069336,-0.069336,0
28.177778,-0.375000,-0.111418,-0.074463,-0.074463,0
28.180556,-0.380000,0.006047,-0.080078,-0.080078,0
28.183333,-0.385000,0.104904,-0.085938,-0.085938,0
28.186111,-0.365000,0.135954,-0.092041,-0.092041,0
28.188889,-0.365000,0.046303,-0.097900,-0.097900,0
28.191667,-0.375000,-0.090000,-0.103027,-0.103027,0
28.194444,-0.380000,-0.167721,-0.107178,-0.107178,0
28.197222,-0.385000,-0.139907,-0.110352,-0.110352,0
28.200000,-0.385000,-0.025000,-0.112549,-0.112549,0
28.202778,-0.370000,0.104907,-0.114014,-0.114014,0
28.205556,-0.380000,0.127721,-0.115234,-0.115234,0
28.208333,-0.400000,0.035000,-0.116699,-0.116699,0
28.211111,-0.410000,-0.101303,-0.118408,-0.118408,0
28.213889,-0.400000,-0.180954,-0.119873,-0.119873,0
28.216667,-0.385000,-0.154904,-0.121582,-0.121582,0
28.219444,-0.375000,-0.041047,-0.122559,-0.122559,0
28.222222,-0.380000,0.076418,-0.122803,-0.122803,0
28.225000,-0.390000,0.120000,-0.121338,-0.121338,0
28.227778,-0.410000,0.046418,-0.117676,-0.117676,0
28.230556,-0.400000,-0.066047,-0.111572,-0.111572,0
28.233333,-0.395000,-0.164904,-0.103027,-0.103027,0
28.236111,-0.390000,-0.170954,-0.092529,-0.092529,0
28.238889,-0.390000,-0.081303,-0.081055,-0.081055,0
28.241667,-0.390000,0.045000,-0.069336,-0.069336,0
28.244444,-0.400000,0.107721,-0.057861,-0.057861,0
28.247222,-0.400000,0.074907,-0.046631,-0.046631,0
28.250000,-0.390000,-0.030000,-0.035645,-0.035645,0
28.252778,-0.385000,-0.139907,-0.025146,-0.025146,0
28.255556,-0.390000,-0.177721,-0.015381,-0.015381,0
28.258333,-0.395000,-0.110000,-0.007080,-0.007080,0
28.261111,-0.395000,0.016303,-0.000732,-0.000732,0
28.263889,-0.400000,0.100954,0.002930,0.002930,0
28.266667,-0.400000,0.089904,0.003906,0.003906,0
28.269444,-0.385000,0.001047,0.002686,0.002686,0
28.272222,-0.390000,-0.126418,0.000244,0.000244,0
28.275000,-0.400000,-0.190000,-0.001953,-0.001953,0
28.277778,-0.400000,-0.136418,-0.002686,-0.002686,0
28.280556,-0.390000,-0.003953,-0.001221,-0.001221,0
28.283333,-0.380000,0.109904,0.002686,0.002686,0
28.286111,-0.370000,0.130954,0.008789,0.008789,0
28.288889,-0.370000,0.041303,0.015869,0.015869,0
28.291667,-0.380000,-0.095000,0.022705,0.022705,0
28.294444,-0.405000,-0.192721,0.027832,0.027832,0
28.297222,-0.390000,-0.144907,0.030518,0.030518,0
28.300000,-0.390000,-0.030000,0.030518,0.030518,0
28.302778,-0.380000,0.094907,0.028076,0.028076,0
28.305556,-0.380000,0.127721,0.024170,0.024170,0
28.308333,-0.380000,0.055000,0.019775,0.019775,0
28.311111,-0.390000,-0.081303,0.015869,0.015869,0
28.313889,-0.380000,-0.160954,0.012451,0.012451,0
28.316667,-0.380000,-0.149904,0.009277,0.009277,0
28.319444,-0.375000,-0.041047,0.005859,0.005859,0
28.322222,-0.380000,0.076418,0.001953,0.001953,0
28.325000,-0.390000,0.120000,-0.002197,-0.002197,0
28.327778,-0.410000,0.046418,-0.005615,-0.005615,0
28.330556,-0.405000,-0.071047,-0.007568,-0.007568,0
28.333333,-0.395000,-0.164904,-0.007324,-0.007324,0
28.336111,-0.395000,-0.175954,-0.004639,-0.004639,0
28.338889,-0.385000,-0.076303,-0.000732,-0.000732,0
28.341667,-0.405000,0.030000,0.002930,0.002930,0
28.344444,-0.405000,0.102721,0.005127,0.005127,0
28.347222,-0.385000,0.089907,0.005127,0.005127,0
28.350000,-0.370000,-0.010000,0.002930,0.002930,0
28.352778,-0.335000,-0.089907,-0.000732,-0.000732,0
28.355556,-0.325000,-0.112721,-0.004883,-0.004883,0
28.358333,-0.325000,-0.040000,-0.008057,-0.008057,0
28.361111,-0.345000,0.066303,-0.010254,-0.010254,0
28.363889,-0.335000,0.165954,-0.010986,-0.010986,0
28.366667,-0.325000,0.164904,-0.010986,-0.010986,0
28.369444,-0.320000,0.066047,-0.011230,-0.011230,0
28.372222,-0.320000,-0.056418,-0.012207,-0.012207,0
28.375000,-0.310000,-0.100000,-0.014648,-0.014648,0
28.377778,-0.310000,-0.046418,-0.018311,-0.018311,0
28.380556,-0.300000,0.086047,-0.022705,-0.022705,0
28.383333,-0.290000,0.199904,-0.026611,-0.026611,0
28.386111,-0.280000,0.220954,-0.029297,-0.029297,0
28.388889,-0.285000,0.126303,-0.030029,-0.030029,0
28.391667,-0.295000,-0.010000,-0.029297,-0.029297,0
28.394444,-0.305000,-0.092721,-0.027344,-0.027344,0
28.397222,-0.295000,-0.049907,-0.025635,-0.025635,0
28.400000,-0.290000,0.070000,-0.024902,-0.024902,0
28.402778,-0.285000,0.189907,-0.025879,-0.025879,0
28.405556,-0.290000,0.217721,-0.028076,-0.028076,0
28.408333,-0.300000,0.135000,-0.031006,-0.031006,0
28.411111,-0.315000,-0.006303,-0.033203,-0.033203,0
28.413889,-0.310000,-0.090954,-0.034180,-0.034180,0
28.416667,-0.310000,-0.079904,-0.033691,-0.033691,0
28.419444,-0.290000,0.043953,-0.031738,-0.031738,0
28.422222,-0.275000,0.181418,-0.029297,-0.029297,0
28.425000,-0.280000,0.230000,-0.027344,-0.027344,0
28.427778,-0.300000,0.156418,-0.026367,-0.026367,0
28.430556,-0.320000,0.013953,-0.026855,-0.026855,0
28.433333,-0.340000,-0.109904,-0.028320,-0.028320,0
28.436111,-0.340000,-0.120954,-0.030762,-0.030762,0
28.438889,-0.370000,-0.061303,-0.032959,-0.032959,0
28.441667,-0.395000,0.040000,-0.034668,-0.034668,0
28.444444,-0.420000,0.087721,-0.035156,-0.035156,0
28.447222,-0.415000,0.059907,-0.034180,-0.034180,0
28.450000,-0.425000,-0.065000,-0.031250,-0.031250,0
28.452778,-0.415000,-0.169907,-0.027588,-0.027588,0
28.455556,-0.410000,-0.197721,-0.023682,-0.023682,0
28.458333,-0.420000,-0.135000,-0.020264,-0.020264,0
28.461111,-0.425000,-0.013697,-0.018799,-0.018799,0
28.463889,-0.425000,0.075954,-0.018799,-0.018799,0
28.466667,-0.430000,0.059904,-0.020264,-0.020264,0
28.469444,-0.415000,-0.028953,-0.022217,-0.022217,0
28.472222,-0.410000,-0.146418,-0.024170,-0.024170,0
28.475000,-0.425000,-0.215000,-0.025146,-0.025146,0
28.477778,-0.440000,-0.176418,-0.025146,-0.025146,0
28.480556,-0.445000,-0.058953,-0.024170,-0.024170,0
28.483333,-0.435000,0.054904,-0.022705,-0.022705,0
28.486111,-0.420000,0.080954,-0.020752,-0.020752,0
28.488889,-0.410000,0.001303,-0.019043,-0.019043,0
28.491667,-0.420000,-0.135000,-0.018311,-0.018311,0
28.494444,-0.435000,-0.222721,-0.018799,-0.018799,0
28.497222,-0.425000,-0.179907,-0.020752,-0.020752,0
28.500000,-0.425000,-0.065000,-0.024414,-0.024414,0
28.502778,-0.415000,0.059907,-0.029785,-0.029785,0
28.505556,-0.420000,0.087721,-0.035645,-0.035645,0
28.508333,-0.430000,0.005000,-0.041260,-0.041260,0
28.511111,-0.435000,-0.126303,-0.044434,-0.044434,0
28.513889,-0.450000,-0.230954,-0.044434,-0.044434,0
28.516667,-0.470000,-0.239904,-0.040039,-0.040039,0
28.519444,-0.490000,-0.156047,-0.031738,-0.031738,0
28.522222,-0.520000,-0.063582,-0.020508,-0.020508,0
28.525000,-0.535000,-0.025000,-0.007812,-0.007812,0
28.527778,-0.555000,-0.098582,0.004395,0.004395,0
28.530556,-0.590000,-0.256047,0.015137,0.015137,0
28.533333,-0.615000,-0.384904,0.023438,0.023438,0
28.536111,-0.620000,-0.400954,0.029053,0.029053,0
28.538889,-0.555000,-0.246303,0.032471,0.032471,0
28.541667,-0.445000,-0.010000,0.034668,0.034668,0
28.544444,-0.325000,0.182721,0.036865,0.036865,0
28.547222,-0.175000,0.299907,0.040039,0.040039,0
28.550000,0.025000,0.385000,0.044434,0.044434,0
28.552778,0.265000,0.510093,0.050537,0.050537,0
28.555556,0.540000,0.752279,0.056885,0.056885,0
28.558333,0.735000,1.020000,0.062744,0.062744,0
28.561111,0.850000,1.261303,0.067383,0.067383,0
28.563889,0.855000,1.355954,0.070068,0.070068,0
28.566667,0.680000,1.169904,0.071045,0.071045,0
28.569444,0.325000,0.711047,0.070312,0.070312,0
28.572222,-0.085000,0.178582,0.068359,0.068359,0
28.575000,-0.390000,-0.180000,0.065918,0.065918,0
28.577778,-0.520000,-0.256418,0.062744,0.062744,0
28.580556,-0.555000,-0.168953,0.059570,0.059570,0
28.583333,-0.530000,-0.040096,0.056641,0.056641,0
28.586111,-0.490000,0.010954,0.054932,0.054932,0
28.588889,-0.455000,-0.043697,0.055420,0.055420,0
28.591667,-0.455000,-0.170000,0.057861,0.057861,0
28.594444,-0.465000,-0.252721,0.062012,0.062012,0
28.597222,-0.465000,-0.219907,0.066162,0.066162,0
28.600000,-0.450000,-0.090000,0.068115,0.068115,0
28.602778,-0.440000,0.034907,0.065186,0.065186,0
28.605556,-0.450000,0.057721,0.055664,0.055664,0
28.608333,-0.445000,-0.010000,0.039551,0.039551,0
28.611111,-0.465000,-0.156303,0.018066,0.018066,0
28.613889,-0.440000,-0.220954,-0.005859,-0.005859,0
28.616667,-0.450000,-0.219904,-0.028564,-0.028564,0
28.619444,-0.435000,-0.101047,-0.047119,-0.047119,0
28.622222,-0.440000,0.016418,-0.058838,-0.058838,0
28.625000,-0.450000,0.060000,-0.063965,-0.063965,0
28.627778,-0.460000,-0.003582,-0.063721,-0.063721,0
28.630556,-0.470000,-0.136047,-0.060791,-0.060791,0
28.633333,-0.455000,-0.224904,-0.058105,-0.058105,0
28.636111,-0.455000,-0.235954,-0.058105,-0.058105,0
28.638889,-0.460000,-0.151303,-0.061279,-0.061279,0
28.641667,-0.475000,-0.040000,-0.066650,-0.066650,0
28.644444,-0.485000,0.022721,-0.072021,-0.072021,0
28.647222,-0.475000,-0.000093,-0.074951,-0.074951,0
28.650000,-0.465000,-0.105000,-0.074707,-0.074707,0
28.652778,-0.455000,-0.209907,-0.071777,-0.071777,0
28.655556,-0.460000,-0.247721,-0.068115,-0.068115,0
28.658333,-0.460000,-0.175000,-0.066650,-0.066650,0
28.661111,-0.460000,-0.048697,-0.068359,-0.068359,0
28.663889,-0.460000,0.040954,-0.072754,-0.072754,0
28.666667,-0.465000,0.024904,-0.077637,-0.077637,0
28.669444,-0.450000,-0.063953,-0.079590,-0.079590,0
28.672222,-0.455000,-0.191418,-0.076904,-0.076904,0
28.675000,-0.460000,-0.250000,-0.069580,-0.069580,0
28.677778,-0.480000,-0.216418,-0.060547,-0.060547,0
28.680556,-0.470000,-0.083953,-0.054932,-0.054932,0
28.683333,-0.460000,0.029904,-0.057373,-0.057373,0
28.686111,-0.465000,0.035954,-0.070068,-0.070068,0
28.688889,-0.455000,-0.043697,-0.091553,-0.091553,0
28.691667,-0.460000,-0.175000,-0.117676,-0.117676,0
28.694444,-0.470000,-0.257721,-0.143066,-0.143066,0
28.697222,-0.455000,-0.209907,-0.163086,-0.163086,0
28.700000,-0.450000,-0.090000,-0.177979,-0.177979,0
28.702778,-0.455000,0.019907,-0.189941,-0.189941,0
28.705556,-0.455000,0.052721,-0.203369,-0.203369,0
28.708333,-0.455000,-0.020000,-0.219727,-0.219727,0
28.711111,-0.470000,-0.161303,-0.233643,-0.233643,0
28.713889,-0.480000,-0.260954,-0.231689,-0.231689,0
28.716667,-0.470000,-0.239904,-0.194336,-0.194336,0
28.719444,-0.455000,-0.121047,-0.101318,-0.101318,0
28.722222,-0.460000,-0.003582,0.059326,0.059326,0
28.725000,-0.470000,0.040000,0.284668,0.284668,0
28.727778,-0.480000,-0.023582,0.552002,0.552002,0
28.730556,-0.470000,-0.136047,0.821045,0.821045,0
28.733333,-0.465000,-0.234904,1.041260,1.041260,0
28.736111,-0.455000,-0.235954,1.166016,1.166016,1
28.738889,-0.460000,-0.151303,1.165039,1.165039,0
28.741667,-0.460000,-0.025000,1.034424,1.034424,0
28.744444,-0.465000,0.042721,0.799316,0.799316,0
28.747222,-0.470000,0.004907,0.507324,0.507324,0
28.750000,-0.455000,-0.095000,0.215332,0.215332,0
28.752778,-0.445000,-0.199907,-0.024658,-0.024658,0
28.755556,-0.445000,-0.232721,-0.179932,-0.179932,0
28.758333,-0.450000,-0.165000,-0.242920,-0.242920,0
28.761111,-0.455000,-0.043697,-0.230469,-0.230469,0
28.763889,-0.450000,0.050954,-0.173828,-0.173828,0
28.766667,-0.440000,0.049904,-0.108398,-0.108398,0
28.769444,-0.425000,-0.038953,-0.061035,-0.061035,0
28.772222,-0.435000,-0.171418,-0.044922,-0.044922,0
28.775000,-0.440000,-0.230000,-0.056885,-0.056885,0
28.777778,-0.450000,-0.186418,-0.084229,-0.084229,0
28.780556,-0.455000,-0.068953,-0.110352,-0.110352,0
28.783333,-0.455000,0.034904,-0.123047,-0.123047,0
28.786111,-0.450000,0.050954,-0.118408,-0.118408,0
28.788889,-0.445000,-0.033697,-0.100586,-0.100586,0
28.791667,-0.460000,-0.175000,-0.079102,-0.079102,0
28.794444,-0.460000,-0.247721,-0.063477,-0.063477,0
28.797222,-0.470000,-0.224907,-0.059814,-0.059814,0
28.800000,-0.465000,-0.105000,-0.068604,-0.068604,0
28.802778,-0.460000,0.014907,-0.084717,-0.084717,0
28.805556,-0.460000,0.047721,-0.101318,-0.101318,0
28.808333,-0.475000,-0.040000,-0.112061,-0.112061,0
28.811111,-0.490000,-0.181303,-0.114502,-0.114502,0
28.813889,-0.480000,-0.260954,-0.109375,-0.109375,0
28.816667,-0.480000,-0.249904,-0.101318,-0.101318,0
28.819444,-0.475000,-0.141047,-0.094482,-0.094482,0
28.822222,-0.485000,-0.028582,-0.091797,-0.091797,0
28.825000,-0.490000,0.020000,-0.093750,-0.093750,0
28.827778,-0.500000,-0.043582,-0.097900,-0.097900,0
28.830556,-0.490000,-0.156047,-0.101074,-0.101074,0
28.833333,-0.485000,-0.254904,-0.100830,-0.100830,0
28.836111,-0.490000,-0.270954,-0.096436,-0.096436,0
28.838889,-0.490000,-0.181303,-0.090088,-0.090088,0
28.841667,-0.480000,-0.045000,-0.083984,-0.083984,0
28.844444,-0.500000,0.007721,-0.081055,-0.081055,0
28.847222,-0.500000,-0.025093,-0.082031,-0.082031,0
28.850000,-0.510000,-0.150000,-0.086426,-0.086426,0
28.852778,-0.480000,-0.234907,-0.092041,-0.092041,0
28.855556,-0.490000,-0.277721,-0.096436,-0.096436,0
28.858333,-0.490000,-0.205000,-0.098145,-0.098145,0
28.861111,-0.485000,-0.073697,-0.096191,-0.096191,0
28.863889,-0.475000,0.025954,-0.091797,-0.091797,0
28.866667,-0.465000,0.024904,-0.086182,-0.086182,0
28.869444,-0.445000,-0.058953,-0.081543,-0.081543,0
28.872222,-0.435000,-0.171418,-0.078613,-0.078613,0
28.875000,-0.425000,-0.215000,-0.078125,-0.078125,0
28.877778,-0.425000,-0.161418,-0.079346,-0.079346,0
28.880556,-0.420000,-0.033953,-0.081787,-0.081787,0
28.883333,-0.390000,0.099904,-0.084717,-0.084717,0
28.886111,-0.380000,0.120954,-0.087158,-0.087158,0
28.888889,-0.375000,0.036303,-0.089111,-0.089111,0
28.891667,-0.370000,-0.085000,-0.090088,-0.090088,0
28.894444,-0.370000,-0.157721,-0.090576,-0.090576,0
28.897222,-0.370000,-0.124907,-0.090576,-0.090576,0
28.900000,-0.350000,0.010000,-0.090576,-0.090576,0
28.902778,-0.335000,0.139907,-0.090332,-0.090332,0
28.905556,-0.350000,0.157721,-0.089600,-0.089600,0
28.908333,-0.350000,0.085000,-0.088623,-0.088623,0
28.911111,-0.355000,-0.046303,-0.086914,-0.086914,0
28.913889,-0.335000,-0.115954,-0.084961,-0.084961,0
28.916667,-0.320000,-0.089904,-0.082764,-0.082764,0
28.919444,-0.320000,0.013953,-0.080811,-0.080811,0
28.922222,-0.315000,0.141418,-0.079102,-0.079102,0
28.925000,-0.325000,0.185000,-0.077881,-0.077881,0
28.927778,-0.335000,0.121418,-0.076172,-0.076172,0
28.930556,-0.330000,0.003953,-0.073730,-0.073730,0
28.933333,-0.320000,-0.089904,-0.070557,-0.070557,0
28.936111,-0.320000,-0.100954,-0.066650,-0.066650,0
28.938889,-0.310000,-0.001303,-0.063232,-0.063232,0
28.941667,-0.330000,0.105000,-0.060303,-0.060303,0
28.944444,-0.350000,0.157721,-0.059082,-0.059082,0
28.947222,-0.345000,0.129907,-0.059326,-0.059326,0
28.950000,-0.330000,0.030000,-0.061035,-0.061035,0
28.952778,-0.330000,-0.084907,-0.063477,-0.063477,0
28.955556,-0.340000,-0.127721,-0.066650,-0.066650,0
28.958333,-0.340000,-0.055000,-0.070068,-0.070068,0
28.961111,-0.355000,0.056303,-0.073242,-0.073242,0
28.963889,-0.355000,0.145954,-0.075928,-0.075928,0
28.966667,-0.345000,0.144904,-0.078369,-0.078369,0
28.969444,-0.335000,0.051047,-0.080566,-0.080566,0
28.972222,-0.345000,-0.081418,-0.082275,-0.082275,0
28.975000,-0.350000,-0.140000,-0.084229,-0.084229,0
28.977778,-0.360000,-0.096418,-0.086670,-0.086670,0
28.980556,-0.350000,0.036047,-0.089600,-0.089600,0
28.983333,-0.360000,0.129904,-0.093018,-0.093018,0
28.986111,-0.350000,0.150954,-0.096924,-0.096924,0
28.988889,-0.350000,0.061303,-0.100830,-0.100830,0
28.991667,-0.350000,-0.065000,-0.104492,-0.104492,0
28.994444,-0.365000,-0.152721,-0.107666,-0.107666,0
28.997222,-0.370000,-0.124907,-0.109863,-0.109863,0
29.000000,-0.345000,0.015000,-0.111572,-0.111572,0
29.002778,-0.330000,0.144907,-0.112549,-0.112549,0
29.005556,-0.345000,0.162721,-0.113281,-0.113281,0
29.008333,-0.350000,0.085000,-0.113770,-0.113770,0
29.011111,-0.355000,-0.046303,-0.114258,-0.114258,0
29.013889,-0.355000,-0.135954,-0.114990,-0.114990,0
29.016667,-0.355000,-0.124904,-0.116211,-0.116211,0
29.019444,-0.340000,-0.006047,-0.118164,-0.118164,0
29.022222,-0.335000,0.121418,-0.120361,-0.120361,0
29.025000,-0.365000,0.145000,-0.122559,-0.122559,0
29.027778,-0.385000,0.071418,-0.123291,-0.123291,0
29.030556,-0.385000,-0.051047,-0.122314,-0.122314,0
29.033333,-0.365000,-0.134904,-0.118652,-0.118652,0
29.036111,-0.365000,-0.145954,-0.112305,-0.112305,0
29.038889,-0.365000,-0.056303,-0.104248,-0.104248,0
29.041667,-0.365000,0.070000,-0.094727,-0.094727,0
29.044444,-0.385000,0.122721,-0.084717,-0.084717,0
29.047222,-0.395000,0.079907,-0.074463,-0.074463,0
29.050000,-0.385000,-0.025000,-0.064209,-0.064209,0
29.052778,-0.375000,-0.129907,-0.053467,-0.053467,0
29.055556,-0.365000,-0.152721,-0.042725,-0.042725,0
29.058333,-0.380000,-0.095000,-0.031982,-0.031982,0
29.061111,-0.390000,0.021303,-0.021973,-0.021973,0
29.063889,-0.375000,0.125954,-0.012939,-0.012939,0
29.066667,-0.380000,0.109904,-0.005127,-0.005127,0
29.069444,-0.365000,0.021047,0.001221,0.001221,0
29.072222,-0.370000,-0.106418,0.006348,0.006348,0
29.075000,-0.370000,-0.160000,0.010254,0.010254,0
29.077778,-0.380000,-0.116418,0.013672,0.013672,0
29.080556,-0.380000,0.006047,0.016846,0.016846,0
29.083333,-0.355000,0.134904,0.020264,0.020264,0
29.086111,-0.365000,0.135954,0.024170,0.024170,0
29.088889,-0.365000,0.046303,0.028564,0.028564,0
29.091667,-0.370000,-0.085000,0.033203,0.033203,0
29.094444,-0.380000,-0.167721,0.037354,0.037354,0
29.097222,-0.375000,-0.129907,0.040771,0.040771,0
29.100000,-0.365000,-0.005000,0.042969,0.042969,0
29.102778,-0.365000,0.109907,0.043457,0.043457,0
29.105556,-0.370000,0.137721,0.042480,0.042480,0
29.108333,-0.370000,0.065000,0.040771,0.040771,0
29.111111,-0.390000,-0.081303,0.038818,0.038818,0
29.113889,-0.385000,-0.165954,0.036621,0.036621,0
29.116667,-0.365000,-0.134904,0.034668,0.034668,0
29.119444,-0.360000,-0.026047,0.032471,0.032471,0
29.122222,-0.365000,0.091418,0.029785,0.029785,0
29.125000,-0.375000,0.135000,0.026611,0.026611,0
29.127778,-0.385000,0.071418,0.023682,0.023682,0
29.130556,-0.390000,-0.056047,0.020752,0.020752,0
29.133333,-0.380000,-0.149904,0.018799,0.018799,0
29.136111,-0.370000,-0.150954,0.017334,0.017334,0
29.138889,-0.375000,-0.066303,0.016602,0.016602,0
29.141667,-0.390000,0.045000,0.015869,0.015869,0
29.144444,-0.385000,0.122721,0.015137,0.015137,0
29.147222,-0.385000,0.089907,0.013916,0.013916,0
29.150000,-0.375000,-0.015000,0.012695,0.012695,0
29.152778,-0.370000,-0.124907,0.011230,0.011230,0
29.155556,-0.375000,-0.162721,0.009521,0.009521,0
29.158333,-0.385000,-0.100000,0.007812,0.007812,0
29.161111,-0.405000,0.006303,0.006104,0.006104,0
29.163889,-0.385000,0.115954,0.004883,0.004883,0
29.166667,-0.370000,0.119904,0.004395,0.004395,0
29.169444,-0.370000,0.016047,0.004639,0.004639,0
29.172222,-0.360000,-0.096418,0.005859,0.005859,0
29.175000,-0.375000,-0.165000,0.008057,0.008057,0
29.177778,-0.370000,-0.106418,0.010742,0.010742,0
29.180556,-0.375000,0.011047,0.012939,0.012939,0
29.183333,-0.355000,0.134904,0.014648,0.014648,0
29.186111,-0.340000,0.160954,0.015137,0.015137,0
29.188889,-0.345000,0.066303,0.014160,0.014160,0
29.191667,-0.340000,-0.055000,0.011963,0.011963,0
29.194444,-0.345000,-0.132721,0.008545,0.008545,0
29.197222,-0.325000,-0.079907,0.004639,0.004639,0
29.200000,-0.310000,0.050000,0.000488,0.000488,0
29.202778,-0.305000,0.169907,-0.003662,-0.003662,0
29.205556,-0.305000,0.202721,-0.007080,-0.007080,0
29.208333,-0.300000,0.135000,-0.010010,-0.010010,0
29.211111,-0.305000,0.003697,-0.011963,-0.011963,0
29.213889,-0.300000,-0.080954,-0.013428,-0.013428,0
29.216667,-0.285000,-0.054904,-0.014404,-0.014404,0
29.219444,-0.265000,0.068953,-0.015625,-0.015625,0
29.222222,-0.265000,0.191418,-0.017334,-0.017334,0
29.225000,-0.270000,0.240000,-0.019043,-0.019043,0
29.227778,-0.280000,0.176418,-0.020508,-0.020508,0
29.230556,-0.275000,0.058953,-0.020996,-0.020996,0
29.233333,-0.275000,-0.044904,-0.020508,-0.020508,0
29.236111,-0.265000,-0.045954,-0.018799,-0.018799,0
29.238889,-0.265000,0.043697,-0.016846,-0.016846,0
29.241667,-0.275000,0.160000,-0.014893,-0.014893,0
29.244444,-0.295000,0.212721,-0.013428,-0.013428,0
29.247222,-0.290000,0.184907,-0.012695,-0.012695,0
29.250000,-0.290000,0.070000,-0.011963,-0.011963,0
29.252778,-0.270000,-0.024907,-0.011475,-0.011475,0
29.255556,-0.275000,-0.062721,-0.010498,-0.010498,0
29.258333,-0.285000,0.000000,-0.009521,-0.009521,0
29.261111,-0.300000,0.111303,-0.008301,-0.008301,0
29.263889,-0.295000,0.205954,-0.007568,-0.007568,0
29.266667,-0.270000,0.219904,-0.007324,-0.007324,0
29.269444,-0.240000,0.146047,-0.007812,-0.007812,0
29.272222,-0.245000,0.018582,-0.009277,-0.009277,0
29.275000,-0.260000,-0.050000,-0.010986,-0.010986,0
29.277778,-0.295000,-0.031418,-0.012939,-0.012939,0
29.280556,-0.310000,0.076047,-0.014404,-0.014404,0
29.283333,-0.315000,0.174904,-0.015137,-0.015137,0
29.286111,-0.325000,0.175954,-0.014648,-0.014648,0
29.288889,-0.350000,0.061303,-0.013916,-0.013916,0
29.291667,-0.365000,-0.080000,-0.012695,-0.012695,0
29.294444,-0.385000,-0.172721,-0.011719,-0.011719,0
29.297222,-0.380000,-0.134907,-0.011963,-0.011963,0
29.300000,-0.390000,-0.030000,-0.013672,-0.013672,0
29.302778,-0.370000,0.104907,-0.016357,-0.016357,0
29.305556,-0.370000,0.137721,-0.019531,-0.019531,0
29.308333,-0.375000,0.060000,-0.022217,-0.022217,0
29.311111,-0.380000,-0.071303,-0.023682,-0.023682,0
29.313889,-0.390000,-0.170954,-0.023682,-0.023682,0
29.316667,-0.385000,-0.154904,-0.022705,-0.022705,0
29.319444,-0.390000,-0.056047,-0.021240,-0.021240,0
29.322222,-0.380000,0.076418,-0.020508,-0.020508,0
29.325000,-0.390000,0.120000,-0.021240,-0.021240,0
29.327778,-0.400000,0.056418,-0.022705,-0.022705,0
29.330556,-0.405000,-0.071047,-0.024658,-0.024658,0
29.333333,-0.390000,-0.159904,-0.025879,-0.025879,0
29.336111,-0.385000,-0.165954,-0.026123,-0.026123,0
29.338889,-0.385000,-0.076303,-0.024902,-0.024902,0
29.341667,-0.395000,0.040000,-0.022705,-0.022705,0
29.344444,-0.415000,0.092721,-0.019775,-0.019775,0
29.347222,-0.405000,0.069907,-0.016846,-0.016846,0
29.350000,-0.400000,-0.040000,-0.013916,-0.013916,0
29.352778,-0.385000,-0.139907,-0.010986,-0.010986,0
29.355556,-0.400000,-0.187721,-0.007812,-0.007812,0
29.358333,-0.400000,-0.115000,-0.004150,-0.004150,0
29.361111,-0.420000,-0.008697,0.000488,0.000488,0
29.363889,-0.420000,0.080954,0.006348,0.006348,0
29.366667,-0.435000,0.054904,0.013184,0.013184,0
29.369444,-0.450000,-0.063953,0.020752,0.020752,0
29.372222,-0.495000,-0.231418,0.028076,0.028076,0
29.375000,-0.520000,-0.310000,0.035156,0.035156,0
29.377778,-0.550000,-0.286418,0.041260,0.041260,0
29.380556,-0.555000,-0.168953,0.046631,0.046631,0
29.383333,-0.565000,-0.075096,0.051514,0.051514,0
29.386111,-0.580000,-0.079046,0.056641,0.056641,0
29.388889,-0.625000,-0.213697,0.062256,0.062256,0
29.391667,-0.660000,-0.375000,0.068359,0.068359,0
29.394444,-0.610000,-0.397721,0.074707,0.074707,0
29.397222,-0.505000,-0.259907,0.080322,0.080322,0
29.400000,-0.395000,-0.035000,0.084229,0.084229,0
29.402778,-0.240000,0.234907,0.086182,0.086182,0
29.405556,-0.085000,0.422721,0.086182,0.086182,0
29.408333,0.115000,0.550000,0.084717,0.084717,0
29.411111,0.385000,0.693697,0.082520,0.082520,0
29.413889,0.660000,0.879046,0.080566,0.080566,0
29.416667,0.865000,1.095096,0.078369,0.078369,0
29.419444,0.955000,1.288953,0.075684,0.075684,0
29.422222,0.910000,1.366418,0.072754,0.072754,0
29.425000,0.660000,1.170000,0.069336,0.069336,0
29.427778,0.270000,0.726418,0.066162,0.066162,0
29.430556,-0.140000,0.193953,0.064453,0.064453,0
29.433333,-0.425000,-0.194904,0.065186,0.065186,0
29.436111,-0.520000,-0.300954,0.069336,0.069336,0
29.438889,-0.515000,-0.206303,0.075684,0.075684,0
29.441667,-0.490000,-0.055000,0.083252,0.083252,0
29.444444,-0.465000,0.042721,0.089600,0.089600,0
29.447222,-0.445000,0.029907,0.092773,0.092773,0
29.450000,-0.430000,-0.070000,0.090576,0.090576,0
29.452778,-0.435000,-0.189907,0.082275,0.082275,0
29.455556,-0.435000,-0.222721,0.067871,0.067871,0
29.458333,-0.450000,-0.165000,0.048828,0.048828,0
29.461111,-0.455000,-0.043697,0.028076,0.028076,0
29.463889,-0.450000,0.050954,0.007812,0.007812,0
29.466667,-0.450000,0.039904,-0.009033,-0.009033,0
29.469444,-0.440000,-0.053953,-0.020752,-0.020752,0
29.472222,-0.445000,-0.181418,-0.027344,-0.027344,0
29.475000,-0.455000,-0.245000,-0.028809,-0.028809,0
29.477778,-0.460000,-0.196418,-0.027100,-0.027100,0
29.480556,-0.460000,-0.073953,-0.024170,-0.024170,0
29.483333,-0.450000,0.039904,-0.021729,-0.021729,0
29.486111,-0.450000,0.050954,-0.021240,-0.021240,0
29.488889,-0.445000,-0.033697,-0.023438,-0.023438,0
29.491667,-0.450000,-0.165000,-0.028076,-0.028076,0
29.494444,-0.465000,-0.252721,-0.034180,-0.034180,0
29.497222,-0.455000,-0.209907,-0.040283,-0.040283,0
29.500000,-0.440000,-0.080000,-0.044189,-0.044189,0
29.502778,-0.435000,0.039907,-0.045654,-0.045654,0
29.505556,-0.435000,0.072721,-0.043945,-0.043945,0
29.508333,-0.440000,-0.005000,-0.040283,-0.040283,0
29.511111,-0.460000,-0.151303,-0.036865,-0.036865,0
29.513889,-0.455000,-0.235954,-0.035645,-0.035645,0
29.516667,-0.435000,-0.204904,-0.038086,-0.038086,0
29.519444,-0.440000,-0.106047,-0.043945,-0.043945,0
29.522222,-0.455000,0.001418,-0.051270,-0.051270,0
29.525000,-0.450000,0.060000,-0.057373,-0.057373,0
29.527778,-0.460000,-0.003582,-0.059082,-0.059082,0
29.530556,-0.460000,-0.126047,-0.056152,-0.056152,0
29.533333,-0.450000,-0.219904,-0.050293,-0.050293,0
29.536111,-0.445000,-0.225954,-0.046631,-0.046631,0
29.538889,-0.440000,-0.131303,-0.050293,-0.050293,0
29.541667,-0.455000,-0.020000,-0.065674,-0.065674,0
29.544444,-0.465000,0.042721,-0.093018,-0.093018,0
29.547222,-0.455000,0.019907,-0.128418,-0.128418,0
29.550000,-0.445000,-0.085000,-0.164551,-0.164551,0
29.552778,-0.440000,-0.194907,-0.194824,-0.194824,0
29.555556,-0.435000,-0.222721,-0.214600,-0.214600,0
29.558333,-0.445000,-0.160000,-0.224854,-0.224854,0
29.561111,-0.455000,-0.043697,-0.229492,-0.229492,0
29.563889,-0.440000,0.060954,-0.234375,-0.234375,0
29.566667,-0.425000,0.064904,-0.240723,-0.240723,0
29.569444,-0.430000,-0.043953,-0.242432,-0.242432,0
29.572222,-0.430000,-0.166418,-0.224365,-0.224365,0
29.575000,-0.445000,-0.235000,-0.165771,-0.165771,0
29.577778,-0.450000,-0.186418,-0.047119,-0.047119,0
29.580556,-0.430000,-0.043953,0.141846,0.141846,0
29.583333,-0.435000,0.054904,0.392578,0.392578,0
29.586111,-0.425000,0.075954,0.676758,0.676758,0
29.588889,-0.430000,-0.018697,0.948730,0.948730,0
29.591667,-0.435000,-0.150000,1.156250,1.156250,0
29.594444,-0.450000,-0.237721,1.253906,1.253906,1
29.597222,-0.450000,-0.204907,1.216553,1.216553,0
29.600000,-0.450000,-0.090000,1.048340,1.048340,0
29.602778,-0.435000,0.039907,0.782227,0.782227,0
29.605556,-0.450000,0.057721,0.471680,0.471680,0
29.608333,-0.440000,-0.005000,0.176758,0.176758,0
29.611111,-0.455000,-0.146303,-0.052490,-0.052490,0
29.613889,-0.445000,-0.225954,-0.188477,-0.188477,0
29.616667,-0.440000,-0.209904,-0.230469,-0.230469,0
29.619444,-0.435000,-0.101047,-0.201416,-0.201416,0
29.622222,-0.450000,0.006418,-0.137207,-0.137207,0
29.625000,-0.455000,0.055000,-0.073730,-0.073730,0
29.627778,-0.455000,0.001418,-0.035400,-0.035400,0
29.630556,-0.440000,-0.106047,-0.031250,-0.031250,0
29.633333,-0.440000,-0.209904,-0.054199,-0.054199,0
29.636111,-0.420000,-0.200954,-0.088379,-0.088379,0
29.638889,-0.420000,-0.111303,-0.116943,-0.116943,0
29.641667,-0.430000,0.005000,-0.128906,-0.128906,0
29.644444,-0.445000,0.062721,-0.122070,-0.122070,0
29.647222,-0.445000,0.029907,-0.103271,-0.103271,0
29.650000,-0.425000,-0.065000,-0.083008,-0.083008,0
29.652778,-0.425000,-0.179907,-0.070312,-0.070312,0
29.655556,-0.420000,-0.207721,-0.069824,-0.069824,0
29.658333,-0.420000,-0.135000,-0.080322,-0.080322,0
29.661111,-0.440000,-0.028697,-0.095459,-0.095459,0
29.663889,-0.435000,0.065954,-0.107666,-0.107666,0
29.666667,-0.430000,0.059904,-0.111328,-0.111328,0
29.669444,-0.425000,-0.038953,-0.105225,-0.105225,0
29.672222,-0.435000,-0.171418,-0.092285,-0.092285,0
29.675000,-0.445000,-0.235000,-0.078369,-0.078369,0
29.677778,-0.460000,-0.196418,-0.068359,-0.068359,0
29.680556,-0.455000,-0.068953,-0.065674,-0.065674,0
29.683333,-0.445000,0.044904,-0.070068,-0.070068,0
29.686111,-0.435000,0.065954,-0.078613,-0.078613,0
29.688889,-0.435000,-0.023697,-0.086670,-0.086670,0
29.691667,-0.450000,-0.165000,-0.091309,-0.091309,0
29.694444,-0.455000,-0.242721,-0.091064,-0.091064,0
29.697222,-0.455000,-0.209907,-0.086914,-0.086914,0
29.700000,-0.445000,-0.085000,-0.081543,-0.081543,0
29.702778,-0.435000,0.039907,-0.077637,-0.077637,0
29.705556,-0.450000,0.057721,-0.076660,-0.076660,0
29.708333,-0.455000,-0.020000,-0.079102,-0.079102,0
29.711111,-0.445000,-0.136303,-0.082764,-0.082764,0
29.713889,-0.455000,-0.235954,-0.086182,-0.086182,0
29.716667,-0.440000,-0.209904,-0.087402,-0.087402,0
29.719444,-0.430000,-0.096047,-0.086182,-0.086182,0
29.722222,-0.415000,0.041418,-0.082764,-0.082764,0
29.725000,-0.425000,0.085000,-0.078369,-0.078369,0
29.727778,-0.430000,0.026418,-0.074219,-0.074219,0
29.730556,-0.410000,-0.076047,-0.070801,-0.070801,0
29.733333,-0.395000,-0.164904,-0.068604,-0.068604,0
29.736111,-0.380000,-0.160954,-0.067383,-0.067383,0
29.738889,-0.365000,-0.056303,-0.066650,-0.066650,0
29.741667,-0.365000,0.070000,-0.066406,-0.066406,0
29.744444,-0.370000,0.137721,-0.066162,-0.066162,0
29.747222,-0.370000,0.104907,-0.065186,-0.065186,0
29.750000,-0.350000,0.010000,-0.063477,-0.063477,0
29.752778,-0.340000,-0.094907,-0.061523,-0.061523,0
29.755556,-0.335000,-0.122721,-0.059814,-0.059814,0
29.758333,-0.345000,-0.060000,-0.059082,-0.059082,0
29.761111,-0.355000,0.056303,-0.059326,-0.059326,0
29.763889,-0.345000,0.155954,-0.061279,-0.061279,0
29.766667,-0.340000,0.149904,-0.063965,-0.063965,0
29.769444,-0.330000,0.056047,-0.066895,-0.066895,0
29.772222,-0.340000,-0.076418,-0.069336,-0.069336,0
29.775000,-0.335000,-0.125000,-0.070557,-0.070557,0
29.777778,-0.355000,-0.091418,-0.070801,-0.070801,0
29.780556,-0.340000,0.046047,-0.069824,-0.069824,0
29.783333,-0.335000,0.154904,-0.069092,-0.069092,0
29.786111,-0.320000,0.180954,-0.068604,-0.068604,0
29.788889,-0.325000,0.086303,-0.068848,-0.068848,0
29.791667,-0.335000,-0.050000,-0.070068,-0.070068,0
29.794444,-0.355000,-0.142721,-0.071289,-0.071289,0
29.797222,-0.330000,-0.084907,-0.072266,-0.072266,0
29.800000,-0.325000,0.035000,-0.072021,-0.072021,0
29.802778,-0.325000,0.149907,-0.070557,-0.070557,0
29.805556,-0.325000,0.182721,-0.067871,-0.067871,0
29.808333,-0.325000,0.110000,-0.064453,-0.064453,0
29.811111,-0.350000,-0.041303,-0.060791,-0.060791,0
29.813889,-0.335000,-0.115954,-0.058105,-0.058105,0
29.816667,-0.325000,-0.094904,-0.056396,-0.056396,0
29.819444,-0.320000,0.013953,-0.056152,-0.056152,0
29.822222,-0.325000,0.131418,-0.056641,-0.056641,0
29.825000,-0.335000,0.175000,-0.057129,-0.057129,0
29.827778,-0.335000,0.121418,-0.057129,-0.057129,0
29.830556,-0.340000,-0.006047,-0.056152,-0.056152,0
29.833333,-0.325000,-0.094904,-0.054688,-0.054688,0
29.836111,-0.325000,-0.105954,-0.053711,-0.053711,0
29.838889,-0.330000,-0.021303,-0.053955,-0.053955,0
29.841667,-0.335000,0.100000,-0.056152,-0.056152,0
29.844444,-0.345000,0.162721,-0.060303,-0.060303,0
29.847222,-0.355000,0.119907,-0.065674,-0.065674,0
29.850000,-0.340000,0.020000,-0.071045,-0.071045,0
29.852778,-0.345000,-0.099907,-0.074707,-0.074707,0
29.855556,-0.340000,-0.127721,-0.076660,-0.076660,0
29.858333,-0.355000,-0.070000,-0.076904,-0.076904,0
29.861111,-0.360000,0.051303,-0.075928,-0.075928,0
29.863889,-0.365000,0.135954,-0.074707,-0.074707,0
29.866667,-0.360000,0.129904,-0.073975,-0.073975,0
29.869444,-0.355000,0.031047,-0.074463,-0.074463,0
29.872222,-0.355000,-0.091418,-0.075684,-0.075684,0
29.875000,-0.365000,-0.155000,-0.077637,-0.077637,0
29.877778,-0.370000,-0.106418,-0.079346,-0.079346,0
29.880556,-0.365000,0.021047,-0.080322,-0.080322,0
29.883333,-0.365000,0.124904,-0.080566,-0.080566,0
29.886111,-0.355000,0.145954,-0.079590,-0.079590,0
29.888889,-0.355000,0.056303,-0.077637,-0.077637,0
29.891667,-0.360000,-0.075000,-0.074463,-0.074463,0
29.894444,-0.370000,-0.157721,-0.070068,-0.070068,0
29.897222,-0.370000,-0.124907,-0.064941,-0.064941,0
29.900000,-0.370000,-0.010000,-0.058594,-0.058594,0
29.902778,-0.360000,0.114907,-0.051514,-0.051514,0
29.905556,-0.365000,0.142721,-0.043457,-0.043457,0
29.908333,-0.365000,0.070000,-0.034424,-0.034424,0
29.911111,-0.385000,-0.076303,-0.025146,-0.025146,0
29.913889,-0.385000,-0.165954,-0.015625,-0.015625,0
29.916667,-0.385000,-0.154904,-0.006592,-0.006592,0
29.919444,-0.375000,-0.041047,0.001221,0.001221,0
29.922222,-0.380000,0.076418,0.007324,0.007324,0
29.925000,-0.390000,0.120000,0.011719,0.011719,0
29.927778,-0.400000,0.056418,0.014893,0.014893,0
29.930556,-0.400000,-0.066047,0.017090,0.017090,0
29.933333,-0.385000,-0.154904,0.018799,0.018799,0
29.936111,-0.385000,-0.165954,0.020264,0.020264,0
29.938889,-0.385000,-0.076303,0.021484,0.021484,0
29.941667,-0.390000,0.045000,0.021973,0.021973,0
29.944444,-0.400000,0.107721,0.022217,0.022217,0
29.947222,-0.405000,0.069907,0.022461,0.022461,0
29.950000,-0.390000,-0.030000,0.022705,0.022705,0
29.952778,-0.380000,-0.134907,0.023438,0.023438,0
29.955556,-0.380000,-0.167721,0.024414,0.024414,0
29.958333,-0.390000,-0.105000,0.025879,0.025879,0
29.961111,-0.405000,0.006303,0.026855,0.026855,0
29.963889,-0.395000,0.105954,0.027832,0.027832,0
29.966667,-0.390000,0.099904,0.028320,0.028320,0
29.969444,-0.385000,0.001047,0.028809,0.028809,0
29.972222,-0.380000,-0.116418,0.029053,0.029053,0
29.975000,-0.380000,-0.170000,0.029541,0.029541,0
29.977778,-0.390000,-0.126418,0.030029,0.030029,0
29.980556,-0.375000,0.011047,0.030273,0.030273,0
29.983333,-0.365000,0.124904,0.030273,0.030273,0
29.986111,-0.365000,0.135954,0.030029,0.030029,0
29.988889,-0.375000,0.036303,0.029785,0.029785,0
29.991667,-0.375000,-0.090000,0.029541,0.029541,0
29.994444,-0.385000,-0.172721,0.029541,0.029541,0
29.997222,-0.385000,-0.139907,0.030029,0.030029,0
30.000000,-0.385000,-0.025000,0.030273,0.030273,0
30.002778,-0.365000,0.109907,0.030518,0.030518,0
30.005556,-0.375000,0.132721,0.030273,0.030273,0
30.008333,-0.380000,0.055000,0.029541,0.029541,0
30.011111,-0.390000,-0.081303,0.028076,0.028076,0
30.013889,-0.385000,-0.165954,0.026611,0.026611,0
30.016667,-0.375000,-0.144904,0.024414,0.024414,0
30.019444,-0.360000,-0.026047,0.022217,0.022217,0
30.022222,-0.370000,0.086418,0.019287,0.019287,0
30.025000,-0.380000,0.130000,0.016357,0.016357,0
30.027778,-0.390000,0.066418,0.013428,0.013428,0
30.030556,-0.390000,-0.056047,0.010498,0.010498,0
30.033333,-0.375000,-0.144904,0.008057,0.008057,0
30.036111,-0.365000,-0.145954,0.005859,0.005859,0
30.038889,-0.375000,-0.066303,0.003662,0.003662,0
30.041667,-0.360000,0.075000,0.001465,0.001465,0
30.044444,-0.370000,0.137721,-0.000488,-0.000488,0
30.047222,-0.355000,0.119907,-0.001953,-0.001953,0
30.050000,-0.320000,0.040000,-0.002686,-0.002686,0
30.052778,-0.310000,-0.064907,-0.002930,-0.002930,0
30.055556,-0.300000,-0.087721,-0.002197,-0.002197,0
30.058333,-0.300000,-0.015000,-0.001709,-0.001709,0
30.061111,-0.310000,0.101303,-0.001221,-0.001221,0
30.063889,-0.310000,0.190954,-0.001221,-0.001221,0
30.066667,-0.285000,0.204904,-0.001465,-0.001465,0
30.069444,-0.270000,0.116047,-0.002197,-0.002197,0
30.072222,-0.255000,0.008582,-0.003174,-0.003174,0
30.075000,-0.275000,-0.065000,-0.004150,-0.004150,0
30.077778,-0.275000,-0.011418,-0.005615,-0.005615,0
30.080556,-0.270000,0.116047,-0.007568,-0.007568,0
30.083333,-0.275000,0.214904,-0.010010,-0.010010,0
30.086111,-0.270000,0.230954,-0.013184,-0.013184,0
30.088889,-0.280000,0.131303,-0.016602,-0.016602,0
30.091667,-0.295000,-0.010000,-0.019775,-0.019775,0
30.094444,-0.310000,-0.097721,-0.022705,-0.022705,0
30.097222,-0.305000,-0.059907,-0.024902,-0.024902,0
30.100000,-0.295000,0.065000,-0.026611,-0.026611,0
30.102778,-0.285000,0.189907,-0.028076,-0.028076,0
30.105556,-0.285000,0.222721,-0.029541,-0.029541,0
30.108333,-0.295000,0.140000,-0.030518,-0.030518,0
30.111111,-0.315000,-0.006303,-0.031250,-0.031250,0
30.113889,-0.315000,-0.095954,-0.031494,-0.031494,0
30.116667,-0.310000,-0.079904,-0.031006,-0.031006,0
30.119444,-0.300000,0.033953,-0.030273,-0.030273,0
30.122222,-0.290000,0.166418,-0.029785,-0.029785,0
30.125000,-0.295000,0.215000,-0.029541,-0.029541,0
30.127778,-0.285000,0.171418,-0.029785,-0.029785,0
30.130556,-0.265000,0.068953,-0.030029,-0.030029,0
30.133333,-0.265000,-0.034904,-0.030762,-0.030762,0
30.136111,-0.290000,-0.070954,-0.031250,-0.031250,0
30.138889,-0.305000,0.003697,-0.031250,-0.031250,0
30.141667,-0.325000,0.110000,-0.030762,-0.030762,0
30.144444,-0.355000,0.152721,-0.029297,-0.029297,0
30.147222,-0.365000,0.109907,-0.026611,-0.026611,0
30.150000,-0.375000,-0.015000,-0.023193,-0.023193,0
30.152778,-0.380000,-0.134907,-0.019287,-0.019287,0
30.155556,-0.385000,-0.172721,-0.015625,-0.015625,0
30.158333,-0.385000,-0.100000,-0.013184,-0.013184,0
30.161111,-0.405000,0.006303,-0.011963,-0.011963,0
30.163889,-0.400000,0.100954,-0.012451,-0.012451,0
30.166667,-0.385000,0.104904,-0.014160,-0.014160,0
30.169444,-0.385000,0.001047,-0.016602,-0.016602,0
30.172222,-0.395000,-0.131418,-0.019043,-0.019043,0
30.175000,-0.400000,-0.190000,-0.020996,-0.020996,0
30.177778,-0.420000,-0.156418,-0.021973,-0.021973,0
30.180556,-0.410000,-0.023953,-0.022217,-0.022217,0
30.183333,-0.405000,0.084904,-0.021729,-0.021729,0
30.186111,-0.400000,0.100954,-0.020508,-0.020508,0
30.188889,-0.405000,0.006303,-0.019043,-0.019043,0
30.191667,-0.410000,-0.125000,-0.017334,-0.017334,0
30.194444,-0.425000,-0.212721,-0.016357,-0.016357,0
30.197222,-0.420000,-0.174907,-0.016113,-0.016113,0
30.200000,-0.420000,-0.060000,-0.017334,-0.017334,0
30.202778,-0.400000,0.074907,-0.019775,-0.019775,0
30.205556,-0.405000,0.102721,-0.022705,-0.022705,0
30.208333,-0.415000,0.020000,-0.024658,-0.024658,0
30.211111,-0.430000,-0.121303,-0.024414,-0.024414,0
30.213889,-0.430000,-0.210954,-0.020508,-0.020508,0
30.216667,-0.435000,-0.204904,-0.012695,-0.012695,0
30.219444,-0.455000,-0.121047,-0.001709,-0.001709,0
30.222222,-0.495000,-0.038582,0.010498,0.010498,0
30.225000,-0.540000,-0.030000,0.022705,0.022705,0
30.227778,-0.560000,-0.103582,0.033447,0.033447,0
30.230556,-0.590000,-0.256047,0.042236,0.042236,0
30.233333,-0.630000,-0.399904,0.049072,0.049072,0
30.236111,-0.630000,-0.410954,0.054932,0.054932,0
30.238889,-0.565000,-0.256303,0.060791,0.060791,0
30.241667,-0.445000,-0.010000,0.067383,0.067383,0
30.244444,-0.325000,0.182721,0.074707,0.074707,0
30.247222,-0.190000,0.284907,0.081787,0.081787,0
30.250000,0.000000,0.360000,0.087646,0.087646,0
30.252778,0.245000,0.490093,0.090820,0.090820,0
30.255556,0.520000,0.732279,0.090088,0.090088,0
30.258333,0.720000,1.005000,0.085693,0.085693,0
30.261111,0.835000,1.246303,0.078125,0.078125,0
30.263889,0.855000,1.355954,0.069824,0.069824,0
30.266667,0.740000,1.229904,0.062744,0.062744,0
30.269444,0.490000,0.876047,0.058350,0.058350,0
30.272222,0.125000,0.388582,0.057373,0.057373,0
30.275000,-0.190000,0.020000,0.058594,0.058594,0
30.277778,-0.425000,-0.161418,0.060303,0.060303,0
30.280556,-0.535000,-0.148953,0.060303,0.060303,0
30.283333,-0.585000,-0.095096,0.057617,0.057617,0
30.286111,-0.585000,-0.084046,0.052734,0.052734,0
30.288889,-0.550000,-0.138697,0.047607,0.047607,0
30.291667,-0.505000,-0.220000,0.044434,0.044434,0
30.294444,-0.480000,-0.267721,0.045654,0.045654,0
30.297222,-0.460000,-0.214907,0.051758,0.051758,0
30.300000,-0.450000,-0.090000,0.061523,0.061523,0
30.302778,-0.440000,0.034907,0.072021,0.072021,0
30.305556,-0.440000,0.067721,0.079590,0.079590,0
30.308333,-0.435000,-0.000000,0.081055,0.081055,0
30.311111,-0.450000,-0.141303,0.074219,0.074219,0
30.313889,-0.450000,-0.230954,0.059570,0.059570,0
30.316667,-0.450000,-0.219904,0.039062,0.039062,0
30.319444,-0.445000,-0.111047,0.016602,0.016602,0
30.322222,-0.435000,0.021418,-0.004150,-0.004150,0
30.325000,-0.450000,0.060000,-0.020020,-0.020020,0
30.327778,-0.455000,0.001418,-0.029541,-0.029541,0
30.330556,-0.460000,-0.126047,-0.033691,-0.033691,0
30.333333,-0.465000,-0.234904,-0.034424,-0.034424,0
30.336111,-0.435000,-0.215954,-0.034668,-0.034668,0
30.338889,-0.445000,-0.136303,-0.036133,-0.036133,0
30.341667,-0.450000,-0.015000,-0.039795,-0.039795,0
30.344444,-0.450000,0.057721,-0.044678,-0.044678,0
30.347222,-0.460000,0.014907,-0.049072,-0.049072,0
30.350000,-0.455000,-0.095000,-0.051758,-0.051758,0
30.352778,-0.445000,-0.199907,-0.051758,-0.051758,0
30.355556,-0.445000,-0.232721,-0.050537,-0.050537,0
30.358333,-0.465000,-0.180000,-0.049805,-0.049805,0
30.361111,-0.470000,-0.058697,-0.051514,-0.051514,0
30.363889,-0.450000,0.050954,-0.056396,-0.056396,0
30.366667,-0.455000,0.034904,-0.062988,-0.062988,0
30.369444,-0.425000,-0.038953,-0.069092,-0.069092,0
30.372222,-0.430000,-0.166418,-0.071777,-0.071777,0
30.375000,-0.430000,-0.220000,-0.069580,-0.069580,0
30.377778,-0.455000,-0.191418,-0.063477,-0.063477,0
30.380556,-0.440000,-0.053953,-0.056152,-0.056152,0
30.383333,-0.435000,0.054904,-0.052002,-0.052002,0
30.386111,-0.425000,0.075954,-0.054932,-0.054932,0
30.388889,-0.435000,-0.023697,-0.067139,-0.067139,0
30.391667,-0.435000,-0.150000,-0.087646,-0.087646,0
30.394444,-0.445000,-0.232721,-0.114014,-0.114014,0
30.397222,-0.450000,-0.204907,-0.142822,-0.142822,0
30.400000,-0.440000,-0.080000,-0.171143,-0.171143,0
30.402778,-0.440000,0.034907,-0.197266,-0.197266,0
30.405556,-0.435000,0.072721,-0.220703,-0.220703,0
30.408333,-0.440000,-0.005000,-0.239258,-0.239258,0
30.411111,-0.440000,-0.131303,-0.247803,-0.247803,0
30.413889,-0.445000,-0.225954,-0.236328,-0.236328,0
30.416667,-0.425000,-0.194904,-0.190918,-0.190918,0
30.419444,-0.420000,-0.086047,-0.097168,-0.097168,0
30.422222,-0.415000,0.041418,0.054443,0.054443,0
30.425000,-0.425000,0.085000,0.262939,0.262939,0
30.427778,-0.445000,0.011418,0.512207,0.512207,0
30.430556,-0.450000,-0.116047,0.770752,0.770752,0
30.433333,-0.435000,-0.204904,0.997070,0.997070,0
30.436111,-0.425000,-0.205954,1.148193,1.148193,0
30.438889,-0.430000,-0.121303,1.191162,1.191162,1
30.441667,-0.450000,-0.015000,1.112549,1.112549,0
30.444444,-0.450000,0.057721,0.923828,0.923828,0
30.447222,-0.440000,0.034907,0.658691,0.658691,0
30.450000,-0.450000,-0.090000,0.365723,0.365723,0
30.452778,-0.425000,-0.179907,0.095703,0.095703,0
30.455556,-0.435000,-0.222721,-0.111328,-0.111328,0
30.458333,-0.445000,-0.160000,-0.234375,-0.234375,0
30.461111,-0.450000,-0.038697,-0.274414,-0.274414,0
30.463889,-0.445000,0.055954,-0.250977,-0.250977,0
30.466667,-0.440000,0.049904,-0.193604,-0.193604,0
30.469444,-0.425000,-0.038953,-0.131836,-0.131836,0
30.472222,-0.430000,-0.166418,-0.086914,-0.086914,0
30.475000,-0.450000,-0.240000,-0.067139,-0.067139,0
30.477778,-0.450000,-0.186418,-0.070068,-0.070068,0
30.480556,-0.445000,-0.058953,-0.084961,-0.084961,0
30.483333,-0.430000,0.059904,-0.100098,-0.100098,0
30.486111,-0.430000,0.070954,-0.106934,-0.106934,0
30.488889,-0.435000,-0.023697,-0.103271,-0.103271,0
30.491667,-0.435000,-0.150000,-0.092529,-0.092529,0
30.494444,-0.445000,-0.232721,-0.081055,-0.081055,0
30.497222,-0.445000,-0.199907,-0.074463,-0.074463,0
30.500000,-0.430000,-0.070000,-0.075684,-0.075684,0
30.502778,-0.425000,0.049907,-0.083252,-0.083252,0
30.505556,-0.430000,0.077721,-0.093018,-0.093018,0
30.508333,-0.445000,-0.010000,-0.100342,-0.100342,0
30.511111,-0.435000,-0.126303,-0.101562,-0.101562,0
30.513889,-0.430000,-0.210954,-0.096924,-0.096924,0
30.516667,-0.430000,-0.199904,-0.088867,-0.088867,0
30.519444,-0.425000,-0.091047,-0.081299,-0.081299,0
30.522222,-0.420000,0.036418,-0.078125,-0.078125,0
30.525000,-0.425000,0.085000,-0.080078,-0.080078,0
30.527778,-0.440000,0.016418,-0.085938,-0.085938,0
30.530556,-0.440000,-0.106047,-0.092529,-0.092529,0
30.533333,-0.435000,-0.204904,-0.096680,-0.096680,0
30.536111,-0.435000,-0.215954,-0.096436,-0.096436,0
30.538889,-0.435000,-0.126303,-0.091309,-0.091309,0
30.541667,-0.440000,-0.005000,-0.083252,-0.083252,0
30.544444,-0.455000,0.052721,-0.074707,-0.074707,0
30.547222,-0.455000,0.019907,-0.068115,-0.068115,0
30.550000,-0.435000,-0.075000,-0.064453,-0.064453,0
30.552778,-0.425000,-0.179907,-0.063965,-0.063965,0
30.555556,-0.430000,-0.217721,-0.065186,-0.065186,0
30.558333,-0.430000,-0.145000,-0.066895,-0.066895,0
30.561111,-0.440000,-0.028697,-0.068115,-0.068115,0
30.563889,-0.430000,0.070954,-0.068604,-0.068604,0
30.566667,-0.430000,0.059904,-0.068604,-0.068604,0
30.569444,-0.420000,-0.033953,-0.068359,-0.068359,0
30.572222,-0.420000,-0.156418,-0.068604,-0.068604,0
30.575000,-0.430000,-0.220000,-0.069336,-0.069336,0
30.577778,-0.425000,-0.161418,-0.070068,-0.070068,0
30.580556,-0.415000,-0.028953,-0.070068,-0.070068,0
30.583333,-0.385000,0.104904,-0.068848,-0.068848,0
30.586111,-0.375000,0.125954,-0.066162,-0.066162,0
30.588889,-0.365000,0.046303,-0.062500,-0.062500,0
30.591667,-0.365000,-0.080000,-0.058350,-0.058350,0
30.594444,-0.370000,-0.157721,-0.054688,-0.054688,0
30.597222,-0.355000,-0.109907,-0.052979,-0.052979,0
30.600000,-0.365000,-0.005000,-0.053223,-0.053223,0
30.602778,-0.350000,0.124907,-0.055664,-0.055664,0
30.605556,-0.340000,0.167721,-0.059326,-0.059326,0
30.608333,-0.345000,0.090000,-0.062988,-0.062988,0
30.611111,-0.345000,-0.036303,-0.065918,-0.065918,0
30.613889,-0.350000,-0.130954,-0.067139,-0.067139,0
30.616667,-0.355000,-0.124904,-0.067383,-0.067383,0
30.619444,-0.345000,-0.011047,-0.066650,-0.066650,0
30.622222,-0.335000,0.121418,-0.065674,-0.065674,0
30.625000,-0.335000,0.175000,-0.065186,-0.065186,0
30.627778,-0.345000,0.111418,-0.065186,-0.065186,0
30.630556,-0.345000,-0.011047,-0.065186,-0.065186,0
30.633333,-0.340000,-0.109904,-0.065430,-0.065430,0
30.636111,-0.330000,-0.110954,-0.065186,-0.065186,0
30.638889,-0.335000,-0.026303,-0.065186,-0.065186,0
30.641667,-0.355000,0.080000,-0.065186,-0.065186,0
30.644444,-0.360000,0.147721,-0.065186,-0.065186,0
30.647222,-0.360000,0.114907,-0.065186,-0.065186,0
30.650000,-0.355000,0.005000,-0.065186,-0.065186,0
30.652778,-0.345000,-0.099907,-0.065186,-0.065186,0
30.655556,-0.340000,-0.127721,-0.064697,-0.064697,0
30.658333,-0.345000,-0.060000,-0.064209,-0.064209,0
30.661111,-0.350000,0.061303,-0.063721,-0.063721,0
30.663889,-0.355000,0.145954,-0.063477,-0.063477,0
30.666667,-0.340000,0.149904,-0.063232,-0.063232,0
30.669444,-0.340000,0.046047,-0.062988,-0.062988,0
30.672222,-0.340000,-0.076418,-0.062744,-0.062744,0
30.675000,-0.350000,-0.140000,-0.062500,-0.062500,0
30.677778,-0.375000,-0.111418,-0.062012,-0.062012,0
30.680556,-0.360000,0.026047,-0.061768,-0.061768,0
30.683333,-0.355000,0.134904,-0.061279,-0.061279,0
30.686111,-0.340000,0.160954,-0.060547,-0.060547,0
30.688889,-0.345000,0.066303,-0.059570,-0.059570,0
30.691667,-0.360000,-0.075000,-0.058350,-0.058350,0
30.694444,-0.385000,-0.172721,-0.056885,-0.056885,0
30.697222,-0.375000,-0.129907,-0.055664,-0.055664,0
30.700000,-0.365000,-0.005000,-0.055420,-0.055420,0
30.702778,-0.360000,0.114907,-0.056641,-0.056641,0
30.705556,-0.365000,0.142721,-0.059570,-0.059570,0
30.708333,-0.385000,0.050000,-0.063477,-0.063477,0
30.711111,-0.395000,-0.086303,-0.067871,-0.067871,0
30.713889,-0.395000,-0.175954,-0.071777,-0.071777,0
30.716667,-0.380000,-0.149904,-0.074219,-0.074219,0
30.719444,-0.380000,-0.046047,-0.074951,-0.074951,0
30.722222,-0.375000,0.081418,-0.073730,-0.073730,0
30.725000,-0.380000,0.130000,-0.071289,-0.071289,0
30.727778,-0.400000,0.056418,-0.067871,-0.067871,0
30.730556,-0.395000,-0.061047,-0.064209,-0.064209,0
30.733333,-0.375000,-0.144904,-0.061768,-0.061768,0
30.736111,-0.375000,-0.155954,-0.060303,-0.060303,0
30.738889,-0.385000,-0.076303,-0.060547,-0.060547,0
30.741667,-0.395000,0.040000,-0.061523,-0.061523,0
30.744444,-0.400000,0.107721,-0.062500,-0.062500,0
30.747222,-0.410000,0.064907,-0.061768,-0.061768,0
30.750000,-0.390000,-0.030000,-0.058350,-0.058350,0
30.752778,-0.385000,-0.139907,-0.051758,-0.051758,0
30.755556,-0.380000,-0.167721,-0.042480,-0.042480,0
30.758333,-0.390000,-0.105000,-0.031738,-0.031738,0
30.761111,-0.415000,-0.003697,-0.020996,-0.020996,0
30.763889,-0.410000,0.090954,-0.010986,-0.010986,0
30.766667,-0.400000,0.089904,-0.002930,-0.002930,0
30.769444,-0.395000,-0.008953,0.003174,0.003174,0
30.772222,-0.385000,-0.121418,0.007812,0.007812,0
30.775000,-0.400000,-0.190000,0.011230,0.011230,0
30.777778,-0.420000,-0.156418,0.013672,0.013672,0
30.780556,-0.425000,-0.038953,0.015137,0.015137,0
30.783333,-0.415000,0.074904,0.016357,0.016357,0
30.786111,-0.410000,0.090954,0.016846,0.016846,0
30.788889,-0.410000,0.001303,0.017334,0.017334,0
30.791667,-0.430000,-0.145000,0.018066,0.018066,0
30.794444,-0.430000,-0.217721,0.019287,0.019287,0
30.797222,-0.430000,-0.184907,0.021240,0.021240,0
30.800000,-0.420000,-0.060000,0.023438,0.023438,0
30.802778,-0.420000,0.054907,0.025391,0.025391,0
30.805556,-0.415000,0.092721,0.026367,0.026367,0
30.808333,-0.420000,0.015000,0.025879,0.025879,0
30.811111,-0.420000,-0.111303,0.023926,0.023926,0
30.813889,-0.415000,-0.195954,0.020752,0.020752,0
30.816667,-0.415000,-0.184904,0.016846,0.016846,0
30.819444,-0.400000,-0.066047,0.013184,0.013184,0
30.822222,-0.390000,0.066418,0.010498,0.010498,0
30.825000,-0.400000,0.110000,0.009277,0.009277,0
30.827778,-0.410000,0.046418,0.010010,0.010010,0
30.830556,-0.415000,-0.081047,0.012207,0.012207,0
30.833333,-0.405000,-0.174904,0.015625,0.015625,0
30.836111,-0.400000,-0.180954,0.018555,0.018555,0
30.838889,-0.400000,-0.091303,0.020264,0.020264,0
30.841667,-0.410000,0.025000,0.020264,0.020264,0
30.844444,-0.420000,0.087721,0.018311,0.018311,0
30.847222,-0.420000,0.054907,0.015137,0.015137,0
30.850000,-0.410000,-0.050000,0.011963,0.011963,0
30.852778,-0.400000,-0.154907,0.009521,0.009521,0
30.855556,-0.415000,-0.202721,0.008057,0.008057,0
30.858333,-0.420000,-0.135000,0.007568,0.007568,0
30.861111,-0.430000,-0.018697,0.007324,0.007324,0
30.863889,-0.425000,0.075954,0.006836,0.006836,0
30.866667,-0.410000,0.079904,0.005371,0.005371,0
30.869444,-0.395000,-0.008953,0.003174,0.003174,0
30.872222,-0.380000,-0.116418,0.000000,0.000000,0
30.875000,-0.375000,-0.165000,-0.003662,-0.003662,0
30.877778,-0.370000,-0.106418,-0.007812,-0.007812,0
30.880556,-0.355000,0.031047,-0.011963,-0.011963,0
30.883333,-0.345000,0.144904,-0.015625,-0.015625,0
30.886111,-0.335000,0.165954,-0.018555,-0.018555,0
30.888889,-0.335000,0.076303,-0.020264,-0.020264,0
30.891667,-0.335000,-0.050000,-0.021240,-0.021240,0
30.894444,-0.335000,-0.122721,-0.020996,-0.020996,0
30.897222,-0.310000,-0.064907,-0.020264,-0.020264,0
30.900000,-0.300000,0.060000,-0.019287,-0.019287,0
30.902778,-0.305000,0.169907,-0.019043,-0.019043,0
30.905556,-0.295000,0.212721,-0.019531,-0.019531,0
30.908333,-0.290000,0.145000,-0.020508,-0.020508,0
30.911111,-0.300000,0.008697,-0.021973,-0.021973,0
30.913889,-0.300000,-0.080954,-0.023682,-0.023682,0
30.916667,-0.295000,-0.064904,-0.025391,-0.025391,0
30.919444,-0.295000,0.038953,-0.026611,-0.026611,0
30.922222,-0.305000,0.151418,-0.027832,-0.027832,0
30.925000,-0.315000,0.195000,-0.029053,-0.029053,0
30.927778,-0.330000,0.126418,-0.029785,-0.029785,0
30.930556,-0.325000,0.008953,-0.030518,-0.030518,0
30.933333,-0.325000,-0.094904,-0.030762,-0.030762,0
30.936111,-0.320000,-0.100954,-0.031006,-0.031006,0
30.938889,-0.315000,-0.006303,-0.031250,-0.031250,0
30.941667,-0.330000,0.105000,-0.032227,-0.032227,0
30.944444,-0.355000,0.152721,-0.033691,-0.033691,0
30.947222,-0.345000,0.129907,-0.035889,-0.035889,0
30.950000,-0.320000,0.040000,-0.038574,-0.038574,0
30.952778,-0.295000,-0.049907,-0.041748,-0.041748,0
30.955556,-0.305000,-0.092721,-0.044922,-0.044922,0
30.958333,-0.325000,-0.040000,-0.048340,-0.048340,0
30.961111,-0.375000,0.036303,-0.051514,-0.051514,0
30.963889,-0.380000,0.120954,-0.054443,-0.054443,0
30.966667,-0.385000,0.104904,-0.056641,-0.056641,0
30.969444,-0.395000,-0.008953,-0.058350,-0.058350,0
30.972222,-0.405000,-0.141418,-0.059082,-0.059082,0
30.975000,-0.420000,-0.210000,-0.059082,-0.059082,0
30.977778,-0.435000,-0.171418,-0.058350,-0.058350,0
30.980556,-0.430000,-0.043953,-0.056885,-0.056885,0
30.983333,-0.420000,0.069904,-0.054932,-0.054932,0
30.986111,-0.405000,0.095954,-0.052002,-0.052002,0
30.988889,-0.400000,0.011303,-0.048584,-0.048584,0
30.991667,-0.415000,-0.130000,-0.044922,-0.044922,0
30.994444,-0.435000,-0.222721,-0.041016,-0.041016,0
30.997222,-0.440000,-0.194907,-0.038086,-0.038086,0
31.000000,-0.450000,-0.090000,-0.036621,-0.036621,0
31.002778,-0.430000,0.044907,-0.036865,-0.036865,0
31.005556,-0.440000,0.067721,-0.038574,-0.038574,0
31.008333,-0.445000,-0.010000,-0.040771,-0.040771,0
31.011111,-0.450000,-0.141303,-0.042969,-0.042969,0
31.013889,-0.455000,-0.235954,-0.044434,-0.044434,0
31.016667,-0.450000,-0.219904,-0.044678,-0.044678,0
31.019444,-0.435000,-0.101047,-0.044434,-0.044434,0
31.022222,-0.440000,0.016418,-0.044678,-0.044678,0
31.025000,-0.450000,0.060000,-0.046143,-0.046143,0
31.027778,-0.460000,-0.003582,-0.049072,-0.049072,0
31.030556,-0.445000,-0.111047,-0.052734,-0.052734,0
31.033333,-0.440000,-0.209904,-0.055908,-0.055908,0
31.036111,-0.435000,-0.215954,-0.057373,-0.057373,0
31.038889,-0.430000,-0.121303,-0.055908,-0.055908,0
31.041667,-0.435000,-0.000000,-0.050781,-0.050781,0
31.044444,-0.460000,0.047721,-0.041992,-0.041992,0
31.047222,-0.490000,-0.015093,-0.030273,-0.030273,0
31.050000,-0.510000,-0.150000,-0.017334,-0.017334,0
31.052778,-0.525000,-0.279907,-0.004883,-0.004883,0
31.055556,-0.550000,-0.337721,0.005859,0.005859,0
31.058333,-0.595000,-0.310000,0.014160,0.014160,0
31.061111,-0.645000,-0.233697,0.020020,0.020020,0
31.063889,-0.645000,-0.144046,0.024658,0.024658,0
31.066667,-0.555000,-0.065096,0.029541,0.029541,0
31.069444,-0.435000,-0.048953,0.035400,0.035400,0
31.072222,-0.305000,-0.041418,0.042969,0.042969,0
31.075000,-0.135000,0.075000,0.051270,0.051270,0
31.077778,0.105000,0.368582,0.059326,0.059326,0
31.080556,0.400000,0.786047,0.065674,0.065674,0
31.083333,0.655000,1.144904,0.069092,0.069092,0
31.086111,0.795000,1.295954,0.069336,0.069336,0
31.088889,0.790000,1.201303,0.066895,0.066895,0
31.091667,0.600000,0.885000,0.063477,0.063477,0
31.094444,0.230000,0.442279,0.059326,0.059326,0
31.097222,-0.145000,0.100093,0.055664,0.055664,0
31.100000,-0.400000,-0.040000,0.052002,0.052002,0
31.102778,-0.520000,-0.045093,0.048096,0.048096,0
31.105556,-0.560000,-0.052279,0.043457,0.043457,0
31.108333,-0.550000,-0.115000,0.038086,0.038086,0
31.111111,-0.505000,-0.196303,0.032471,0.032471,0
31.113889,-0.465000,-0.245954,0.028564,0.028564,0
31.116667,-0.460000,-0.229904,0.027100,0.027100,0
31.119444,-0.455000,-0.121047,0.028564,0.028564,0
31.122222,-0.455000,0.001418,0.033203,0.033203,0
31.125000,-0.450000,0.060000,0.038574,0.038574,0
31.127778,-0.465000,-0.008582,0.042725,0.042725,0
31.130556,-0.460000,-0.126047,0.042480,0.042480,0
31.133333,-0.465000,-0.234904,0.035889,0.035889,0
31.136111,-0.470000,-0.250954,0.022217,0.022217,0
31.138889,-0.470000,-0.161303,0.003174,0.003174,0
31.141667,-0.470000,-0.035000,-0.018555,-0.018555,0
31.144444,-0.490000,0.017721,-0.038818,-0.038818,0
31.147222,-0.485000,-0.010093,-0.053467,-0.053467,0
31.150000,-0.470000,-0.110000,-0.060791,-0.060791,0
31.152778,-0.465000,-0.219907,-0.061279,-0.061279,0
31.155556,-0.460000,-0.247721,-0.057373,-0.057373,0
31.158333,-0.465000,-0.180000,-0.053223,-0.053223,0
31.161111,-0.470000,-0.058697,-0.051514,-0.051514,0
31.163889,-0.480000,0.020954,-0.054199,-0.054199,0
31.166667,-0.475000,0.014904,-0.060547,-0.060547,0
31.169444,-0.465000,-0.078953,-0.068115,-0.068115,0
31.172222,-0.455000,-0.191418,-0.074219,-0.074219,0
31.175000,-0.475000,-0.265000,-0.077393,-0.077393,0
31.177778,-0.480000,-0.216418,-0.078125,-0.078125,0
31.180556,-0.460000,-0.073953,-0.077881,-0.077881,0
31.183333,-0.450000,0.039904,-0.079102,-0.079102,0
31.186111,-0.440000,0.060954,-0.083252,-0.083252,0
31.188889,-0.445000,-0.033697,-0.089844,-0.089844,0
31.191667,-0.445000,-0.160000,-0.096191,-0.096191,0
31.194444,-0.460000,-0.247721,-0.099609,-0.099609,0
31.197222,-0.455000,-0.209907,-0.097656,-0.097656,0
31.200000,-0.455000,-0.095000,-0.090332,-0.090332,0
31.202778,-0.465000,0.009907,-0.080322,-0.080322,0
31.205556,-0.455000,0.052721,-0.072021,-0.072021,0
31.208333,-0.480000,-0.045000,-0.069336,-0.069336,0
31.211111,-0.465000,-0.156303,-0.074219,-0.074219,0
31.213889,-0.465000,-0.245954,-0.085205,-0.085205,0
31.216667,-0.455000,-0.224904,-0.098877,-0.098877,0
31.219444,-0.455000,-0.121047,-0.111328,-0.111328,0
31.222222,-0.460000,-0.003582,-0.120850,-0.120850,0
31.225000,-0.475000,0.035000,-0.129395,-0.129395,0
31.227778,-0.480000,-0.023582,-0.142578,-0.142578,0
31.230556,-0.470000,-0.136047,-0.166260,-0.166260,0
31.233333,-0.465000,-0.234904,-0.202637,-0.202637,0
31.236111,-0.455000,-0.235954,-0.244873,-0.244873,0
31.238889,-0.465000,-0.156303,-0.276855,-0.276855,0
31.241667,-0.450000,-0.015000,-0.274170,-0.274170,0
31.244444,-0.455000,0.052721,-0.211426,-0.211426,0
31.247222,-0.450000,0.024907,-0.071777,-0.071777,0
31.250000,-0.435000,-0.075000,0.144287,0.144287,0
31.252778,-0.430000,-0.184907,0.413818,0.413818,0
31.255556,-0.440000,-0.227721,0.693848,0.693848,0
31.258333,-0.445000,-0.160000,0.930420,0.930420,0
31.261111,-0.455000,-0.043697,1.072754,1.072754,0
31.263889,-0.455000,0.045954,1.087891,1.087891,1
31.266667,-0.450000,0.039904,0.970947,0.970947,0
31.269444,-0.440000,-0.053953,0.746826,0.746826,0
31.272222,-0.435000,-0.171418,0.463867,0.463867,0
31.275000,-0.455000,-0.245000,0.180908,0.180908,0
31.277778,-0.465000,-0.201418,-0.050293,-0.050293,0
31.280556,-0.455000,-0.068953,-0.197021,-0.197021,0
31.283333,-0.440000,0.049904,-0.252197,-0.252197,0
31.286111,-0.440000,0.060954,-0.232910,-0.232910,0
31.288889,-0.440000,-0.028697,-0.171875,-0.171875,0
31.291667,-0.440000,-0.155000,-0.103760,-0.103760,0
31.294444,-0.460000,-0.247721,-0.056152,-0.056152,0
31.297222,-0.455000,-0.209907,-0.041016,-0.041016,0
31.300000,-0.450000,-0.090000,-0.055420,-0.055420,0
31.302778,-0.430000,0.044907,-0.085693,-0.085693,0
31.305556,-0.435000,0.072721,-0.115967,-0.115967,0
31.308333,-0.455000,-0.020000,-0.133545,-0.133545,0
31.311111,-0.475000,-0.166303,-0.134277,-0.134277,0
31.313889,-0.475000,-0.255954,-0.121826,-0.121826,0
31.316667,-0.470000,-0.239904,-0.104492,-0.104492,0
31.319444,-0.460000,-0.126047,-0.091797,-0.091797,0
31.322222,-0.470000,-0.013582,-0.088379,-0.088379,0
31.325000,-0.465000,0.045000,-0.094238,-0.094238,0
31.327778,-0.485000,-0.028582,-0.104736,-0.104736,0
31.330556,-0.490000,-0.156047,-0.114014,-0.114014,0
31.333333,-0.465000,-0.234904,-0.117188,-0.117188,0
31.336111,-0.460000,-0.240954,-0.113281,-0.113281,0
31.338889,-0.460000,-0.151303,-0.105225,-0.105225,0
31.341667,-0.475000,-0.040000,-0.096924,-0.096924,0
31.344444,-0.490000,0.017721,-0.092041,-0.092041,0
31.347222,-0.500000,-0.025093,-0.091797,-0.091797,0
31.350000,-0.495000,-0.135000,-0.094727,-0.094727,0
31.352778,-0.485000,-0.239907,-0.097656,-0.097656,0
31.355556,-0.470000,-0.257721,-0.097900,-0.097900,0
31.358333,-0.485000,-0.200000,-0.093750,-0.093750,0
31.361111,-0.500000,-0.088697,-0.086182,-0.086182,0
31.363889,-0.500000,0.000954,-0.077637,-0.077637,0
31.366667,-0.490000,-0.000096,-0.071289,-0.071289,0
31.369444,-0.475000,-0.088953,-0.069824,-0.069824,0
31.372222,-0.475000,-0.211418,-0.073242,-0.073242,0
31.375000,-0.465000,-0.255000,-0.080322,-0.080322,0
31.377778,-0.480000,-0.216418,-0.088135,-0.088135,0
31.380556,-0.455000,-0.068953,-0.093994,-0.093994,0
31.383333,-0.445000,0.044904,-0.095947,-0.095947,0
31.386111,-0.425000,0.075954,-0.094238,-0.094238,0
31.388889,-0.410000,0.001303,-0.090332,-0.090332,0
31.391667,-0.405000,-0.120000,-0.086182,-0.086182,0
31.394444,-0.420000,-0.207721,-0.083740,-0.083740,0
31.397222,-0.420000,-0.174907,-0.084473,-0.084473,0
31.400000,-0.400000,-0.040000,-0.087646,-0.087646,0
31.402778,-0.375000,0.099907,-0.091797,-0.091797,0
31.405556,-0.360000,0.147721,-0.094971,-0.094971,0
31.408333,-0.360000,0.075000,-0.095703,-0.095703,0
31.411111,-0.375000,-0.066303,-0.092773,-0.092773,0
31.413889,-0.360000,-0.140954,-0.086914,-0.086914,0
31.416667,-0.345000,-0.114904,-0.079102,-0.079102,0
31.419444,-0.325000,0.008953,-0.071533,-0.071533,0
31.422222,-0.325000,0.131418,-0.065674,-0.065674,0
31.425000,-0.340000,0.170000,-0.062500,-0.062500,0
31.427778,-0.345000,0.111418,-0.062256,-0.062256,0
31.430556,-0.360000,-0.026047,-0.063721,-0.063721,0
31.433333,-0.355000,-0.124904,-0.065918,-0.065918,0
31.436111,-0.355000,-0.135954,-0.068359,-0.068359,0
31.438889,-0.355000,-0.046303,-0.070068,-0.070068,0
31.441667,-0.365000,0.070000,-0.070801,-0.070801,0
31.444444,-0.360000,0.147721,-0.071045,-0.071045,0
31.447222,-0.355000,0.119907,-0.070557,-0.070557,0
31.450000,-0.330000,0.030000,-0.069824,-0.069824,0
31.452778,-0.335000,-0.089907,-0.069092,-0.069092,0
31.455556,-0.350000,-0.137721,-0.068604,-0.068604,0
31.458333,-0.345000,-0.060000,-0.068359,-0.068359,0
31.461111,-0.360000,0.051303,-0.068604,-0.068604,0
31.463889,-0.355000,0.145954,-0.068604,-0.068604,0
31.466667,-0.370000,0.119904,-0.068115,-0.068115,0
31.469444,-0.340000,0.046047,-0.067383,-0.067383,0
31.472222,-0.335000,-0.071418,-0.066406,-0.066406,0
31.475000,-0.335000,-0.125000,-0.065918,-0.065918,0
31.477778,-0.345000,-0.081418,-0.066406,-0.066406,0
31.480556,-0.350000,0.036047,-0.068848,-0.068848,0
31.483333,-0.350000,0.139904,-0.072998,-0.072998,0
31.486111,-0.340000,0.160954,-0.078857,-0.078857,0
31.488889,-0.345000,0.066303,-0.085449,-0.085449,0
31.491667,-0.360000,-0.075000,-0.091309,-0.091309,0
31.494444,-0.365000,-0.152721,-0.095215,-0.095215,0
31.497222,-0.360000,-0.114907,-0.097168,-0.097168,0
31.500000,-0.350000,0.010000,-0.096924,-0.096924,0
31.502778,-0.350000,0.124907,-0.095703,-0.095703,0
31.505556,-0.350000,0.157721,-0.094238,-0.094238,0
31.508333,-0.365000,0.070000,-0.093506,-0.093506,0
31.511111,-0.380000,-0.071303,-0.094238,-0.094238,0
31.513889,-0.375000,-0.155954,-0.096436,-0.096436,0
31.516667,-0.370000,-0.139904,-0.099854,-0.099854,0
31.519444,-0.370000,-0.036047,-0.104004,-0.104004,0
31.522222,-0.365000,0.091418,-0.108154,-0.108154,0
31.525000,-0.365000,0.145000,-0.111816,-0.111816,0
31.527778,-0.375000,0.081418,-0.114502,-0.114502,0
31.530556,-0.380000,-0.046047,-0.115967,-0.115967,0
31.533333,-0.375000,-0.144904,-0.116211,-0.116211,0
31.536111,-0.370000,-0.150954,-0.115967,-0.115967,0
31.538889,-0.375000,-0.066303,-0.115234,-0.115234,0
31.541667,-0.390000,0.045000,-0.114014,-0.114014,0
31.544444,-0.410000,0.097721,-0.112305,-0.112305,0
31.547222,-0.400000,0.074907,-0.109131,-0.109131,0
31.550000,-0.390000,-0.030000,-0.104004,-0.104004,0
31.552778,-0.365000,-0.119907,-0.096436,-0.096436,0
31.555556,-0.370000,-0.157721,-0.086914,-0.086914,0
31.558333,-0.375000,-0.090000,-0.075928,-0.075928,0
31.561111,-0.390000,0.021303,-0.065186,-0.065186,0
31.563889,-0.385000,0.115954,-0.055176,-0.055176,0
31.566667,-0.375000,0.114904,-0.046631,-0.046631,0
31.569444,-0.365000,0.021047,-0.039551,-0.039551,0
31.572222,-0.375000,-0.111418,-0.033691,-0.033691,0
31.575000,-0.395000,-0.185000,-0.028076,-0.028076,0
31.577778,-0.405000,-0.141418,-0.021973,-0.021973,0
31.580556,-0.405000,-0.018953,-0.014404,-0.014404,0
31.583333,-0.395000,0.094904,-0.005127,-0.005127,0
31.586111,-0.390000,0.110954,0.005127,0.005127,0
31.588889,-0.400000,0.011303,0.015625,0.015625,0
31.591667,-0.400000,-0.115000,0.024902,0.024902,0
31.594444,-0.400000,-0.187721,0.031250,0.031250,0
31.597222,-0.405000,-0.159907,0.033691,0.033691,0
31.600000,-0.405000,-0.045000,0.031982,0.031982,0
31.602778,-0.390000,0.084907,0.026367,0.026367,0
31.605556,-0.390000,0.117721,0.018555,0.018555,0
31.608333,-0.395000,0.040000,0.010986,0.010986,0
31.611111,-0.400000,-0.091303,0.005859,0.005859,0
31.613889,-0.410000,-0.190954,0.004395,0.004395,0
31.616667,-0.400000,-0.169904,0.006836,0.006836,0
31.619444,-0.385000,-0.051047,0.011719,0.011719,0
31.622222,-0.375000,0.081418,0.016846,0.016846,0
31.625000,-0.395000,0.115000,0.020508,0.020508,0
31.627778,-0.395000,0.061418,0.021484,0.021484,0
31.630556,-0.395000,-0.061047,0.019775,0.019775,0
31.633333,-0.385000,-0.154904,0.016357,0.016357,0
31.636111,-0.380000,-0.160954,0.012939,0.012939,0
31.638889,-0.385000,-0.076303,0.010742,0.010742,0
31.641667,-0.380000,0.055000,0.010498,0.010498,0
31.644444,-0.380000,0.127721,0.012939,0.012939,0
31.647222,-0.380000,0.094907,0.016602,0.016602,0
31.650000,-0.370000,-0.010000,0.020264,0.020264,0
31.652778,-0.380000,-0.134907,0.022949,0.022949,0
31.655556,-0.370000,-0.157721,0.023193,0.023193,0
31.658333,-0.380000,-0.095000,0.020752,0.020752,0
31.661111,-0.385000,0.026303,0.016846,0.016846,0
31.663889,-0.400000,0.100954,0.012451,0.012451,0
31.666667,-0.375000,0.114904,0.008789,0.008789,0
31.669444,-0.365000,0.021047,0.007080,0.007080,0
31.672222,-0.345000,-0.081418,0.006836,0.006836,0
31.675000,-0.355000,-0.145000,0.007568,0.007568,0
31.677778,-0.350000,-0.086418,0.007568,0.007568,0
31.680556,-0.350000,0.036047,0.006104,0.006104,0
31.683333,-0.330000,0.159904,0.002686,0.002686,0
31.686111,-0.315000,0.185954,-0.001953,-0.001953,0
31.688889,-0.310000,0.101303,-0.006592,-0.006592,0
31.691667,-0.305000,-0.020000,-0.009766,-0.009766,0
31.694444,-0.315000,-0.102721,-0.010742,-0.010742,0
31.697222,-0.315000,-0.069907,-0.009766,-0.009766,0
31.700000,-0.300000,0.060000,-0.007568,-0.007568,0
31.702778,-0.275000,0.199907,-0.006104,-0.006104,0
31.705556,-0.280000,0.227721,-0.006348,-0.006348,0
31.708333,-0.285000,0.150000,-0.009033,-0.009033,0
31.711111,-0.290000,0.018697,-0.014160,-0.014160,0
31.713889,-0.285000,-0.065954,-0.020020,-0.020020,0
31.716667,-0.270000,-0.039904,-0.025635,-0.025635,0
31.719444,-0.270000,0.063953,-0.029297,-0.029297,0
31.722222,-0.275000,0.181418,-0.030273,-0.030273,0
31.725000,-0.275000,0.235000,-0.028564,-0.028564,0
31.727778,-0.285000,0.171418,-0.024658,-0.024658,0
31.730556,-0.290000,0.043953,-0.019531,-0.019531,0
31.733333,-0.295000,-0.064904,-0.014648,-0.014648,0
31.736111,-0.285000,-0.065954,-0.011230,-0.011230,0
31.738889,-0.285000,0.023697,-0.010010,-0.010010,0
31.741667,-0.285000,0.150000,-0.011719,-0.011719,0
31.744444,-0.300000,0.207721,-0.015625,-0.015625,0
31.747222,-0.300000,0.174907,-0.020996,-0.020996,0
31.750000,-0.295000,0.065000,-0.026367,-0.026367,0
31.752778,-0.290000,-0.044907,-0.031006,-0.031006,0
31.755556,-0.270000,-0.057721,-0.034424,-0.034424,0
31.758333,-0.270000,0.015000,-0.036377,-0.036377,0
31.761111,-0.285000,0.126303,-0.037354,-0.037354,0
31.763889,-0.300000,0.200954,-0.037842,-0.037842,0
31.766667,-0.315000,0.174904,-0.037598,-0.037598,0
31.769444,-0.320000,0.066047,-0.037354,-0.037354,0
31.772222,-0.330000,-0.066418,-0.037109,-0.037109,0
31.775000,-0.360000,-0.150000,-0.037109,-0.037109,0
31.777778,-0.390000,-0.126418,-0.037109,-0.037109,0
31.780556,-0.395000,-0.008953,-0.037109,-0.037109,0
31.783333,-0.415000,0.074904,-0.037109,-0.037109,0
31.786111,-0.395000,0.105954,-0.036621,-0.036621,0
31.788889,-0.400000,0.011303,-0.035645,-0.035645,0
31.791667,-0.395000,-0.110000,-0.034180,-0.034180,0
31.794444,-0.405000,-0.192721,-0.032471,-0.032471,0
31.797222,-0.415000,-0.169907,-0.031006,-0.031006,0
31.800000,-0.400000,-0.040000,-0.029785,-0.029785,0
31.802778,-0.405000,0.069907,-0.029297,-0.029297,0
31.805556,-0.400000,0.107721,-0.029053,-0.029053,0
31.808333,-0.405000,0.030000,-0.028320,-0.028320,0
31.811111,-0.405000,-0.096303,-0.027100,-0.027100,0
31.813889,-0.410000,-0.190954,-0.024658,-0.024658,0
31.816667,-0.405000,-0.174904,-0.021729,-0.021729,0
31.819444,-0.400000,-0.066047,-0.018799,-0.018799,0
31.822222,-0.410000,0.046418,-0.016602,-0.016602,0
31.825000,-0.420000,0.090000,-0.016113,-0.016113,0
31.827778,-0.430000,0.026418,-0.017334,-0.017334,0
31.830556,-0.425000,-0.091047,-0.019531,-0.019531,0
31.833333,-0.420000,-0.189904,-0.021729,-0.021729,0
31.836111,-0.405000,-0.185954,-0.023438,-0.023438,0
31.838889,-0.420000,-0.111303,-0.023193,-0.023193,0
31.841667,-0.415000,0.020000,-0.020752,-0.020752,0
31.844444,-0.435000,0.072721,-0.015869,-0.015869,0
31.847222,-0.445000,0.029907,-0.008789,-0.008789,0
31.850000,-0.470000,-0.110000,0.000000,0.000000,0
31.852778,-0.500000,-0.254907,0.009277,0.009277,0
31.855556,-0.520000,-0.307721,0.018311,0.018311,0
31.858333,-0.545000,-0.260000,0.026367,0.026367,0
31.861111,-0.595000,-0.183697,0.032959,0.032959,0
31.863889,-0.625000,-0.124046,0.038330,0.038330,0
31.866667,-0.590000,-0.100096,0.042969,0.042969,0
31.869444,-0.490000,-0.103953,0.047607,0.047607,0
31.872222,-0.340000,-0.076418,0.052734,0.052734,0
31.875000,-0.195000,0.015000,0.058105,0.058105,0
31.877778,-0.015000,0.248582,0.063721,0.063721,0
31.880556,0.245000,0.631047,0.069092,0.069092,0
31.883333,0.520000,1.009904,0.073242,0.073242,0
31.886111,0.745000,1.245954,0.076172,0.076172,0
31.888889,0.885000,1.296303,0.077881,0.077881,0
31.891667,0.880000,1.165000,0.078369,0.078369,0
31.894444,0.680000,0.892279,0.078369,0.078369,0
31.897222,0.325000,0.570093,0.077881,0.077881,0
31.900000,-0.080000,0.280000,0.076904,0.076904,0
31.902778,-0.355000,0.119907,0.075684,0.075684,0
31.905556,-0.500000,0.007721,0.073730,0.073730,0
31.908333,-0.550000,-0.115000,0.070801,0.070801,0
31.911111,-0.535000,-0.226303,0.067383,0.067383,0
31.913889,-0.485000,-0.265954,0.063721,0.063721,0
31.916667,-0.455000,-0.224904,0.060547,0.060547,0
31.919444,-0.440000,-0.106047,0.058838,0.058838,0
31.922222,-0.445000,0.011418,0.059326,0.059326,0
31.925000,-0.440000,0.070000,0.062012,0.062012,0
31.927778,-0.445000,0.011418,0.066650,0.066650,0
31.930556,-0.440000,-0.106047,0.071777,0.071777,0
31.933333,-0.430000,-0.199904,0.075439,0.075439,0
31.936111,-0.425000,-0.205954,0.074951,0.074951,0
31.938889,-0.415000,-0.106303,0.068359,0.068359,0
31.941667,-0.435000,0.000000,0.055664,0.055664,0
31.944444,-0.450000,0.057721,0.037598,0.037598,0
31.947222,-0.445000,0.029907,0.017090,0.017090,0
31.950000,-0.430000,-0.070000,-0.002930,-0.002930,0
31.952778,-0.425000,-0.179907,-0.019775,-0.019775,0
31.955556,-0.430000,-0.217721,-0.031982,-0.031982,0
31.958333,-0.440000,-0.155000,-0.040283,-0.040283,0
31.961111,-0.460000,-0.048697,-0.045654,-0.045654,0
31.963889,-0.455000,0.045954,-0.049561,-0.049561,0
31.966667,-0.460000,0.029904,-0.052979,-0.052979,0
31.969444,-0.455000,-0.068953,-0.055664,-0.055664,0
31.972222,-0.440000,-0.176418,-0.056641,-0.056641,0
31.975000,-0.450000,-0.240000,-0.055420,-0.055420,0
31.977778,-0.455000,-0.191418,-0.052246,-0.052246,0
31.980556,-0.460000,-0.073953,-0.047852,-0.047852,0
31.983333,-0.450000,0.039904,-0.044922,-0.044922,0
31.986111,-0.435000,0.065954,-0.044678,-0.044678,0
31.988889,-0.430000,-0.018697,-0.048828,-0.048828,0
31.991667,-0.440000,-0.155000,-0.056396,-0.056396,0
31.994444,-0.460000,-0.247721,-0.064697,-0.064697,0
31.997222,-0.460000,-0.214907,-0.070801,-0.070801,0
32.000000,-0.450000,-0.090000,-0.072510,-0.072510,0
32.002778,-0.440000,0.034907,-0.069336,-0.069336,0
32.005556,-0.435000,0.072721,-0.062988,-0.062988,0
32.008333,-0.435000,-0.000000,-0.056885,-0.056885,0
32.011111,-0.440000,-0.131303,-0.055420,-0.055420,0
32.013889,-0.440000,-0.220954,-0.060303,-0.060303,0
32.016667,-0.425000,-0.194904,-0.071777,-0.071777,0
32.019444,-0.425000,-0.091047,-0.087158,-0.087158,0
32.022222,-0.430000,0.026418,-0.103027,-0.103027,0
32.025000,-0.435000,0.075000,-0.117676,-0.117676,0
32.027778,-0.445000,0.011418,-0.132080,-0.132080,0
32.030556,-0.445000,-0.111047,-0.149170,-0.149170,0
32.033333,-0.440000,-0.209904,-0.172852,-0.172852,0
32.036111,-0.435000,-0.215954,-0.203369,-0.203369,0
32.038889,-0.455000,-0.146303,-0.233154,-0.233154,0
32.041667,-0.440000,-0.005000,-0.247070,-0.247070,0
32.044444,-0.455000,0.052721,-0.222656,-0.222656,0
32.047222,-0.445000,0.029907,-0.137695,-0.137695,0
32.050000,-0.450000,-0.090000,0.021240,0.021240,0
32.052778,-0.440000,-0.194907,0.250977,0.250977,0
32.055556,-0.440000,-0.227721,0.527344,0.527344,0
32.058333,-0.445000,-0.160000,0.807129,0.807129,0
32.061111,-0.450000,-0.038697,1.038330,1.038330,0
32.063889,-0.445000,0.055954,1.171631,1.171631,0
32.066667,-0.435000,0.054904,1.176270,1.176270,1
32.069444,-0.430000,-0.043953,1.048584,1.048584,0
32.072222,-0.425000,-0.161418,0.813721,0.813721,0
32.075000,-0.430000,-0.220000,0.520264,0.520264,0
32.077778,-0.440000,-0.176418,0.225830,0.225830,0
32.080556,-0.435000,-0.048953,-0.016846,-0.016846,0
32.083333,-0.425000,0.064904,-0.174805,-0.174805,0
32.086111,-0.430000,0.070954,-0.239746,-0.239746,0
32.088889,-0.415000,-0.003697,-0.227783,-0.227783,0
32.091667,-0.435000,-0.150000,-0.170410,-0.170410,0
32.094444,-0.450000,-0.237721,-0.103027,-0.103027,0
32.097222,-0.440000,-0.194907,-0.052979,-0.052979,0
32.100000,-0.430000,-0.070000,-0.033936,-0.033936,0
32.102778,-0.425000,0.049907,-0.043701,-0.043701,0
32.105556,-0.420000,0.087721,-0.069580,-0.069580,0
32.108333,-0.435000,0.000000,-0.095459,-0.095459,0
32.111111,-0.445000,-0.136303,-0.108887,-0.108887,0
32.113889,-0.440000,-0.220954,-0.105225,-0.105225,0
32.116667,-0.435000,-0.204904,-0.088867,-0.088867,0
32.119444,-0.430000,-0.096047,-0.068604,-0.068604,0
32.122222,-0.440000,0.016418,-0.054199,-0.054199,0
32.125000,-0.455000,0.055000,-0.051270,-0.051270,0
32.127778,-0.460000,-0.003582,-0.060059,-0.060059,0
32.130556,-0.470000,-0.136047,-0.075439,-0.075439,0
32.133333,-0.455000,-0.224904,-0.091064,-0.091064,0
32.136111,-0.455000,-0.235954,-0.100830,-0.100830,0
32.138889,-0.465000,-0.156303,-0.102539,-0.102539,0
32.141667,-0.470000,-0.035000,-0.097656,-0.097656,0
32.144444,-0.485000,0.022721,-0.089600,-0.089600,0
32.147222,-0.485000,-0.010093,-0.082764,-0.082764,0
32.150000,-0.475000,-0.115000,-0.079346,-0.079346,0
32.152778,-0.475000,-0.229907,-0.079834,-0.079834,0
32.155556,-0.475000,-0.262721,-0.082520,-0.082520,0
32.158333,-0.470000,-0.185000,-0.085449,-0.085449,0
32.161111,-0.480000,-0.068697,-0.086426,-0.086426,0
32.163889,-0.475000,0.025954,-0.084961,-0.084961,0
32.166667,-0.475000,0.014904,-0.081787,-0.081787,0
32.169444,-0.460000,-0.073953,-0.078369,-0.078369,0
32.172222,-0.465000,-0.201418,-0.075684,-0.075684,0
32.175000,-0.470000,-0.260000,-0.074707,-0.074707,0
32.177778,-0.465000,-0.201418,-0.074707,-0.074707,0
32.180556,-0.465000,-0.078953,-0.074707,-0.074707,0
32.183333,-0.450000,0.039904,-0.073486,-0.073486,0
32.186111,-0.445000,0.055954,-0.070312,-0.070312,0
32.188889,-0.430000,-0.018697,-0.066162,-0.066162,0
32.191667,-0.435000,-0.150000,-0.061523,-0.061523,0
32.194444,-0.435000,-0.222721,-0.058350,-0.058350,0
32.197222,-0.425000,-0.179907,-0.057373,-0.057373,0
32.200000,-0.400000,-0.040000,-0.059082,-0.059082,0
32.202778,-0.380000,0.094907,-0.062988,-0.062988,0
32.205556,-0.365000,0.142721,-0.067627,-0.067627,0
32.208333,-0.365000,0.070000,-0.071533,-0.071533,0
32.211111,-0.390000,-0.081303,-0.073730,-0.073730,0
32.213889,-0.365000,-0.145954,-0.074463,-0.074463,0
32.216667,-0.365000,-0.134904,-0.073730,-0.073730,0
32.219444,-0.340000,-0.006047,-0.072510,-0.072510,0
32.222222,-0.345000,0.111418,-0.071533,-0.071533,0
32.225000,-0.330000,0.180000,-0.071533,-0.071533,0
32.227778,-0.350000,0.106418,-0.072021,-0.072021,0
32.230556,-0.335000,-0.001047,-0.072021,-0.072021,0
32.233333,-0.320000,-0.089904,-0.071533,-0.071533,0
32.236111,-0.325000,-0.105954,-0.070068,-0.070068,0
32.238889,-0.320000,-0.011303,-0.067383,-0.067383,0
32.241667,-0.315000,0.120000,-0.064209,-0.064209,0
32.244444,-0.335000,0.172721,-0.060791,-0.060791,0
32.247222,-0.330000,0.144907,-0.057617,-0.057617,0
32.250000,-0.320000,0.040000,-0.054932,-0.054932,0
32.252778,-0.315000,-0.069907,-0.053223,-0.053223,0
32.255556,-0.310000,-0.097721,-0.052246,-0.052246,0
32.258333,-0.315000,-0.030000,-0.052490,-0.052490,0
32.261111,-0.325000,0.086303,-0.053467,-0.053467,0
32.263889,-0.330000,0.170954,-0.055176,-0.055176,0
32.266667,-0.315000,0.174904,-0.056885,-0.056885,0
32.269444,-0.320000,0.066047,-0.058350,-0.058350,0
32.272222,-0.320000,-0.056418,-0.058594,-0.058594,0
32.275000,-0.320000,-0.110000,-0.058105,-0.058105,0
32.277778,-0.335000,-0.071418,-0.056885,-0.056885,0
32.280556,-0.345000,0.041047,-0.055908,-0.055908,0
32.283333,-0.330000,0.159904,-0.055664,-0.055664,0
32.286111,-0.330000,0.170954,-0.056641,-0.056641,0
32.288889,-0.325000,0.086303,-0.058594,-0.058594,0
32.291667,-0.335000,-0.050000,-0.061523,-0.061523,0
32.294444,-0.345000,-0.132721,-0.065186,-0.065186,0
32.297222,-0.335000,-0.089907,-0.068848,-0.068848,0
32.300000,-0.325000,0.035000,-0.072998,-0.072998,0
32.302778,-0.325000,0.149907,-0.077148,-0.077148,0
32.305556,-0.335000,0.172721,-0.081299,-0.081299,0
32.308333,-0.335000,0.100000,-0.085693,-0.085693,0
32.311111,-0.345000,-0.036303,-0.089844,-0.089844,0
32.313889,-0.345000,-0.125954,-0.093994,-0.093994,0
32.316667,-0.345000,-0.114904,-0.097412,-0.097412,0
32.319444,-0.330000,0.003953,-0.100342,-0.100342,0
32.322222,-0.325000,0.131418,-0.103027,-0.103027,0
32.325000,-0.340000,0.170000,-0.104736,-0.104736,0
32.327778,-0.335000,0.121418,-0.105957,-0.105957,0
32.330556,-0.335000,-0.001047,-0.105957,-0.105957,0
32.333333,-0.325000,-0.094904,-0.105225,-0.105225,0
32.336111,-0.315000,-0.095954,-0.103760,-0.103760,0
32.338889,-0.315000,-0.006303,-0.102051,-0.102051,0
32.341667,-0.335000,0.100000,-0.100586,-0.100586,0
32.344444,-0.340000,0.167721,-0.098877,-0.098877,0
32.347222,-0.340000,0.134907,-0.097656,-0.097656,0
32.350000,-0.330000,0.030000,-0.095947,-0.095947,0
32.352778,-0.340000,-0.094907,-0.093994,-0.093994,0
32.355556,-0.325000,-0.112721,-0.091309,-0.091309,0
32.358333,-0.335000,-0.050000,-0.087891,-0.087891,0
32.361111,-0.355000,0.056303,-0.083252,-0.083252,0
32.363889,-0.350000,0.150954,-0.077393,-0.077393,0
32.366667,-0.340000,0.149904,-0.069824,-0.069824,0
32.369444,-0.335000,0.051047,-0.060547,-0.060547,0
32.372222,-0.340000,-0.076418,-0.050049,-0.050049,0
32.375000,-0.340000,-0.130000,-0.038818,-0.038818,0
32.377778,-0.360000,-0.096418,-0.027832,-0.027832,0
32.380556,-0.365000,0.021047,-0.018311,-0.018311,0
32.383333,-0.355000,0.134904,-0.010254,-0.010254,0
32.386111,-0.350000,0.150954,-0.004395,-0.004395,0
32.388889,-0.345000,0.066303,0.000488,0.000488,0
32.391667,-0.345000,-0.060000,0.004883,0.004883,0
32.394444,-0.355000,-0.142721,0.009521,0.009521,0
32.397222,-0.375000,-0.129907,0.014648,0.014648,0
32.400000,-0.345000,0.015000,0.020508,0.020508,0
32.402778,-0.340000,0.134907,0.026123,0.026123,0
32.405556,-0.355000,0.152721,0.031006,0.031006,0
32.408333,-0.350000,0.085000,0.034668,0.034668,0
32.411111,-0.365000,-0.056303,0.037109,0.037109,0
32.413889,-0.350000,-0.130954,0.038574,0.038574,0
32.416667,-0.355000,-0.124904,0.039062,0.039062,0
32.419444,-0.340000,-0.006047,0.039062,0.039062,0
32.422222,-0.350000,0.106418,0.039062,0.039062,0
32.425000,-0.350000,0.160000,0.039307,0.039307,0
32.427778,-0.350000,0.106418,0.039795,0.039795,0
32.430556,-0.355000,-0.021047,0.040771,0.040771,0
32.433333,-0.330000,-0.099904,0.041992,0.041992,0
32.436111,-0.335000,-0.115954,0.042725,0.042725,0
32.438889,-0.335000,-0.026303,0.042480,0.042480,0
32.441667,-0.340000,0.095000,0.041504,0.041504,0
32.444444,-0.360000,0.147721,0.039062,0.039062,0
32.447222,-0.350000,0.124907,0.035889,0.035889,0
32.450000,-0.340000,0.020000,0.032715,0.032715,0
32.452778,-0.335000,-0.089907,0.029785,0.029785,0
32.455556,-0.345000,-0.132721,0.027100,0.027100,0
32.458333,-0.345000,-0.060000,0.025391,0.025391,0
32.461111,-0.360000,0.051303,0.024414,0.024414,0
32.463889,-0.360000,0.140954,0.023926,0.023926,0
32.466667,-0.355000,0.134904,0.024170,0.024170,0
32.469444,-0.345000,0.041047,0.024658,0.024658,0
32.472222,-0.350000,-0.086418,0.025391,0.025391,0
32.475000,-0.375000,-0.165000,0.025635,0.025635,0
32.477778,-0.385000,-0.121418,0.025391,0.025391,0
32.480556,-0.360000,0.026047,0.024170,0.024170,0
32.483333,-0.355000,0.134904,0.021973,0.021973,0
32.486111,-0.340000,0.160954,0.019531,0.019531,0
32.488889,-0.345000,0.066303,0.017090,0.017090,0
32.491667,-0.350000,-0.065000,0.015869,0.015869,0
32.494444,-0.365000,-0.152721,0.016113,0.016113,0
32.497222,-0.360000,-0.114907,0.018311,0.018311,0
32.500000,-0.345000,0.015000,0.021484,0.021484,0
32.502778,-0.340000,0.134907,0.025146,0.025146,0
32.505556,-0.340000,0.167721,0.028320,0.028320,0
32.508333,-0.340000,0.095000,0.030518,0.030518,0
32.511111,-0.345000,-0.036303,0.031494,0.031494,0
32.513889,-0.335000,-0.115954,0.031006,0.031006,0
32.516667,-0.325000,-0.094904,0.029297,0.029297,0
32.519444,-0.290000,0.043953,0.026611,0.026611,0
32.522222,-0.280000,0.176418,0.023682,0.023682,0
32.525000,-0.285000,0.225000,0.020752,0.020752,0
32.527778,-0.295000,0.161418,0.018555,0.018555,0
32.530556,-0.290000,0.043953,0.017090,0.017090,0
32.533333,-0.275000,-0.044904,0.016602,0.016602,0
32.536111,-0.275000,-0.055954,0.016357,0.016357,0
32.538889,-0.260000,0.048697,0.016113,0.016113,0
32.541667,-0.250000,0.185000,0.015137,0.015137,0
32.544444,-0.260000,0.247721,0.013428,0.013428,0
32.547222,-0.245000,0.229907,0.010986,0.010986,0
32.550000,-0.230000,0.130000,0.008301,0.008301,0
32.552778,-0.230000,0.015093,0.006104,0.006104,0
32.555556,-0.240000,-0.027721,0.004150,0.004150,0
32.558333,-0.240000,0.045000,0.002930,0.002930,0
32.561111,-0.250000,0.161303,0.002197,0.002197,0
32.563889,-0.265000,0.235954,0.001953,0.001953,0
32.566667,-0.250000,0.239904,0.001953,0.001953,0
32.569444,-0.245000,0.141047,0.002441,0.002441,0
32.572222,-0.235000,0.028582,0.002930,0.002930,0
32.575000,-0.250000,-0.040000,0.003418,0.003418,0
32.577778,-0.280000,-0.016418,0.003662,0.003662,0
32.580556,-0.270000,0.116047,0.003662,0.003662,0
32.583333,-0.240000,0.249904,0.003174,0.003174,0
32.586111,-0.220000,0.280954,0.002441,0.002441,0
32.588889,-0.210000,0.201303,0.001709,0.001709,0
32.591667,-0.235000,0.050000,0.001709,0.001709,0
32.594444,-0.285000,-0.072721,0.002441,0.002441,0
32.597222,-0.290000,-0.044907,0.004150,0.004150,0
32.600000,-0.315000,0.045000,0.006592,0.006592,0
32.602778,-0.310000,0.164907,0.009033,0.009033,0
32.605556,-0.310000,0.197721,0.011230,0.011230,0
32.608333,-0.340000,0.095000,0.012939,0.012939,0
32.611111,-0.360000,-0.051303,0.013672,0.013672,0
32.613889,-0.345000,-0.125954,0.013672,0.013672,0
32.616667,-0.345000,-0.114904,0.013184,0.013184,0
32.619444,-0.340000,-0.006047,0.011963,0.011963,0
32.622222,-0.365000,0.091418,0.010498,0.010498,0
32.625000,-0.355000,0.155000,0.009277,0.009277,0
32.627778,-0.380000,0.076418,0.008301,0.008301,0
32.630556,-0.365000,-0.031047,0.007568,0.007568,0
32.633333,-0.355000,-0.124904,0.007080,0.007080,0
32.636111,-0.360000,-0.140954,0.005859,0.005859,0
32.638889,-0.355000,-0.046303,0.003662,0.003662,0
32.641667,-0.360000,0.075000,0.000244,0.000244,0
32.644444,-0.375000,0.132721,-0.004395,-0.004395,0
32.647222,-0.380000,0.094907,-0.008545,-0.008545,0
32.650000,-0.370000,-0.010000,-0.011475,-0.011475,0
32.652778,-0.365000,-0.119907,-0.012451,-0.012451,0
32.655556,-0.360000,-0.147721,-0.010742,-0.010742,0
32.658333,-0.360000,-0.075000,-0.007324,-0.007324,0
32.661111,-0.375000,0.036303,-0.003174,-0.003174,0
32.663889,-0.375000,0.125954,0.000488,0.000488,0
32.666667,-0.375000,0.114904,0.002930,0.002930,0
32.669444,-0.355000,0.031047,0.003174,0.003174,0
32.672222,-0.365000,-0.101418,0.002197,0.002197,0
32.675000,-0.365000,-0.155000,0.000732,0.000732,0
32.677778,-0.390000,-0.126418,0.000244,0.000244,0
32.680556,-0.415000,-0.028953,0.001709,0.001709,0
32.683333,-0.430000,0.059904,0.005615,0.005615,0
32.686111,-0.470000,0.030954,0.012695,0.012695,0
32.688889,-0.500000,-0.088697,0.021729,0.021729,0
32.691667,-0.525000,-0.240000,0.032227,0.032227,0
32.694444,-0.580000,-0.367721,0.042480,0.042480,0
32.697222,-0.600000,-0.354907,0.051758,0.051758,0
32.700000,-0.560000,-0.200000,0.059082,0.059082,0
32.702778,-0.445000,0.029907,0.064453,0.064453,0
32.705556,-0.305000,0.202721,0.068604,0.068604,0
32.708333,-0.160000,0.275000,0.072266,0.072266,0
32.711111,-0.005000,0.303697,0.076416,0.076416,0
32.713889,0.230000,0.449046,0.081787,0.081787,0
32.716667,0.535000,0.765096,0.088623,0.088623,0
32.719444,0.795000,1.128953,0.095947,0.095947,0
32.722222,0.985000,1.441418,0.102783,0.102783,0
32.725000,1.050000,1.560000,0.108154,0.108154,0
32.727778,0.975000,1.431418,0.111572,0.111572,0
32.730556,0.715000,1.048953,0.112549,0.112549,0
32.733333,0.270000,0.500096,0.110840,0.110840,0
32.736111,-0.145000,0.074046,0.106934,0.106934,0
32.738889,-0.410000,-0.101303,0.101562,0.101562,0
32.741667,-0.520000,-0.085000,0.095947,0.095947,0
32.744444,-0.500000,0.007721,0.091064,0.091064,0
32.747222,-0.435000,0.039907,0.088379,0.088379,0
32.750000,-0.390000,-0.030000,0.089111,0.089111,0
32.752778,-0.390000,-0.144907,0.093262,0.093262,0
32.755556,-0.400000,-0.187721,0.099365,0.099365,0
32.758333,-0.410000,-0.125000,0.105957,0.105957,0
32.761111,-0.420000,-0.008697,0.110352,0.110352,0
32.763889,-0.415000,0.085954,0.110107,0.110107,0
32.766667,-0.405000,0.084904,0.104248,0.104248,0
32.769444,-0.410000,-0.023953,0.092285,0.092285,0
32.772222,-0.415000,-0.151418,0.075439,0.075439,0
32.775000,-0.420000,-0.210000,0.056152,0.056152,0
32.777778,-0.435000,-0.171418,0.036621,0.036621,0
32.780556,-0.435000,-0.048953,0.020020,0.020020,0
32.783333,-0.425000,0.064904,0.008057,0.008057,0
32.786111,-0.420000,0.080954,0.001221,0.001221,0
32.788889,-0.425000,-0.013697,-0.001465,-0.001465,0
32.791667,-0.430000,-0.145000,-0.001709,-0.001709,0
32.794444,-0.435000,-0.222721,-0.002441,-0.002441,0
32.797222,-0.430000,-0.184907,-0.005127,-0.005127,0
32.800000,-0.425000,-0.065000,-0.010498,-0.010498,0
32.802778,-0.410000,0.064907,-0.017822,-0.017822,0
32.805556,-0.415000,0.092721,-0.024170,-0.024170,0
32.808333,-0.420000,0.015000,-0.027588,-0.027588,0
32.811111,-0.430000,-0.121303,-0.026855,-0.026855,0
32.813889,-0.435000,-0.215954,-0.022217,-0.022217,0
32.816667,-0.430000,-0.199904,-0.016357,-0.016357,0
32.819444,-0.425000,-0.091047,-0.012695,-0.012695,0
32.822222,-0.430000,0.026418,-0.013916,-0.013916,0
32.825000,-0.440000,0.070000,-0.020508,-0.020508,0
32.827778,-0.440000,0.016418,-0.030273,-0.030273,0
32.830556,-0.440000,-0.106047,-0.038818,-0.038818,0
32.833333,-0.430000,-0.199904,-0.042236,-0.042236,0
32.836111,-0.420000,-0.200954,-0.038330,-0.038330,0
32.838889,-0.425000,-0.116303,-0.027832,-0.027832,0
32.841667,-0.425000,0.010000,-0.015381,-0.015381,0
32.844444,-0.435000,0.072721,-0.006836,-0.006836,0
32.847222,-0.430000,0.044907,-0.007812,-0.007812,0
32.850000,-0.435000,-0.075000,-0.020752,-0.020752,0
32.852778,-0.430000,-0.184907,-0.043945,-0.043945,0
32.855556,-0.425000,-0.212721,-0.072998,-0.072998,0
32.858333,-0.430000,-0.145000,-0.102295,-0.102295,0
32.861111,-0.435000,-0.023697,-0.127930,-0.127930,0
32.863889,-0.425000,0.075954,-0.148926,-0.148926,0
32.866667,-0.420000,0.069904,-0.167480,-0.167480,0
32.869444,-0.420000,-0.033953,-0.185547,-0.185547,0
32.872222,-0.420000,-0.156418,-0.201660,-0.201660,0
32.875000,-0.420000,-0.210000,-0.207031,-0.207031,0
32.877778,-0.440000,-0.176418,-0.185059,-0.185059,0
32.880556,-0.435000,-0.048953,-0.114990,-0.114990,0
32.883333,-0.430000,0.059904,0.021484,0.021484,0
32.886111,-0.425000,0.075954,0.230469,0.230469,0
32.888889,-0.435000,-0.023697,0.500488,0.500488,0
32.891667,-0.440000,-0.155000,0.797607,0.797607,0
32.894444,-0.445000,-0.232721,1.073242,1.073242,0
32.897222,-0.435000,-0.189907,1.272461,1.272461,0
32.900000,-0.435000,-0.075000,1.350830,1.350830,1
32.902778,-0.425000,0.049907,1.286865,1.286865,0
32.905556,-0.425000,0.082721,1.090088,1.090088,0
32.908333,-0.435000,0.000000,0.799072,0.799072,0
32.911111,-0.445000,-0.136303,0.472412,0.472412,0
32.913889,-0.435000,-0.215954,0.172119,0.172119,0
32.916667,-0.445000,-0.214904,-0.052734,-0.052734,0
32.919444,-0.420000,-0.086047,-0.177490,-0.177490,0
32.922222,-0.425000,0.031418,-0.206787,-0.206787,0
32.925000,-0.430000,0.080000,-0.166992,-0.166992,0
32.927778,-0.440000,0.016418,-0.096924,-0.096924,0
32.930556,-0.435000,-0.101047,-0.032959,-0.032959,0
32.933333,-0.420000,-0.189904,0.001221,0.001221,0
32.936111,-0.420000,-0.200954,-0.000977,-0.000977,0
32.938889,-0.420000,-0.111303,-0.030029,-0.030029,0
32.941667,-0.415000,0.020000,-0.068359,-0.068359,0
32.944444,-0.430000,0.077721,-0.098145,-0.098145,0
32.947222,-0.430000,0.044907,-0.109131,-0.109131,0
32.950000,-0.430000,-0.070000,-0.100586,-0.100586,0
32.952778,-0.415000,-0.169907,-0.080322,-0.080322,0
32.955556,-0.425000,-0.212721,-0.060059,-0.060059,0
32.958333,-0.435000,-0.150000,-0.049316,-0.049316,0
32.961111,-0.450000,-0.038697,-0.051758,-0.051758,0
32.963889,-0.445000,0.055954,-0.064697,-0.064697,0
32.966667,-0.440000,0.049904,-0.080566,-0.080566,0
32.969444,-0.435000,-0.048953,-0.091309,-0.091309,0
32.972222,-0.440000,-0.176418,-0.092285,-0.092285,0
32.975000,-0.435000,-0.225000,-0.083252,-0.083252,0
32.977778,-0.445000,-0.181418,-0.068604,-0.068604,0
32.980556,-0.440000,-0.053953,-0.055420,-0.055420,0
32.983333,-0.440000,0.049904,-0.048584,-0.048584,0
32.986111,-0.425000,0.075954,-0.050781,-0.050781,0
32.988889,-0.425000,-0.013697,-0.060303,-0.060303,0
32.991667,-0.425000,-0.140000,-0.072266,-0.072266,0
32.994444,-0.430000,-0.217721,-0.081787,-0.081787,0
32.997222,-0.435000,-0.189907,-0.085693,-0.085693,0
33.000000,-0.410000,-0.050000,-0.083252,-0.083252,0
33.002778,-0.395000,0.079907,-0.076172,-0.076172,0
33.005556,-0.395000,0.112721,-0.067871,-0.067871,0
33.008333,-0.390000,0.045000,-0.061523,-0.061523,0
33.011111,-0.385000,-0.076303,-0.058838,-0.058838,0
33.013889,-0.390000,-0.170954,-0.059814,-0.059814,0
33.016667,-0.380000,-0.149904,-0.062988,-0.062988,0
33.019444,-0.355000,-0.021047,-0.066650,-0.066650,0
33.022222,-0.340000,0.116418,-0.068848,-0.068848,0
33.025000,-0.350000,0.160000,-0.069092,-0.069092,0
33.027778,-0.345000,0.111418,-0.067383,-0.067383,0
33.030556,-0.340000,-0.006047,-0.064697,-0.064697,0
33.033333,-0.320000,-0.089904,-0.061279,-0.061279,0
33.036111,-0.310000,-0.090954,-0.058594,-0.058594,0
33.038889,-0.300000,0.008697,-0.056641,-0.056641,0
33.041667,-0.305000,0.130000,-0.055420,-0.055420,0
33.044444,-0.330000,0.177721,-0.055176,-0.055176,0
33.047222,-0.325000,0.149907,-0.055420,-0.055420,0
33.050000,-0.320000,0.040000,-0.056396,-0.056396,0
33.052778,-0.320000,-0.074907,-0.057617,-0.057617,0
33.055556,-0.305000,-0.092721,-0.059570,-0.059570,0
33.058333,-0.325000,-0.040000,-0.061768,-0.061768,0
33.061111,-0.325000,0.086303,-0.064209,-0.064209,0
33.063889,-0.315000,0.185954,-0.066162,-0.066162,0
33.066667,-0.320000,0.169904,-0.067139,-0.067139,0
33.069444,-0.315000,0.071047,-0.066895,-0.066895,0
33.072222,-0.315000,-0.051418,-0.065674,-0.065674,0
33.075000,-0.320000,-0.110000,-0.063965,-0.063965,0
33.077778,-0.330000,-0.066418,-0.062256,-0.062256,0
33.080556,-0.325000,0.061047,-0.061279,-0.061279,0
33.083333,-0.320000,0.169904,-0.061035,-0.061035,0
33.086111,-0.315000,0.185954,-0.061768,-0.061768,0
33.088889,-0.310000,0.101303,-0.062500,-0.062500,0
33.091667,-0.315000,-0.030000,-0.062988,-0.062988,0
33.094444,-0.330000,-0.117721,-0.062500,-0.062500,0
33.097222,-0.320000,-0.074907,-0.061523,-0.061523,0
33.100000,-0.330000,0.030000,-0.060059,-0.060059,0
33.102778,-0.320000,0.154907,-0.058350,-0.058350,0
33.105556,-0.320000,0.187721,-0.056641,-0.056641,0
33.108333,-0.340000,0.095000,-0.055420,-0.055420,0
33.111111,-0.350000,-0.041303,-0.053955,-0.053955,0
33.113889,-0.345000,-0.125954,-0.052734,-0.052734,0
33.116667,-0.335000,-0.104904,-0.051514,-0.051514,0
33.119444,-0.335000,-0.001047,-0.051270,-0.051270,0
33.122222,-0.340000,0.116418,-0.051758,-0.051758,0
33.125000,-0.335000,0.175000,-0.053711,-0.053711,0
33.127778,-0.345000,0.111418,-0.056641,-0.056641,0
33.130556,-0.360000,-0.026047,-0.060303,-0.060303,0
33.133333,-0.345000,-0.114904,-0.064209,-0.064209,0
33.136111,-0.335000,-0.115954,-0.067871,-0.067871,0
33.138889,-0.345000,-0.036303,-0.071045,-0.071045,0
33.141667,-0.355000,0.080000,-0.072998,-0.072998,0
33.144444,-0.370000,0.137721,-0.073975,-0.073975,0
33.147222,-0.360000,0.114907,-0.073975,-0.073975,0
33.150000,-0.355000,0.005000,-0.072754,-0.072754,0
33.152778,-0.345000,-0.099907,-0.071289,-0.071289,0
33.155556,-0.355000,-0.142721,-0.069336,-0.069336,0
33.158333,-0.355000,-0.070000,-0.067871,-0.067871,0
33.161111,-0.365000,0.046303,-0.066895,-0.066895,0
33.163889,-0.355000,0.145954,-0.065918,-0.065918,0
33.166667,-0.355000,0.134904,-0.064453,-0.064453,0
33.169444,-0.350000,0.036047,-0.061523,-0.061523,0
33.172222,-0.355000,-0.091418,-0.057129,-0.057129,0
33.175000,-0.360000,-0.150000,-0.051025,-0.051025,0
33.177778,-0.380000,-0.116418,-0.043945,-0.043945,0
33.180556,-0.370000,0.016047,-0.036621,-0.036621,0
33.183333,-0.365000,0.124904,-0.029785,-0.029785,0
33.186111,-0.360000,0.140954,-0.023438,-0.023438,0
33.188889,-0.365000,0.046303,-0.017822,-0.017822,0
33.191667,-0.380000,-0.095000,-0.012207,-0.012207,0
33.194444,-0.380000,-0.167721,-0.005615,-0.005615,0
33.197222,-0.385000,-0.139907,0.002197,0.002197,0
33.200000,-0.370000,-0.010000,0.010986,0.010986,0
33.202778,-0.365000,0.109907,0.020752,0.020752,0
33.205556,-0.360000,0.147721,0.030029,0.030029,0
33.208333,-0.365000,0.070000,0.038330,0.038330,0
33.211111,-0.375000,-0.066303,0.044434,0.044434,0
33.213889,-0.375000,-0.155954,0.047852,0.047852,0
33.216667,-0.370000,-0.139904,0.048828,0.048828,0
33.219444,-0.360000,-0.026047,0.047363,0.047363,0
33.222222,-0.355000,0.101418,0.044678,0.044678,0
33.225000,-0.365000,0.145000,0.041748,0.041748,0
33.227778,-0.370000,0.086418,0.039551,0.039551,0
33.230556,-0.370000,-0.036047,0.038818,0.038818,0
33.233333,-0.360000,-0.129904,0.039551,0.039551,0
33.236111,-0.355000,-0.135954,0.041260,0.041260,0
33.238889,-0.350000,-0.041303,0.042480,0.042480,0
33.241667,-0.355000,0.080000,0.042969,0.042969,0
33.244444,-0.375000,0.132721,0.041992,0.041992,0
33.247222,-0.355000,0.119907,0.040039,0.040039,0
33.250000,-0.355000,0.005000,0.038086,0.038086,0
33.252778,-0.340000,-0.094907,0.036621,0.036621,0
33.255556,-0.340000,-0.127721,0.036377,0.036377,0
33.258333,-0.355000,-0.070000,0.037354,0.037354,0
33.261111,-0.365000,0.046303,0.038818,0.038818,0
33.263889,-0.365000,0.135954,0.040283,0.040283,0
33.266667,-0.350000,0.139904,0.041260,0.041260,0
33.269444,-0.350000,0.036047,0.040771,0.040771,0
33.272222,-0.350000,-0.086418,0.039062,0.039062,0
33.275000,-0.355000,-0.145000,0.036133,0.036133,0
33.277778,-0.365000,-0.101418,0.031982,0.031982,0
33.280556,-0.370000,0.016047,0.027588,0.027588,0
33.283333,-0.350000,0.139904,0.023438,0.023438,0
33.286111,-0.345000,0.155954,0.020020,0.020020,0
33.288889,-0.345000,0.066303,0.017822,0.017822,0
33.291667,-0.350000,-0.065000,0.016846,0.016846,0
33.294444,-0.360000,-0.147721,0.017090,0.017090,0
33.297222,-0.350000,-0.104907,0.017334,0.017334,0
33.300000,-0.325000,0.035000,0.017578,0.017578,0
33.302778,-0.320000,0.154907,0.017090,0.017090,0
33.305556,-0.295000,0.212721,0.015381,0.015381,0
33.308333,-0.295000,0.140000,0.012695,0.012695,0
33.311111,-0.310000,-0.001303,0.009766,0.009766,0
33.313889,-0.285000,-0.065954,0.006836,0.006836,0
33.316667,-0.280000,-0.049904,0.004395,0.004395,0
33.319444,-0.265000,0.068953,0.002686,0.002686,0
33.322222,-0.250000,0.206418,0.001465,0.001465,0
33.325000,-0.260000,0.250000,0.000977,0.000977,0
33.327778,-0.265000,0.191418,0.000977,0.000977,0
33.330556,-0.255000,0.078953,0.001465,0.001465,0
33.333333,-0.240000,-0.009904,0.002197,0.002197,0
33.336111,-0.225000,-0.005954,0.002686,0.002686,0
33.338889,-0.230000,0.078697,0.002930,0.002930,0
33.341667,-0.245000,0.190000,0.002441,0.002441,0
33.344444,-0.265000,0.242721,0.000977,0.000977,0
33.347222,-0.265000,0.209907,-0.000732,-0.000732,0
33.350000,-0.265000,0.095000,-0.002930,-0.002930,0
33.352778,-0.270000,-0.024907,-0.005371,-0.005371,0
33.355556,-0.255000,-0.042721,-0.007812,-0.007812,0
33.358333,-0.260000,0.025000,-0.010254,-0.010254,0
33.361111,-0.275000,0.136303,-0.012695,-0.012695,0
33.363889,-0.285000,0.215954,-0.014893,-0.014893,0
33.366667,-0.275000,0.214904,-0.016357,-0.016357,0
33.369444,-0.260000,0.126047,-0.017334,-0.017334,0
33.372222,-0.225000,0.038582,-0.017090,-0.017090,0
33.375000,-0.230000,-0.020000,-0.016113,-0.016113,0
33.377778,-0.250000,0.013582,-0.014648,-0.014648,0
33.380556,-0.285000,0.101047,-0.012939,-0.012939,0
33.383333,-0.300000,0.189904,-0.011963,-0.011963,0
33.386111,-0.285000,0.215954,-0.011230,-0.011230,0
33.388889,-0.300000,0.111303,-0.010742,-0.010742,0
33.391667,-0.325000,-0.040000,-0.010498,-0.010498,0
33.394444,-0.345000,-0.132721,-0.010010,-0.010010,0
33.397222,-0.345000,-0.099907,-0.009033,-0.009033,0
33.400000,-0.335000,0.025000,-0.008057,-0.008057,0
33.402778,-0.325000,0.149907,-0.007324,-0.007324,0
33.405556,-0.320000,0.187721,-0.006836,-0.006836,0
33.408333,-0.330000,0.105000,-0.006348,-0.006348,0
33.411111,-0.350000,-0.041303,-0.005615,-0.005615,0
33.413889,-0.355000,-0.135954,-0.004639,-0.004639,0
33.416667,-0.360000,-0.129904,-0.003174,-0.003174,0
33.419444,-0.355000,-0.021047,-0.001221,-0.001221,0
33.422222,-0.360000,0.096418,0.000732,0.000732,0
33.425000,-0.365000,0.145000,0.002197,0.002197,0
33.427778,-0.375000,0.081418,0.003174,0.003174,0
33.430556,-0.380000,-0.046047,0.003174,0.003174,0
33.433333,-0.375000,-0.144904,0.002686,0.002686,0
33.436111,-0.370000,-0.150954,0.001709,0.001709,0
33.438889,-0.370000,-0.061303,0.000244,0.000244,0
33.441667,-0.370000,0.065000,-0.001221,-0.001221,0
33.444444,-0.395000,0.112721,-0.002441,-0.002441,0
33.447222,-0.395000,0.079907,-0.002930,-0.002930,0
33.450000,-0.385000,-0.025000,-0.003174,-0.003174,0
33.452778,-0.390000,-0.144907,-0.002686,-0.002686,0
33.455556,-0.390000,-0.177721,-0.002197,-0.002197,0
33.458333,-0.380000,-0.095000,-0.002197,-0.002197,0
33.461111,-0.390000,0.021303,-0.001953,-0.001953,0
33.463889,-0.380000,0.120954,-0.001709,-0.001709,0
33.466667,-0.385000,0.104904,0.000000,0.000000,0
33.469444,-0.370000,0.016047,0.003418,0.003418,0
33.472222,-0.380000,-0.116418,0.009277,0.009277,0
33.475000,-0.400000,-0.190000,0.017334,0.017334,0
33.477778,-0.425000,-0.161418,0.026855,0.026855,0
33.480556,-0.460000,-0.073953,0.037109,0.037109,0
33.483333,-0.500000,-0.010096,0.047119,0.047119,0
33.486111,-0.505000,-0.004046,0.056152,0.056152,0
33.488889,-0.540000,-0.128697,0.064209,0.064209,0
33.491667,-0.595000,-0.310000,0.071289,0.071289,0
33.494444,-0.615000,-0.402721,0.078125,0.078125,0
33.497222,-0.535000,-0.289907,0.084961,0.084961,0
33.500000,-0.390000,-0.030000,0.091553,0.091553,0
33.502778,-0.225000,0.249907,0.097656,0.097656,0
33.505556,-0.025000,0.482721,0.103027,0.103027,0
33.508333,0.235000,0.670000,0.107178,0.107178,0
33.511111,0.510000,0.818697,0.109619,0.109619,0
33.513889,0.745000,0.964046,0.110107,0.110107,0
33.516667,0.850000,1.080096,0.108154,0.108154,0
33.519444,0.760000,1.093953,0.104004,0.104004,0
33.522222,0.450000,0.906418,0.097656,0.097656,0
33.525000,0.020000,0.530000,0.090332,0.090332,0
33.527778,-0.350000,0.106418,0.083008,0.083008,0
33.530556,-0.530000,-0.196047,0.077637,0.077637,0
33.533333,-0.525000,-0.294904,0.075195,0.075195,0
33.536111,-0.460000,-0.240954,0.076172,0.076172,0
33.538889,-0.415000,-0.106303,0.080566,0.080566,0
33.541667,-0.395000,0.040000,0.086914,0.086914,0
33.544444,-0.415000,0.092721,0.093750,0.093750,0
33.547222,-0.415000,0.059907,0.099365,0.099365,0
33.550000,-0.410000,-0.050000,0.101562,0.101562,0
33.552778,-0.390000,-0.144907,0.099121,0.099121,0
33.555556,-0.385000,-0.172721,0.091309,0.091309,0
33.558333,-0.400000,-0.115000,0.078125,0.078125,0
33.561111,-0.425000,-0.013697,0.061279,0.061279,0
33.563889,-0.425000,0.075954,0.043457,0.043457,0
33.566667,-0.415000,0.074904,0.027344,0.027344,0
33.569444,-0.415000,-0.028953,0.016113,0.016113,0
33.572222,-0.405000,-0.141418,0.010498,0.010498,0
33.575000,-0.425000,-0.215000,0.010742,0.010742,0
33.577778,-0.425000,-0.161418,0.014893,0.014893,0
33.580556,-0.420000,-0.033953,0.019775,0.019775,0
33.583333,-0.420000,0.069904,0.021729,0.021729,0
33.586111,-0.420000,0.080954,0.018555,0.018555,0
33.588889,-0.410000,0.001303,0.010010,0.010010,0
33.591667,-0.420000,-0.135000,-0.002197,-0.002197,0
33.594444,-0.425000,-0.212721,-0.014893,-0.014893,0
33.597222,-0.425000,-0.179907,-0.024170,-0.024170,0
33.600000,-0.410000,-0.050000,-0.027588,-0.027588,0
33.602778,-0.400000,0.074907,-0.025146,-0.025146,0
33.605556,-0.395000,0.112721,-0.019287,-0.019287,0
33.608333,-0.400000,0.035000,-0.013916,-0.013916,0
33.611111,-0.410000,-0.101303,-0.012939,-0.012939,0
33.613889,-0.415000,-0.195954,-0.018066,-0.018066,0
33.616667,-0.405000,-0.174904,-0.029053,-0.029053,0
33.619444,-0.395000,-0.061047,-0.041748,-0.041748,0
33.622222,-0.385000,0.071418,-0.051758,-0.051758,0
33.625000,-0.405000,0.105000,-0.054688,-0.054688,0
33.627778,-0.410000,0.046418,-0.049072,-0.049072,0
33.630556,-0.400000,-0.066047,-0.037354,-0.037354,0
33.633333,-0.405000,-0.174904,-0.024414,-0.024414,0
33.636111,-0.390000,-0.170954,-0.017090,-0.017090,0
33.638889,-0.390000,-0.081303,-0.018799,-0.018799,0
33.641667,-0.390000,0.045000,-0.030029,-0.030029,0
33.644444,-0.400000,0.107721,-0.045898,-0.045898,0
33.647222,-0.405000,0.069907,-0.060059,-0.060059,0
33.650000,-0.395000,-0.035000,-0.068359,-0.068359,0
33.652778,-0.400000,-0.154907,-0.071045,-0.071045,0
33.655556,-0.400000,-0.187721,-0.074463,-0.074463,0
33.658333,-0.400000,-0.115000,-0.088623,-0.088623,0
33.661111,-0.420000,-0.008697,-0.121582,-0.121582,0
33.663889,-0.415000,0.085954,-0.173584,-0.173584,0
33.666667,-0.400000,0.089904,-0.232178,-0.232178,0
33.669444,-0.395000,-0.008953,-0.272217,-0.272217,0
33.672222,-0.400000,-0.136418,-0.262939,-0.262939,0
33.675000,-0.410000,-0.200000,-0.177246,-0.177246,0
33.677778,-0.410000,-0.146418,-0.003174,-0.003174,0
33.680556,-0.400000,-0.013953,0.247803,0.247803,0
33.683333,-0.400000,0.089904,0.538818,0.538818,0
33.686111,-0.385000,0.115954,0.815430,0.815430,0
33.688889,-0.395000,0.016303,1.018311,1.018311,0
33.691667,-0.405000,-0.120000,1.101074,1.101074,1
33.694444,-0.415000,-0.202721,1.043945,1.043945,0
33.697222,-0.410000,-0.164907,0.859863,0.859863,0
33.700000,-0.405000,-0.045000,0.591309,0.591309,0
33.702778,-0.385000,0.089907,0.298584,0.298584,0
33.705556,-0.390000,0.117721,0.041992,0.041992,0
33.708333,-0.395000,0.040000,-0.134277,-0.134277,0
33.711111,-0.405000,-0.096303,-0.212891,-0.212891,0
33.713889,-0.390000,-0.170954,-0.205322,-0.205322,0
33.716667,-0.385000,-0.154904,-0.142822,-0.142822,0
33.719444,-0.390000,-0.056047,-0.064941,-0.064941,0
33.722222,-0.395000,0.061418,-0.005371,-0.005371,0
33.725000,-0.410000,0.100000,0.017578,0.017578,0
33.727778,-0.415000,0.041418,0.004150,0.004150,0
33.730556,-0.420000,-0.086047,-0.031494,-0.031494,0
33.733333,-0.405000,-0.174904,-0.069824,-0.069824,0
33.736111,-0.395000,-0.175954,-0.094238,-0.094238,0
33.738889,-0.400000,-0.091303,-0.097412,-0.097412,0
33.741667,-0.415000,0.020000,-0.082764,-0.082764,0
33.744444,-0.430000,0.077721,-0.060303,-0.060303,0
33.747222,-0.430000,0.044907,-0.041748,-0.041748,0
33.750000,-0.420000,-0.060000,-0.034912,-0.034912,0
33.752778,-0.410000,-0.164907,-0.041504,-0.041504,0
33.755556,-0.420000,-0.207721,-0.056885,-0.056885,0
33.758333,-0.435000,-0.150000,-0.072998,-0.072998,0
33.761111,-0.425000,-0.013697,-0.083008,-0.083008,0
33.763889,-0.430000,0.070954,-0.082764,-0.082764,0
33.766667,-0.425000,0.064904,-0.073242,-0.073242,0
33.769444,-0.415000,-0.028953,-0.059326,-0.059326,0
33.772222,-0.415000,-0.151418,-0.046631,-0.046631,0
33.775000,-0.425000,-0.215000,-0.039307,-0.039307,0
33.777778,-0.425000,-0.161418,-0.038818,-0.038818,0
33.780556,-0.420000,-0.033953,-0.043213,-0.043213,0
33.783333,-0.405000,0.084904,-0.048828,-0.048828,0
33.786111,-0.395000,0.105954,-0.052246,-0.052246,0
33.788889,-0.400000,0.011303,-0.051514,-0.051514,0
33.791667,-0.405000,-0.120000,-0.046875,-0.046875,0
33.794444,-0.425000,-0.212721,-0.040283,-0.040283,0
33.797222,-0.410000,-0.164907,-0.034668,-0.034668,0
33.800000,-0.395000,-0.035000,-0.031738,-0.031738,0
33.802778,-0.390000,0.084907,-0.031982,-0.031982,0
33.805556,-0.385000,0.122721,-0.034424,-0.034424,0
33.808333,-0.380000,0.055000,-0.037109,-0.037109,0
33.811111,-0.375000,-0.066303,-0.038330,-0.038330,0
33.813889,-0.370000,-0.150954,-0.037109,-0.037109,0
33.816667,-0.355000,-0.124904,-0.033936,-0.033936,0
33.819444,-0.350000,-0.016047,-0.031006,-0.031006,0
33.822222,-0.345000,0.111418,-0.029053,-0.029053,0
33.825000,-0.350000,0.160000,-0.029785,-0.029785,0
33.827778,-0.360000,0.096418,-0.032471,-0.032471,0
33.830556,-0.350000,-0.016047,-0.036377,-0.036377,0
33.833333,-0.330000,-0.099904,-0.040039,-0.040039,0
33.836111,-0.330000,-0.110954,-0.042480,-0.042480,0
33.838889,-0.315000,-0.006303,-0.043457,-0.043457,0
33.841667,-0.340000,0.095000,-0.042725,-0.042725,0
33.844444,-0.355000,0.152721,-0.041016,-0.041016,0
33.847222,-0.345000,0.129907,-0.038574,-0.038574,0
33.850000,-0.330000,0.030000,-0.035889,-0.035889,0
33.852778,-0.325000,-0.079907,-0.033447,-0.033447,0
33.855556,-0.325000,-0.112721,-0.031982,-0.031982,0
33.858333,-0.325000,-0.040000,-0.031494,-0.031494,0
33.861111,-0.345000,0.066303,-0.032471,-0.032471,0
33.863889,-0.340000,0.160954,-0.034180,-0.034180,0
33.866667,-0.325000,0.164904,-0.036133,-0.036133,0
33.869444,-0.325000,0.061047,-0.037354,-0.037354,0
33.872222,-0.325000,-0.061418,-0.037109,-0.037109,0
33.875000,-0.340000,-0.130000,-0.035400,-0.035400,0
33.877778,-0.365000,-0.101418,-0.031982,-0.031982,0
33.880556,-0.350000,0.036047,-0.028076,-0.028076,0
33.883333,-0.350000,0.139904,-0.024414,-0.024414,0
33.886111,-0.355000,0.145954,-0.022217,-0.022217,0
33.888889,-0.365000,0.046303,-0.021973,-0.021973,0
33.891667,-0.380000,-0.095000,-0.023682,-0.023682,0
33.894444,-0.380000,-0.167721,-0.026855,-0.026855,0
33.897222,-0.375000,-0.129907,-0.030762,-0.030762,0
33.900000,-0.360000,-0.000000,-0.034424,-0.034424,0
33.902778,-0.350000,0.124907,-0.037354,-0.037354,0
33.905556,-0.355000,0.152721,-0.039307,-0.039307,0
33.908333,-0.375000,0.060000,-0.040771,-0.040771,0
33.911111,-0.380000,-0.071303,-0.041992,-0.041992,0
33.913889,-0.365000,-0.145954,-0.043213,-0.043213,0
33.916667,-0.375000,-0.144904,-0.044922,-0.044922,0
33.919444,-0.360000,-0.026047,-0.047363,-0.047363,0
33.922222,-0.365000,0.091418,-0.050537,-0.050537,0
33.925000,-0.370000,0.140000,-0.053711,-0.053711,0
33.927778,-0.370000,0.086418,-0.056152,-0.056152,0
33.930556,-0.375000,-0.041047,-0.058105,-0.058105,0
33.933333,-0.365000,-0.134904,-0.058838,-0.058838,0
33.936111,-0.360000,-0.140954,-0.059082,-0.059082,0
33.938889,-0.360000,-0.051303,-0.059082,-0.059082,0
33.941667,-0.375000,0.060000,-0.058838,-0.058838,0
33.944444,-0.370000,0.137721,-0.058350,-0.058350,0
33.947222,-0.380000,0.094907,-0.057129,-0.057129,0
33.950000,-0.380000,-0.020000,-0.054932,-0.054932,0
33.952778,-0.380000,-0.134907,-0.051758,-0.051758,0
33.955556,-0.375000,-0.162721,-0.048340,-0.048340,0
33.958333,-0.405000,-0.120000,-0.045166,-0.045166,0
33.961111,-0.400000,0.011303,-0.042969,-0.042969,0
33.963889,-0.395000,0.105954,-0.041992,-0.041992,0
33.966667,-0.385000,0.104904,-0.041992,-0.041992,0
33.969444,-0.370000,0.016047,-0.042236,-0.042236,0
33.972222,-0.380000,-0.116418,-0.041504,-0.041504,0
33.975000,-0.385000,-0.175000,-0.038818,-0.038818,0
33.977778,-0.405000,-0.141418,-0.033936,-0.033936,0
33.980556,-0.405000,-0.018953,-0.027344,-0.027344,0
33.983333,-0.395000,0.094904,-0.019287,-0.019287,0
33.986111,-0.400000,0.100954,-0.011475,-0.011475,0
33.988889,-0.405000,0.006303,-0.004150,-0.004150,0
33.991667,-0.410000,-0.125000,0.001953,0.001953,0
33.994444,-0.405000,-0.192721,0.006836,0.006836,0
33.997222,-0.405000,-0.159907,0.010742,0.010742,0
34.000000,-0.400000,-0.040000,0.013916,0.013916,0
34.002778,-0.390000,0.084907,0.016602,0.016602,0
34.005556,-0.385000,0.122721,0.019531,0.019531,0
34.008333,-0.395000,0.040000,0.022217,0.022217,0
34.011111,-0.410000,-0.101303,0.024658,0.024658,0
34.013889,-0.415000,-0.195954,0.026855,0.026855,0
34.016667,-0.400000,-0.169904,0.028320,0.028320,0
34.019444,-0.400000,-0.066047,0.028809,0.028809,0
34.022222,-0.390000,0.066418,0.028320,0.028320,0
34.025000,-0.395000,0.115000,0.027588,0.027588,0
34.027778,-0.415000,0.041418,0.027100,0.027100,0
34.030556,-0.400000,-0.066047,0.027344,0.027344,0
34.033333,-0.400000,-0.169904,0.028809,0.028809,0
34.036111,-0.400000,-0.180954,0.030762,0.030762,0
34.038889,-0.400000,-0.091303,0.032715,0.032715,0
34.041667,-0.400000,0.035000,0.033691,0.033691,0
34.044444,-0.420000,0.087721,0.032715,0.032715,0
34.047222,-0.410000,0.064907,0.030029,0.030029,0
34.050000,-0.415000,-0.055000,0.025391,0.025391,0
34.052778,-0.405000,-0.159907,0.019531,0.019531,0
34.055556,-0.385000,-0.172721,0.012939,0.012939,0
34.058333,-0.390000,-0.105000,0.006348,0.006348,0
34.061111,-0.395000,0.016303,0.000488,0.000488,0
34.063889,-0.390000,0.110954,-0.004150,-0.004150,0
34.066667,-0.375000,0.114904,-0.006836,-0.006836,0
34.069444,-0.375000,0.011047,-0.007812,-0.007812,0
34.072222,-0.380000,-0.116418,-0.007080,-0.007080,0
34.075000,-0.390000,-0.180000,-0.005371,-0.005371,0
34.077778,-0.395000,-0.131418,-0.003662,-0.003662,0
34.080556,-0.380000,0.006047,-0.002441,-0.002441,0
34.083333,-0.380000,0.109904,-0.002197,-0.002197,0
34.086111,-0.345000,0.155954,-0.002930,-0.002930,0
34.088889,-0.335000,0.076303,-0.004395,-0.004395,0
34.091667,-0.345000,-0.060000,-0.006104,-0.006104,0
34.094444,-0.335000,-0.122721,-0.007324,-0.007324,0
34.097222,-0.345000,-0.099907,-0.007812,-0.007812,0
34.100000,-0.325000,0.035000,-0.007568,-0.007568,0
34.102778,-0.320000,0.154907,-0.006592,-0.006592,0
34.105556,-0.320000,0.187721,-0.005127,-0.005127,0
34.108333,-0.335000,0.100000,-0.003662,-0.003662,0
34.111111,-0.345000,-0.036303,-0.002441,-0.002441,0
34.113889,-0.330000,-0.110954,-0.001953,-0.001953,0
34.116667,-0.310000,-0.079904,-0.002686,-0.002686,0
34.119444,-0.310000,0.023953,-0.005371,-0.005371,0
34.122222,-0.300000,0.156418,-0.009521,-0.009521,0
34.125000,-0.310000,0.200000,-0.015137,-0.015137,0
34.127778,-0.315000,0.141418,-0.020996,-0.020996,0
34.130556,-0.300000,0.033953,-0.025635,-0.025635,0
