$date
	Fri Oct  9 01:05:13 2026
$end
$version
	Icarus Verilog
$end
$timescale
	1ps
$end
$scope module tb_radar_demo $end
$var wire 1 ! timeout_error $end
$var wire 16 " target_pos2 [15:0] $end
$var wire 16 # target_pos1 [15:0] $end
$var wire 16 $ target_pos0 [15:0] $end
$var wire 16 % run_cycles [15:0] $end
$var wire 16 & result_count [15:0] $end
$var wire 19 ' last_threshold_full [18:0] $end
$var wire 16 ( last_threshold [15:0] $end
$var wire 16 ) frame_id [15:0] $end
$var wire 1 * done $end
$var wire 128 + detection_mask [127:0] $end
$var wire 8 , detection_count [7:0] $end
$var wire 1 - busy $end
$var wire 2 . active_scenario [1:0] $end
$var wire 2 / active_scale [1:0] $end
$var wire 1 0 active_gap $end
$var reg 1 1 clk $end
$var reg 128 2 expected_mask [127:0] $end
$var reg 1 3 gap_mode $end
$var reg 16 4 old_id [15:0] $end
$var reg 1 5 reset $end
$var reg 2 6 scale_shift [1:0] $end
$var reg 2 7 scenario [1:0] $end
$var reg 1 8 start $end
$var integer 32 9 cycles [31:0] $end
$var integer 32 : fd [31:0] $end
$var integer 32 ; g [31:0] $end
$var integer 32 < i [31:0] $end
$var integer 32 = j [31:0] $end
$var integer 32 > tests [31:0] $end
$scope module dut $end
$var wire 1 1 clk $end
$var wire 1 ? core_reset $end
$var wire 1 3 gap_mode $end
$var wire 1 5 reset $end
$var wire 2 @ scale_shift [1:0] $end
$var wire 2 A scenario [1:0] $end
$var wire 1 B send_sample $end
$var wire 1 8 start $end
$var wire 16 C threshold [15:0] $end
$var wire 1 D result_valid $end
$var wire 19 E full_threshold [18:0] $end
$var wire 1 F detected $end
$var wire 16 G cut_value [15:0] $end
$var wire 16 H cut_index [15:0] $end
$var wire 1 - busy $end
$var parameter 2 I CLEAR $end
$var parameter 2 J DRAIN $end
$var parameter 2 K FEED $end
$var parameter 2 L IDLE $end
$var reg 1 0 active_gap $end
$var reg 2 M active_scale [1:0] $end
$var reg 2 N active_scenario [1:0] $end
$var reg 8 O detection_count [7:0] $end
$var reg 128 P detection_mask [127:0] $end
$var reg 1 * done $end
$var reg 16 Q frame_id [15:0] $end
$var reg 2 R gap_count [1:0] $end
$var reg 16 S last_threshold [15:0] $end
$var reg 19 T last_threshold_full [18:0] $end
$var reg 16 U result_count [15:0] $end
$var reg 16 V run_cycles [15:0] $end
$var reg 7 W sample_index [6:0] $end
$var reg 16 X sample_value [15:0] $end
$var reg 1 Y start_d $end
$var reg 2 Z state [1:0] $end
$var reg 16 [ target_pos0 [15:0] $end
$var reg 16 \ target_pos1 [15:0] $end
$var reg 16 ] target_pos2 [15:0] $end
$var reg 1 ! timeout_error $end
$scope module u_core $end
$var wire 1 1 clk $end
$var wire 16 ^ data_in [15:0] $end
$var wire 1 B data_valid $end
$var wire 1 ? reset $end
$var wire 2 _ scale_shift [1:0] $end
$var wire 19 ` threshold_comb [18:0] $end
$var reg 16 a cut_index [15:0] $end
$var reg 16 b cut_s1 [15:0] $end
$var reg 16 c cut_s2 [15:0] $end
$var reg 16 d cut_value [15:0] $end
$var reg 5 e fill_count [4:0] $end
$var reg 16 f index_s1 [15:0] $end
$var reg 16 g index_s2 [15:0] $end
$var reg 16 h input_index [15:0] $end
$var reg 18 i p0 [17:0] $end
$var reg 18 j p1 [17:0] $end
$var reg 18 k p2 [17:0] $end
$var reg 18 l p3 [17:0] $end
$var reg 1 D result_valid $end
$var reg 2 m scale_s1 [1:0] $end
$var reg 2 n scale_s2 [1:0] $end
$var reg 20 o sum_s2 [19:0] $end
$var reg 1 F target_detected $end
$var reg 19 p threshold_full [18:0] $end
$var reg 16 q threshold_value [15:0] $end
$var reg 1 r valid_s1 $end
$var reg 1 s valid_s2 $end
$var integer 32 t i [31:0] $end
$upscope $end
$upscope $end
$scope task run_case $end
$var integer 32 u a [31:0] $end
$var integer 32 v count_expected [31:0] $end
$var integer 32 w gap [31:0] $end
$var integer 32 x sc [31:0] $end
$upscope $end
$upscope $end
$enddefinitions $end
$comment Show the parameter values. $end
$dumpall
b0 L
b10 K
b11 J
b1 I
$end
#0
$dumpvars
bx x
bx w
bx v
bx u
bx t
xs
xr
bx q
bx p
bx o
bx n
bx m
bx l
bx k
bx j
bx i
bx h
bx g
bx f
bx e
bx d
bx c
bx b
bx a
bx `
bx _
bx ^
bx ]
bx \
bx [
bx Z
xY
bx X
bx W
bx V
bx U
bx T
bx S
bx R
bx Q
bx P
bx O
bx N
bx M
bx H
bx G
xF
bx E
xD
bx C
xB
b0 A
b10 @
1?
b0 >
bx =
bx <
bx ;
bx :
bx 9
08
b0 7
b10 6
15
bx 4
03
bx 2
01
x0
bx /
bx .
x-
bx ,
bx +
x*
bx )
bx (
bx '
bx &
bx %
bx $
bx #
bx "
x!
$end
#10000
b1100100 X
b1100100 ^
0B
b0 H
b0 a
b0 G
b0 d
b0 E
b0 p
b0 C
b0 q
0F
0D
0s
0r
b0 o
b0 `
b0 n
b0 g
b0 c
b0 m
b0 f
b0 b
b0 l
b0 k
b0 j
b0 i
b0 h
b0 e
00
b10 /
b10 M
b10 _
b0 .
b0 N
b0 )
b0 Q
b0 %
b0 V
b0 '
b0 T
b0 (
b0 S
b0 +
b0 P
b1111111111111111 "
b1111111111111111 ]
b1111111111111111 #
b1111111111111111 \
b1111111111111111 $
b1111111111111111 [
b0 &
b0 U
b0 ,
b0 O
0!
0*
b0 R
b0 W
0Y
0-
b0 Z
b10101 t
11
#20000
01
#30000
b10101 t
11
#40000
01
#50000
b10101 t
11
#60000
01
#70000
b10101 t
11
#80000
0?
b0 w
b0 u
b0 x
b0 ;
b0 =
b0 <
05
01
#90000
11
#100000
b0 4
b0 6
b0 @
01
#110000
11
#120000
18
01
#130000
1?
1-
b1 Z
b1 )
b1 Q
b0 /
b0 M
b0 _
1Y
11
#140000
b0 9
08
01
#150000
1B
0?
b10 Z
b1 %
b1 V
0Y
b10101 t
11
#160000
b1 9
01
#170000
b1 h
b1 e
b1 W
b10 %
b10 V
b10101 t
11
#180000
b10 9
01
#190000
b10 W
b11 %
b11 V
b10 h
b10 e
b10101 t
11
#200000
b11 9
01
#210000
b11 h
b11 e
b11 W
b100 %
b100 V
b10101 t
11
#220000
b100 9
01
#230000
b100 W
b101 %
b101 V
b100 h
b100 e
b10101 t
11
#240000
b101 9
01
#250000
b101 h
b101 e
b101 W
b110 %
b110 V
b10101 t
11
#260000
b110 9
01
#270000
b110 W
b111 %
b111 V
b110 h
b110 e
b10101 t
11
#280000
b111 9
01
#290000
b111 h
b111 e
b111 W
b1000 %
b1000 V
b10101 t
11
#300000
b1000 9
01
#310000
b1000 W
b1001 %
b1001 V
b1000 h
b1000 e
b10101 t
11
#320000
b1001 9
01
#330000
b1001 h
b1001 e
b1001 W
b1010 %
b1010 V
b10101 t
11
#340000
b1010 9
01
#350000
b1010 W
b1011 %
b1011 V
b1010 h
b1010 e
b10101 t
11
#360000
b1011 9
01
#370000
b1011 h
b1011 e
b1011 W
b1100 %
b1100 V
b10101 t
11
#380000
b1100 9
01
#390000
b1100 W
b1101 %
b1101 V
b1100 h
b1100 e
b10101 t
11
#400000
b1101 9
01
#410000
b1101 h
b1101 e
b1101 W
b1110 %
b1110 V
b10101 t
11
#420000
b1110 9
01
#430000
b1110 W
b1111 %
b1111 V
b1110 h
b1110 e
b10101 t
11
#440000
b1111 9
01
#450000
b1111 h
b1111 e
b1111 W
b10000 %
b10000 V
b10101 t
11
#460000
b10000 9
01
#470000
b10000 W
b10001 %
b10001 V
b10000 h
b10000 e
b10101 t
11
#480000
b10001 9
01
#490000
b10001 h
b10001 e
b10001 W
b10010 %
b10010 V
b10101 t
11
#500000
b10010 9
01
#510000
b10010 W
b10011 %
b10011 V
b10010 h
b10010 e
b10101 t
11
#520000
b10011 9
01
#530000
b10011 h
b10011 e
b10011 W
b10100 %
b10100 V
b10101 t
11
#540000
b10100 9
01
#550000
b10100 W
b10101 %
b10101 V
b10100 h
b10100 e
b10101 t
11
#560000
b10101 9
01
#570000
b1010 f
b1100100 b
b110010000 l
b110010000 k
b110010000 j
b110010000 i
b10101 h
b10101 e
1r
b10101 W
b10110 %
b10110 V
b10101 t
11
#580000
b10110 9
01
#590000
b1100100 `
b10110 W
b10111 %
b10111 V
b1010 g
b1100100 c
b11001000000 o
1s
b1011 f
b10110 h
b10101 t
11
#600000
b10111 9
01
#610000
b1010 H
b1010 a
b1100100 G
b1100100 d
b1100100 C
b1100100 q
b1100100 E
b1100100 p
1D
b1011 g
b1100 f
b10111 h
b10111 W
b11000 %
b11000 V
b10101 t
11
#620000
b11000 9
01
#630000
b1100100 '
b1100100 T
b1100100 (
b1100100 S
b1 &
b1 U
b11000 W
b11001 %
b11001 V
b1011 H
b1011 a
b1100 g
b1101 f
b11000 h
b10101 t
11
#640000
b11001 9
01
#650000
b1100 H
b1100 a
b1101 g
b1110 f
b11001 h
b10 &
b10 U
b11001 W
b11010 %
b11010 V
b10101 t
11
#660000
b11010 9
01
#670000
b11 &
b11 U
b11010 W
b11011 %
b11011 V
b1101 H
b1101 a
b1110 g
b1111 f
b11010 h
b10101 t
11
#680000
b11011 9
01
#690000
b1110 H
b1110 a
b1111 g
b10000 f
b11011 h
b100 &
b100 U
b11011 W
b11100 %
b11100 V
b10101 t
11
#700000
b11100 9
01
#710000
b101 &
b101 U
b11100 W
b11101 %
b11101 V
b1111 H
b1111 a
b10000 g
b10001 f
b11100 h
b10101 t
11
#720000
b11101 9
01
#730000
b10000 H
b10000 a
b10001 g
b10010 f
b11101 h
b110 &
b110 U
b11101 W
b11110 %
b11110 V
b10101 t
11
#740000
b11110 9
01
#750000
b111 &
b111 U
b11110 W
b11111 %
b11111 V
b10001 H
b10001 a
b10010 g
b10011 f
b11110 h
b10101 t
11
#760000
b11111 9
01
#770000
b10010 H
b10010 a
b10011 g
b10100 f
b11111 h
b1000 &
b1000 U
b11111 W
b100000 %
b100000 V
b10101 t
11
#780000
b100000 9
01
#790000
b1001 &
b1001 U
b100000 W
b100001 %
b100001 V
b10011 H
b10011 a
b10100 g
b10101 f
b100000 h
b10101 t
11
#800000
b100001 9
01
#810000
b10100 H
b10100 a
b10101 g
b10110 f
b100001 h
b1010 &
b1010 U
b100001 W
b100010 %
b100010 V
b10101 t
11
#820000
b100010 9
01
#830000
b1011 &
b1011 U
b100010 W
b100011 %
b100011 V
b10101 H
b10101 a
b10110 g
b10111 f
b100010 h
b10101 t
11
#840000
b100011 9
01
#850000
b10110 H
b10110 a
b10111 g
b11000 f
b100011 h
b1100 &
b1100 U
b100011 W
b100100 %
b100100 V
b10101 t
11
#860000
b100100 9
01
#870000
b1101 &
b1101 U
b100100 W
b100101 %
b100101 V
b10111 H
b10111 a
b11000 g
b11001 f
b100100 h
b10101 t
11
#880000
b100101 9
01
#890000
b11000 H
b11000 a
b11001 g
b11010 f
b100101 h
b1110 &
b1110 U
b100101 W
b100110 %
b100110 V
b10101 t
11
#900000
b100110 9
01
#910000
b1111 &
b1111 U
b100110 W
b100111 %
b100111 V
b11001 H
b11001 a
b11010 g
b11011 f
b100110 h
b10101 t
11
#920000
b100111 9
01
#930000
b11010 H
b11010 a
b11011 g
b11100 f
b100111 h
b10000 &
b10000 U
b100111 W
b101000 %
b101000 V
b10101 t
11
#940000
b101000 9
01
#950000
b10001 &
b10001 U
b101000 W
b101001 %
b101001 V
b11011 H
b11011 a
b11100 g
b11101 f
b101000 h
b10101 t
11
#960000
b101001 9
01
#970000
b11100 H
b11100 a
b11101 g
b11110 f
b101001 h
b10010 &
b10010 U
b101001 W
b101010 %
b101010 V
b10101 t
11
#980000
b101010 9
01
#990000
b10011 &
b10011 U
b101010 W
b101011 %
b101011 V
b11101 H
b11101 a
b11110 g
b11111 f
b101010 h
b10101 t
11
#1000000
b101011 9
01
#1010000
b11110 H
b11110 a
b11111 g
b100000 f
b101011 h
b10100 &
b10100 U
b101011 W
b101100 %
b101100 V
b10101 t
11
#1020000
b101100 9
01
#1030000
b10101 &
b10101 U
b101100 W
b101101 %
b101101 V
b11111 H
b11111 a
b100000 g
b100001 f
b101100 h
b10101 t
11
#1040000
b101101 9
01
#1050000
b100000 H
b100000 a
b100001 g
b100010 f
b101101 h
b10110 &
b10110 U
b101101 W
b101110 %
b101110 V
b10101 t
11
#1060000
b101110 9
01
#1070000
b10111 &
b10111 U
b101110 W
b101111 %
b101111 V
b100001 H
b100001 a
b100010 g
b100011 f
b101110 h
b10101 t
11
#1080000
b101111 9
01
#1090000
b100010 H
b100010 a
b100011 g
b100100 f
b101111 h
b11000 &
b11000 U
b101111 W
b110000 %
b110000 V
b10101 t
11
#1100000
b110000 9
01
#1110000
b11001 &
b11001 U
b110000 W
b110001 %
b110001 V
b100011 H
b100011 a
b100100 g
b100101 f
b110000 h
b10101 t
11
#1120000
b110001 9
01
#1130000
b100100 H
b100100 a
b100101 g
b100110 f
b110001 h
b11010 &
b11010 U
b110001 W
b110010 %
b110010 V
b10101 t
11
#1140000
b110010 9
01
#1150000
b11011 &
b11011 U
b110010 W
b110011 %
b110011 V
b100101 H
b100101 a
b100110 g
b100111 f
b110010 h
b10101 t
11
#1160000
b110011 9
01
#1170000
b100110 H
b100110 a
b100111 g
b101000 f
b110011 h
b11100 &
b11100 U
b110011 W
b110100 %
b110100 V
b10101 t
11
#1180000
b110100 9
01
#1190000
b11101 &
b11101 U
b110100 W
b110101 %
b110101 V
b100111 H
b100111 a
b101000 g
b101001 f
b110100 h
b10101 t
11
#1200000
b110101 9
01
#1210000
b101000 H
b101000 a
b101001 g
b101010 f
b110101 h
b11110 &
b11110 U
b110101 W
b110110 %
b110110 V
b10101 t
11
#1220000
b110110 9
01
#1230000
b11111 &
b11111 U
b110110 W
b110111 %
b110111 V
b101001 H
b101001 a
b101010 g
b101011 f
b110110 h
b10101 t
11
#1240000
b110111 9
01
#1250000
b101010 H
b101010 a
b101011 g
b101100 f
b110111 h
b100000 &
b100000 U
b110111 W
b111000 %
b111000 V
b10101 t
11
#1260000
b111000 9
01
#1270000
b100001 &
b100001 U
b111000 W
b111001 %
b111001 V
b101011 H
b101011 a
b101100 g
b101101 f
b111000 h
b10101 t
11
#1280000
b111001 9
01
#1290000
b101100 H
b101100 a
b101101 g
b101110 f
b111001 h
b100010 &
b100010 U
b111001 W
b111010 %
b111010 V
b10101 t
11
#1300000
b111010 9
01
#1310000
b100011 &
b100011 U
b111010 W
b111011 %
b111011 V
b101101 H
b101101 a
b101110 g
b101111 f
b111010 h
b10101 t
11
#1320000
b111011 9
01
#1330000
b101110 H
b101110 a
b101111 g
b110000 f
b111011 h
b100100 &
b100100 U
b111011 W
b111100 %
b111100 V
b10101 t
11
#1340000
b111100 9
01
#1350000
b100101 &
b100101 U
b111100 W
b111101 %
b111101 V
b101111 H
b101111 a
b110000 g
b110001 f
b111100 h
b10101 t
11
#1360000
b111101 9
01
#1370000
b110000 H
b110000 a
b110001 g
b110010 f
b111101 h
b100110 &
b100110 U
b111101 W
b111110 %
b111110 V
b10101 t
11
#1380000
b111110 9
01
#1390000
b100111 &
b100111 U
b111110 W
b111111 %
b111111 V
b110001 H
b110001 a
b110010 g
b110011 f
b111110 h
b10101 t
11
#1400000
b111111 9
01
#1410000
b110010 H
b110010 a
b110011 g
b110100 f
b111111 h
b101000 &
b101000 U
b111111 W
b1000000 %
b1000000 V
b10101 t
11
#1420000
b1000000 9
01
#1430000
b101001 &
b101001 U
b1000000 W
b1000001 %
b1000001 V
b110011 H
b110011 a
b110100 g
b110101 f
b1000000 h
b10101 t
11
#1440000
b1000001 9
01
#1450000
b110100 H
b110100 a
b110101 g
b110110 f
b1000001 h
b101010 &
b101010 U
b1000001 W
b1000010 %
b1000010 V
b10101 t
11
#1460000
b1000010 9
01
#1470000
b101011 &
b101011 U
b1000010 W
b1000011 %
b1000011 V
b110101 H
b110101 a
b110110 g
b110111 f
b1000010 h
b10101 t
11
#1480000
b1000011 9
01
#1490000
b110110 H
b110110 a
b110111 g
b111000 f
b1000011 h
b101100 &
b101100 U
b1000011 W
b1000100 %
b1000100 V
b10101 t
11
#1500000
b1000100 9
01
#1510000
b101101 &
b101101 U
b1000100 W
b1000101 %
b1000101 V
b110111 H
b110111 a
b111000 g
b111001 f
b1000100 h
b10101 t
11
#1520000
b1000101 9
01
#1530000
b111000 H
b111000 a
b111001 g
b111010 f
b1000101 h
b101110 &
b101110 U
b1000101 W
b1000110 %
b1000110 V
b10101 t
11
#1540000
b1000110 9
01
#1550000
b101111 &
b101111 U
b1000110 W
b1000111 %
b1000111 V
b111001 H
b111001 a
b111010 g
b111011 f
b1000110 h
b10101 t
11
#1560000
b1000111 9
01
#1570000
b111010 H
b111010 a
b111011 g
b111100 f
b1000111 h
b110000 &
b110000 U
b1000111 W
b1001000 %
b1001000 V
b10101 t
11
#1580000
b1001000 9
01
#1590000
b110001 &
b110001 U
b1001000 W
b1001001 %
b1001001 V
b111011 H
b111011 a
b111100 g
b111101 f
b1001000 h
b10101 t
11
#1600000
b1001001 9
01
#1610000
b111100 H
b111100 a
b111101 g
b111110 f
b1001001 h
b110010 &
b110010 U
b1001001 W
b1001010 %
b1001010 V
b10101 t
11
#1620000
b1001010 9
01
#1630000
b110011 &
b110011 U
b1001010 W
b1001011 %
b1001011 V
b111101 H
b111101 a
b111110 g
b111111 f
b1001010 h
b10101 t
11
#1640000
b1001011 9
01
#1650000
b111110 H
b111110 a
b111111 g
b1000000 f
b1001011 h
b110100 &
b110100 U
b1001011 W
b1001100 %
b1001100 V
b10101 t
11
#1660000
b1001100 9
01
#1670000
b110101 &
b110101 U
b1001100 W
b1001101 %
b1001101 V
b111111 H
b111111 a
b1000000 g
b1000001 f
b1001100 h
b10101 t
11
#1680000
b1001101 9
01
#1690000
b1000000 H
b1000000 a
b1000001 g
b1000010 f
b1001101 h
b110110 &
b110110 U
b1001101 W
b1001110 %
b1001110 V
b10101 t
11
#1700000
b1001110 9
01
#1710000
b110111 &
b110111 U
b1001110 W
b1001111 %
b1001111 V
b1000001 H
b1000001 a
b1000010 g
b1000011 f
b1001110 h
b10101 t
11
#1720000
b1001111 9
01
#1730000
b1000010 H
b1000010 a
b1000011 g
b1000100 f
b1001111 h
b111000 &
b111000 U
b1001111 W
b1010000 %
b1010000 V
b10101 t
11
#1740000
b1010000 9
01
#1750000
b111001 &
b111001 U
b1010000 W
b1010001 %
b1010001 V
b1000011 H
b1000011 a
b1000100 g
b1000101 f
b1010000 h
b10101 t
11
#1760000
b1010001 9
01
#1770000
b1000100 H
b1000100 a
b1000101 g
b1000110 f
b1010001 h
b111010 &
b111010 U
b1010001 W
b1010010 %
b1010010 V
b10101 t
11
#1780000
b1010010 9
01
#1790000
b111011 &
b111011 U
b1010010 W
b1010011 %
b1010011 V
b1000101 H
b1000101 a
b1000110 g
b1000111 f
b1010010 h
b10101 t
11
#1800000
b1010011 9
01
#1810000
b1000110 H
b1000110 a
b1000111 g
b1001000 f
b1010011 h
b111100 &
b111100 U
b1010011 W
b1010100 %
b1010100 V
b10101 t
11
#1820000
b1010100 9
01
#1830000
b111101 &
b111101 U
b1010100 W
b1010101 %
b1010101 V
b1000111 H
b1000111 a
b1001000 g
b1001001 f
b1010100 h
b10101 t
11
#1840000
b1010101 9
01
#1850000
b1001000 H
b1001000 a
b1001001 g
b1001010 f
b1010101 h
b111110 &
b111110 U
b1010101 W
b1010110 %
b1010110 V
b10101 t
11
#1860000
b1010110 9
01
#1870000
b111111 &
b111111 U
b1010110 W
b1010111 %
b1010111 V
b1001001 H
b1001001 a
b1001010 g
b1001011 f
b1010110 h
b10101 t
11
#1880000
b1010111 9
01
#1890000
b1001010 H
b1001010 a
b1001011 g
b1001100 f
b1010111 h
b1000000 &
b1000000 U
b1010111 W
b1011000 %
b1011000 V
b10101 t
11
#1900000
b1011000 9
01
#1910000
b1000001 &
b1000001 U
b1011000 W
b1011001 %
b1011001 V
b1001011 H
b1001011 a
b1001100 g
b1001101 f
b1011000 h
b10101 t
11
#1920000
b1011001 9
01
#1930000
b1001100 H
b1001100 a
b1001101 g
b1001110 f
b1011001 h
b1000010 &
b1000010 U
b1011001 W
b1011010 %
b1011010 V
b10101 t
11
#1940000
b1011010 9
01
#1950000
b1000011 &
b1000011 U
b1011010 W
b1011011 %
b1011011 V
b1001101 H
b1001101 a
b1001110 g
b1001111 f
b1011010 h
b10101 t
11
#1960000
b1011011 9
01
#1970000
b1001110 H
b1001110 a
b1001111 g
b1010000 f
b1011011 h
b1000100 &
b1000100 U
b1011011 W
b1011100 %
b1011100 V
b10101 t
11
#1980000
b1011100 9
01
#1990000
b1000101 &
b1000101 U
b1011100 W
b1011101 %
b1011101 V
b1001111 H
b1001111 a
b1010000 g
b1010001 f
b1011100 h
b10101 t
11
#2000000
b1011101 9
01
#2010000
b1010000 H
b1010000 a
b1010001 g
b1010010 f
b1011101 h
b1000110 &
b1000110 U
b1011101 W
b1011110 %
b1011110 V
b10101 t
11
#2020000
b1011110 9
01
#2030000
b1000111 &
b1000111 U
b1011110 W
b1011111 %
b1011111 V
b1010001 H
b1010001 a
b1010010 g
b1010011 f
b1011110 h
b10101 t
11
#2040000
b1011111 9
01
#2050000
b1010010 H
b1010010 a
b1010011 g
b1010100 f
b1011111 h
b1001000 &
b1001000 U
b1011111 W
b1100000 %
b1100000 V
b10101 t
11
#2060000
b1100000 9
01
#2070000
b1001001 &
b1001001 U
b1100000 W
b1100001 %
b1100001 V
b1010011 H
b1010011 a
b1010100 g
b1010101 f
b1100000 h
b10101 t
11
#2080000
b1100001 9
01
#2090000
b1010100 H
b1010100 a
b1010101 g
b1010110 f
b1100001 h
b1001010 &
b1001010 U
b1100001 W
b1100010 %
b1100010 V
b10101 t
11
#2100000
b1100010 9
01
#2110000
b1001011 &
b1001011 U
b1100010 W
b1100011 %
b1100011 V
b1010101 H
b1010101 a
b1010110 g
b1010111 f
b1100010 h
b10101 t
11
#2120000
b1100011 9
01
#2130000
b1010110 H
b1010110 a
b1010111 g
b1011000 f
b1100011 h
b1001100 &
b1001100 U
b1100011 W
b1100100 %
b1100100 V
b10101 t
11
#2140000
b1100100 9
01
#2150000
0B
b1001101 &
b1001101 U
b11 Z
b1100101 %
b1100101 V
b1010111 H
b1010111 a
b1011000 g
b1011001 f
b1100100 h
b10101 t
11
#2160000
b1100101 9
01
#2170000
b1011000 H
b1011000 a
b1011001 g
0r
b1001110 &
b1001110 U
b1100110 %
b1100110 V
11
#2180000
b1100110 9
01
#2190000
b1001111 &
b1001111 U
b1100111 %
b1100111 V
b1011001 H
b1011001 a
0s
11
#2200000
b1100111 9
01
#2210000
0D
b1010000 &
b1010000 U
1*
0-
b0 Z
b1101000 %
b1101000 V
11
#2220000
b1 >
b0 v
b0 2
b1101000 9
01
#2230000
11
#2240000
01
#2250000
11
#2260000
01
#2270000
11
#2280000
01
#2290000
11
#2300000
01
#2310000
11
#2320000
01
#2330000
11
#2340000
01
#2350000
11
#2360000
01
#2370000
11
#2380000
b1 w
b1 ;
01
#2390000
11
#2400000
b1 4
13
01
#2410000
11
#2420000
18
01
#2430000
1?
1-
b1 Z
b0 %
b0 V
b0 W
b0 '
b0 T
b0 (
b0 S
b0 &
b0 U
0*
b10 )
b10 Q
10
1Y
11
#2440000
b0 9
03
08
01
#2450000
b0 `
1B
0?
b0 H
b0 a
b0 G
b0 d
b0 E
b0 p
b0 C
b0 q
b0 o
b0 g
b0 c
b0 f
b0 b
b0 l
b0 k
b0 j
b0 i
b0 h
b0 e
b10 Z
b1 %
b1 V
0Y
b10101 t
11
#2460000
b1 9
01
#2470000
0B
b10 R
b1 W
b10 %
b10 V
b1 h
b1 e
b10101 t
11
#2480000
b10 9
01
#2490000
b1 R
b11 %
b11 V
11
#2500000
b11 9
01
#2510000
1B
b0 R
b100 %
b100 V
11
#2520000
b100 9
01
#2530000
0B
b10 h
b10 e
b10 R
b10 W
b101 %
b101 V
b10101 t
11
#2540000
b101 9
01
#2550000
b1 R
b110 %
b110 V
11
#2560000
b110 9
01
#2570000
1B
b0 R
b111 %
b111 V
11
#2580000
b111 9
01
#2590000
0B
b10 R
b11 W
b1000 %
b1000 V
b11 h
b11 e
b10101 t
11
#2600000
b1000 9
01
#2610000
b1 R
b1001 %
b1001 V
11
#2620000
b1001 9
01
#2630000
1B
b0 R
b1010 %
b1010 V
11
#2640000
b1010 9
01
#2650000
0B
b100 h
b100 e
b10 R
b100 W
b1011 %
b1011 V
b10101 t
11
#2660000
b1011 9
01
#2670000
b1 R
b1100 %
b1100 V
11
#2680000
b1100 9
01
#2690000
1B
b0 R
b1101 %
b1101 V
11
#2700000
b1101 9
01
#2710000
0B
b10 R
b101 W
b1110 %
b1110 V
b101 h
b101 e
b10101 t
11
#2720000
b1110 9
01
#2730000
b1 R
b1111 %
b1111 V
11
#2740000
b1111 9
01
#2750000
1B
b0 R
b10000 %
b10000 V
11
#2760000
b10000 9
01
#2770000
0B
b110 h
b110 e
b10 R
b110 W
b10001 %
b10001 V
b10101 t
11
#2780000
b10001 9
01
#2790000
b1 R
b10010 %
b10010 V
11
#2800000
b10010 9
01
#2810000
1B
b0 R
b10011 %
b10011 V
11
#2820000
b10011 9
01
#2830000
0B
b10 R
b111 W
b10100 %
b10100 V
b111 h
b111 e
b10101 t
11
#2840000
b10100 9
01
#2850000
b1 R
b10101 %
b10101 V
11
#2860000
b10101 9
01
#2870000
1B
b0 R
b10110 %
b10110 V
11
#2880000
b10110 9
01
#2890000
0B
b1000 h
b1000 e
b10 R
b1000 W
b10111 %
b10111 V
b10101 t
11
#2900000
b10111 9
01
#2910000
b1 R
b11000 %
b11000 V
11
#2920000
b11000 9
01
#2930000
1B
b0 R
b11001 %
b11001 V
11
#2940000
b11001 9
01
#2950000
0B
b10 R
b1001 W
b11010 %
b11010 V
b1001 h
b1001 e
b10101 t
11
#2960000
b11010 9
01
#2970000
b1 R
b11011 %
b11011 V
11
#2980000
b11011 9
01
#2990000
1B
b0 R
b11100 %
b11100 V
11
#3000000
b11100 9
01
#3010000
0B
b1010 h
b1010 e
b10 R
b1010 W
b11101 %
b11101 V
b10101 t
11
#3020000
b11101 9
01
#3030000
b1 R
b11110 %
b11110 V
11
#3040000
b11110 9
01
#3050000
1B
b0 R
b11111 %
b11111 V
11
#3060000
b11111 9
01
#3070000
0B
b10 R
b1011 W
b100000 %
b100000 V
b1011 h
b1011 e
b10101 t
11
#3080000
b100000 9
01
#3090000
b1 R
b100001 %
b100001 V
11
#3100000
b100001 9
01
#3110000
1B
b0 R
b100010 %
b100010 V
11
#3120000
b100010 9
01
#3130000
0B
b1100 h
b1100 e
b10 R
b1100 W
b100011 %
b100011 V
b10101 t
11
#3140000
b100011 9
01
#3150000
b1 R
b100100 %
b100100 V
11
#3160000
b100100 9
01
#3170000
1B
b0 R
b100101 %
b100101 V
11
#3180000
b100101 9
01
#3190000
0B
b10 R
b1101 W
b100110 %
b100110 V
b1101 h
b1101 e
b10101 t
11
#3200000
b100110 9
01
#3210000
b1 R
b100111 %
b100111 V
11
#3220000
b100111 9
01
#3230000
1B
b0 R
b101000 %
b101000 V
11
#3240000
b101000 9
01
#3250000
0B
b1110 h
b1110 e
b10 R
b1110 W
b101001 %
b101001 V
b10101 t
11
#3260000
b101001 9
01
#3270000
b1 R
b101010 %
b101010 V
11
#3280000
b101010 9
01
#3290000
1B
b0 R
b101011 %
b101011 V
11
#3300000
b101011 9
01
#3310000
0B
b10 R
b1111 W
b101100 %
b101100 V
b1111 h
b1111 e
b10101 t
11
#3320000
b101100 9
01
#3330000
b1 R
b101101 %
b101101 V
11
#3340000
b101101 9
01
#3350000
1B
b0 R
b101110 %
b101110 V
11
#3360000
b101110 9
01
#3370000
0B
b10000 h
b10000 e
b10 R
b10000 W
b101111 %
b101111 V
b10101 t
11
#3380000
b101111 9
01
#3390000
b1 R
b110000 %
b110000 V
11
#3400000
b110000 9
01
#3410000
1B
b0 R
b110001 %
b110001 V
11
#3420000
b110001 9
01
#3430000
0B
b10 R
b10001 W
b110010 %
b110010 V
b10001 h
b10001 e
b10101 t
11
#3440000
b110010 9
01
#3450000
b1 R
b110011 %
b110011 V
11
#3460000
b110011 9
01
#3470000
1B
b0 R
b110100 %
b110100 V
11
#3480000
b110100 9
01
#3490000
0B
b10010 h
b10010 e
b10 R
b10010 W
b110101 %
b110101 V
b10101 t
11
#3500000
b110101 9
01
#3510000
b1 R
b110110 %
b110110 V
11
#3520000
b110110 9
01
#3530000
1B
b0 R
b110111 %
b110111 V
11
#3540000
b110111 9
01
#3550000
0B
b10 R
b10011 W
b111000 %
b111000 V
b10011 h
b10011 e
b10101 t
11
#3560000
b111000 9
01
#3570000
b1 R
b111001 %
b111001 V
11
#3580000
b111001 9
01
#3590000
1B
b0 R
b111010 %
b111010 V
11
#3600000
b111010 9
01
#3610000
0B
b10100 h
b10100 e
b10 R
b10100 W
b111011 %
b111011 V
b10101 t
11
#3620000
b111011 9
01
#3630000
b1 R
b111100 %
b111100 V
11
#3640000
b111100 9
01
#3650000
1B
b0 R
b111101 %
b111101 V
11
#3660000
b111101 9
01
#3670000
0B
b10 R
b10101 W
b111110 %
b111110 V
b1010 f
b1100100 b
b110010000 l
b110010000 k
b110010000 j
b110010000 i
b10101 h
b10101 e
1r
b10101 t
11
#3680000
b111110 9
01
#3690000
b1100100 `
b1010 g
b1100100 c
b11001000000 o
1s
0r
b1 R
b111111 %
b111111 V
11
#3700000
b111111 9
01
#3710000
1B
b0 R
b1000000 %
b1000000 V
b1010 H
b1010 a
b1100100 G
b1100100 d
b1100100 C
b1100100 q
b1100100 E
b1100100 p
1D
0s
11
#3720000
b1000000 9
01
#3730000
0B
0D
b1011 f
b10110 h
1r
b1100100 '
b1100100 T
b1100100 (
b1100100 S
b1 &
b1 U
b10 R
b10110 W
b1000001 %
b1000001 V
b10101 t
11
#3740000
b1000001 9
01
#3750000
b1 R
b1000010 %
b1000010 V
b1011 g
1s
0r
11
#3760000
b1000010 9
01
#3770000
1B
b1011 H
b1011 a
1D
0s
b0 R
b1000011 %
b1000011 V
11
#3780000
b1000011 9
01
#3790000
0B
b10 &
b10 U
b10 R
b10111 W
b1000100 %
b1000100 V
0D
b1100 f
b10111 h
1r
b10101 t
11
#3800000
b1000100 9
01
#3810000
b1100 g
1s
0r
b1 R
b1000101 %
b1000101 V
11
#3820000
b1000101 9
01
#3830000
1B
b0 R
b1000110 %
b1000110 V
b1100 H
b1100 a
1D
0s
11
#3840000
b1000110 9
01
#3850000
0B
0D
b1101 f
b11000 h
1r
b11 &
b11 U
b10 R
b11000 W
b1000111 %
b1000111 V
b10101 t
11
#3860000
b1000111 9
01
#3870000
b1 R
b1001000 %
b1001000 V
b1101 g
1s
0r
11
#3880000
b1001000 9
01
#3890000
1B
b1101 H
b1101 a
1D
0s
b0 R
b1001001 %
b1001001 V
11
#3900000
b1001001 9
01
#3910000
0B
b100 &
b100 U
b10 R
b11001 W
b1001010 %
b1001010 V
0D
b1110 f
b11001 h
1r
b10101 t
11
#3920000
b1001010 9
01
#3930000
b1110 g
1s
0r
b1 R
b1001011 %
b1001011 V
11
#3940000
b1001011 9
01
#3950000
1B
b0 R
b1001100 %
b1001100 V
b1110 H
b1110 a
1D
0s
11
#3960000
b1001100 9
01
#3970000
0B
0D
b1111 f
b11010 h
1r
b101 &
b101 U
b10 R
b11010 W
b1001101 %
b1001101 V
b10101 t
11
#3980000
b1001101 9
01
#3990000
b1 R
b1001110 %
b1001110 V
b1111 g
1s
0r
11
#4000000
b1001110 9
01
#4010000
1B
b1111 H
b1111 a
1D
0s
b0 R
b1001111 %
b1001111 V
11
#4020000
b1001111 9
01
#4030000
0B
b110 &
b110 U
b10 R
b11011 W
b1010000 %
b1010000 V
0D
b10000 f
b11011 h
1r
b10101 t
11
#4040000
b1010000 9
01
#4050000
b10000 g
1s
0r
b1 R
b1010001 %
b1010001 V
11
#4060000
b1010001 9
01
#4070000
1B
b0 R
b1010010 %
b1010010 V
b10000 H
b10000 a
1D
0s
11
#4080000
b1010010 9
01
#4090000
0B
0D
b10001 f
b11100 h
1r
b111 &
b111 U
b10 R
b11100 W
b1010011 %
b1010011 V
b10101 t
11
#4100000
b1010011 9
01
#4110000
b1 R
b1010100 %
b1010100 V
b10001 g
1s
0r
11
#4120000
b1010100 9
01
#4130000
1B
b10001 H
b10001 a
1D
0s
b0 R
b1010101 %
b1010101 V
11
#4140000
b1010101 9
01
#4150000
0B
b1000 &
b1000 U
b10 R
b11101 W
b1010110 %
b1010110 V
0D
b10010 f
b11101 h
1r
b10101 t
11
#4160000
b1010110 9
01
#4170000
b10010 g
1s
0r
b1 R
b1010111 %
b1010111 V
11
#4180000
b1010111 9
01
#4190000
1B
b0 R
b1011000 %
b1011000 V
b10010 H
b10010 a
1D
0s
11
#4200000
b1011000 9
01
#4210000
0B
0D
b10011 f
b11110 h
1r
b1001 &
b1001 U
b10 R
b11110 W
b1011001 %
b1011001 V
b10101 t
11
#4220000
b1011001 9
01
#4230000
b1 R
b1011010 %
b1011010 V
b10011 g
1s
0r
11
#4240000
b1011010 9
01
#4250000
1B
b10011 H
b10011 a
1D
0s
b0 R
b1011011 %
b1011011 V
11
#4260000
b1011011 9
01
#4270000
0B
b1010 &
b1010 U
b10 R
b11111 W
b1011100 %
b1011100 V
0D
b10100 f
b11111 h
1r
b10101 t
11
#4280000
b1011100 9
01
#4290000
b10100 g
1s
0r
b1 R
b1011101 %
b1011101 V
11
#4300000
b1011101 9
01
#4310000
1B
b0 R
b1011110 %
b1011110 V
b10100 H
b10100 a
1D
0s
11
#4320000
b1011110 9
01
#4330000
0B
0D
b10101 f
b100000 h
1r
b1011 &
b1011 U
b10 R
b100000 W
b1011111 %
b1011111 V
b10101 t
11
#4340000
b1011111 9
01
#4350000
b1 R
b1100000 %
b1100000 V
b10101 g
1s
0r
11
#4360000
b1100000 9
01
#4370000
1B
b10101 H
b10101 a
1D
0s
b0 R
b1100001 %
b1100001 V
11
#4380000
b1100001 9
01
#4390000
0B
b1100 &
b1100 U
b10 R
b100001 W
b1100010 %
b1100010 V
0D
b10110 f
b100001 h
1r
b10101 t
11
#4400000
b1100010 9
01
#4410000
b10110 g
1s
0r
b1 R
b1100011 %
b1100011 V
11
#4420000
b1100011 9
01
#4430000
1B
b0 R
b1100100 %
b1100100 V
b10110 H
b10110 a
1D
0s
11
#4440000
b1100100 9
01
#4450000
0B
0D
b10111 f
b100010 h
1r
b1101 &
b1101 U
b10 R
b100010 W
b1100101 %
b1100101 V
b10101 t
11
#4460000
b1100101 9
01
#4470000
b1 R
b1100110 %
b1100110 V
b10111 g
1s
0r
11
#4480000
b1100110 9
01
#4490000
1B
b10111 H
b10111 a
1D
0s
b0 R
b1100111 %
b1100111 V
11
#4500000
b1100111 9
01
#4510000
0B
b1110 &
b1110 U
b10 R
b100011 W
b1101000 %
b1101000 V
0D
b11000 f
b100011 h
1r
b10101 t
11
#4520000
b1101000 9
01
#4530000
b11000 g
1s
0r
b1 R
b1101001 %
b1101001 V
11
#4540000
b1101001 9
01
#4550000
1B
b0 R
b1101010 %
b1101010 V
b11000 H
b11000 a
1D
0s
11
#4560000
b1101010 9
01
#4570000
0B
0D
b11001 f
b100100 h
1r
b1111 &
b1111 U
b10 R
b100100 W
b1101011 %
b1101011 V
b10101 t
11
#4580000
b1101011 9
01
#4590000
b1 R
b1101100 %
b1101100 V
b11001 g
1s
0r
11
#4600000
b1101100 9
01
#4610000
1B
b11001 H
b11001 a
1D
0s
b0 R
b1101101 %
b1101101 V
11
#4620000
b1101101 9
01
#4630000
0B
b10000 &
b10000 U
b10 R
b100101 W
b1101110 %
b1101110 V
0D
b11010 f
b100101 h
1r
b10101 t
11
#4640000
b1101110 9
01
#4650000
b11010 g
1s
0r
b1 R
b1101111 %
b1101111 V
11
#4660000
b1101111 9
01
#4670000
1B
b0 R
b1110000 %
b1110000 V
b11010 H
b11010 a
1D
0s
11
#4680000
b1110000 9
01
#4690000
0B
0D
b11011 f
b100110 h
1r
b10001 &
b10001 U
b10 R
b100110 W
b1110001 %
b1110001 V
b10101 t
11
#4700000
b1110001 9
01
#4710000
b1 R
b1110010 %
b1110010 V
b11011 g
1s
0r
11
#4720000
b1110010 9
01
#4730000
1B
b11011 H
b11011 a
1D
0s
b0 R
b1110011 %
b1110011 V
11
#4740000
b1110011 9
01
#4750000
0B
b10010 &
b10010 U
b10 R
b100111 W
b1110100 %
b1110100 V
0D
b11100 f
b100111 h
1r
b10101 t
11
#4760000
b1110100 9
01
#4770000
b11100 g
1s
0r
b1 R
b1110101 %
b1110101 V
11
#4780000
b1110101 9
01
#4790000
1B
b0 R
b1110110 %
b1110110 V
b11100 H
b11100 a
1D
0s
11
#4800000
b1110110 9
01
#4810000
0B
0D
b11101 f
b101000 h
1r
b10011 &
b10011 U
b10 R
b101000 W
b1110111 %
b1110111 V
b10101 t
11
#4820000
b1110111 9
01
#4830000
b1 R
b1111000 %
b1111000 V
b11101 g
1s
0r
11
#4840000
b1111000 9
01
#4850000
1B
b11101 H
b11101 a
1D
0s
b0 R
b1111001 %
b1111001 V
11
#4860000
b1111001 9
01
#4870000
0B
b10100 &
b10100 U
b10 R
b101001 W
b1111010 %
b1111010 V
0D
b11110 f
b101001 h
1r
b10101 t
11
#4880000
b1111010 9
01
#4890000
b11110 g
1s
0r
b1 R
b1111011 %
b1111011 V
11
#4900000
b1111011 9
01
#4910000
1B
b0 R
b1111100 %
b1111100 V
b11110 H
b11110 a
1D
0s
11
#4920000
b1111100 9
01
#4930000
0B
0D
b11111 f
b101010 h
1r
b10101 &
b10101 U
b10 R
b101010 W
b1111101 %
b1111101 V
b10101 t
11
#4940000
b1111101 9
01
#4950000
b1 R
b1111110 %
b1111110 V
b11111 g
1s
0r
11
#4960000
b1111110 9
01
#4970000
1B
b11111 H
b11111 a
1D
0s
b0 R
b1111111 %
b1111111 V
11
#4980000
b1111111 9
01
#4990000
0B
b10110 &
b10110 U
b10 R
b101011 W
b10000000 %
b10000000 V
0D
b100000 f
b101011 h
1r
b10101 t
11
#5000000
b10000000 9
01
#5010000
b100000 g
1s
0r
b1 R
b10000001 %
b10000001 V
11
#5020000
b10000001 9
01
#5030000
1B
b0 R
b10000010 %
b10000010 V
b100000 H
b100000 a
1D
0s
11
#5040000
b10000010 9
01
#5050000
0B
0D
b100001 f
b101100 h
1r
b10111 &
b10111 U
b10 R
b101100 W
b10000011 %
b10000011 V
b10101 t
11
#5060000
b10000011 9
01
#5070000
b1 R
b10000100 %
b10000100 V
b100001 g
1s
0r
11
#5080000
b10000100 9
01
#5090000
1B
b100001 H
b100001 a
1D
0s
b0 R
b10000101 %
b10000101 V
11
#5100000
b10000101 9
01
#5110000
0B
b11000 &
b11000 U
b10 R
b101101 W
b10000110 %
b10000110 V
0D
b100010 f
b101101 h
1r
b10101 t
11
#5120000
b10000110 9
01
#5130000
b100010 g
1s
0r
b1 R
b10000111 %
b10000111 V
11
#5140000
b10000111 9
01
#5150000
1B
b0 R
b10001000 %
b10001000 V
b100010 H
b100010 a
1D
0s
11
#5160000
b10001000 9
01
#5170000
0B
0D
b100011 f
b101110 h
1r
b11001 &
b11001 U
b10 R
b101110 W
b10001001 %
b10001001 V
b10101 t
11
#5180000
b10001001 9
01
#5190000
b1 R
b10001010 %
b10001010 V
b100011 g
1s
0r
11
#5200000
b10001010 9
01
#5210000
1B
b100011 H
b100011 a
1D
0s
b0 R
b10001011 %
b10001011 V
11
#5220000
b10001011 9
01
#5230000
0B
b11010 &
b11010 U
b10 R
b101111 W
b10001100 %
b10001100 V
0D
b100100 f
b101111 h
1r
b10101 t
11
#5240000
b10001100 9
01
#5250000
b100100 g
1s
0r
b1 R
b10001101 %
b10001101 V
11
#5260000
b10001101 9
01
#5270000
1B
b0 R
b10001110 %
b10001110 V
b100100 H
b100100 a
1D
0s
11
#5280000
b10001110 9
01
#5290000
0B
0D
b100101 f
b110000 h
1r
b11011 &
b11011 U
b10 R
b110000 W
b10001111 %
b10001111 V
b10101 t
11
#5300000
b10001111 9
01
#5310000
b1 R
b10010000 %
b10010000 V
b100101 g
1s
0r
11
#5320000
b10010000 9
01
#5330000
1B
b100101 H
b100101 a
1D
0s
b0 R
b10010001 %
b10010001 V
11
#5340000
b10010001 9
01
#5350000
0B
b11100 &
b11100 U
b10 R
b110001 W
b10010010 %
b10010010 V
0D
b100110 f
b110001 h
1r
b10101 t
11
#5360000
b10010010 9
01
#5370000
b100110 g
1s
0r
b1 R
b10010011 %
b10010011 V
11
#5380000
b10010011 9
01
#5390000
1B
b0 R
b10010100 %
b10010100 V
b100110 H
b100110 a
1D
0s
11
#5400000
b10010100 9
01
#5410000
0B
0D
b100111 f
b110010 h
1r
b11101 &
b11101 U
b10 R
b110010 W
b10010101 %
b10010101 V
b10101 t
11
#5420000
b10010101 9
01
#5430000
b1 R
b10010110 %
b10010110 V
b100111 g
1s
0r
11
#5440000
b10010110 9
01
#5450000
1B
b100111 H
b100111 a
1D
0s
b0 R
b10010111 %
b10010111 V
11
#5460000
b10010111 9
01
#5470000
0B
b11110 &
b11110 U
b10 R
b110011 W
b10011000 %
b10011000 V
0D
b101000 f
b110011 h
1r
b10101 t
11
#5480000
b10011000 9
01
#5490000
b101000 g
1s
0r
b1 R
b10011001 %
b10011001 V
11
#5500000
b10011001 9
01
#5510000
1B
b0 R
b10011010 %
b10011010 V
b101000 H
b101000 a
1D
0s
11
#5520000
b10011010 9
01
#5530000
0B
0D
b101001 f
b110100 h
1r
b11111 &
b11111 U
b10 R
b110100 W
b10011011 %
b10011011 V
b10101 t
11
#5540000
b10011011 9
01
#5550000
b1 R
b10011100 %
b10011100 V
b101001 g
1s
0r
11
#5560000
b10011100 9
01
#5570000
1B
b101001 H
b101001 a
1D
0s
b0 R
b10011101 %
b10011101 V
11
#5580000
b10011101 9
01
#5590000
0B
b100000 &
b100000 U
b10 R
b110101 W
b10011110 %
b10011110 V
0D
b101010 f
b110101 h
1r
b10101 t
11
#5600000
b10011110 9
01
#5610000
b101010 g
1s
0r
b1 R
b10011111 %
b10011111 V
11
#5620000
b10011111 9
01
#5630000
1B
b0 R
b10100000 %
b10100000 V
b101010 H
b101010 a
1D
0s
11
#5640000
b10100000 9
01
#5650000
0B
0D
b101011 f
b110110 h
1r
b100001 &
b100001 U
b10 R
b110110 W
b10100001 %
b10100001 V
b10101 t
11
#5660000
b10100001 9
01
#5670000
b1 R
b10100010 %
b10100010 V
b101011 g
1s
0r
11
#5680000
b10100010 9
01
#5690000
1B
b101011 H
b101011 a
1D
0s
b0 R
b10100011 %
b10100011 V
11
#5700000
b10100011 9
01
#5710000
0B
b100010 &
b100010 U
b10 R
b110111 W
b10100100 %
b10100100 V
0D
b101100 f
b110111 h
1r
b10101 t
11
#5720000
b10100100 9
01
#5730000
b101100 g
1s
0r
b1 R
b10100101 %
b10100101 V
11
#5740000
b10100101 9
01
#5750000
1B
b0 R
b10100110 %
b10100110 V
b101100 H
b101100 a
1D
0s
11
#5760000
b10100110 9
01
#5770000
0B
0D
b101101 f
b111000 h
1r
b100011 &
b100011 U
b10 R
b111000 W
b10100111 %
b10100111 V
b10101 t
11
#5780000
b10100111 9
01
#5790000
b1 R
b10101000 %
b10101000 V
b101101 g
1s
0r
11
#5800000
b10101000 9
01
#5810000
1B
b101101 H
b101101 a
1D
0s
b0 R
b10101001 %
b10101001 V
11
#5820000
b10101001 9
01
#5830000
0B
b100100 &
b100100 U
b10 R
b111001 W
b10101010 %
b10101010 V
0D
b101110 f
b111001 h
1r
b10101 t
11
#5840000
b10101010 9
01
#5850000
b101110 g
1s
0r
b1 R
b10101011 %
b10101011 V
11
#5860000
b10101011 9
01
#5870000
1B
b0 R
b10101100 %
b10101100 V
b101110 H
b101110 a
1D
0s
11
#5880000
b10101100 9
01
#5890000
0B
0D
b101111 f
b111010 h
1r
b100101 &
b100101 U
b10 R
b111010 W
b10101101 %
b10101101 V
b10101 t
11
#5900000
b10101101 9
01
#5910000
b1 R
b10101110 %
b10101110 V
b101111 g
1s
0r
11
#5920000
b10101110 9
01
#5930000
1B
b101111 H
b101111 a
1D
0s
b0 R
b10101111 %
b10101111 V
11
#5940000
b10101111 9
01
#5950000
0B
b100110 &
b100110 U
b10 R
b111011 W
b10110000 %
b10110000 V
0D
b110000 f
b111011 h
1r
b10101 t
11
#5960000
b10110000 9
01
#5970000
b110000 g
1s
0r
b1 R
b10110001 %
b10110001 V
11
#5980000
b10110001 9
01
#5990000
1B
b0 R
b10110010 %
b10110010 V
b110000 H
b110000 a
1D
0s
11
#6000000
b10110010 9
01
#6010000
0B
0D
b110001 f
b111100 h
1r
b100111 &
b100111 U
b10 R
b111100 W
b10110011 %
b10110011 V
b10101 t
11
#6020000
b10110011 9
01
#6030000
b1 R
b10110100 %
b10110100 V
b110001 g
1s
0r
11
#6040000
b10110100 9
01
#6050000
1B
b110001 H
b110001 a
1D
0s
b0 R
b10110101 %
b10110101 V
11
#6060000
b10110101 9
01
#6070000
0B
b101000 &
b101000 U
b10 R
b111101 W
b10110110 %
b10110110 V
0D
b110010 f
b111101 h
1r
b10101 t
11
#6080000
b10110110 9
01
#6090000
b110010 g
1s
0r
b1 R
b10110111 %
b10110111 V
11
#6100000
b10110111 9
01
#6110000
1B
b0 R
b10111000 %
b10111000 V
b110010 H
b110010 a
1D
0s
11
#6120000
b10111000 9
01
#6130000
0B
0D
b110011 f
b111110 h
1r
b101001 &
b101001 U
b10 R
b111110 W
b10111001 %
b10111001 V
b10101 t
11
#6140000
b10111001 9
01
#6150000
b1 R
b10111010 %
b10111010 V
b110011 g
1s
0r
11
#6160000
b10111010 9
01
#6170000
1B
b110011 H
b110011 a
1D
0s
b0 R
b10111011 %
b10111011 V
11
#6180000
b10111011 9
01
#6190000
0B
b101010 &
b101010 U
b10 R
b111111 W
b10111100 %
b10111100 V
0D
b110100 f
b111111 h
1r
b10101 t
11
#6200000
b10111100 9
01
#6210000
b110100 g
1s
0r
b1 R
b10111101 %
b10111101 V
11
#6220000
b10111101 9
01
#6230000
1B
b0 R
b10111110 %
b10111110 V
b110100 H
b110100 a
1D
0s
11
#6240000
b10111110 9
01
#6250000
0B
0D
b110101 f
b1000000 h
1r
b101011 &
b101011 U
b10 R
b1000000 W
b10111111 %
b10111111 V
b10101 t
11
#6260000
b10111111 9
01
#6270000
b1 R
b11000000 %
b11000000 V
b110101 g
1s
0r
11
#6280000
b11000000 9
01
#6290000
1B
b110101 H
b110101 a
1D
0s
b0 R
b11000001 %
b11000001 V
11
#6300000
b11000001 9
01
#6310000
0B
b101100 &
b101100 U
b10 R
b1000001 W
b11000010 %
b11000010 V
0D
b110110 f
b1000001 h
1r
b10101 t
11
#6320000
b11000010 9
01
#6330000
b110110 g
1s
0r
b1 R
b11000011 %
b11000011 V
11
#6340000
b11000011 9
01
#6350000
1B
b0 R
b11000100 %
b11000100 V
b110110 H
b110110 a
1D
0s
11
#6360000
b11000100 9
01
#6370000
0B
0D
b110111 f
b1000010 h
1r
b101101 &
b101101 U
b10 R
b1000010 W
b11000101 %
b11000101 V
b10101 t
11
#6380000
b11000101 9
01
#6390000
b1 R
b11000110 %
b11000110 V
b110111 g
1s
0r
11
#6400000
b11000110 9
01
#6410000
1B
b110111 H
b110111 a
1D
0s
b0 R
b11000111 %
b11000111 V
11
#6420000
b11000111 9
01
#6430000
0B
b101110 &
b101110 U
b10 R
b1000011 W
b11001000 %
b11001000 V
0D
b111000 f
b1000011 h
1r
b10101 t
11
#6440000
b11001000 9
01
#6450000
b111000 g
1s
0r
b1 R
b11001001 %
b11001001 V
11
#6460000
b11001001 9
01
#6470000
1B
b0 R
b11001010 %
b11001010 V
b111000 H
b111000 a
1D
0s
11
#6480000
b11001010 9
01
#6490000
0B
0D
b111001 f
b1000100 h
1r
b101111 &
b101111 U
b10 R
b1000100 W
b11001011 %
b11001011 V
b10101 t
11
#6500000
b11001011 9
01
#6510000
b1 R
b11001100 %
b11001100 V
b111001 g
1s
0r
11
#6520000
b11001100 9
01
#6530000
1B
b111001 H
b111001 a
1D
0s
b0 R
b11001101 %
b11001101 V
11
#6540000
b11001101 9
01
#6550000
0B
b110000 &
b110000 U
b10 R
b1000101 W
b11001110 %
b11001110 V
0D
b111010 f
b1000101 h
1r
b10101 t
11
#6560000
b11001110 9
01
#6570000
b111010 g
1s
0r
b1 R
b11001111 %
b11001111 V
11
#6580000
b11001111 9
01
#6590000
1B
b0 R
b11010000 %
b11010000 V
b111010 H
b111010 a
1D
0s
11
#6600000
b11010000 9
01
#6610000
0B
0D
b111011 f
b1000110 h
1r
b110001 &
b110001 U
b10 R
b1000110 W
b11010001 %
b11010001 V
b10101 t
11
#6620000
b11010001 9
01
#6630000
b1 R
b11010010 %
b11010010 V
b111011 g
1s
0r
11
#6640000
b11010010 9
01
#6650000
1B
b111011 H
b111011 a
1D
0s
b0 R
b11010011 %
b11010011 V
11
#6660000
b11010011 9
01
#6670000
0B
b110010 &
b110010 U
b10 R
b1000111 W
b11010100 %
b11010100 V
0D
b111100 f
b1000111 h
1r
b10101 t
11
#6680000
b11010100 9
01
#6690000
b111100 g
1s
0r
b1 R
b11010101 %
b11010101 V
11
#6700000
b11010101 9
01
#6710000
1B
b0 R
b11010110 %
b11010110 V
b111100 H
b111100 a
1D
0s
11
#6720000
b11010110 9
01
#6730000
0B
0D
b111101 f
b1001000 h
1r
b110011 &
b110011 U
b10 R
b1001000 W
b11010111 %
b11010111 V
b10101 t
11
#6740000
b11010111 9
01
#6750000
b1 R
b11011000 %
b11011000 V
b111101 g
1s
0r
11
#6760000
b11011000 9
01
#6770000
1B
b111101 H
b111101 a
1D
0s
b0 R
b11011001 %
b11011001 V
11
#6780000
b11011001 9
01
#6790000
0B
b110100 &
b110100 U
b10 R
b1001001 W
b11011010 %
b11011010 V
0D
b111110 f
b1001001 h
1r
b10101 t
11
#6800000
b11011010 9
01
#6810000
b111110 g
1s
0r
b1 R
b11011011 %
b11011011 V
11
#6820000
b11011011 9
01
#6830000
1B
b0 R
b11011100 %
b11011100 V
b111110 H
b111110 a
1D
0s
11
#6840000
b11011100 9
01
#6850000
0B
0D
b111111 f
b1001010 h
1r
b110101 &
b110101 U
b10 R
b1001010 W
b11011101 %
b11011101 V
b10101 t
11
#6860000
b11011101 9
01
#6870000
b1 R
b11011110 %
b11011110 V
b111111 g
1s
0r
11
#6880000
b11011110 9
01
#6890000
1B
b111111 H
b111111 a
1D
0s
b0 R
b11011111 %
b11011111 V
11
#6900000
b11011111 9
01
#6910000
0B
b110110 &
b110110 U
b10 R
b1001011 W
b11100000 %
b11100000 V
0D
b1000000 f
b1001011 h
1r
b10101 t
11
#6920000
b11100000 9
01
#6930000
b1000000 g
1s
0r
b1 R
b11100001 %
b11100001 V
11
#6940000
b11100001 9
01
#6950000
1B
b0 R
b11100010 %
b11100010 V
b1000000 H
b1000000 a
1D
0s
11
#6960000
b11100010 9
01
#6970000
0B
0D
b1000001 f
b1001100 h
1r
b110111 &
b110111 U
b10 R
b1001100 W
b11100011 %
b11100011 V
b10101 t
11
#6980000
b11100011 9
01
#6990000
b1 R
b11100100 %
b11100100 V
b1000001 g
1s
0r
11
#7000000
b11100100 9
01
#7010000
1B
b1000001 H
b1000001 a
1D
0s
b0 R
b11100101 %
b11100101 V
11
#7020000
b11100101 9
01
#7030000
0B
b111000 &
b111000 U
b10 R
b1001101 W
b11100110 %
b11100110 V
0D
b1000010 f
b1001101 h
1r
b10101 t
11
#7040000
b11100110 9
01
#7050000
b1000010 g
1s
0r
b1 R
b11100111 %
b11100111 V
11
#7060000
b11100111 9
01
#7070000
1B
b0 R
b11101000 %
b11101000 V
b1000010 H
b1000010 a
1D
0s
11
#7080000
b11101000 9
01
#7090000
0B
0D
b1000011 f
b1001110 h
1r
b111001 &
b111001 U
b10 R
b1001110 W
b11101001 %
b11101001 V
b10101 t
11
#7100000
b11101001 9
01
#7110000
b1 R
b11101010 %
b11101010 V
b1000011 g
1s
0r
11
#7120000
b11101010 9
01
#7130000
1B
b1000011 H
b1000011 a
1D
0s
b0 R
b11101011 %
b11101011 V
11
#7140000
b11101011 9
01
#7150000
0B
b111010 &
b111010 U
b10 R
b1001111 W
b11101100 %
b11101100 V
0D
b1000100 f
b1001111 h
1r
b10101 t
11
#7160000
b11101100 9
01
#7170000
b1000100 g
1s
0r
b1 R
b11101101 %
b11101101 V
11
#7180000
b11101101 9
01
#7190000
1B
b0 R
b11101110 %
b11101110 V
b1000100 H
b1000100 a
1D
0s
11
#7200000
b11101110 9
01
#7210000
0B
0D
b1000101 f
b1010000 h
1r
b111011 &
b111011 U
b10 R
b1010000 W
b11101111 %
b11101111 V
b10101 t
11
#7220000
b11101111 9
01
#7230000
b1 R
b11110000 %
b11110000 V
b1000101 g
1s
0r
11
#7240000
b11110000 9
01
#7250000
1B
b1000101 H
b1000101 a
1D
0s
b0 R
b11110001 %
b11110001 V
11
#7260000
b11110001 9
01
#7270000
0B
b111100 &
b111100 U
b10 R
b1010001 W
b11110010 %
b11110010 V
0D
b1000110 f
b1010001 h
1r
b10101 t
11
#7280000
b11110010 9
01
#7290000
b1000110 g
1s
0r
b1 R
b11110011 %
b11110011 V
11
#7300000
b11110011 9
01
#7310000
1B
b0 R
b11110100 %
b11110100 V
b1000110 H
b1000110 a
1D
0s
11
#7320000
b11110100 9
01
#7330000
0B
0D
b1000111 f
b1010010 h
1r
b111101 &
b111101 U
b10 R
b1010010 W
b11110101 %
b11110101 V
b10101 t
11
#7340000
b11110101 9
01
#7350000
b1 R
b11110110 %
b11110110 V
b1000111 g
1s
0r
11
#7360000
b11110110 9
01
#7370000
1B
b1000111 H
b1000111 a
1D
0s
b0 R
b11110111 %
b11110111 V
11
#7380000
b11110111 9
01
#7390000
0B
b111110 &
b111110 U
b10 R
b1010011 W
b11111000 %
b11111000 V
0D
b1001000 f
b1010011 h
1r
b10101 t
11
#7400000
b11111000 9
01
#7410000
b1001000 g
1s
0r
b1 R
b11111001 %
b11111001 V
11
#7420000
b11111001 9
01
#7430000
1B
b0 R
b11111010 %
b11111010 V
b1001000 H
b1001000 a
1D
0s
11
#7440000
b11111010 9
01
#7450000
0B
0D
b1001001 f
b1010100 h
1r
b111111 &
b111111 U
b10 R
b1010100 W
b11111011 %
b11111011 V
b10101 t
11
#7460000
b11111011 9
01
#7470000
b1 R
b11111100 %
b11111100 V
b1001001 g
1s
0r
11
#7480000
b11111100 9
01
#7490000
1B
b1001001 H
b1001001 a
1D
0s
b0 R
b11111101 %
b11111101 V
11
#7500000
b11111101 9
01
#7510000
0B
b1000000 &
b1000000 U
b10 R
b1010101 W
b11111110 %
b11111110 V
0D
b1001010 f
b1010101 h
1r
b10101 t
11
#7520000
b11111110 9
01
#7530000
b1001010 g
1s
0r
b1 R
b11111111 %
b11111111 V
11
#7540000
b11111111 9
01
#7550000
1B
b0 R
b100000000 %
b100000000 V
b1001010 H
b1001010 a
1D
0s
11
#7560000
b100000000 9
01
#7570000
0B
0D
b1001011 f
b1010110 h
1r
b1000001 &
b1000001 U
b10 R
b1010110 W
b100000001 %
b100000001 V
b10101 t
11
#7580000
b100000001 9
01
#7590000
b1 R
b100000010 %
b100000010 V
b1001011 g
1s
0r
11
#7600000
b100000010 9
01
#7610000
1B
b1001011 H
b1001011 a
1D
0s
b0 R
b100000011 %
b100000011 V
11
#7620000
b100000011 9
01
#7630000
0B
b1000010 &
b1000010 U
b10 R
b1010111 W
b100000100 %
b100000100 V
0D
b1001100 f
b1010111 h
1r
b10101 t
11
#7640000
b100000100 9
01
#7650000
b1001100 g
1s
0r
b1 R
b100000101 %
b100000101 V
11
#7660000
b100000101 9
01
#7670000
1B
b0 R
b100000110 %
b100000110 V
b1001100 H
b1001100 a
1D
0s
11
#7680000
b100000110 9
01
#7690000
0B
0D
b1001101 f
b1011000 h
1r
b1000011 &
b1000011 U
b10 R
b1011000 W
b100000111 %
b100000111 V
b10101 t
11
#7700000
b100000111 9
01
#7710000
b1 R
b100001000 %
b100001000 V
b1001101 g
1s
0r
11
#7720000
b100001000 9
01
#7730000
1B
b1001101 H
b1001101 a
1D
0s
b0 R
b100001001 %
b100001001 V
11
#7740000
b100001001 9
01
#7750000
0B
b1000100 &
b1000100 U
b10 R
b1011001 W
b100001010 %
b100001010 V
0D
b1001110 f
b1011001 h
1r
b10101 t
11
#7760000
b100001010 9
01
#7770000
b1001110 g
1s
0r
b1 R
b100001011 %
b100001011 V
11
#7780000
b100001011 9
01
#7790000
1B
b0 R
b100001100 %
b100001100 V
b1001110 H
b1001110 a
1D
0s
11
#7800000
b100001100 9
01
#7810000
0B
0D
b1001111 f
b1011010 h
1r
b1000101 &
b1000101 U
b10 R
b1011010 W
b100001101 %
b100001101 V
b10101 t
11
#7820000
b100001101 9
01
#7830000
b1 R
b100001110 %
b100001110 V
b1001111 g
1s
0r
11
#7840000
b100001110 9
01
#7850000
1B
b1001111 H
b1001111 a
1D
0s
b0 R
b100001111 %
b100001111 V
11
#7860000
b100001111 9
01
#7870000
0B
b1000110 &
b1000110 U
b10 R
b1011011 W
b100010000 %
b100010000 V
0D
b1010000 f
b1011011 h
1r
b10101 t
11
#7880000
b100010000 9
01
#7890000
b1010000 g
1s
0r
b1 R
b100010001 %
b100010001 V
11
#7900000
b100010001 9
01
#7910000
1B
b0 R
b100010010 %
b100010010 V
b1010000 H
b1010000 a
1D
0s
11
#7920000
b100010010 9
01
#7930000
0B
0D
b1010001 f
b1011100 h
1r
b1000111 &
b1000111 U
b10 R
b1011100 W
b100010011 %
b100010011 V
b10101 t
11
#7940000
b100010011 9
01
#7950000
b1 R
b100010100 %
b100010100 V
b1010001 g
1s
0r
11
#7960000
b100010100 9
01
#7970000
1B
b1010001 H
b1010001 a
1D
0s
b0 R
b100010101 %
b100010101 V
11
#7980000
b100010101 9
01
#7990000
0B
b1001000 &
b1001000 U
b10 R
b1011101 W
b100010110 %
b100010110 V
0D
b1010010 f
b1011101 h
1r
b10101 t
11
#8000000
b100010110 9
01
#8010000
b1010010 g
1s
0r
b1 R
b100010111 %
b100010111 V
11
#8020000
b100010111 9
01
#8030000
1B
b0 R
b100011000 %
b100011000 V
b1010010 H
b1010010 a
1D
0s
11
#8040000
b100011000 9
01
#8050000
0B
0D
b1010011 f
b1011110 h
1r
b1001001 &
b1001001 U
b10 R
b1011110 W
b100011001 %
b100011001 V
b10101 t
11
#8060000
b100011001 9
01
#8070000
b1 R
b100011010 %
b100011010 V
b1010011 g
1s
0r
11
#8080000
b100011010 9
01
#8090000
1B
b1010011 H
b1010011 a
1D
0s
b0 R
b100011011 %
b100011011 V
11
#8100000
b100011011 9
01
#8110000
0B
b1001010 &
b1001010 U
b10 R
b1011111 W
b100011100 %
b100011100 V
0D
b1010100 f
b1011111 h
1r
b10101 t
11
#8120000
b100011100 9
01
#8130000
b1010100 g
1s
0r
b1 R
b100011101 %
b100011101 V
11
#8140000
b100011101 9
01
#8150000
1B
b0 R
b100011110 %
b100011110 V
b1010100 H
b1010100 a
1D
0s
11
#8160000
b100011110 9
01
#8170000
0B
0D
b1010101 f
b1100000 h
1r
b1001011 &
b1001011 U
b10 R
b1100000 W
b100011111 %
b100011111 V
b10101 t
11
#8180000
b100011111 9
01
#8190000
b1 R
b100100000 %
b100100000 V
b1010101 g
1s
0r
11
#8200000
b100100000 9
01
#8210000
1B
b1010101 H
b1010101 a
1D
0s
b0 R
b100100001 %
b100100001 V
11
#8220000
b100100001 9
01
#8230000
0B
b1001100 &
b1001100 U
b10 R
b1100001 W
b100100010 %
b100100010 V
0D
b1010110 f
b1100001 h
1r
b10101 t
11
#8240000
b100100010 9
01
#8250000
b1010110 g
1s
0r
b1 R
b100100011 %
b100100011 V
11
#8260000
b100100011 9
01
#8270000
1B
b0 R
b100100100 %
b100100100 V
b1010110 H
b1010110 a
1D
0s
11
#8280000
b100100100 9
01
#8290000
0B
0D
b1010111 f
b1100010 h
1r
b1001101 &
b1001101 U
b10 R
b1100010 W
b100100101 %
b100100101 V
b10101 t
11
#8300000
b100100101 9
01
#8310000
b1 R
b100100110 %
b100100110 V
b1010111 g
1s
0r
11
#8320000
b100100110 9
01
#8330000
1B
b1010111 H
b1010111 a
1D
0s
b0 R
b100100111 %
b100100111 V
11
#8340000
b100100111 9
01
#8350000
0B
b1001110 &
b1001110 U
b10 R
b1100011 W
b100101000 %
b100101000 V
0D
b1011000 f
b1100011 h
1r
b10101 t
11
#8360000
b100101000 9
01
#8370000
b1011000 g
1s
0r
b1 R
b100101001 %
b100101001 V
11
#8380000
b100101001 9
01
#8390000
1B
b0 R
b100101010 %
b100101010 V
b1011000 H
b1011000 a
1D
0s
11
#8400000
b100101010 9
01
#8410000
0B
0D
b1011001 f
b1100100 h
1r
b1001111 &
b1001111 U
b10 R
b11 Z
b100101011 %
b100101011 V
b10101 t
11
#8420000
b100101011 9
01
#8430000
b100101100 %
b100101100 V
b1011001 g
1s
0r
11
#8440000
b100101100 9
01
#8450000
b1011001 H
b1011001 a
1D
0s
b100101101 %
b100101101 V
11
#8460000
b100101101 9
01
#8470000
b1010000 &
b1010000 U
1*
0-
b0 Z
b100101110 %
b100101110 V
0D
11
#8480000
b10 >
b100101110 9
01
#8490000
11
#8500000
01
#8510000
11
#8520000
01
#8530000
11
#8540000
01
#8550000
11
#8560000
01
#8570000
11
#8580000
01
#8590000
11
#8600000
01
#8610000
11
#8620000
01
#8630000
11
#8640000
b0 w
b1 u
b1 =
b0 ;
01
#8650000
11
#8660000
b10 4
b1 6
b1 @
01
#8670000
11
#8680000
18
01
#8690000
1?
1-
b1 Z
b0 %
b0 V
b0 R
b0 W
b0 '
b0 T
b0 (
b0 S
b0 &
b0 U
0*
b11 )
b11 Q
00
b1 /
b1 M
b1 _
1Y
11
#8700000
b0 9
b0 6
b0 @
08
01
#8710000
1B
0?
b0 `
b10 Z
b1 %
b1 V
0Y
b0 H
b0 a
b0 G
b0 d
b0 E
b0 p
b0 C
b0 q
b0 o
b0 g
b0 c
b0 f
b0 b
b0 l
b0 k
b0 j
b0 i
b0 h
b0 e
b10101 t
11
#8720000
b1 9
01
#8730000
b1 h
b1 e
b1 W
b10 %
b10 V
b10101 t
11
#8740000
b10 9
01
#8750000
b10 W
b11 %
b11 V
b10 h
b10 e
b10101 t
11
#8760000
b11 9
01
#8770000
b11 h
b11 e
b11 W
b100 %
b100 V
b10101 t
11
#8780000
b100 9
01
#8790000
b100 W
b101 %
b101 V
b100 h
b100 e
b10101 t
11
#8800000
b101 9
01
#8810000
b101 h
b101 e
b101 W
b110 %
b110 V
b10101 t
11
#8820000
b110 9
01
#8830000
b110 W
b111 %
b111 V
b110 h
b110 e
b10101 t
11
#8840000
b111 9
01
#8850000
b111 h
b111 e
b111 W
b1000 %
b1000 V
b10101 t
11
#8860000
b1000 9
01
#8870000
b1000 W
b1001 %
b1001 V
b1000 h
b1000 e
b10101 t
11
#8880000
b1001 9
01
#8890000
b1001 h
b1001 e
b1001 W
b1010 %
b1010 V
b10101 t
11
#8900000
b1010 9
01
#8910000
b1010 W
b1011 %
b1011 V
b1010 h
b1010 e
b10101 t
11
#8920000
b1011 9
01
#8930000
b1011 h
b1011 e
b1011 W
b1100 %
b1100 V
b10101 t
11
#8940000
b1100 9
01
#8950000
b1100 W
b1101 %
b1101 V
b1100 h
b1100 e
b10101 t
11
#8960000
b1101 9
01
#8970000
b1101 h
b1101 e
b1101 W
b1110 %
b1110 V
b10101 t
11
#8980000
b1110 9
01
#8990000
b1110 W
b1111 %
b1111 V
b1110 h
b1110 e
b10101 t
11
#9000000
b1111 9
01
#9010000
b1111 h
b1111 e
b1111 W
b10000 %
b10000 V
b10101 t
11
#9020000
b10000 9
01
#9030000
b10000 W
b10001 %
b10001 V
b10000 h
b10000 e
b10101 t
11
#9040000
b10001 9
01
#9050000
b10001 h
b10001 e
b10001 W
b10010 %
b10010 V
b10101 t
11
#9060000
b10010 9
01
#9070000
b10010 W
b10011 %
b10011 V
b10010 h
b10010 e
b10101 t
11
#9080000
b10011 9
01
#9090000
b10011 h
b10011 e
b10011 W
b10100 %
b10100 V
b10101 t
11
#9100000
b10100 9
01
#9110000
b10100 W
b10101 %
b10101 V
b10100 h
b10100 e
b10101 t
11
#9120000
b10101 9
01
#9130000
b1 m
b1010 f
b1100100 b
b110010000 l
b110010000 k
b110010000 j
b110010000 i
b10101 h
b10101 e
1r
b10101 W
b10110 %
b10110 V
b10101 t
11
#9140000
b10110 9
01
#9150000
b11001000 `
b10110 W
b10111 %
b10111 V
b1 n
b1010 g
b1100100 c
b11001000000 o
1s
b1011 f
b10110 h
b10101 t
11
#9160000
b10111 9
01
#9170000
b1010 H
b1010 a
b1100100 G
b1100100 d
b11001000 C
b11001000 q
b11001000 E
b11001000 p
1D
b1011 g
b1100 f
b10111 h
b10111 W
b11000 %
b11000 V
b10101 t
11
#9180000
b11000 9
01
#9190000
b11001000 '
b11001000 T
b11001000 (
b11001000 S
b1 &
b1 U
b11000 W
b11001 %
b11001 V
b1011 H
b1011 a
b1100 g
b1101 f
b11000 h
b10101 t
11
#9200000
b11001 9
01
#9210000
b1100 H
b1100 a
b1101 g
b1110 f
b11001 h
b10 &
b10 U
b11001 W
b11010 %
b11010 V
b10101 t
11
#9220000
b11010 9
01
#9230000
b11 &
b11 U
b11010 W
b11011 %
b11011 V
b1101 H
b1101 a
b1110 g
b1111 f
b11010 h
b10101 t
11
#9240000
b11011 9
01
#9250000
b1110 H
b1110 a
b1111 g
b10000 f
b11011 h
b100 &
b100 U
b11011 W
b11100 %
b11100 V
b10101 t
11
#9260000
b11100 9
01
#9270000
b101 &
b101 U
b11100 W
b11101 %
b11101 V
b1111 H
b1111 a
b10000 g
b10001 f
b11100 h
b10101 t
11
#9280000
b11101 9
01
#9290000
b10000 H
b10000 a
b10001 g
b10010 f
b11101 h
b110 &
b110 U
b11101 W
b11110 %
b11110 V
b10101 t
11
#9300000
b11110 9
01
#9310000
b111 &
b111 U
b11110 W
b11111 %
b11111 V
b10001 H
b10001 a
b10010 g
b10011 f
b11110 h
b10101 t
11
#9320000
b11111 9
01
#9330000
b10010 H
b10010 a
b10011 g
b10100 f
b11111 h
b1000 &
b1000 U
b11111 W
b100000 %
b100000 V
b10101 t
11
#9340000
b100000 9
01
#9350000
b1001 &
b1001 U
b100000 W
b100001 %
b100001 V
b10011 H
b10011 a
b10100 g
b10101 f
b100000 h
b10101 t
11
#9360000
b100001 9
01
#9370000
b10100 H
b10100 a
b10101 g
b10110 f
b100001 h
b1010 &
b1010 U
b100001 W
b100010 %
b100010 V
b10101 t
11
#9380000
b100010 9
01
#9390000
b1011 &
b1011 U
b100010 W
b100011 %
b100011 V
b10101 H
b10101 a
b10110 g
b10111 f
b100010 h
b10101 t
11
#9400000
b100011 9
01
#9410000
b10110 H
b10110 a
b10111 g
b11000 f
b100011 h
b1100 &
b1100 U
b100011 W
b100100 %
b100100 V
b10101 t
11
#9420000
b100100 9
01
#9430000
b1101 &
b1101 U
b100100 W
b100101 %
b100101 V
b10111 H
b10111 a
b11000 g
b11001 f
b100100 h
b10101 t
11
#9440000
b100101 9
01
#9450000
b11000 H
b11000 a
b11001 g
b11010 f
b100101 h
b1110 &
b1110 U
b100101 W
b100110 %
b100110 V
b10101 t
11
#9460000
b100110 9
01
#9470000
b1111 &
b1111 U
b100110 W
b100111 %
b100111 V
b11001 H
b11001 a
b11010 g
b11011 f
b100110 h
b10101 t
11
#9480000
b100111 9
01
#9490000
b11010 H
b11010 a
b11011 g
b11100 f
b100111 h
b10000 &
b10000 U
b100111 W
b101000 %
b101000 V
b10101 t
11
#9500000
b101000 9
01
#9510000
b10001 &
b10001 U
b101000 W
b101001 %
b101001 V
b11011 H
b11011 a
b11100 g
b11101 f
b101000 h
b10101 t
11
#9520000
b101001 9
01
#9530000
b11100 H
b11100 a
b11101 g
b11110 f
b101001 h
b10010 &
b10010 U
b101001 W
b101010 %
b101010 V
b10101 t
11
#9540000
b101010 9
01
#9550000
b10011 &
b10011 U
b101010 W
b101011 %
b101011 V
b11101 H
b11101 a
b11110 g
b11111 f
b101010 h
b10101 t
11
#9560000
b101011 9
01
#9570000
b11110 H
b11110 a
b11111 g
b100000 f
b101011 h
b10100 &
b10100 U
b101011 W
b101100 %
b101100 V
b10101 t
11
#9580000
b101100 9
01
#9590000
b10101 &
b10101 U
b101100 W
b101101 %
b101101 V
b11111 H
b11111 a
b100000 g
b100001 f
b101100 h
b10101 t
11
#9600000
b101101 9
01
#9610000
b100000 H
b100000 a
b100001 g
b100010 f
b101101 h
b10110 &
b10110 U
b101101 W
b101110 %
b101110 V
b10101 t
11
#9620000
b101110 9
01
#9630000
b10111 &
b10111 U
b101110 W
b101111 %
b101111 V
b100001 H
b100001 a
b100010 g
b100011 f
b101110 h
b10101 t
11
#9640000
b101111 9
01
#9650000
b100010 H
b100010 a
b100011 g
b100100 f
b101111 h
b11000 &
b11000 U
b101111 W
b110000 %
b110000 V
b10101 t
11
#9660000
b110000 9
01
#9670000
b11001 &
b11001 U
b110000 W
b110001 %
b110001 V
b100011 H
b100011 a
b100100 g
b100101 f
b110000 h
b10101 t
11
#9680000
b110001 9
01
#9690000
b100100 H
b100100 a
b100101 g
b100110 f
b110001 h
b11010 &
b11010 U
b110001 W
b110010 %
b110010 V
b10101 t
11
#9700000
b110010 9
01
#9710000
b11011 &
b11011 U
b110010 W
b110011 %
b110011 V
b100101 H
b100101 a
b100110 g
b100111 f
b110010 h
b10101 t
11
#9720000
b110011 9
01
#9730000
b100110 H
b100110 a
b100111 g
b101000 f
b110011 h
b11100 &
b11100 U
b110011 W
b110100 %
b110100 V
b10101 t
11
#9740000
b110100 9
01
#9750000
b11101 &
b11101 U
b110100 W
b110101 %
b110101 V
b100111 H
b100111 a
b101000 g
b101001 f
b110100 h
b10101 t
11
#9760000
b110101 9
01
#9770000
b101000 H
b101000 a
b101001 g
b101010 f
b110101 h
b11110 &
b11110 U
b110101 W
b110110 %
b110110 V
b10101 t
11
#9780000
b110110 9
01
#9790000
b11111 &
b11111 U
b110110 W
b110111 %
b110111 V
b101001 H
b101001 a
b101010 g
b101011 f
b110110 h
b10101 t
11
#9800000
b110111 9
01
#9810000
b101010 H
b101010 a
b101011 g
b101100 f
b110111 h
b100000 &
b100000 U
b110111 W
b111000 %
b111000 V
b10101 t
11
#9820000
b111000 9
01
#9830000
b100001 &
b100001 U
b111000 W
b111001 %
b111001 V
b101011 H
b101011 a
b101100 g
b101101 f
b111000 h
b10101 t
11
#9840000
b111001 9
01
#9850000
b101100 H
b101100 a
b101101 g
b101110 f
b111001 h
b100010 &
b100010 U
b111001 W
b111010 %
b111010 V
b10101 t
11
#9860000
b111010 9
01
#9870000
b100011 &
b100011 U
b111010 W
b111011 %
b111011 V
b101101 H
b101101 a
b101110 g
b101111 f
b111010 h
b10101 t
11
#9880000
b111011 9
01
#9890000
b101110 H
b101110 a
b101111 g
b110000 f
b111011 h
b100100 &
b100100 U
b111011 W
b111100 %
b111100 V
b10101 t
11
#9900000
b111100 9
01
#9910000
b100101 &
b100101 U
b111100 W
b111101 %
b111101 V
b101111 H
b101111 a
b110000 g
b110001 f
b111100 h
b10101 t
11
#9920000
b111101 9
01
#9930000
b110000 H
b110000 a
b110001 g
b110010 f
b111101 h
b100110 &
b100110 U
b111101 W
b111110 %
b111110 V
b10101 t
11
#9940000
b111110 9
01
#9950000
b100111 &
b100111 U
b111110 W
b111111 %
b111111 V
b110001 H
b110001 a
b110010 g
b110011 f
b111110 h
b10101 t
11
#9960000
b111111 9
01
#9970000
b110010 H
b110010 a
b110011 g
b110100 f
b111111 h
b101000 &
b101000 U
b111111 W
b1000000 %
b1000000 V
b10101 t
11
#9980000
b1000000 9
01
#9990000
b101001 &
b101001 U
b1000000 W
b1000001 %
b1000001 V
b110011 H
b110011 a
b110100 g
b110101 f
b1000000 h
b10101 t
11
#10000000
b1000001 9
01
#10010000
b110100 H
b110100 a
b110101 g
b110110 f
b1000001 h
b101010 &
b101010 U
b1000001 W
b1000010 %
b1000010 V
b10101 t
11
#10020000
b1000010 9
01
#10030000
b101011 &
b101011 U
b1000010 W
b1000011 %
b1000011 V
b110101 H
b110101 a
b110110 g
b110111 f
b1000010 h
b10101 t
11
#10040000
b1000011 9
01
#10050000
b110110 H
b110110 a
b110111 g
b111000 f
b1000011 h
b101100 &
b101100 U
b1000011 W
b1000100 %
b1000100 V
b10101 t
11
#10060000
b1000100 9
01
#10070000
b101101 &
b101101 U
b1000100 W
b1000101 %
b1000101 V
b110111 H
b110111 a
b111000 g
b111001 f
b1000100 h
b10101 t
11
#10080000
b1000101 9
01
#10090000
b111000 H
b111000 a
b111001 g
b111010 f
b1000101 h
b101110 &
b101110 U
b1000101 W
b1000110 %
b1000110 V
b10101 t
11
#10100000
b1000110 9
01
#10110000
b101111 &
b101111 U
b1000110 W
b1000111 %
b1000111 V
b111001 H
b111001 a
b111010 g
b111011 f
b1000110 h
b10101 t
11
#10120000
b1000111 9
01
#10130000
b111010 H
b111010 a
b111011 g
b111100 f
b1000111 h
b110000 &
b110000 U
b1000111 W
b1001000 %
b1001000 V
b10101 t
11
#10140000
b1001000 9
01
#10150000
b110001 &
b110001 U
b1001000 W
b1001001 %
b1001001 V
b111011 H
b111011 a
b111100 g
b111101 f
b1001000 h
b10101 t
11
#10160000
b1001001 9
01
#10170000
b111100 H
b111100 a
b111101 g
b111110 f
b1001001 h
b110010 &
b110010 U
b1001001 W
b1001010 %
b1001010 V
b10101 t
11
#10180000
b1001010 9
01
#10190000
b110011 &
b110011 U
b1001010 W
b1001011 %
b1001011 V
b111101 H
b111101 a
b111110 g
b111111 f
b1001010 h
b10101 t
11
#10200000
b1001011 9
01
#10210000
b111110 H
b111110 a
b111111 g
b1000000 f
b1001011 h
b110100 &
b110100 U
b1001011 W
b1001100 %
b1001100 V
b10101 t
11
#10220000
b1001100 9
01
#10230000
b110101 &
b110101 U
b1001100 W
b1001101 %
b1001101 V
b111111 H
b111111 a
b1000000 g
b1000001 f
b1001100 h
b10101 t
11
#10240000
b1001101 9
01
#10250000
b1000000 H
b1000000 a
b1000001 g
b1000010 f
b1001101 h
b110110 &
b110110 U
b1001101 W
b1001110 %
b1001110 V
b10101 t
11
#10260000
b1001110 9
01
#10270000
b110111 &
b110111 U
b1001110 W
b1001111 %
b1001111 V
b1000001 H
b1000001 a
b1000010 g
b1000011 f
b1001110 h
b10101 t
11
#10280000
b1001111 9
01
#10290000
b1000010 H
b1000010 a
b1000011 g
b1000100 f
b1001111 h
b111000 &
b111000 U
b1001111 W
b1010000 %
b1010000 V
b10101 t
11
#10300000
b1010000 9
01
#10310000
b111001 &
b111001 U
b1010000 W
b1010001 %
b1010001 V
b1000011 H
b1000011 a
b1000100 g
b1000101 f
b1010000 h
b10101 t
11
#10320000
b1010001 9
01
#10330000
b1000100 H
b1000100 a
b1000101 g
b1000110 f
b1010001 h
b111010 &
b111010 U
b1010001 W
b1010010 %
b1010010 V
b10101 t
11
#10340000
b1010010 9
01
#10350000
b111011 &
b111011 U
b1010010 W
b1010011 %
b1010011 V
b1000101 H
b1000101 a
b1000110 g
b1000111 f
b1010010 h
b10101 t
11
#10360000
b1010011 9
01
#10370000
b1000110 H
b1000110 a
b1000111 g
b1001000 f
b1010011 h
b111100 &
b111100 U
b1010011 W
b1010100 %
b1010100 V
b10101 t
11
#10380000
b1010100 9
01
#10390000
b111101 &
b111101 U
b1010100 W
b1010101 %
b1010101 V
b1000111 H
b1000111 a
b1001000 g
b1001001 f
b1010100 h
b10101 t
11
#10400000
b1010101 9
01
#10410000
b1001000 H
b1001000 a
b1001001 g
b1001010 f
b1010101 h
b111110 &
b111110 U
b1010101 W
b1010110 %
b1010110 V
b10101 t
11
#10420000
b1010110 9
01
#10430000
b111111 &
b111111 U
b1010110 W
b1010111 %
b1010111 V
b1001001 H
b1001001 a
b1001010 g
b1001011 f
b1010110 h
b10101 t
11
#10440000
b1010111 9
01
#10450000
b1001010 H
b1001010 a
b1001011 g
b1001100 f
b1010111 h
b1000000 &
b1000000 U
b1010111 W
b1011000 %
b1011000 V
b10101 t
11
#10460000
b1011000 9
01
#10470000
b1000001 &
b1000001 U
b1011000 W
b1011001 %
b1011001 V
b1001011 H
b1001011 a
b1001100 g
b1001101 f
b1011000 h
b10101 t
11
#10480000
b1011001 9
01
#10490000
b1001100 H
b1001100 a
b1001101 g
b1001110 f
b1011001 h
b1000010 &
b1000010 U
b1011001 W
b1011010 %
b1011010 V
b10101 t
11
#10500000
b1011010 9
01
#10510000
b1000011 &
b1000011 U
b1011010 W
b1011011 %
b1011011 V
b1001101 H
b1001101 a
b1001110 g
b1001111 f
b1011010 h
b10101 t
11
#10520000
b1011011 9
01
#10530000
b1001110 H
b1001110 a
b1001111 g
b1010000 f
b1011011 h
b1000100 &
b1000100 U
b1011011 W
b1011100 %
b1011100 V
b10101 t
11
#10540000
b1011100 9
01
#10550000
b1000101 &
b1000101 U
b1011100 W
b1011101 %
b1011101 V
b1001111 H
b1001111 a
b1010000 g
b1010001 f
b1011100 h
b10101 t
11
#10560000
b1011101 9
01
#10570000
b1010000 H
b1010000 a
b1010001 g
b1010010 f
b1011101 h
b1000110 &
b1000110 U
b1011101 W
b1011110 %
b1011110 V
b10101 t
11
#10580000
b1011110 9
01
#10590000
b1000111 &
b1000111 U
b1011110 W
b1011111 %
b1011111 V
b1010001 H
b1010001 a
b1010010 g
b1010011 f
b1011110 h
b10101 t
11
#10600000
b1011111 9
01
#10610000
b1010010 H
b1010010 a
b1010011 g
b1010100 f
b1011111 h
b1001000 &
b1001000 U
b1011111 W
b1100000 %
b1100000 V
b10101 t
11
#10620000
b1100000 9
01
#10630000
b1001001 &
b1001001 U
b1100000 W
b1100001 %
b1100001 V
b1010011 H
b1010011 a
b1010100 g
b1010101 f
b1100000 h
b10101 t
11
#10640000
b1100001 9
01
#10650000
b1010100 H
b1010100 a
b1010101 g
b1010110 f
b1100001 h
b1001010 &
b1001010 U
b1100001 W
b1100010 %
b1100010 V
b10101 t
11
#10660000
b1100010 9
01
#10670000
b1001011 &
b1001011 U
b1100010 W
b1100011 %
b1100011 V
b1010101 H
b1010101 a
b1010110 g
b1010111 f
b1100010 h
b10101 t
11
#10680000
b1100011 9
01
#10690000
b1010110 H
b1010110 a
b1010111 g
b1011000 f
b1100011 h
b1001100 &
b1001100 U
b1100011 W
b1100100 %
b1100100 V
b10101 t
11
#10700000
b1100100 9
01
#10710000
0B
b1001101 &
b1001101 U
b11 Z
b1100101 %
b1100101 V
b1010111 H
b1010111 a
b1011000 g
b1011001 f
b1100100 h
b10101 t
11
#10720000
b1100101 9
01
#10730000
b1011000 H
b1011000 a
b1011001 g
0r
b1001110 &
b1001110 U
b1100110 %
b1100110 V
11
#10740000
b1100110 9
01
#10750000
b1001111 &
b1001111 U
b1100111 %
b1100111 V
b1011001 H
b1011001 a
0s
11
#10760000
b1100111 9
01
#10770000
0D
b1010000 &
b1010000 U
1*
0-
b0 Z
b1101000 %
b1101000 V
11
#10780000
b11 >
b1101000 9
01
#10790000
11
#10800000
01
#10810000
11
#10820000
01
#10830000
11
#10840000
01
#10850000
11
#10860000
01
#10870000
11
#10880000
01
#10890000
11
#10900000
01
#10910000
11
#10920000
01
#10930000
11
#10940000
b1 w
b1 ;
01
#10950000
11
#10960000
b11 4
13
b1 6
b1 @
01
#10970000
11
#10980000
18
01
#10990000
1?
1-
b1 Z
b0 %
b0 V
b0 W
b0 '
b0 T
b0 (
b0 S
b0 &
b0 U
0*
b100 )
b100 Q
10
1Y
11
#11000000
b0 9
03
b0 6
b0 @
08
01
#11010000
1B
0?
b0 H
b0 a
b0 G
b0 d
b0 E
b0 p
b0 C
b0 q
b0 o
b0 `
b0 n
b0 g
b0 c
b0 m
b0 f
b0 b
b0 l
b0 k
b0 j
b0 i
b0 h
b0 e
b10 Z
b1 %
b1 V
0Y
b10101 t
11
#11020000
b1 9
01
#11030000
0B
b10 R
b1 W
b10 %
b10 V
b1 h
b1 e
b10101 t
11
#11040000
b10 9
01
#11050000
b1 R
b11 %
b11 V
11
#11060000
b11 9
01
#11070000
1B
b0 R
b100 %
b100 V
11
#11080000
b100 9
01
#11090000
0B
b10 h
b10 e
b10 R
b10 W
b101 %
b101 V
b10101 t
11
#11100000
b101 9
01
#11110000
b1 R
b110 %
b110 V
11
#11120000
b110 9
01
#11130000
1B
b0 R
b111 %
b111 V
11
#11140000
b111 9
01
#11150000
0B
b10 R
b11 W
b1000 %
b1000 V
b11 h
b11 e
b10101 t
11
#11160000
b1000 9
01
#11170000
b1 R
b1001 %
b1001 V
11
#11180000
b1001 9
01
#11190000
1B
b0 R
b1010 %
b1010 V
11
#11200000
b1010 9
01
#11210000
0B
b100 h
b100 e
b10 R
b100 W
b1011 %
b1011 V
b10101 t
11
#11220000
b1011 9
01
#11230000
b1 R
b1100 %
b1100 V
11
#11240000
b1100 9
01
#11250000
1B
b0 R
b1101 %
b1101 V
11
#11260000
b1101 9
01
#11270000
0B
b10 R
b101 W
b1110 %
b1110 V
b101 h
b101 e
b10101 t
11
#11280000
b1110 9
01
#11290000
b1 R
b1111 %
b1111 V
11
#11300000
b1111 9
01
#11310000
1B
b0 R
b10000 %
b10000 V
11
#11320000
b10000 9
01
#11330000
0B
b110 h
b110 e
b10 R
b110 W
b10001 %
b10001 V
b10101 t
11
#11340000
b10001 9
01
#11350000
b1 R
b10010 %
b10010 V
11
#11360000
b10010 9
01
#11370000
1B
b0 R
b10011 %
b10011 V
11
#11380000
b10011 9
01
#11390000
0B
b10 R
b111 W
b10100 %
b10100 V
b111 h
b111 e
b10101 t
11
#11400000
b10100 9
01
#11410000
b1 R
b10101 %
b10101 V
11
#11420000
b10101 9
01
#11430000
1B
b0 R
b10110 %
b10110 V
11
#11440000
b10110 9
01
#11450000
0B
b1000 h
b1000 e
b10 R
b1000 W
b10111 %
b10111 V
b10101 t
11
#11460000
b10111 9
01
#11470000
b1 R
b11000 %
b11000 V
11
#11480000
b11000 9
01
#11490000
1B
b0 R
b11001 %
b11001 V
11
#11500000
b11001 9
01
#11510000
0B
b10 R
b1001 W
b11010 %
b11010 V
b1001 h
b1001 e
b10101 t
11
#11520000
b11010 9
01
#11530000
b1 R
b11011 %
b11011 V
11
#11540000
b11011 9
01
#11550000
1B
b0 R
b11100 %
b11100 V
11
#11560000
b11100 9
01
#11570000
0B
b1010 h
b1010 e
b10 R
b1010 W
b11101 %
b11101 V
b10101 t
11
#11580000
b11101 9
01
#11590000
b1 R
b11110 %
b11110 V
11
#11600000
b11110 9
01
#11610000
1B
b0 R
b11111 %
b11111 V
11
#11620000
b11111 9
01
#11630000
0B
b10 R
b1011 W
b100000 %
b100000 V
b1011 h
b1011 e
b10101 t
11
#11640000
b100000 9
01
#11650000
b1 R
b100001 %
b100001 V
11
#11660000
b100001 9
01
#11670000
1B
b0 R
b100010 %
b100010 V
11
#11680000
b100010 9
01
#11690000
0B
b1100 h
b1100 e
b10 R
b1100 W
b100011 %
b100011 V
b10101 t
11
#11700000
b100011 9
01
#11710000
b1 R
b100100 %
b100100 V
11
#11720000
b100100 9
01
#11730000
1B
b0 R
b100101 %
b100101 V
11
#11740000
b100101 9
01
#11750000
0B
b10 R
b1101 W
b100110 %
b100110 V
b1101 h
b1101 e
b10101 t
11
#11760000
b100110 9
01
#11770000
b1 R
b100111 %
b100111 V
11
#11780000
b100111 9
01
#11790000
1B
b0 R
b101000 %
b101000 V
11
#11800000
b101000 9
01
#11810000
0B
b1110 h
b1110 e
b10 R
b1110 W
b101001 %
b101001 V
b10101 t
11
#11820000
b101001 9
01
#11830000
b1 R
b101010 %
b101010 V
11
#11840000
b101010 9
01
#11850000
1B
b0 R
b101011 %
b101011 V
11
#11860000
b101011 9
01
#11870000
0B
b10 R
b1111 W
b101100 %
b101100 V
b1111 h
b1111 e
b10101 t
11
#11880000
b101100 9
01
#11890000
b1 R
b101101 %
b101101 V
11
#11900000
b101101 9
01
#11910000
1B
b0 R
b101110 %
b101110 V
11
#11920000
b101110 9
01
#11930000
0B
b10000 h
b10000 e
b10 R
b10000 W
b101111 %
b101111 V
b10101 t
11
#11940000
b101111 9
01
#11950000
b1 R
b110000 %
b110000 V
11
#11960000
b110000 9
01
#11970000
1B
b0 R
b110001 %
b110001 V
11
#11980000
b110001 9
01
#11990000
0B
b10 R
b10001 W
b110010 %
b110010 V
b10001 h
b10001 e
b10101 t
11
#12000000
b110010 9
01
#12010000
b1 R
b110011 %
b110011 V
11
#12020000
b110011 9
01
#12030000
1B
b0 R
b110100 %
b110100 V
11
#12040000
b110100 9
01
#12050000
0B
b10010 h
b10010 e
b10 R
b10010 W
b110101 %
b110101 V
b10101 t
11
#12060000
b110101 9
01
#12070000
b1 R
b110110 %
b110110 V
11
#12080000
b110110 9
01
#12090000
1B
b0 R
b110111 %
b110111 V
11
#12100000
b110111 9
01
#12110000
0B
b10 R
b10011 W
b111000 %
b111000 V
b10011 h
b10011 e
b10101 t
11
#12120000
b111000 9
01
#12130000
b1 R
b111001 %
b111001 V
11
#12140000
b111001 9
01
#12150000
1B
b0 R
b111010 %
b111010 V
11
#12160000
b111010 9
01
#12170000
0B
b10100 h
b10100 e
b10 R
b10100 W
b111011 %
b111011 V
b10101 t
11
#12180000
b111011 9
01
#12190000
b1 R
b111100 %
b111100 V
11
#12200000
b111100 9
01
#12210000
1B
b0 R
b111101 %
b111101 V
11
#12220000
b111101 9
01
#12230000
0B
b10 R
b10101 W
b111110 %
b111110 V
b1 m
b1010 f
b1100100 b
b110010000 l
b110010000 k
b110010000 j
b110010000 i
b10101 h
b10101 e
1r
b10101 t
11
#12240000
b111110 9
01
#12250000
b11001000 `
b1 n
b1010 g
b1100100 c
b11001000000 o
1s
0r
b1 R
b111111 %
b111111 V
11
#12260000
b111111 9
01
#12270000
1B
b0 R
b1000000 %
b1000000 V
b1010 H
b1010 a
b1100100 G
b1100100 d
b11001000 C
b11001000 q
b11001000 E
b11001000 p
1D
0s
11
#12280000
b1000000 9
01
#12290000
0B
0D
b1011 f
b10110 h
1r
b11001000 '
b11001000 T
b11001000 (
b11001000 S
b1 &
b1 U
b10 R
b10110 W
b1000001 %
b1000001 V
b10101 t
11
#12300000
b1000001 9
01
#12310000
b1 R
b1000010 %
b1000010 V
b1011 g
1s
0r
11
#12320000
b1000010 9
01
#12330000
1B
b1011 H
b1011 a
1D
0s
b0 R
b1000011 %
b1000011 V
11
#12340000
b1000011 9
01
#12350000
0B
b10 &
b10 U
b10 R
b10111 W
b1000100 %
b1000100 V
0D
b1100 f
b10111 h
1r
b10101 t
11
#12360000
b1000100 9
01
#12370000
b1100 g
1s
0r
b1 R
b1000101 %
b1000101 V
11
#12380000
b1000101 9
01
#12390000
1B
b0 R
b1000110 %
b1000110 V
b1100 H
b1100 a
1D
0s
11
#12400000
b1000110 9
01
#12410000
0B
0D
b1101 f
b11000 h
1r
b11 &
b11 U
b10 R
b11000 W
b1000111 %
b1000111 V
b10101 t
11
#12420000
b1000111 9
01
#12430000
b1 R
b1001000 %
b1001000 V
b1101 g
1s
0r
11
#12440000
b1001000 9
01
#12450000
1B
b1101 H
b1101 a
1D
0s
b0 R
b1001001 %
b1001001 V
11
#12460000
b1001001 9
01
#12470000
0B
b100 &
b100 U
b10 R
b11001 W
b1001010 %
b1001010 V
0D
b1110 f
b11001 h
1r
b10101 t
11
#12480000
b1001010 9
01
#12490000
b1110 g
1s
0r
b1 R
b1001011 %
b1001011 V
11
#12500000
b1001011 9
01
#12510000
1B
b0 R
b1001100 %
b1001100 V
b1110 H
b1110 a
1D
0s
11
#12520000
b1001100 9
01
#12530000
0B
0D
b1111 f
b11010 h
1r
b101 &
b101 U
b10 R
b11010 W
b1001101 %
b1001101 V
b10101 t
11
#12540000
b1001101 9
01
#12550000
b1 R
b1001110 %
b1001110 V
b1111 g
1s
0r
11
#12560000
b1001110 9
01
#12570000
1B
b1111 H
b1111 a
1D
0s
b0 R
b1001111 %
b1001111 V
11
#12580000
b1001111 9
01
#12590000
0B
b110 &
b110 U
b10 R
b11011 W
b1010000 %
b1010000 V
0D
b10000 f
b11011 h
1r
b10101 t
11
#12600000
b1010000 9
01
#12610000
b10000 g
1s
0r
b1 R
b1010001 %
b1010001 V
11
#12620000
b1010001 9
01
#12630000
1B
b0 R
b1010010 %
b1010010 V
b10000 H
b10000 a
1D
0s
11
#12640000
b1010010 9
01
#12650000
0B
0D
b10001 f
b11100 h
1r
b111 &
b111 U
b10 R
b11100 W
b1010011 %
b1010011 V
b10101 t
11
#12660000
b1010011 9
01
#12670000
b1 R
b1010100 %
b1010100 V
b10001 g
1s
0r
11
#12680000
b1010100 9
01
#12690000
1B
b10001 H
b10001 a
1D
0s
b0 R
b1010101 %
b1010101 V
11
#12700000
b1010101 9
01
#12710000
0B
b1000 &
b1000 U
b10 R
b11101 W
b1010110 %
b1010110 V
0D
b10010 f
b11101 h
1r
b10101 t
11
#12720000
b1010110 9
01
#12730000
b10010 g
1s
0r
b1 R
b1010111 %
b1010111 V
11
#12740000
b1010111 9
01
#12750000
1B
b0 R
b1011000 %
b1011000 V
b10010 H
b10010 a
1D
0s
11
#12760000
b1011000 9
01
#12770000
0B
0D
b10011 f
b11110 h
1r
b1001 &
b1001 U
b10 R
b11110 W
b1011001 %
b1011001 V
b10101 t
11
#12780000
b1011001 9
01
#12790000
b1 R
b1011010 %
b1011010 V
b10011 g
1s
0r
11
#12800000
b1011010 9
01
#12810000
1B
b10011 H
b10011 a
1D
0s
b0 R
b1011011 %
b1011011 V
11
#12820000
b1011011 9
01
#12830000
0B
b1010 &
b1010 U
b10 R
b11111 W
b1011100 %
b1011100 V
0D
b10100 f
b11111 h
1r
b10101 t
11
#12840000
b1011100 9
01
#12850000
b10100 g
1s
0r
b1 R
b1011101 %
b1011101 V
11
#12860000
b1011101 9
01
#12870000
1B
b0 R
b1011110 %
b1011110 V
b10100 H
b10100 a
1D
0s
11
#12880000
b1011110 9
01
#12890000
0B
0D
b10101 f
b100000 h
1r
b1011 &
b1011 U
b10 R
b100000 W
b1011111 %
b1011111 V
b10101 t
11
#12900000
b1011111 9
01
#12910000
b1 R
b1100000 %
b1100000 V
b10101 g
1s
0r
11
#12920000
b1100000 9
01
#12930000
1B
b10101 H
b10101 a
1D
0s
b0 R
b1100001 %
b1100001 V
11
#12940000
b1100001 9
01
#12950000
0B
b1100 &
b1100 U
b10 R
b100001 W
b1100010 %
b1100010 V
0D
b10110 f
b100001 h
1r
b10101 t
11
#12960000
b1100010 9
01
#12970000
b10110 g
1s
0r
b1 R
b1100011 %
b1100011 V
11
#12980000
b1100011 9
01
#12990000
1B
b0 R
b1100100 %
b1100100 V
b10110 H
b10110 a
1D
0s
11
#13000000
b1100100 9
01
#13010000
0B
0D
b10111 f
b100010 h
1r
b1101 &
b1101 U
b10 R
b100010 W
b1100101 %
b1100101 V
b10101 t
11
#13020000
b1100101 9
01
#13030000
b1 R
b1100110 %
b1100110 V
b10111 g
1s
0r
11
#13040000
b1100110 9
01
#13050000
1B
b10111 H
b10111 a
1D
0s
b0 R
b1100111 %
b1100111 V
11
#13060000
b1100111 9
01
#13070000
0B
b1110 &
b1110 U
b10 R
b100011 W
b1101000 %
b1101000 V
0D
b11000 f
b100011 h
1r
b10101 t
11
#13080000
b1101000 9
01
#13090000
b11000 g
1s
0r
b1 R
b1101001 %
b1101001 V
11
#13100000
b1101001 9
01
#13110000
1B
b0 R
b1101010 %
b1101010 V
b11000 H
b11000 a
1D
0s
11
#13120000
b1101010 9
01
#13130000
0B
0D
b11001 f
b100100 h
1r
b1111 &
b1111 U
b10 R
b100100 W
b1101011 %
b1101011 V
b10101 t
11
#13140000
b1101011 9
01
#13150000
b1 R
b1101100 %
b1101100 V
b11001 g
1s
0r
11
#13160000
b1101100 9
01
#13170000
1B
b11001 H
b11001 a
1D
0s
b0 R
b1101101 %
b1101101 V
11
#13180000
b1101101 9
01
#13190000
0B
b10000 &
b10000 U
b10 R
b100101 W
b1101110 %
b1101110 V
0D
b11010 f
b100101 h
1r
b10101 t
11
#13200000
b1101110 9
01
#13210000
b11010 g
1s
0r
b1 R
b1101111 %
b1101111 V
11
#13220000
b1101111 9
01
#13230000
1B
b0 R
b1110000 %
b1110000 V
b11010 H
b11010 a
1D
0s
11
#13240000
b1110000 9
01
#13250000
0B
0D
b11011 f
b100110 h
1r
b10001 &
b10001 U
b10 R
b100110 W
b1110001 %
b1110001 V
b10101 t
11
#13260000
b1110001 9
01
#13270000
b1 R
b1110010 %
b1110010 V
b11011 g
1s
0r
11
#13280000
b1110010 9
01
#13290000
1B
b11011 H
b11011 a
1D
0s
b0 R
b1110011 %
b1110011 V
11
#13300000
b1110011 9
01
#13310000
0B
b10010 &
b10010 U
b10 R
b100111 W
b1110100 %
b1110100 V
0D
b11100 f
b100111 h
1r
b10101 t
11
#13320000
b1110100 9
01
#13330000
b11100 g
1s
0r
b1 R
b1110101 %
b1110101 V
11
#13340000
b1110101 9
01
#13350000
1B
b0 R
b1110110 %
b1110110 V
b11100 H
b11100 a
1D
0s
11
#13360000
b1110110 9
01
#13370000
0B
0D
b11101 f
b101000 h
1r
b10011 &
b10011 U
b10 R
b101000 W
b1110111 %
b1110111 V
b10101 t
11
#13380000
b1110111 9
01
#13390000
b1 R
b1111000 %
b1111000 V
b11101 g
1s
0r
11
#13400000
b1111000 9
01
#13410000
1B
b11101 H
b11101 a
1D
0s
b0 R
b1111001 %
b1111001 V
11
#13420000
b1111001 9
01
#13430000
0B
b10100 &
b10100 U
b10 R
b101001 W
b1111010 %
b1111010 V
0D
b11110 f
b101001 h
1r
b10101 t
11
#13440000
b1111010 9
01
#13450000
b11110 g
1s
0r
b1 R
b1111011 %
b1111011 V
11
#13460000
b1111011 9
01
#13470000
1B
b0 R
b1111100 %
b1111100 V
b11110 H
b11110 a
1D
0s
11
#13480000
b1111100 9
01
#13490000
0B
0D
b11111 f
b101010 h
1r
b10101 &
b10101 U
b10 R
b101010 W
b1111101 %
b1111101 V
b10101 t
11
#13500000
b1111101 9
01
#13510000
b1 R
b1111110 %
b1111110 V
b11111 g
1s
0r
11
#13520000
b1111110 9
01
#13530000
1B
b11111 H
b11111 a
1D
0s
b0 R
b1111111 %
b1111111 V
11
#13540000
b1111111 9
01
#13550000
0B
b10110 &
b10110 U
b10 R
b101011 W
b10000000 %
b10000000 V
0D
b100000 f
b101011 h
1r
b10101 t
11
#13560000
b10000000 9
01
#13570000
b100000 g
1s
0r
b1 R
b10000001 %
b10000001 V
11
#13580000
b10000001 9
01
#13590000
1B
b0 R
b10000010 %
b10000010 V
b100000 H
b100000 a
1D
0s
11
#13600000
b10000010 9
01
#13610000
0B
0D
b100001 f
b101100 h
1r
b10111 &
b10111 U
b10 R
b101100 W
b10000011 %
b10000011 V
b10101 t
11
#13620000
b10000011 9
01
#13630000
b1 R
b10000100 %
b10000100 V
b100001 g
1s
0r
11
#13640000
b10000100 9
01
#13650000
1B
b100001 H
b100001 a
1D
0s
b0 R
b10000101 %
b10000101 V
11
#13660000
b10000101 9
01
#13670000
0B
b11000 &
b11000 U
b10 R
b101101 W
b10000110 %
b10000110 V
0D
b100010 f
b101101 h
1r
b10101 t
11
#13680000
b10000110 9
01
#13690000
b100010 g
1s
0r
b1 R
b10000111 %
b10000111 V
11
#13700000
b10000111 9
01
#13710000
1B
b0 R
b10001000 %
b10001000 V
b100010 H
b100010 a
1D
0s
11
#13720000
b10001000 9
01
#13730000
0B
0D
b100011 f
b101110 h
1r
b11001 &
b11001 U
b10 R
b101110 W
b10001001 %
b10001001 V
b10101 t
11
#13740000
b10001001 9
01
#13750000
b1 R
b10001010 %
b10001010 V
b100011 g
1s
0r
11
#13760000
b10001010 9
01
#13770000
1B
b100011 H
b100011 a
1D
0s
b0 R
b10001011 %
b10001011 V
11
#13780000
b10001011 9
01
#13790000
0B
b11010 &
b11010 U
b10 R
b101111 W
b10001100 %
b10001100 V
0D
b100100 f
b101111 h
1r
b10101 t
11
#13800000
b10001100 9
01
#13810000
b100100 g
1s
0r
b1 R
b10001101 %
b10001101 V
11
#13820000
b10001101 9
01
#13830000
1B
b0 R
b10001110 %
b10001110 V
b100100 H
b100100 a
1D
0s
11
#13840000
b10001110 9
01
#13850000
0B
0D
b100101 f
b110000 h
1r
b11011 &
b11011 U
b10 R
b110000 W
b10001111 %
b10001111 V
b10101 t
11
#13860000
b10001111 9
01
#13870000
b1 R
b10010000 %
b10010000 V
b100101 g
1s
0r
11
#13880000
b10010000 9
01
#13890000
1B
b100101 H
b100101 a
1D
0s
b0 R
b10010001 %
b10010001 V
11
#13900000
b10010001 9
01
#13910000
0B
b11100 &
b11100 U
b10 R
b110001 W
b10010010 %
b10010010 V
0D
b100110 f
b110001 h
1r
b10101 t
11
#13920000
b10010010 9
01
#13930000
b100110 g
1s
0r
b1 R
b10010011 %
b10010011 V
11
#13940000
b10010011 9
01
#13950000
1B
b0 R
b10010100 %
b10010100 V
b100110 H
b100110 a
1D
0s
11
#13960000
b10010100 9
01
#13970000
0B
0D
b100111 f
b110010 h
1r
b11101 &
b11101 U
b10 R
b110010 W
b10010101 %
b10010101 V
b10101 t
11
#13980000
b10010101 9
01
#13990000
b1 R
b10010110 %
b10010110 V
b100111 g
1s
0r
11
#14000000
b10010110 9
01
#14010000
1B
b100111 H
b100111 a
1D
0s
b0 R
b10010111 %
b10010111 V
11
#14020000
b10010111 9
01
#14030000
0B
b11110 &
b11110 U
b10 R
b110011 W
b10011000 %
b10011000 V
0D
b101000 f
b110011 h
1r
b10101 t
11
#14040000
b10011000 9
01
#14050000
b101000 g
1s
0r
b1 R
b10011001 %
b10011001 V
11
#14060000
b10011001 9
01
#14070000
1B
b0 R
b10011010 %
b10011010 V
b101000 H
b101000 a
1D
0s
11
#14080000
b10011010 9
01
#14090000
0B
0D
b101001 f
b110100 h
1r
b11111 &
b11111 U
b10 R
b110100 W
b10011011 %
b10011011 V
b10101 t
11
#14100000
b10011011 9
01
#14110000
b1 R
b10011100 %
b10011100 V
b101001 g
1s
0r
11
#14120000
b10011100 9
01
#14130000
1B
b101001 H
b101001 a
1D
0s
b0 R
b10011101 %
b10011101 V
11
#14140000
b10011101 9
01
#14150000
0B
b100000 &
b100000 U
b10 R
b110101 W
b10011110 %
b10011110 V
0D
b101010 f
b110101 h
1r
b10101 t
11
#14160000
b10011110 9
01
#14170000
b101010 g
1s
0r
b1 R
b10011111 %
b10011111 V
11
#14180000
b10011111 9
01
#14190000
1B
b0 R
b10100000 %
b10100000 V
b101010 H
b101010 a
1D
0s
11
#14200000
b10100000 9
01
#14210000
0B
0D
b101011 f
b110110 h
1r
b100001 &
b100001 U
b10 R
b110110 W
b10100001 %
b10100001 V
b10101 t
11
#14220000
b10100001 9
01
#14230000
b1 R
b10100010 %
b10100010 V
b101011 g
1s
0r
11
#14240000
b10100010 9
01
#14250000
1B
b101011 H
b101011 a
1D
0s
b0 R
b10100011 %
b10100011 V
11
#14260000
b10100011 9
01
#14270000
0B
b100010 &
b100010 U
b10 R
b110111 W
b10100100 %
b10100100 V
0D
b101100 f
b110111 h
1r
b10101 t
11
#14280000
b10100100 9
01
#14290000
b101100 g
1s
0r
b1 R
b10100101 %
b10100101 V
11
#14300000
b10100101 9
01
#14310000
1B
b0 R
b10100110 %
b10100110 V
b101100 H
b101100 a
1D
0s
11
#14320000
b10100110 9
01
#14330000
0B
0D
b101101 f
b111000 h
1r
b100011 &
b100011 U
b10 R
b111000 W
b10100111 %
b10100111 V
b10101 t
11
#14340000
b10100111 9
01
#14350000
b1 R
b10101000 %
b10101000 V
b101101 g
1s
0r
11
#14360000
b10101000 9
01
#14370000
1B
b101101 H
b101101 a
1D
0s
b0 R
b10101001 %
b10101001 V
11
#14380000
b10101001 9
01
#14390000
0B
b100100 &
b100100 U
b10 R
b111001 W
b10101010 %
b10101010 V
0D
b101110 f
b111001 h
1r
b10101 t
11
#14400000
b10101010 9
01
#14410000
b101110 g
1s
0r
b1 R
b10101011 %
b10101011 V
11
#14420000
b10101011 9
01
#14430000
1B
b0 R
b10101100 %
b10101100 V
b101110 H
b101110 a
1D
0s
11
#14440000
b10101100 9
01
#14450000
0B
0D
b101111 f
b111010 h
1r
b100101 &
b100101 U
b10 R
b111010 W
b10101101 %
b10101101 V
b10101 t
11
#14460000
b10101101 9
01
#14470000
b1 R
b10101110 %
b10101110 V
b101111 g
1s
0r
11
#14480000
b10101110 9
01
#14490000
1B
b101111 H
b101111 a
1D
0s
b0 R
b10101111 %
b10101111 V
11
#14500000
b10101111 9
01
#14510000
0B
b100110 &
b100110 U
b10 R
b111011 W
b10110000 %
b10110000 V
0D
b110000 f
b111011 h
1r
b10101 t
11
#14520000
b10110000 9
01
#14530000
b110000 g
1s
0r
b1 R
b10110001 %
b10110001 V
11
#14540000
b10110001 9
01
#14550000
1B
b0 R
b10110010 %
b10110010 V
b110000 H
b110000 a
1D
0s
11
#14560000
b10110010 9
01
#14570000
0B
0D
b110001 f
b111100 h
1r
b100111 &
b100111 U
b10 R
b111100 W
b10110011 %
b10110011 V
b10101 t
11
#14580000
b10110011 9
01
#14590000
b1 R
b10110100 %
b10110100 V
b110001 g
1s
0r
11
#14600000
b10110100 9
01
#14610000
1B
b110001 H
b110001 a
1D
0s
b0 R
b10110101 %
b10110101 V
11
#14620000
b10110101 9
01
#14630000
0B
b101000 &
b101000 U
b10 R
b111101 W
b10110110 %
b10110110 V
0D
b110010 f
b111101 h
1r
b10101 t
11
#14640000
b10110110 9
01
#14650000
b110010 g
1s
0r
b1 R
b10110111 %
b10110111 V
11
#14660000
b10110111 9
01
#14670000
1B
b0 R
b10111000 %
b10111000 V
b110010 H
b110010 a
1D
0s
11
#14680000
b10111000 9
01
#14690000
0B
0D
b110011 f
b111110 h
1r
b101001 &
b101001 U
b10 R
b111110 W
b10111001 %
b10111001 V
b10101 t
11
#14700000
b10111001 9
01
#14710000
b1 R
b10111010 %
b10111010 V
b110011 g
1s
0r
11
#14720000
b10111010 9
01
#14730000
1B
b110011 H
b110011 a
1D
0s
b0 R
b10111011 %
b10111011 V
11
#14740000
b10111011 9
01
#14750000
0B
b101010 &
b101010 U
b10 R
b111111 W
b10111100 %
b10111100 V
0D
b110100 f
b111111 h
1r
b10101 t
11
#14760000
b10111100 9
01
#14770000
b110100 g
1s
0r
b1 R
b10111101 %
b10111101 V
11
#14780000
b10111101 9
01
#14790000
1B
b0 R
b10111110 %
b10111110 V
b110100 H
b110100 a
1D
0s
11
#14800000
b10111110 9
01
#14810000
0B
0D
b110101 f
b1000000 h
1r
b101011 &
b101011 U
b10 R
b1000000 W
b10111111 %
b10111111 V
b10101 t
11
#14820000
b10111111 9
01
#14830000
b1 R
b11000000 %
b11000000 V
b110101 g
1s
0r
11
#14840000
b11000000 9
01
#14850000
1B
b110101 H
b110101 a
1D
0s
b0 R
b11000001 %
b11000001 V
11
#14860000
b11000001 9
01
#14870000
0B
b101100 &
b101100 U
b10 R
b1000001 W
b11000010 %
b11000010 V
0D
b110110 f
b1000001 h
1r
b10101 t
11
#14880000
b11000010 9
01
#14890000
b110110 g
1s
0r
b1 R
b11000011 %
b11000011 V
11
#14900000
b11000011 9
01
#14910000
1B
b0 R
b11000100 %
b11000100 V
b110110 H
b110110 a
1D
0s
11
#14920000
b11000100 9
01
#14930000
0B
0D
b110111 f
b1000010 h
1r
b101101 &
b101101 U
b10 R
b1000010 W
b11000101 %
b11000101 V
b10101 t
11
#14940000
b11000101 9
01
#14950000
b1 R
b11000110 %
b11000110 V
b110111 g
1s
0r
11
#14960000
b11000110 9
01
#14970000
1B
b110111 H
b110111 a
1D
0s
b0 R
b11000111 %
b11000111 V
11
#14980000
b11000111 9
01
#14990000
0B
b101110 &
b101110 U
b10 R
b1000011 W
b11001000 %
b11001000 V
0D
b111000 f
b1000011 h
1r
b10101 t
11
#15000000
b11001000 9
01
#15010000
b111000 g
1s
0r
b1 R
b11001001 %
b11001001 V
11
#15020000
b11001001 9
01
#15030000
1B
b0 R
b11001010 %
b11001010 V
b111000 H
b111000 a
1D
0s
11
#15040000
b11001010 9
01
#15050000
0B
0D
b111001 f
b1000100 h
1r
b101111 &
b101111 U
b10 R
b1000100 W
b11001011 %
b11001011 V
b10101 t
11
#15060000
b11001011 9
01
#15070000
b1 R
b11001100 %
b11001100 V
b111001 g
1s
0r
11
#15080000
b11001100 9
01
#15090000
1B
b111001 H
b111001 a
1D
0s
b0 R
b11001101 %
b11001101 V
11
#15100000
b11001101 9
01
#15110000
0B
b110000 &
b110000 U
b10 R
b1000101 W
b11001110 %
b11001110 V
0D
b111010 f
b1000101 h
1r
b10101 t
11
#15120000
b11001110 9
01
#15130000
b111010 g
1s
0r
b1 R
b11001111 %
b11001111 V
11
#15140000
b11001111 9
01
#15150000
1B
b0 R
b11010000 %
b11010000 V
b111010 H
b111010 a
1D
0s
11
#15160000
b11010000 9
01
#15170000
0B
0D
b111011 f
b1000110 h
1r
b110001 &
b110001 U
b10 R
b1000110 W
b11010001 %
b11010001 V
b10101 t
11
#15180000
b11010001 9
01
#15190000
b1 R
b11010010 %
b11010010 V
b111011 g
1s
0r
11
#15200000
b11010010 9
01
#15210000
1B
b111011 H
b111011 a
1D
0s
b0 R
b11010011 %
b11010011 V
11
#15220000
b11010011 9
01
#15230000
0B
b110010 &
b110010 U
b10 R
b1000111 W
b11010100 %
b11010100 V
0D
b111100 f
b1000111 h
1r
b10101 t
11
#15240000
b11010100 9
01
#15250000
b111100 g
1s
0r
b1 R
b11010101 %
b11010101 V
11
#15260000
b11010101 9
01
#15270000
1B
b0 R
b11010110 %
b11010110 V
b111100 H
b111100 a
1D
0s
11
#15280000
b11010110 9
01
#15290000
0B
0D
b111101 f
b1001000 h
1r
b110011 &
b110011 U
b10 R
b1001000 W
b11010111 %
b11010111 V
b10101 t
11
#15300000
b11010111 9
01
#15310000
b1 R
b11011000 %
b11011000 V
b111101 g
1s
0r
11
#15320000
b11011000 9
01
#15330000
1B
b111101 H
b111101 a
1D
0s
b0 R
b11011001 %
b11011001 V
11
#15340000
b11011001 9
01
#15350000
0B
b110100 &
b110100 U
b10 R
b1001001 W
b11011010 %
b11011010 V
0D
b111110 f
b1001001 h
1r
b10101 t
11
#15360000
b11011010 9
01
#15370000
b111110 g
1s
0r
b1 R
b11011011 %
b11011011 V
11
#15380000
b11011011 9
01
#15390000
1B
b0 R
b11011100 %
b11011100 V
b111110 H
b111110 a
1D
0s
11
#15400000
b11011100 9
01
#15410000
0B
0D
b111111 f
b1001010 h
1r
b110101 &
b110101 U
b10 R
b1001010 W
b11011101 %
b11011101 V
b10101 t
11
#15420000
b11011101 9
01
#15430000
b1 R
b11011110 %
b11011110 V
b111111 g
1s
0r
11
#15440000
b11011110 9
01
#15450000
1B
b111111 H
b111111 a
1D
0s
b0 R
b11011111 %
b11011111 V
11
#15460000
b11011111 9
01
#15470000
0B
b110110 &
b110110 U
b10 R
b1001011 W
b11100000 %
b11100000 V
0D
b1000000 f
b1001011 h
1r
b10101 t
11
#15480000
b11100000 9
01
#15490000
b1000000 g
1s
0r
b1 R
b11100001 %
b11100001 V
11
#15500000
b11100001 9
01
#15510000
1B
b0 R
b11100010 %
b11100010 V
b1000000 H
b1000000 a
1D
0s
11
#15520000
b11100010 9
01
#15530000
0B
0D
b1000001 f
b1001100 h
1r
b110111 &
b110111 U
b10 R
b1001100 W
b11100011 %
b11100011 V
b10101 t
11
#15540000
b11100011 9
01
#15550000
b1 R
b11100100 %
b11100100 V
b1000001 g
1s
0r
11
#15560000
b11100100 9
01
#15570000
1B
b1000001 H
b1000001 a
1D
0s
b0 R
b11100101 %
b11100101 V
11
#15580000
b11100101 9
01
#15590000
0B
b111000 &
b111000 U
b10 R
b1001101 W
b11100110 %
b11100110 V
0D
b1000010 f
b1001101 h
1r
b10101 t
11
#15600000
b11100110 9
01
#15610000
b1000010 g
1s
0r
b1 R
b11100111 %
b11100111 V
11
#15620000
b11100111 9
01
#15630000
1B
b0 R
b11101000 %
b11101000 V
b1000010 H
b1000010 a
1D
0s
11
#15640000
b11101000 9
01
#15650000
0B
0D
b1000011 f
b1001110 h
1r
b111001 &
b111001 U
b10 R
b1001110 W
b11101001 %
b11101001 V
b10101 t
11
#15660000
b11101001 9
01
#15670000
b1 R
b11101010 %
b11101010 V
b1000011 g
1s
0r
11
#15680000
b11101010 9
01
#15690000
1B
b1000011 H
b1000011 a
1D
0s
b0 R
b11101011 %
b11101011 V
11
#15700000
b11101011 9
01
#15710000
0B
b111010 &
b111010 U
b10 R
b1001111 W
b11101100 %
b11101100 V
0D
b1000100 f
b1001111 h
1r
b10101 t
11
#15720000
b11101100 9
01
#15730000
b1000100 g
1s
0r
b1 R
b11101101 %
b11101101 V
11
#15740000
b11101101 9
01
#15750000
1B
b0 R
b11101110 %
b11101110 V
b1000100 H
b1000100 a
1D
0s
11
#15760000
b11101110 9
01
#15770000
0B
0D
b1000101 f
b1010000 h
1r
b111011 &
b111011 U
b10 R
b1010000 W
b11101111 %
b11101111 V
b10101 t
11
#15780000
b11101111 9
01
#15790000
b1 R
b11110000 %
b11110000 V
b1000101 g
1s
0r
11
#15800000
b11110000 9
01
#15810000
1B
b1000101 H
b1000101 a
1D
0s
b0 R
b11110001 %
b11110001 V
11
#15820000
b11110001 9
01
#15830000
0B
b111100 &
b111100 U
b10 R
b1010001 W
b11110010 %
b11110010 V
0D
b1000110 f
b1010001 h
1r
b10101 t
11
#15840000
b11110010 9
01
#15850000
b1000110 g
1s
0r
b1 R
b11110011 %
b11110011 V
11
#15860000
b11110011 9
01
#15870000
1B
b0 R
b11110100 %
b11110100 V
b1000110 H
b1000110 a
1D
0s
11
#15880000
b11110100 9
01
#15890000
0B
0D
b1000111 f
b1010010 h
1r
b111101 &
b111101 U
b10 R
b1010010 W
b11110101 %
b11110101 V
b10101 t
11
#15900000
b11110101 9
01
#15910000
b1 R
b11110110 %
b11110110 V
b1000111 g
1s
0r
11
#15920000
b11110110 9
01
#15930000
1B
b1000111 H
b1000111 a
1D
0s
b0 R
b11110111 %
b11110111 V
11
#15940000
b11110111 9
01
#15950000
0B
b111110 &
b111110 U
b10 R
b1010011 W
b11111000 %
b11111000 V
0D
b1001000 f
b1010011 h
1r
b10101 t
11
#15960000
b11111000 9
01
#15970000
b1001000 g
1s
0r
b1 R
b11111001 %
b11111001 V
11
#15980000
b11111001 9
01
#15990000
1B
b0 R
b11111010 %
b11111010 V
b1001000 H
b1001000 a
1D
0s
11
#16000000
b11111010 9
01
#16010000
0B
0D
b1001001 f
b1010100 h
1r
b111111 &
b111111 U
b10 R
b1010100 W
b11111011 %
b11111011 V
b10101 t
11
#16020000
b11111011 9
01
#16030000
b1 R
b11111100 %
b11111100 V
b1001001 g
1s
0r
11
#16040000
b11111100 9
01
#16050000
1B
b1001001 H
b1001001 a
1D
0s
b0 R
b11111101 %
b11111101 V
11
#16060000
b11111101 9
01
#16070000
0B
b1000000 &
b1000000 U
b10 R
b1010101 W
b11111110 %
b11111110 V
0D
b1001010 f
b1010101 h
1r
b10101 t
11
#16080000
b11111110 9
01
#16090000
b1001010 g
1s
0r
b1 R
b11111111 %
b11111111 V
11
#16100000
b11111111 9
01
#16110000
1B
b0 R
b100000000 %
b100000000 V
b1001010 H
b1001010 a
1D
0s
11
#16120000
b100000000 9
01
#16130000
0B
0D
b1001011 f
b1010110 h
1r
b1000001 &
b1000001 U
b10 R
b1010110 W
b100000001 %
b100000001 V
b10101 t
11
#16140000
b100000001 9
01
#16150000
b1 R
b100000010 %
b100000010 V
b1001011 g
1s
0r
11
#16160000
b100000010 9
01
#16170000
1B
b1001011 H
b1001011 a
1D
0s
b0 R
b100000011 %
b100000011 V
11
#16180000
b100000011 9
01
#16190000
0B
b1000010 &
b1000010 U
b10 R
b1010111 W
b100000100 %
b100000100 V
0D
b1001100 f
b1010111 h
1r
b10101 t
11
#16200000
b100000100 9
01
#16210000
b1001100 g
1s
0r
b1 R
b100000101 %
b100000101 V
11
#16220000
b100000101 9
01
#16230000
1B
b0 R
b100000110 %
b100000110 V
b1001100 H
b1001100 a
1D
0s
11
#16240000
b100000110 9
01
#16250000
0B
0D
b1001101 f
b1011000 h
1r
b1000011 &
b1000011 U
b10 R
b1011000 W
b100000111 %
b100000111 V
b10101 t
11
#16260000
b100000111 9
01
#16270000
b1 R
b100001000 %
b100001000 V
b1001101 g
1s
0r
11
#16280000
b100001000 9
01
#16290000
1B
b1001101 H
b1001101 a
1D
0s
b0 R
b100001001 %
b100001001 V
11
#16300000
b100001001 9
01
#16310000
0B
b1000100 &
b1000100 U
b10 R
b1011001 W
b100001010 %
b100001010 V
0D
b1001110 f
b1011001 h
1r
b10101 t
11
#16320000
b100001010 9
01
#16330000
b1001110 g
1s
0r
b1 R
b100001011 %
b100001011 V
11
#16340000
b100001011 9
01
#16350000
1B
b0 R
b100001100 %
b100001100 V
b1001110 H
b1001110 a
1D
0s
11
#16360000
b100001100 9
01
#16370000
0B
0D
b1001111 f
b1011010 h
1r
b1000101 &
b1000101 U
b10 R
b1011010 W
b100001101 %
b100001101 V
b10101 t
11
#16380000
b100001101 9
01
#16390000
b1 R
b100001110 %
b100001110 V
b1001111 g
1s
0r
11
#16400000
b100001110 9
01
#16410000
1B
b1001111 H
b1001111 a
1D
0s
b0 R
b100001111 %
b100001111 V
11
#16420000
b100001111 9
01
#16430000
0B
b1000110 &
b1000110 U
b10 R
b1011011 W
b100010000 %
b100010000 V
0D
b1010000 f
b1011011 h
1r
b10101 t
11
#16440000
b100010000 9
01
#16450000
b1010000 g
1s
0r
b1 R
b100010001 %
b100010001 V
11
#16460000
b100010001 9
01
#16470000
1B
b0 R
b100010010 %
b100010010 V
b1010000 H
b1010000 a
1D
0s
11
#16480000
b100010010 9
01
#16490000
0B
0D
b1010001 f
b1011100 h
1r
b1000111 &
b1000111 U
b10 R
b1011100 W
b100010011 %
b100010011 V
b10101 t
11
#16500000
b100010011 9
01
#16510000
b1 R
b100010100 %
b100010100 V
b1010001 g
1s
0r
11
#16520000
b100010100 9
01
#16530000
1B
b1010001 H
b1010001 a
1D
0s
b0 R
b100010101 %
b100010101 V
11
#16540000
b100010101 9
01
#16550000
0B
b1001000 &
b1001000 U
b10 R
b1011101 W
b100010110 %
b100010110 V
0D
b1010010 f
b1011101 h
1r
b10101 t
11
#16560000
b100010110 9
01
#16570000
b1010010 g
1s
0r
b1 R
b100010111 %
b100010111 V
11
#16580000
b100010111 9
01
#16590000
1B
b0 R
b100011000 %
b100011000 V
b1010010 H
b1010010 a
1D
0s
11
#16600000
b100011000 9
01
#16610000
0B
0D
b1010011 f
b1011110 h
1r
b1001001 &
b1001001 U
b10 R
b1011110 W
b100011001 %
b100011001 V
b10101 t
11
#16620000
b100011001 9
01
#16630000
b1 R
b100011010 %
b100011010 V
b1010011 g
1s
0r
11
#16640000
b100011010 9
01
#16650000
1B
b1010011 H
b1010011 a
1D
0s
b0 R
b100011011 %
b100011011 V
11
#16660000
b100011011 9
01
#16670000
0B
b1001010 &
b1001010 U
b10 R
b1011111 W
b100011100 %
b100011100 V
0D
b1010100 f
b1011111 h
1r
b10101 t
11
#16680000
b100011100 9
01
#16690000
b1010100 g
1s
0r
b1 R
b100011101 %
b100011101 V
11
#16700000
b100011101 9
01
#16710000
1B
b0 R
b100011110 %
b100011110 V
b1010100 H
b1010100 a
1D
0s
11
#16720000
b100011110 9
01
#16730000
0B
0D
b1010101 f
b1100000 h
1r
b1001011 &
b1001011 U
b10 R
b1100000 W
b100011111 %
b100011111 V
b10101 t
11
#16740000
b100011111 9
01
#16750000
b1 R
b100100000 %
b100100000 V
b1010101 g
1s
0r
11
#16760000
b100100000 9
01
#16770000
1B
b1010101 H
b1010101 a
1D
0s
b0 R
b100100001 %
b100100001 V
11
#16780000
b100100001 9
01
#16790000
0B
b1001100 &
b1001100 U
b10 R
b1100001 W
b100100010 %
b100100010 V
0D
b1010110 f
b1100001 h
1r
b10101 t
11
#16800000
b100100010 9
01
#16810000
b1010110 g
1s
0r
b1 R
b100100011 %
b100100011 V
11
#16820000
b100100011 9
01
#16830000
1B
b0 R
b100100100 %
b100100100 V
b1010110 H
b1010110 a
1D
0s
11
#16840000
b100100100 9
01
#16850000
0B
0D
b1010111 f
b1100010 h
1r
b1001101 &
b1001101 U
b10 R
b1100010 W
b100100101 %
b100100101 V
b10101 t
11
#16860000
b100100101 9
01
#16870000
b1 R
b100100110 %
b100100110 V
b1010111 g
1s
0r
11
#16880000
b100100110 9
01
#16890000
1B
b1010111 H
b1010111 a
1D
0s
b0 R
b100100111 %
b100100111 V
11
#16900000
b100100111 9
01
#16910000
0B
b1001110 &
b1001110 U
b10 R
b1100011 W
b100101000 %
b100101000 V
0D
b1011000 f
b1100011 h
1r
b10101 t
11
#16920000
b100101000 9
01
#16930000
b1011000 g
1s
0r
b1 R
b100101001 %
b100101001 V
11
#16940000
b100101001 9
01
#16950000
1B
b0 R
b100101010 %
b100101010 V
b1011000 H
b1011000 a
1D
0s
11
#16960000
b100101010 9
01
#16970000
0B
0D
b1011001 f
b1100100 h
1r
b1001111 &
b1001111 U
b10 R
b11 Z
b100101011 %
b100101011 V
b10101 t
11
#16980000
b100101011 9
01
#16990000
b100101100 %
b100101100 V
b1011001 g
1s
0r
11
#17000000
b100101100 9
01
#17010000
b1011001 H
b1011001 a
1D
0s
b100101101 %
b100101101 V
11
#17020000
b100101101 9
01
#17030000
b1010000 &
b1010000 U
1*
0-
b0 Z
b100101110 %
b100101110 V
0D
11
#17040000
b100 >
b100101110 9
01
#17050000
11
#17060000
01
#17070000
11
#17080000
01
#17090000
11
#17100000
01
#17110000
11
#17120000
01
#17130000
11
#17140000
01
#17150000
11
#17160000
01
#17170000
11
#17180000
01
#17190000
11
#17200000
b0 w
b10 u
b10 =
b0 ;
01
#17210000
11
#17220000
b100 4
b10 6
b10 @
01
#17230000
11
#17240000
18
01
#17250000
1?
1-
b1 Z
b0 %
b0 V
b0 R
b0 W
b0 '
b0 T
b0 (
b0 S
b0 &
b0 U
0*
b101 )
b101 Q
00
b10 /
b10 M
b10 _
1Y
11
#17260000
b0 9
b0 6
b0 @
08
01
#17270000
1B
0?
b10 Z
b1 %
b1 V
0Y
b0 H
b0 a
b0 G
b0 d
b0 E
b0 p
b0 C
b0 q
b0 o
b0 `
b0 n
b0 g
b0 c
b0 m
b0 f
b0 b
b0 l
b0 k
b0 j
b0 i
b0 h
b0 e
b10101 t
11
#17280000
b1 9
01
#17290000
b1 h
b1 e
b1 W
b10 %
b10 V
b10101 t
11
#17300000
b10 9
01
#17310000
b10 W
b11 %
b11 V
b10 h
b10 e
b10101 t
11
#17320000
b11 9
01
#17330000
b11 h
b11 e
b11 W
b100 %
b100 V
b10101 t
11
#17340000
b100 9
01
#17350000
b100 W
b101 %
b101 V
b100 h
b100 e
b10101 t
11
#17360000
b101 9
01
#17370000
b101 h
b101 e
b101 W
b110 %
b110 V
b10101 t
11
#17380000
b110 9
01
#17390000
b110 W
b111 %
b111 V
b110 h
b110 e
b10101 t
11
#17400000
b111 9
01
#17410000
b111 h
b111 e
b111 W
b1000 %
b1000 V
b10101 t
11
#17420000
b1000 9
01
#17430000
b1000 W
b1001 %
b1001 V
b1000 h
b1000 e
b10101 t
11
#17440000
b1001 9
01
#17450000
b1001 h
b1001 e
b1001 W
b1010 %
b1010 V
b10101 t
11
#17460000
b1010 9
01
#17470000
b1010 W
b1011 %
b1011 V
b1010 h
b1010 e
b10101 t
11
#17480000
b1011 9
01
#17490000
b1011 h
b1011 e
b1011 W
b1100 %
b1100 V
b10101 t
11
#17500000
b1100 9
01
#17510000
b1100 W
b1101 %
b1101 V
b1100 h
b1100 e
b10101 t
11
#17520000
b1101 9
01
#17530000
b1101 h
b1101 e
b1101 W
b1110 %
b1110 V
b10101 t
11
#17540000
b1110 9
01
#17550000
b1110 W
b1111 %
b1111 V
b1110 h
b1110 e
b10101 t
11
#17560000
b1111 9
01
#17570000
b1111 h
b1111 e
b1111 W
b10000 %
b10000 V
b10101 t
11
#17580000
b10000 9
01
#17590000
b10000 W
b10001 %
b10001 V
b10000 h
b10000 e
b10101 t
11
#17600000
b10001 9
01
#17610000
b10001 h
b10001 e
b10001 W
b10010 %
b10010 V
b10101 t
11
#17620000
b10010 9
01
#17630000
b10010 W
b10011 %
b10011 V
b10010 h
b10010 e
b10101 t
11
#17640000
b10011 9
01
#17650000
b10011 h
b10011 e
b10011 W
b10100 %
b10100 V
b10101 t
11
#17660000
b10100 9
01
#17670000
b10100 W
b10101 %
b10101 V
b10100 h
b10100 e
b10101 t
11
#17680000
b10101 9
01
#17690000
b10 m
b1010 f
b1100100 b
b110010000 l
b110010000 k
b110010000 j
b110010000 i
b10101 h
b10101 e
1r
b10101 W
b10110 %
b10110 V
b10101 t
11
#17700000
b10110 9
01
#17710000
b110010000 `
b10110 W
b10111 %
b10111 V
b10 n
b1010 g
b1100100 c
b11001000000 o
1s
b1011 f
b10110 h
b10101 t
11
#17720000
b10111 9
01
#17730000
b1010 H
b1010 a
b1100100 G
b1100100 d
b110010000 C
b110010000 q
b110010000 E
b110010000 p
1D
b1011 g
b1100 f
b10111 h
b10111 W
b11000 %
b11000 V
b10101 t
11
#17740000
b11000 9
01
#17750000
b110010000 '
b110010000 T
b110010000 (
b110010000 S
b1 &
b1 U
b11000 W
b11001 %
b11001 V
b1011 H
b1011 a
b1100 g
b1101 f
b11000 h
b10101 t
11
#17760000
b11001 9
01
#17770000
b1100 H
b1100 a
b1101 g
b1110 f
b11001 h
b10 &
b10 U
b11001 W
b11010 %
b11010 V
b10101 t
11
#17780000
b11010 9
01
#17790000
b11 &
b11 U
b11010 W
b11011 %
b11011 V
b1101 H
b1101 a
b1110 g
b1111 f
b11010 h
b10101 t
11
#17800000
b11011 9
01
#17810000
b1110 H
b1110 a
b1111 g
b10000 f
b11011 h
b100 &
b100 U
b11011 W
b11100 %
b11100 V
b10101 t
11
#17820000
b11100 9
01
#17830000
b101 &
b101 U
b11100 W
b11101 %
b11101 V
b1111 H
b1111 a
b10000 g
b10001 f
b11100 h
b10101 t
11
#17840000
b11101 9
01
#17850000
b10000 H
b10000 a
b10001 g
b10010 f
b11101 h
b110 &
b110 U
b11101 W
b11110 %
b11110 V
b10101 t
11
#17860000
b11110 9
01
#17870000
b111 &
b111 U
b11110 W
b11111 %
b11111 V
b10001 H
b10001 a
b10010 g
b10011 f
b11110 h
b10101 t
11
#17880000
b11111 9
01
#17890000
b10010 H
b10010 a
b10011 g
b10100 f
b11111 h
b1000 &
b1000 U
b11111 W
b100000 %
b100000 V
b10101 t
11
#17900000
b100000 9
01
#17910000
b1001 &
b1001 U
b100000 W
b100001 %
b100001 V
b10011 H
b10011 a
b10100 g
b10101 f
b100000 h
b10101 t
11
#17920000
b100001 9
01
#17930000
b10100 H
b10100 a
b10101 g
b10110 f
b100001 h
b1010 &
b1010 U
b100001 W
b100010 %
b100010 V
b10101 t
11
#17940000
b100010 9
01
#17950000
b1011 &
b1011 U
b100010 W
b100011 %
b100011 V
b10101 H
b10101 a
b10110 g
b10111 f
b100010 h
b10101 t
11
#17960000
b100011 9
01
#17970000
b10110 H
b10110 a
b10111 g
b11000 f
b100011 h
b1100 &
b1100 U
b100011 W
b100100 %
b100100 V
b10101 t
11
#17980000
b100100 9
01
#17990000
b1101 &
b1101 U
b100100 W
b100101 %
b100101 V
b10111 H
b10111 a
b11000 g
b11001 f
b100100 h
b10101 t
11
#18000000
b100101 9
01
#18010000
b11000 H
b11000 a
b11001 g
b11010 f
b100101 h
b1110 &
b1110 U
b100101 W
b100110 %
b100110 V
b10101 t
11
#18020000
b100110 9
01
#18030000
b1111 &
b1111 U
b100110 W
b100111 %
b100111 V
b11001 H
b11001 a
b11010 g
b11011 f
b100110 h
b10101 t
11
#18040000
b100111 9
01
#18050000
b11010 H
b11010 a
b11011 g
b11100 f
b100111 h
b10000 &
b10000 U
b100111 W
b101000 %
b101000 V
b10101 t
11
#18060000
b101000 9
01
#18070000
b10001 &
b10001 U
b101000 W
b101001 %
b101001 V
b11011 H
b11011 a
b11100 g
b11101 f
b101000 h
b10101 t
11
#18080000
b101001 9
01
#18090000
b11100 H
b11100 a
b11101 g
b11110 f
b101001 h
b10010 &
b10010 U
b101001 W
b101010 %
b101010 V
b10101 t
11
#18100000
b101010 9
01
#18110000
b10011 &
b10011 U
b101010 W
b101011 %
b101011 V
b11101 H
b11101 a
b11110 g
b11111 f
b101010 h
b10101 t
11
#18120000
b101011 9
01
#18130000
b11110 H
b11110 a
b11111 g
b100000 f
b101011 h
b10100 &
b10100 U
b101011 W
b101100 %
b101100 V
b10101 t
11
#18140000
b101100 9
01
#18150000
b10101 &
b10101 U
b101100 W
b101101 %
b101101 V
b11111 H
b11111 a
b100000 g
b100001 f
b101100 h
b10101 t
11
#18160000
b101101 9
01
#18170000
b100000 H
b100000 a
b100001 g
b100010 f
b101101 h
b10110 &
b10110 U
b101101 W
b101110 %
b101110 V
b10101 t
11
#18180000
b101110 9
01
#18190000
b10111 &
b10111 U
b101110 W
b101111 %
b101111 V
b100001 H
b100001 a
b100010 g
b100011 f
b101110 h
b10101 t
11
#18200000
b101111 9
01
#18210000
b100010 H
b100010 a
b100011 g
b100100 f
b101111 h
b11000 &
b11000 U
b101111 W
b110000 %
b110000 V
b10101 t
11
#18220000
b110000 9
01
#18230000
b11001 &
b11001 U
b110000 W
b110001 %
b110001 V
b100011 H
b100011 a
b100100 g
b100101 f
b110000 h
b10101 t
11
#18240000
b110001 9
01
#18250000
b100100 H
b100100 a
b100101 g
b100110 f
b110001 h
b11010 &
b11010 U
b110001 W
b110010 %
b110010 V
b10101 t
11
#18260000
b110010 9
01
#18270000
b11011 &
b11011 U
b110010 W
b110011 %
b110011 V
b100101 H
b100101 a
b100110 g
b100111 f
b110010 h
b10101 t
11
#18280000
b110011 9
01
#18290000
b100110 H
b100110 a
b100111 g
b101000 f
b110011 h
b11100 &
b11100 U
b110011 W
b110100 %
b110100 V
b10101 t
11
#18300000
b110100 9
01
#18310000
b11101 &
b11101 U
b110100 W
b110101 %
b110101 V
b100111 H
b100111 a
b101000 g
b101001 f
b110100 h
b10101 t
11
#18320000
b110101 9
01
#18330000
b101000 H
b101000 a
b101001 g
b101010 f
b110101 h
b11110 &
b11110 U
b110101 W
b110110 %
b110110 V
b10101 t
11
#18340000
b110110 9
01
#18350000
b11111 &
b11111 U
b110110 W
b110111 %
b110111 V
b101001 H
b101001 a
b101010 g
b101011 f
b110110 h
b10101 t
11
#18360000
b110111 9
01
#18370000
b101010 H
b101010 a
b101011 g
b101100 f
b110111 h
b100000 &
b100000 U
b110111 W
b111000 %
b111000 V
b10101 t
11
#18380000
b111000 9
01
#18390000
b100001 &
b100001 U
b111000 W
b111001 %
b111001 V
b101011 H
b101011 a
b101100 g
b101101 f
b111000 h
b10101 t
11
#18400000
b111001 9
01
#18410000
b101100 H
b101100 a
b101101 g
b101110 f
b111001 h
b100010 &
b100010 U
b111001 W
b111010 %
b111010 V
b10101 t
11
#18420000
b111010 9
01
#18430000
b100011 &
b100011 U
b111010 W
b111011 %
b111011 V
b101101 H
b101101 a
b101110 g
b101111 f
b111010 h
b10101 t
11
#18440000
b111011 9
01
#18450000
b101110 H
b101110 a
b101111 g
b110000 f
b111011 h
b100100 &
b100100 U
b111011 W
b111100 %
b111100 V
b10101 t
11
#18460000
b111100 9
01
#18470000
b100101 &
b100101 U
b111100 W
b111101 %
b111101 V
b101111 H
b101111 a
b110000 g
b110001 f
b111100 h
b10101 t
11
#18480000
b111101 9
01
#18490000
b110000 H
b110000 a
b110001 g
b110010 f
b111101 h
b100110 &
b100110 U
b111101 W
b111110 %
b111110 V
b10101 t
11
#18500000
b111110 9
01
#18510000
b100111 &
b100111 U
b111110 W
b111111 %
b111111 V
b110001 H
b110001 a
b110010 g
b110011 f
b111110 h
b10101 t
11
#18520000
b111111 9
01
#18530000
b110010 H
b110010 a
b110011 g
b110100 f
b111111 h
b101000 &
b101000 U
b111111 W
b1000000 %
b1000000 V
b10101 t
11
#18540000
b1000000 9
01
#18550000
b101001 &
b101001 U
b1000000 W
b1000001 %
b1000001 V
b110011 H
b110011 a
b110100 g
b110101 f
b1000000 h
b10101 t
11
#18560000
b1000001 9
01
#18570000
b110100 H
b110100 a
b110101 g
b110110 f
b1000001 h
b101010 &
b101010 U
b1000001 W
b1000010 %
b1000010 V
b10101 t
11
#18580000
b1000010 9
01
#18590000
b101011 &
b101011 U
b1000010 W
b1000011 %
b1000011 V
b110101 H
b110101 a
b110110 g
b110111 f
b1000010 h
b10101 t
11
#18600000
b1000011 9
01
#18610000
b110110 H
b110110 a
b110111 g
b111000 f
b1000011 h
b101100 &
b101100 U
b1000011 W
b1000100 %
b1000100 V
b10101 t
11
#18620000
b1000100 9
01
#18630000
b101101 &
b101101 U
b1000100 W
b1000101 %
b1000101 V
b110111 H
b110111 a
b111000 g
b111001 f
b1000100 h
b10101 t
11
#18640000
b1000101 9
01
#18650000
b111000 H
b111000 a
b111001 g
b111010 f
b1000101 h
b101110 &
b101110 U
b1000101 W
b1000110 %
b1000110 V
b10101 t
11
#18660000
b1000110 9
01
#18670000
b101111 &
b101111 U
b1000110 W
b1000111 %
b1000111 V
b111001 H
b111001 a
b111010 g
b111011 f
b1000110 h
b10101 t
11
#18680000
b1000111 9
01
#18690000
b111010 H
b111010 a
b111011 g
b111100 f
b1000111 h
b110000 &
b110000 U
b1000111 W
b1001000 %
b1001000 V
b10101 t
11
#18700000
b1001000 9
01
#18710000
b110001 &
b110001 U
b1001000 W
b1001001 %
b1001001 V
b111011 H
b111011 a
b111100 g
b111101 f
b1001000 h
b10101 t
11
#18720000
b1001001 9
01
#18730000
b111100 H
b111100 a
b111101 g
b111110 f
b1001001 h
b110010 &
b110010 U
b1001001 W
b1001010 %
b1001010 V
b10101 t
11
#18740000
b1001010 9
01
#18750000
b110011 &
b110011 U
b1001010 W
b1001011 %
b1001011 V
b111101 H
b111101 a
b111110 g
b111111 f
b1001010 h
b10101 t
11
#18760000
b1001011 9
01
#18770000
b111110 H
b111110 a
b111111 g
b1000000 f
b1001011 h
b110100 &
b110100 U
b1001011 W
b1001100 %
b1001100 V
b10101 t
11
#18780000
b1001100 9
01
#18790000
b110101 &
b110101 U
b1001100 W
b1001101 %
b1001101 V
b111111 H
b111111 a
b1000000 g
b1000001 f
b1001100 h
b10101 t
11
#18800000
b1001101 9
01
#18810000
b1000000 H
b1000000 a
b1000001 g
b1000010 f
b1001101 h
b110110 &
b110110 U
b1001101 W
b1001110 %
b1001110 V
b10101 t
11
#18820000
b1001110 9
01
#18830000
b110111 &
b110111 U
b1001110 W
b1001111 %
b1001111 V
b1000001 H
b1000001 a
b1000010 g
b1000011 f
b1001110 h
b10101 t
11
#18840000
b1001111 9
01
#18850000
b1000010 H
b1000010 a
b1000011 g
b1000100 f
b1001111 h
b111000 &
b111000 U
b1001111 W
b1010000 %
b1010000 V
b10101 t
11
#18860000
b1010000 9
01
#18870000
b111001 &
b111001 U
b1010000 W
b1010001 %
b1010001 V
b1000011 H
b1000011 a
b1000100 g
b1000101 f
b1010000 h
b10101 t
11
#18880000
b1010001 9
01
#18890000
b1000100 H
b1000100 a
b1000101 g
b1000110 f
b1010001 h
b111010 &
b111010 U
b1010001 W
b1010010 %
b1010010 V
b10101 t
11
#18900000
b1010010 9
01
#18910000
b111011 &
b111011 U
b1010010 W
b1010011 %
b1010011 V
b1000101 H
b1000101 a
b1000110 g
b1000111 f
b1010010 h
b10101 t
11
#18920000
b1010011 9
01
#18930000
b1000110 H
b1000110 a
b1000111 g
b1001000 f
b1010011 h
b111100 &
b111100 U
b1010011 W
b1010100 %
b1010100 V
b10101 t
11
#18940000
b1010100 9
01
#18950000
b111101 &
b111101 U
b1010100 W
b1010101 %
b1010101 V
b1000111 H
b1000111 a
b1001000 g
b1001001 f
b1010100 h
b10101 t
11
#18960000
b1010101 9
01
#18970000
b1001000 H
b1001000 a
b1001001 g
b1001010 f
b1010101 h
b111110 &
b111110 U
b1010101 W
b1010110 %
b1010110 V
b10101 t
11
#18980000
b1010110 9
01
#18990000
b111111 &
b111111 U
b1010110 W
b1010111 %
b1010111 V
b1001001 H
b1001001 a
b1001010 g
b1001011 f
b1010110 h
b10101 t
11
#19000000
b1010111 9
01
#19010000
b1001010 H
b1001010 a
b1001011 g
b1001100 f
b1010111 h
b1000000 &
b1000000 U
b1010111 W
b1011000 %
b1011000 V
b10101 t
11
#19020000
b1011000 9
01
#19030000
b1000001 &
b1000001 U
b1011000 W
b1011001 %
b1011001 V
b1001011 H
b1001011 a
b1001100 g
b1001101 f
b1011000 h
b10101 t
11
#19040000
b1011001 9
01
#19050000
b1001100 H
b1001100 a
b1001101 g
b1001110 f
b1011001 h
b1000010 &
b1000010 U
b1011001 W
b1011010 %
b1011010 V
b10101 t
11
#19060000
b1011010 9
01
#19070000
b1000011 &
b1000011 U
b1011010 W
b1011011 %
b1011011 V
b1001101 H
b1001101 a
b1001110 g
b1001111 f
b1011010 h
b10101 t
11
#19080000
b1011011 9
01
#19090000
b1001110 H
b1001110 a
b1001111 g
b1010000 f
b1011011 h
b1000100 &
b1000100 U
b1011011 W
b1011100 %
b1011100 V
b10101 t
11
#19100000
b1011100 9
01
#19110000
b1000101 &
b1000101 U
b1011100 W
b1011101 %
b1011101 V
b1001111 H
b1001111 a
b1010000 g
b1010001 f
b1011100 h
b10101 t
11
#19120000
b1011101 9
01
#19130000
b1010000 H
b1010000 a
b1010001 g
b1010010 f
b1011101 h
b1000110 &
b1000110 U
b1011101 W
b1011110 %
b1011110 V
b10101 t
11
#19140000
b1011110 9
01
#19150000
b1000111 &
b1000111 U
b1011110 W
b1011111 %
b1011111 V
b1010001 H
b1010001 a
b1010010 g
b1010011 f
b1011110 h
b10101 t
11
#19160000
b1011111 9
01
#19170000
b1010010 H
b1010010 a
b1010011 g
b1010100 f
b1011111 h
b1001000 &
b1001000 U
b1011111 W
b1100000 %
b1100000 V
b10101 t
11
#19180000
b1100000 9
01
#19190000
b1001001 &
b1001001 U
b1100000 W
b1100001 %
b1100001 V
b1010011 H
b1010011 a
b1010100 g
b1010101 f
b1100000 h
b10101 t
11
#19200000
b1100001 9
01
#19210000
b1010100 H
b1010100 a
b1010101 g
b1010110 f
b1100001 h
b1001010 &
b1001010 U
b1100001 W
b1100010 %
b1100010 V
b10101 t
11
#19220000
b1100010 9
01
#19230000
b1001011 &
b1001011 U
b1100010 W
b1100011 %
b1100011 V
b1010101 H
b1010101 a
b1010110 g
b1010111 f
b1100010 h
b10101 t
11
#19240000
b1100011 9
01
#19250000
b1010110 H
b1010110 a
b1010111 g
b1011000 f
b1100011 h
b1001100 &
b1001100 U
b1100011 W
b1100100 %
b1100100 V
b10101 t
11
#19260000
b1100100 9
01
#19270000
0B
b1001101 &
b1001101 U
b11 Z
b1100101 %
b1100101 V
b1010111 H
b1010111 a
b1011000 g
b1011001 f
b1100100 h
b10101 t
11
#19280000
b1100101 9
01
#19290000
b1011000 H
b1011000 a
b1011001 g
0r
b1001110 &
b1001110 U
b1100110 %
b1100110 V
11
#19300000
b1100110 9
01
#19310000
b1001111 &
b1001111 U
b1100111 %
b1100111 V
b1011001 H
b1011001 a
0s
11
#19320000
b1100111 9
01
#19330000
0D
b1010000 &
b1010000 U
1*
0-
b0 Z
b1101000 %
b1101000 V
11
#19340000
b101 >
b1101000 9
01
#19350000
11
#19360000
01
#19370000
11
#19380000
01
#19390000
11
#19400000
01
#19410000
11
#19420000
01
#19430000
11
#19440000
01
#19450000
11
#19460000
01
#19470000
11
#19480000
01
#19490000
11
#19500000
b1 w
b1 ;
01
#19510000
11
#19520000
b101 4
13
b10 6
b10 @
01
#19530000
11
#19540000
18
01
#19550000
1?
1-
b1 Z
b0 %
b0 V
b0 W
b0 '
b0 T
b0 (
b0 S
b0 &
b0 U
0*
b110 )
b110 Q
10
1Y
11
#19560000
b0 9
03
b0 6
b0 @
08
01
#19570000
1B
0?
b0 H
b0 a
b0 G
b0 d
b0 E
b0 p
b0 C
b0 q
b0 o
b0 `
b0 n
b0 g
b0 c
b0 m
b0 f
b0 b
b0 l
b0 k
b0 j
b0 i
b0 h
b0 e
b10 Z
b1 %
b1 V
0Y
b10101 t
11
#19580000
b1 9
01
#19590000
0B
b10 R
b1 W
b10 %
b10 V
b1 h
b1 e
b10101 t
11
#19600000
b10 9
01
#19610000
b1 R
b11 %
b11 V
11
#19620000
b11 9
01
#19630000
1B
b0 R
b100 %
b100 V
11
#19640000
b100 9
01
#19650000
0B
b10 h
b10 e
b10 R
b10 W
b101 %
b101 V
b10101 t
11
#19660000
b101 9
01
#19670000
b1 R
b110 %
b110 V
11
#19680000
b110 9
01
#19690000
1B
b0 R
b111 %
b111 V
11
#19700000
b111 9
01
#19710000
0B
b10 R
b11 W
b1000 %
b1000 V
b11 h
b11 e
b10101 t
11
#19720000
b1000 9
01
#19730000
b1 R
b1001 %
b1001 V
11
#19740000
b1001 9
01
#19750000
1B
b0 R
b1010 %
b1010 V
11
#19760000
b1010 9
01
#19770000
0B
b100 h
b100 e
b10 R
b100 W
b1011 %
b1011 V
b10101 t
11
#19780000
b1011 9
01
#19790000
b1 R
b1100 %
b1100 V
11
#19800000
b1100 9
01
#19810000
1B
b0 R
b1101 %
b1101 V
11
#19820000
b1101 9
01
#19830000
0B
b10 R
b101 W
b1110 %
b1110 V
b101 h
b101 e
b10101 t
11
#19840000
b1110 9
01
#19850000
b1 R
b1111 %
b1111 V
11
#19860000
b1111 9
01
#19870000
1B
b0 R
b10000 %
b10000 V
11
#19880000
b10000 9
01
#19890000
0B
b110 h
b110 e
b10 R
b110 W
b10001 %
b10001 V
b10101 t
11
#19900000
b10001 9
01
#19910000
b1 R
b10010 %
b10010 V
11
#19920000
b10010 9
01
#19930000
1B
b0 R
b10011 %
b10011 V
11
#19940000
b10011 9
01
#19950000
0B
b10 R
b111 W
b10100 %
b10100 V
b111 h
b111 e
b10101 t
11
#19960000
b10100 9
01
#19970000
b1 R
b10101 %
b10101 V
11
#19980000
b10101 9
01
#19990000
1B
b0 R
b10110 %
b10110 V
11
#20000000
b10110 9
01
#20010000
0B
b1000 h
b1000 e
b10 R
b1000 W
b10111 %
b10111 V
b10101 t
11
#20020000
b10111 9
01
#20030000
b1 R
b11000 %
b11000 V
11
#20040000
b11000 9
01
#20050000
1B
b0 R
b11001 %
b11001 V
11
#20060000
b11001 9
01
#20070000
0B
b10 R
b1001 W
b11010 %
b11010 V
b1001 h
b1001 e
b10101 t
11
#20080000
b11010 9
01
#20090000
b1 R
b11011 %
b11011 V
11
#20100000
b11011 9
01
#20110000
1B
b0 R
b11100 %
b11100 V
11
#20120000
b11100 9
01
#20130000
0B
b1010 h
b1010 e
b10 R
b1010 W
b11101 %
b11101 V
b10101 t
11
#20140000
b11101 9
01
#20150000
b1 R
b11110 %
b11110 V
11
#20160000
b11110 9
01
#20170000
1B
b0 R
b11111 %
b11111 V
11
#20180000
b11111 9
01
#20190000
0B
b10 R
b1011 W
b100000 %
b100000 V
b1011 h
b1011 e
b10101 t
11
#20200000
b100000 9
01
#20210000
b1 R
b100001 %
b100001 V
11
#20220000
b100001 9
01
#20230000
1B
b0 R
b100010 %
b100010 V
11
#20240000
b100010 9
01
#20250000
0B
b1100 h
b1100 e
b10 R
b1100 W
b100011 %
b100011 V
b10101 t
11
#20260000
b100011 9
01
#20270000
b1 R
b100100 %
b100100 V
11
#20280000
b100100 9
01
#20290000
1B
b0 R
b100101 %
b100101 V
11
#20300000
b100101 9
01
#20310000
0B
b10 R
b1101 W
b100110 %
b100110 V
b1101 h
b1101 e
b10101 t
11
#20320000
b100110 9
01
#20330000
b1 R
b100111 %
b100111 V
11
#20340000
b100111 9
01
#20350000
1B
b0 R
b101000 %
b101000 V
11
#20360000
b101000 9
01
#20370000
0B
b1110 h
b1110 e
b10 R
b1110 W
b101001 %
b101001 V
b10101 t
11
#20380000
b101001 9
01
#20390000
b1 R
b101010 %
b101010 V
11
#20400000
b101010 9
01
#20410000
1B
b0 R
b101011 %
b101011 V
11
#20420000
b101011 9
01
#20430000
0B
b10 R
b1111 W
b101100 %
b101100 V
b1111 h
b1111 e
b10101 t
11
#20440000
b101100 9
01
#20450000
b1 R
b101101 %
b101101 V
11
#20460000
b101101 9
01
#20470000
1B
b0 R
b101110 %
b101110 V
11
#20480000
b101110 9
01
#20490000
0B
b10000 h
b10000 e
b10 R
b10000 W
b101111 %
b101111 V
b10101 t
11
#20500000
b101111 9
01
#20510000
b1 R
b110000 %
b110000 V
11
#20520000
b110000 9
01
#20530000
1B
b0 R
b110001 %
b110001 V
11
#20540000
b110001 9
01
#20550000
0B
b10 R
b10001 W
b110010 %
b110010 V
b10001 h
b10001 e
b10101 t
11
#20560000
b110010 9
01
#20570000
b1 R
b110011 %
b110011 V
11
#20580000
b110011 9
01
#20590000
1B
b0 R
b110100 %
b110100 V
11
#20600000
b110100 9
01
#20610000
0B
b10010 h
b10010 e
b10 R
b10010 W
b110101 %
b110101 V
b10101 t
11
#20620000
b110101 9
01
#20630000
b1 R
b110110 %
b110110 V
11
#20640000
b110110 9
01
#20650000
1B
b0 R
b110111 %
b110111 V
11
#20660000
b110111 9
01
#20670000
0B
b10 R
b10011 W
b111000 %
b111000 V
b10011 h
b10011 e
b10101 t
11
#20680000
b111000 9
01
#20690000
b1 R
b111001 %
b111001 V
11
#20700000
b111001 9
01
#20710000
1B
b0 R
b111010 %
b111010 V
11
#20720000
b111010 9
01
#20730000
0B
b10100 h
b10100 e
b10 R
b10100 W
b111011 %
b111011 V
b10101 t
11
#20740000
b111011 9
01
#20750000
b1 R
b111100 %
b111100 V
11
#20760000
b111100 9
01
#20770000
1B
b0 R
b111101 %
b111101 V
11
#20780000
b111101 9
01
#20790000
0B
b10 R
b10101 W
b111110 %
b111110 V
b10 m
b1010 f
b1100100 b
b110010000 l
b110010000 k
b110010000 j
b110010000 i
b10101 h
b10101 e
1r
b10101 t
11
#20800000
b111110 9
01
#20810000
b110010000 `
b10 n
b1010 g
b1100100 c
b11001000000 o
1s
0r
b1 R
b111111 %
b111111 V
11
#20820000
b111111 9
01
#20830000
1B
b0 R
b1000000 %
b1000000 V
b1010 H
b1010 a
b1100100 G
b1100100 d
b110010000 C
b110010000 q
b110010000 E
b110010000 p
1D
0s
11
#20840000
b1000000 9
01
#20850000
0B
0D
b1011 f
b10110 h
1r
b110010000 '
b110010000 T
b110010000 (
b110010000 S
b1 &
b1 U
b10 R
b10110 W
b1000001 %
b1000001 V
b10101 t
11
#20860000
b1000001 9
01
#20870000
b1 R
b1000010 %
b1000010 V
b1011 g
1s
0r
11
#20880000
b1000010 9
01
#20890000
1B
b1011 H
b1011 a
1D
0s
b0 R
b1000011 %
b1000011 V
11
#20900000
b1000011 9
01
#20910000
0B
b10 &
b10 U
b10 R
b10111 W
b1000100 %
b1000100 V
0D
b1100 f
b10111 h
1r
b10101 t
11
#20920000
b1000100 9
01
#20930000
b1100 g
1s
0r
b1 R
b1000101 %
b1000101 V
11
#20940000
b1000101 9
01
#20950000
1B
b0 R
b1000110 %
b1000110 V
b1100 H
b1100 a
1D
0s
11
#20960000
b1000110 9
01
#20970000
0B
0D
b1101 f
b11000 h
1r
b11 &
b11 U
b10 R
b11000 W
b1000111 %
b1000111 V
b10101 t
11
#20980000
b1000111 9
01
#20990000
b1 R
b1001000 %
b1001000 V
b1101 g
1s
0r
11
#21000000
b1001000 9
01
#21010000
1B
b1101 H
b1101 a
1D
0s
b0 R
b1001001 %
b1001001 V
11
#21020000
b1001001 9
01
#21030000
0B
b100 &
b100 U
b10 R
b11001 W
b1001010 %
b1001010 V
0D
b1110 f
b11001 h
1r
b10101 t
11
#21040000
b1001010 9
01
#21050000
b1110 g
1s
0r
b1 R
b1001011 %
b1001011 V
11
#21060000
b1001011 9
01
#21070000
1B
b0 R
b1001100 %
b1001100 V
b1110 H
b1110 a
1D
0s
11
#21080000
b1001100 9
01
#21090000
0B
0D
b1111 f
b11010 h
1r
b101 &
b101 U
b10 R
b11010 W
b1001101 %
b1001101 V
b10101 t
11
#21100000
b1001101 9
01
#21110000
b1 R
b1001110 %
b1001110 V
b1111 g
1s
0r
11
#21120000
b1001110 9
01
#21130000
1B
b1111 H
b1111 a
1D
0s
b0 R
b1001111 %
b1001111 V
11
#21140000
b1001111 9
01
#21150000
0B
b110 &
b110 U
b10 R
b11011 W
b1010000 %
b1010000 V
0D
b10000 f
b11011 h
1r
b10101 t
11
#21160000
b1010000 9
01
#21170000
b10000 g
1s
0r
b1 R
b1010001 %
b1010001 V
11
#21180000
b1010001 9
01
#21190000
1B
b0 R
b1010010 %
b1010010 V
b10000 H
b10000 a
1D
0s
11
#21200000
b1010010 9
01
#21210000
0B
0D
b10001 f
b11100 h
1r
b111 &
b111 U
b10 R
b11100 W
b1010011 %
b1010011 V
b10101 t
11
#21220000
b1010011 9
01
#21230000
b1 R
b1010100 %
b1010100 V
b10001 g
1s
0r
11
#21240000
b1010100 9
01
#21250000
1B
b10001 H
b10001 a
1D
0s
b0 R
b1010101 %
b1010101 V
11
#21260000
b1010101 9
01
#21270000
0B
b1000 &
b1000 U
b10 R
b11101 W
b1010110 %
b1010110 V
0D
b10010 f
b11101 h
1r
b10101 t
11
#21280000
b1010110 9
01
#21290000
b10010 g
1s
0r
b1 R
b1010111 %
b1010111 V
11
#21300000
b1010111 9
01
#21310000
1B
b0 R
b1011000 %
b1011000 V
b10010 H
b10010 a
1D
0s
11
#21320000
b1011000 9
01
#21330000
0B
0D
b10011 f
b11110 h
1r
b1001 &
b1001 U
b10 R
b11110 W
b1011001 %
b1011001 V
b10101 t
11
#21340000
b1011001 9
01
#21350000
b1 R
b1011010 %
b1011010 V
b10011 g
1s
0r
11
#21360000
b1011010 9
01
#21370000
1B
b10011 H
b10011 a
1D
0s
b0 R
b1011011 %
b1011011 V
11
#21380000
b1011011 9
01
#21390000
0B
b1010 &
b1010 U
b10 R
b11111 W
b1011100 %
b1011100 V
0D
b10100 f
b11111 h
1r
b10101 t
11
#21400000
b1011100 9
01
#21410000
b10100 g
1s
0r
b1 R
b1011101 %
b1011101 V
11
#21420000
b1011101 9
01
#21430000
1B
b0 R
b1011110 %
b1011110 V
b10100 H
b10100 a
1D
0s
11
#21440000
b1011110 9
01
#21450000
0B
0D
b10101 f
b100000 h
1r
b1011 &
b1011 U
b10 R
b100000 W
b1011111 %
b1011111 V
b10101 t
11
#21460000
b1011111 9
01
#21470000
b1 R
b1100000 %
b1100000 V
b10101 g
1s
0r
11
#21480000
b1100000 9
01
#21490000
1B
b10101 H
b10101 a
1D
0s
b0 R
b1100001 %
b1100001 V
11
#21500000
b1100001 9
01
#21510000
0B
b1100 &
b1100 U
b10 R
b100001 W
b1100010 %
b1100010 V
0D
b10110 f
b100001 h
1r
b10101 t
11
#21520000
b1100010 9
01
#21530000
b10110 g
1s
0r
b1 R
b1100011 %
b1100011 V
11
#21540000
b1100011 9
01
#21550000
1B
b0 R
b1100100 %
b1100100 V
b10110 H
b10110 a
1D
0s
11
#21560000
b1100100 9
01
#21570000
0B
0D
b10111 f
b100010 h
1r
b1101 &
b1101 U
b10 R
b100010 W
b1100101 %
b1100101 V
b10101 t
11
#21580000
b1100101 9
01
#21590000
b1 R
b1100110 %
b1100110 V
b10111 g
1s
0r
11
#21600000
b1100110 9
01
#21610000
1B
b10111 H
b10111 a
1D
0s
b0 R
b1100111 %
b1100111 V
11
#21620000
b1100111 9
01
#21630000
0B
b1110 &
b1110 U
b10 R
b100011 W
b1101000 %
b1101000 V
0D
b11000 f
b100011 h
1r
b10101 t
11
#21640000
b1101000 9
01
#21650000
b11000 g
1s
0r
b1 R
b1101001 %
b1101001 V
11
#21660000
b1101001 9
01
#21670000
1B
b0 R
b1101010 %
b1101010 V
b11000 H
b11000 a
1D
0s
11
#21680000
b1101010 9
01
#21690000
0B
0D
b11001 f
b100100 h
1r
b1111 &
b1111 U
b10 R
b100100 W
b1101011 %
b1101011 V
b10101 t
11
#21700000
b1101011 9
01
#21710000
b1 R
b1101100 %
b1101100 V
b11001 g
1s
0r
11
#21720000
b1101100 9
01
#21730000
1B
b11001 H
b11001 a
1D
0s
b0 R
b1101101 %
b1101101 V
11
#21740000
b1101101 9
01
#21750000
0B
b10000 &
b10000 U
b10 R
b100101 W
b1101110 %
b1101110 V
0D
b11010 f
b100101 h
1r
b10101 t
11
#21760000
b1101110 9
01
#21770000
b11010 g
1s
0r
b1 R
b1101111 %
b1101111 V
11
#21780000
b1101111 9
01
#21790000
1B
b0 R
b1110000 %
b1110000 V
b11010 H
b11010 a
1D
0s
11
#21800000
b1110000 9
01
#21810000
0B
0D
b11011 f
b100110 h
1r
b10001 &
b10001 U
b10 R
b100110 W
b1110001 %
b1110001 V
b10101 t
11
#21820000
b1110001 9
01
#21830000
b1 R
b1110010 %
b1110010 V
b11011 g
1s
0r
11
#21840000
b1110010 9
01
#21850000
1B
b11011 H
b11011 a
1D
0s
b0 R
b1110011 %
b1110011 V
11
#21860000
b1110011 9
01
#21870000
0B
b10010 &
b10010 U
b10 R
b100111 W
b1110100 %
b1110100 V
0D
b11100 f
b100111 h
1r
b10101 t
11
#21880000
b1110100 9
01
#21890000
b11100 g
1s
0r
b1 R
b1110101 %
b1110101 V
11
#21900000
b1110101 9
01
#21910000
1B
b0 R
b1110110 %
b1110110 V
b11100 H
b11100 a
1D
0s
11
#21920000
b1110110 9
01
#21930000
0B
0D
b11101 f
b101000 h
1r
b10011 &
b10011 U
b10 R
b101000 W
b1110111 %
b1110111 V
b10101 t
11
#21940000
b1110111 9
01
#21950000
b1 R
b1111000 %
b1111000 V
b11101 g
1s
0r
11
#21960000
b1111000 9
01
#21970000
1B
b11101 H
b11101 a
1D
0s
b0 R
b1111001 %
b1111001 V
11
#21980000
b1111001 9
01
#21990000
0B
b10100 &
b10100 U
b10 R
b101001 W
b1111010 %
b1111010 V
0D
b11110 f
b101001 h
1r
b10101 t
11
#22000000
b1111010 9
01
#22010000
b11110 g
1s
0r
b1 R
b1111011 %
b1111011 V
11
#22020000
b1111011 9
01
#22030000
1B
b0 R
b1111100 %
b1111100 V
b11110 H
b11110 a
1D
0s
11
#22040000
b1111100 9
01
#22050000
0B
0D
b11111 f
b101010 h
1r
b10101 &
b10101 U
b10 R
b101010 W
b1111101 %
b1111101 V
b10101 t
11
#22060000
b1111101 9
01
#22070000
b1 R
b1111110 %
b1111110 V
b11111 g
1s
0r
11
#22080000
b1111110 9
01
#22090000
1B
b11111 H
b11111 a
1D
0s
b0 R
b1111111 %
b1111111 V
11
#22100000
b1111111 9
01
#22110000
0B
b10110 &
b10110 U
b10 R
b101011 W
b10000000 %
b10000000 V
0D
b100000 f
b101011 h
1r
b10101 t
11
#22120000
b10000000 9
01
#22130000
b100000 g
1s
0r
b1 R
b10000001 %
b10000001 V
11
#22140000
b10000001 9
01
#22150000
1B
b0 R
b10000010 %
b10000010 V
b100000 H
b100000 a
1D
0s
11
#22160000
b10000010 9
01
#22170000
0B
0D
b100001 f
b101100 h
1r
b10111 &
b10111 U
b10 R
b101100 W
b10000011 %
b10000011 V
b10101 t
11
#22180000
b10000011 9
01
#22190000
b1 R
b10000100 %
b10000100 V
b100001 g
1s
0r
11
#22200000
b10000100 9
01
#22210000
1B
b100001 H
b100001 a
1D
0s
b0 R
b10000101 %
b10000101 V
11
#22220000
b10000101 9
01
#22230000
0B
b11000 &
b11000 U
b10 R
b101101 W
b10000110 %
b10000110 V
0D
b100010 f
b101101 h
1r
b10101 t
11
#22240000
b10000110 9
01
#22250000
b100010 g
1s
0r
b1 R
b10000111 %
b10000111 V
11
#22260000
b10000111 9
01
#22270000
1B
b0 R
b10001000 %
b10001000 V
b100010 H
b100010 a
1D
0s
11
#22280000
b10001000 9
01
#22290000
0B
0D
b100011 f
b101110 h
1r
b11001 &
b11001 U
b10 R
b101110 W
b10001001 %
b10001001 V
b10101 t
11
#22300000
b10001001 9
01
#22310000
b1 R
b10001010 %
b10001010 V
b100011 g
1s
0r
11
#22320000
b10001010 9
01
#22330000
1B
b100011 H
b100011 a
1D
0s
b0 R
b10001011 %
b10001011 V
11
#22340000
b10001011 9
01
#22350000
0B
b11010 &
b11010 U
b10 R
b101111 W
b10001100 %
b10001100 V
0D
b100100 f
b101111 h
1r
b10101 t
11
#22360000
b10001100 9
01
#22370000
b100100 g
1s
0r
b1 R
b10001101 %
b10001101 V
11
#22380000
b10001101 9
01
#22390000
1B
b0 R
b10001110 %
b10001110 V
b100100 H
b100100 a
1D
0s
11
#22400000
b10001110 9
01
#22410000
0B
0D
b100101 f
b110000 h
1r
b11011 &
b11011 U
b10 R
b110000 W
b10001111 %
b10001111 V
b10101 t
11
#22420000
b10001111 9
01
#22430000
b1 R
b10010000 %
b10010000 V
b100101 g
1s
0r
11
#22440000
b10010000 9
01
#22450000
1B
b100101 H
b100101 a
1D
0s
b0 R
b10010001 %
b10010001 V
11
#22460000
b10010001 9
01
#22470000
0B
b11100 &
b11100 U
b10 R
b110001 W
b10010010 %
b10010010 V
0D
b100110 f
b110001 h
1r
b10101 t
11
#22480000
b10010010 9
01
#22490000
b100110 g
1s
0r
b1 R
b10010011 %
b10010011 V
11
#22500000
b10010011 9
01
#22510000
1B
b0 R
b10010100 %
b10010100 V
b100110 H
b100110 a
1D
0s
11
#22520000
b10010100 9
01
#22530000
0B
0D
b100111 f
b110010 h
1r
b11101 &
b11101 U
b10 R
b110010 W
b10010101 %
b10010101 V
b10101 t
11
#22540000
b10010101 9
01
#22550000
b1 R
b10010110 %
b10010110 V
b100111 g
1s
0r
11
#22560000
b10010110 9
01
#22570000
1B
b100111 H
b100111 a
1D
0s
b0 R
b10010111 %
b10010111 V
11
#22580000
b10010111 9
01
#22590000
0B
b11110 &
b11110 U
b10 R
b110011 W
b10011000 %
b10011000 V
0D
b101000 f
b110011 h
1r
b10101 t
11
#22600000
b10011000 9
01
#22610000
b101000 g
1s
0r
b1 R
b10011001 %
b10011001 V
11
#22620000
b10011001 9
01
#22630000
1B
b0 R
b10011010 %
b10011010 V
b101000 H
b101000 a
1D
0s
11
#22640000
b10011010 9
01
#22650000
0B
0D
b101001 f
b110100 h
1r
b11111 &
b11111 U
b10 R
b110100 W
b10011011 %
b10011011 V
b10101 t
11
#22660000
b10011011 9
01
#22670000
b1 R
b10011100 %
b10011100 V
b101001 g
1s
0r
11
#22680000
b10011100 9
01
#22690000
1B
b101001 H
b101001 a
1D
0s
b0 R
b10011101 %
b10011101 V
11
#22700000
b10011101 9
01
#22710000
0B
b100000 &
b100000 U
b10 R
b110101 W
b10011110 %
b10011110 V
0D
b101010 f
b110101 h
1r
b10101 t
11
#22720000
b10011110 9
01
#22730000
b101010 g
1s
0r
b1 R
b10011111 %
b10011111 V
11
#22740000
b10011111 9
01
#22750000
1B
b0 R
b10100000 %
b10100000 V
b101010 H
b101010 a
1D
0s
11
#22760000
b10100000 9
01
#22770000
0B
0D
b101011 f
b110110 h
1r
b100001 &
b100001 U
b10 R
b110110 W
b10100001 %
b10100001 V
b10101 t
11
#22780000
b10100001 9
01
#22790000
b1 R
b10100010 %
b10100010 V
b101011 g
1s
0r
11
#22800000
b10100010 9
01
#22810000
1B
b101011 H
b101011 a
1D
0s
b0 R
b10100011 %
b10100011 V
11
#22820000
b10100011 9
01
#22830000
0B
b100010 &
b100010 U
b10 R
b110111 W
b10100100 %
b10100100 V
0D
b101100 f
b110111 h
1r
b10101 t
11
#22840000
b10100100 9
01
#22850000
b101100 g
1s
0r
b1 R
b10100101 %
b10100101 V
11
#22860000
b10100101 9
01
#22870000
1B
b0 R
b10100110 %
b10100110 V
b101100 H
b101100 a
1D
0s
11
#22880000
b10100110 9
01
#22890000
0B
0D
b101101 f
b111000 h
1r
b100011 &
b100011 U
b10 R
b111000 W
b10100111 %
b10100111 V
b10101 t
11
#22900000
b10100111 9
01
#22910000
b1 R
b10101000 %
b10101000 V
b101101 g
1s
0r
11
#22920000
b10101000 9
01
#22930000
1B
b101101 H
b101101 a
1D
0s
b0 R
b10101001 %
b10101001 V
11
#22940000
b10101001 9
01
#22950000
0B
b100100 &
b100100 U
b10 R
b111001 W
b10101010 %
b10101010 V
0D
b101110 f
b111001 h
1r
b10101 t
11
#22960000
b10101010 9
01
#22970000
b101110 g
1s
0r
b1 R
b10101011 %
b10101011 V
11
#22980000
b10101011 9
01
#22990000
1B
b0 R
b10101100 %
b10101100 V
b101110 H
b101110 a
1D
0s
11
#23000000
b10101100 9
01
#23010000
0B
0D
b101111 f
b111010 h
1r
b100101 &
b100101 U
b10 R
b111010 W
b10101101 %
b10101101 V
b10101 t
11
#23020000
b10101101 9
01
#23030000
b1 R
b10101110 %
b10101110 V
b101111 g
1s
0r
11
#23040000
b10101110 9
01
#23050000
1B
b101111 H
b101111 a
1D
0s
b0 R
b10101111 %
b10101111 V
11
#23060000
b10101111 9
01
#23070000
0B
b100110 &
b100110 U
b10 R
b111011 W
b10110000 %
b10110000 V
0D
b110000 f
b111011 h
1r
b10101 t
11
#23080000
b10110000 9
01
#23090000
b110000 g
1s
0r
b1 R
b10110001 %
b10110001 V
11
#23100000
b10110001 9
01
#23110000
1B
b0 R
b10110010 %
b10110010 V
b110000 H
b110000 a
1D
0s
11
#23120000
b10110010 9
01
#23130000
0B
0D
b110001 f
b111100 h
1r
b100111 &
b100111 U
b10 R
b111100 W
b10110011 %
b10110011 V
b10101 t
11
#23140000
b10110011 9
01
#23150000
b1 R
b10110100 %
b10110100 V
b110001 g
1s
0r
11
#23160000
b10110100 9
01
#23170000
1B
b110001 H
b110001 a
1D
0s
b0 R
b10110101 %
b10110101 V
11
#23180000
b10110101 9
01
#23190000
0B
b101000 &
b101000 U
b10 R
b111101 W
b10110110 %
b10110110 V
0D
b110010 f
b111101 h
1r
b10101 t
11
#23200000
b10110110 9
01
#23210000
b110010 g
1s
0r
b1 R
b10110111 %
b10110111 V
11
#23220000
b10110111 9
01
#23230000
1B
b0 R
b10111000 %
b10111000 V
b110010 H
b110010 a
1D
0s
11
#23240000
b10111000 9
01
#23250000
0B
0D
b110011 f
b111110 h
1r
b101001 &
b101001 U
b10 R
b111110 W
b10111001 %
b10111001 V
b10101 t
11
#23260000
b10111001 9
01
#23270000
b1 R
b10111010 %
b10111010 V
b110011 g
1s
0r
11
#23280000
b10111010 9
01
#23290000
1B
b110011 H
b110011 a
1D
0s
b0 R
b10111011 %
b10111011 V
11
#23300000
b10111011 9
01
#23310000
0B
b101010 &
b101010 U
b10 R
b111111 W
b10111100 %
b10111100 V
0D
b110100 f
b111111 h
1r
b10101 t
11
#23320000
b10111100 9
01
#23330000
b110100 g
1s
0r
b1 R
b10111101 %
b10111101 V
11
#23340000
b10111101 9
01
#23350000
1B
b0 R
b10111110 %
b10111110 V
b110100 H
b110100 a
1D
0s
11
#23360000
b10111110 9
01
#23370000
0B
0D
b110101 f
b1000000 h
1r
b101011 &
b101011 U
b10 R
b1000000 W
b10111111 %
b10111111 V
b10101 t
11
#23380000
b10111111 9
01
#23390000
b1 R
b11000000 %
b11000000 V
b110101 g
1s
0r
11
#23400000
b11000000 9
01
#23410000
1B
b110101 H
b110101 a
1D
0s
b0 R
b11000001 %
b11000001 V
11
#23420000
b11000001 9
01
#23430000
0B
b101100 &
b101100 U
b10 R
b1000001 W
b11000010 %
b11000010 V
0D
b110110 f
b1000001 h
1r
b10101 t
11
#23440000
b11000010 9
01
#23450000
b110110 g
1s
0r
b1 R
b11000011 %
b11000011 V
11
#23460000
b11000011 9
01
#23470000
1B
b0 R
b11000100 %
b11000100 V
b110110 H
b110110 a
1D
0s
11
#23480000
b11000100 9
01
#23490000
0B
0D
b110111 f
b1000010 h
1r
b101101 &
b101101 U
b10 R
b1000010 W
b11000101 %
b11000101 V
b10101 t
11
#23500000
b11000101 9
01
#23510000
b1 R
b11000110 %
b11000110 V
b110111 g
1s
0r
11
#23520000
b11000110 9
01
#23530000
1B
b110111 H
b110111 a
1D
0s
b0 R
b11000111 %
b11000111 V
11
#23540000
b11000111 9
01
#23550000
0B
b101110 &
b101110 U
b10 R
b1000011 W
b11001000 %
b11001000 V
0D
b111000 f
b1000011 h
1r
b10101 t
11
#23560000
b11001000 9
01
#23570000
b111000 g
1s
0r
b1 R
b11001001 %
b11001001 V
11
#23580000
b11001001 9
01
#23590000
1B
b0 R
b11001010 %
b11001010 V
b111000 H
b111000 a
1D
0s
11
#23600000
b11001010 9
01
#23610000
0B
0D
b111001 f
b1000100 h
1r
b101111 &
b101111 U
b10 R
b1000100 W
b11001011 %
b11001011 V
b10101 t
11
#23620000
b11001011 9
01
#23630000
b1 R
b11001100 %
b11001100 V
b111001 g
1s
0r
11
#23640000
b11001100 9
01
#23650000
1B
b111001 H
b111001 a
1D
0s
b0 R
b11001101 %
b11001101 V
11
#23660000
b11001101 9
01
#23670000
0B
b110000 &
b110000 U
b10 R
b1000101 W
b11001110 %
b11001110 V
0D
b111010 f
b1000101 h
1r
b10101 t
11
#23680000
b11001110 9
01
#23690000
b111010 g
1s
0r
b1 R
b11001111 %
b11001111 V
11
#23700000
b11001111 9
01
#23710000
1B
b0 R
b11010000 %
b11010000 V
b111010 H
b111010 a
1D
0s
11
#23720000
b11010000 9
01
#23730000
0B
0D
b111011 f
b1000110 h
1r
b110001 &
b110001 U
b10 R
b1000110 W
b11010001 %
b11010001 V
b10101 t
11
#23740000
b11010001 9
01
#23750000
b1 R
b11010010 %
b11010010 V
b111011 g
1s
0r
11
#23760000
b11010010 9
01
#23770000
1B
b111011 H
b111011 a
1D
0s
b0 R
b11010011 %
b11010011 V
11
#23780000
b11010011 9
01
#23790000
0B
b110010 &
b110010 U
b10 R
b1000111 W
b11010100 %
b11010100 V
0D
b111100 f
b1000111 h
1r
b10101 t
11
#23800000
b11010100 9
01
#23810000
b111100 g
1s
0r
b1 R
b11010101 %
b11010101 V
11
#23820000
b11010101 9
01
#23830000
1B
b0 R
b11010110 %
b11010110 V
b111100 H
b111100 a
1D
0s
11
#23840000
b11010110 9
01
#23850000
0B
0D
b111101 f
b1001000 h
1r
b110011 &
b110011 U
b10 R
b1001000 W
b11010111 %
b11010111 V
b10101 t
11
#23860000
b11010111 9
01
#23870000
b1 R
b11011000 %
b11011000 V
b111101 g
1s
0r
11
#23880000
b11011000 9
01
#23890000
1B
b111101 H
b111101 a
1D
0s
b0 R
b11011001 %
b11011001 V
11
#23900000
b11011001 9
01
#23910000
0B
b110100 &
b110100 U
b10 R
b1001001 W
b11011010 %
b11011010 V
0D
b111110 f
b1001001 h
1r
b10101 t
11
#23920000
b11011010 9
01
#23930000
b111110 g
1s
0r
b1 R
b11011011 %
b11011011 V
11
#23940000
b11011011 9
01
#23950000
1B
b0 R
b11011100 %
b11011100 V
b111110 H
b111110 a
1D
0s
11
#23960000
b11011100 9
01
#23970000
0B
0D
b111111 f
b1001010 h
1r
b110101 &
b110101 U
b10 R
b1001010 W
b11011101 %
b11011101 V
b10101 t
11
#23980000
b11011101 9
01
#23990000
b1 R
b11011110 %
b11011110 V
b111111 g
1s
0r
11
#24000000
b11011110 9
01
#24010000
1B
b111111 H
b111111 a
1D
0s
b0 R
b11011111 %
b11011111 V
11
#24020000
b11011111 9
01
#24030000
0B
b110110 &
b110110 U
b10 R
b1001011 W
b11100000 %
b11100000 V
0D
b1000000 f
b1001011 h
1r
b10101 t
11
#24040000
b11100000 9
01
#24050000
b1000000 g
1s
0r
b1 R
b11100001 %
b11100001 V
11
#24060000
b11100001 9
01
#24070000
1B
b0 R
b11100010 %
b11100010 V
b1000000 H
b1000000 a
1D
0s
11
#24080000
b11100010 9
01
#24090000
0B
0D
b1000001 f
b1001100 h
1r
b110111 &
b110111 U
b10 R
b1001100 W
b11100011 %
b11100011 V
b10101 t
11
#24100000
b11100011 9
01
#24110000
b1 R
b11100100 %
b11100100 V
b1000001 g
1s
0r
11
#24120000
b11100100 9
01
#24130000
1B
b1000001 H
b1000001 a
1D
0s
b0 R
b11100101 %
b11100101 V
11
#24140000
b11100101 9
01
#24150000
0B
b111000 &
b111000 U
b10 R
b1001101 W
b11100110 %
b11100110 V
0D
b1000010 f
b1001101 h
1r
b10101 t
11
#24160000
b11100110 9
01
#24170000
b1000010 g
1s
0r
b1 R
b11100111 %
b11100111 V
11
#24180000
b11100111 9
01
#24190000
1B
b0 R
b11101000 %
b11101000 V
b1000010 H
b1000010 a
1D
0s
11
#24200000
b11101000 9
01
#24210000
0B
0D
b1000011 f
b1001110 h
1r
b111001 &
b111001 U
b10 R
b1001110 W
b11101001 %
b11101001 V
b10101 t
11
#24220000
b11101001 9
01
#24230000
b1 R
b11101010 %
b11101010 V
b1000011 g
1s
0r
11
#24240000
b11101010 9
01
#24250000
1B
b1000011 H
b1000011 a
1D
0s
b0 R
b11101011 %
b11101011 V
11
#24260000
b11101011 9
01
#24270000
0B
b111010 &
b111010 U
b10 R
b1001111 W
b11101100 %
b11101100 V
0D
b1000100 f
b1001111 h
1r
b10101 t
11
#24280000
b11101100 9
01
#24290000
b1000100 g
1s
0r
b1 R
b11101101 %
b11101101 V
11
#24300000
b11101101 9
01
#24310000
1B
b0 R
b11101110 %
b11101110 V
b1000100 H
b1000100 a
1D
0s
11
#24320000
b11101110 9
01
#24330000
0B
0D
b1000101 f
b1010000 h
1r
b111011 &
b111011 U
b10 R
b1010000 W
b11101111 %
b11101111 V
b10101 t
11
#24340000
b11101111 9
01
#24350000
b1 R
b11110000 %
b11110000 V
b1000101 g
1s
0r
11
#24360000
b11110000 9
01
#24370000
1B
b1000101 H
b1000101 a
1D
0s
b0 R
b11110001 %
b11110001 V
11
#24380000
b11110001 9
01
#24390000
0B
b111100 &
b111100 U
b10 R
b1010001 W
b11110010 %
b11110010 V
0D
b1000110 f
b1010001 h
1r
b10101 t
11
#24400000
b11110010 9
01
#24410000
b1000110 g
1s
0r
b1 R
b11110011 %
b11110011 V
11
#24420000
b11110011 9
01
#24430000
1B
b0 R
b11110100 %
b11110100 V
b1000110 H
b1000110 a
1D
0s
11
#24440000
b11110100 9
01
#24450000
0B
0D
b1000111 f
b1010010 h
1r
b111101 &
b111101 U
b10 R
b1010010 W
b11110101 %
b11110101 V
b10101 t
11
#24460000
b11110101 9
01
#24470000
b1 R
b11110110 %
b11110110 V
b1000111 g
1s
0r
11
#24480000
b11110110 9
01
#24490000
1B
b1000111 H
b1000111 a
1D
0s
b0 R
b11110111 %
b11110111 V
11
#24500000
b11110111 9
01
#24510000
0B
b111110 &
b111110 U
b10 R
b1010011 W
b11111000 %
b11111000 V
0D
b1001000 f
b1010011 h
1r
b10101 t
11
#24520000
b11111000 9
01
#24530000
b1001000 g
1s
0r
b1 R
b11111001 %
b11111001 V
11
#24540000
b11111001 9
01
#24550000
1B
b0 R
b11111010 %
b11111010 V
b1001000 H
b1001000 a
1D
0s
11
#24560000
b11111010 9
01
#24570000
0B
0D
b1001001 f
b1010100 h
1r
b111111 &
b111111 U
b10 R
b1010100 W
b11111011 %
b11111011 V
b10101 t
11
#24580000
b11111011 9
01
#24590000
b1 R
b11111100 %
b11111100 V
b1001001 g
1s
0r
11
#24600000
b11111100 9
01
#24610000
1B
b1001001 H
b1001001 a
1D
0s
b0 R
b11111101 %
b11111101 V
11
#24620000
b11111101 9
01
#24630000
0B
b1000000 &
b1000000 U
b10 R
b1010101 W
b11111110 %
b11111110 V
0D
b1001010 f
b1010101 h
1r
b10101 t
11
#24640000
b11111110 9
01
#24650000
b1001010 g
1s
0r
b1 R
b11111111 %
b11111111 V
11
#24660000
b11111111 9
01
#24670000
1B
b0 R
b100000000 %
b100000000 V
b1001010 H
b1001010 a
1D
0s
11
#24680000
b100000000 9
01
#24690000
0B
0D
b1001011 f
b1010110 h
1r
b1000001 &
b1000001 U
b10 R
b1010110 W
b100000001 %
b100000001 V
b10101 t
11
#24700000
b100000001 9
01
#24710000
b1 R
b100000010 %
b100000010 V
b1001011 g
1s
0r
11
#24720000
b100000010 9
01
#24730000
1B
b1001011 H
b1001011 a
1D
0s
b0 R
b100000011 %
b100000011 V
11
#24740000
b100000011 9
01
#24750000
0B
b1000010 &
b1000010 U
b10 R
b1010111 W
b100000100 %
b100000100 V
0D
b1001100 f
b1010111 h
1r
b10101 t
11
#24760000
b100000100 9
01
#24770000
b1001100 g
1s
0r
b1 R
b100000101 %
b100000101 V
11
#24780000
b100000101 9
01
#24790000
1B
b0 R
b100000110 %
b100000110 V
b1001100 H
b1001100 a
1D
0s
11
#24800000
b100000110 9
01
#24810000
0B
0D
b1001101 f
b1011000 h
1r
b1000011 &
b1000011 U
b10 R
b1011000 W
b100000111 %
b100000111 V
b10101 t
11
#24820000
b100000111 9
01
#24830000
b1 R
b100001000 %
b100001000 V
b1001101 g
1s
0r
11
#24840000
b100001000 9
01
#24850000
1B
b1001101 H
b1001101 a
1D
0s
b0 R
b100001001 %
b100001001 V
11
#24860000
b100001001 9
01
#24870000
0B
b1000100 &
b1000100 U
b10 R
b1011001 W
b100001010 %
b100001010 V
0D
b1001110 f
b1011001 h
1r
b10101 t
11
#24880000
b100001010 9
01
#24890000
b1001110 g
1s
0r
b1 R
b100001011 %
b100001011 V
11
#24900000
b100001011 9
01
#24910000
1B
b0 R
b100001100 %
b100001100 V
b1001110 H
b1001110 a
1D
0s
11
#24920000
b100001100 9
01
#24930000
0B
0D
b1001111 f
b1011010 h
1r
b1000101 &
b1000101 U
b10 R
b1011010 W
b100001101 %
b100001101 V
b10101 t
11
#24940000
b100001101 9
01
#24950000
b1 R
b100001110 %
b100001110 V
b1001111 g
1s
0r
11
#24960000
b100001110 9
01
#24970000
1B
b1001111 H
b1001111 a
1D
0s
b0 R
b100001111 %
b100001111 V
11
#24980000
b100001111 9
01
#24990000
0B
b1000110 &
b1000110 U
b10 R
b1011011 W
b100010000 %
b100010000 V
0D
b1010000 f
b1011011 h
1r
b10101 t
11
#25000000
b100010000 9
01
#25010000
b1010000 g
1s
0r
b1 R
b100010001 %
b100010001 V
11
#25020000
b100010001 9
01
#25030000
1B
b0 R
b100010010 %
b100010010 V
b1010000 H
b1010000 a
1D
0s
11
#25040000
b100010010 9
01
#25050000
0B
0D
b1010001 f
b1011100 h
1r
b1000111 &
b1000111 U
b10 R
b1011100 W
b100010011 %
b100010011 V
b10101 t
11
#25060000
b100010011 9
01
#25070000
b1 R
b100010100 %
b100010100 V
b1010001 g
1s
0r
11
#25080000
b100010100 9
01
#25090000
1B
b1010001 H
b1010001 a
1D
0s
b0 R
b100010101 %
b100010101 V
11
#25100000
b100010101 9
01
#25110000
0B
b1001000 &
b1001000 U
b10 R
b1011101 W
b100010110 %
b100010110 V
0D
b1010010 f
b1011101 h
1r
b10101 t
11
#25120000
b100010110 9
01
#25130000
b1010010 g
1s
0r
b1 R
b100010111 %
b100010111 V
11
#25140000
b100010111 9
01
#25150000
1B
b0 R
b100011000 %
b100011000 V
b1010010 H
b1010010 a
1D
0s
11
#25160000
b100011000 9
01
#25170000
0B
0D
b1010011 f
b1011110 h
1r
b1001001 &
b1001001 U
b10 R
b1011110 W
b100011001 %
b100011001 V
b10101 t
11
#25180000
b100011001 9
01
#25190000
b1 R
b100011010 %
b100011010 V
b1010011 g
1s
0r
11
#25200000
b100011010 9
01
#25210000
1B
b1010011 H
b1010011 a
1D
0s
b0 R
b100011011 %
b100011011 V
11
#25220000
b100011011 9
01
#25230000
0B
b1001010 &
b1001010 U
b10 R
b1011111 W
b100011100 %
b100011100 V
0D
b1010100 f
b1011111 h
1r
b10101 t
11
#25240000
b100011100 9
01
#25250000
b1010100 g
1s
0r
b1 R
b100011101 %
b100011101 V
11
#25260000
b100011101 9
01
#25270000
1B
b0 R
b100011110 %
b100011110 V
b1010100 H
b1010100 a
1D
0s
11
#25280000
b100011110 9
01
#25290000
0B
0D
b1010101 f
b1100000 h
1r
b1001011 &
b1001011 U
b10 R
b1100000 W
b100011111 %
b100011111 V
b10101 t
11
#25300000
b100011111 9
01
#25310000
b1 R
b100100000 %
b100100000 V
b1010101 g
1s
0r
11
#25320000
b100100000 9
01
#25330000
1B
b1010101 H
b1010101 a
1D
0s
b0 R
b100100001 %
b100100001 V
11
#25340000
b100100001 9
01
#25350000
0B
b1001100 &
b1001100 U
b10 R
b1100001 W
b100100010 %
b100100010 V
0D
b1010110 f
b1100001 h
1r
b10101 t
11
#25360000
b100100010 9
01
#25370000
b1010110 g
1s
0r
b1 R
b100100011 %
b100100011 V
11
#25380000
b100100011 9
01
#25390000
1B
b0 R
b100100100 %
b100100100 V
b1010110 H
b1010110 a
1D
0s
11
#25400000
b100100100 9
01
#25410000
0B
0D
b1010111 f
b1100010 h
1r
b1001101 &
b1001101 U
b10 R
b1100010 W
b100100101 %
b100100101 V
b10101 t
11
#25420000
b100100101 9
01
#25430000
b1 R
b100100110 %
b100100110 V
b1010111 g
1s
0r
11
#25440000
b100100110 9
01
#25450000
1B
b1010111 H
b1010111 a
1D
0s
b0 R
b100100111 %
b100100111 V
11
#25460000
b100100111 9
01
#25470000
0B
b1001110 &
b1001110 U
b10 R
b1100011 W
b100101000 %
b100101000 V
0D
b1011000 f
b1100011 h
1r
b10101 t
11
#25480000
b100101000 9
01
#25490000
b1011000 g
1s
0r
b1 R
b100101001 %
b100101001 V
11
#25500000
b100101001 9
01
#25510000
1B
b0 R
b100101010 %
b100101010 V
b1011000 H
b1011000 a
1D
0s
11
#25520000
b100101010 9
01
#25530000
0B
0D
b1011001 f
b1100100 h
1r
b1001111 &
b1001111 U
b10 R
b11 Z
b100101011 %
b100101011 V
b10101 t
11
#25540000
b100101011 9
01
#25550000
b100101100 %
b100101100 V
b1011001 g
1s
0r
11
#25560000
b100101100 9
01
#25570000
b1011001 H
b1011001 a
1D
0s
b100101101 %
b100101101 V
11
#25580000
b100101101 9
01
#25590000
b1010000 &
b1010000 U
1*
0-
b0 Z
b100101110 %
b100101110 V
0D
11
#25600000
b110 >
b100101110 9
01
#25610000
11
#25620000
01
#25630000
11
#25640000
01
#25650000
11
#25660000
01
#25670000
11
#25680000
01
#25690000
11
#25700000
01
#25710000
11
#25720000
01
#25730000
11
#25740000
01
#25750000
11
#25760000
b0 w
b11 u
b11 =
b0 ;
01
#25770000
11
#25780000
b110 4
b11 6
b11 @
01
#25790000
11
#25800000
18
01
#25810000
1?
1-
b1 Z
b0 %
b0 V
b0 R
b0 W
b0 '
b0 T
b0 (
b0 S
b0 &
b0 U
0*
b111 )
b111 Q
00
b11 /
b11 M
b11 _
1Y
11
#25820000
b0 9
b0 6
b0 @
08
01
#25830000
1B
0?
b10 Z
b1 %
b1 V
0Y
b0 H
b0 a
b0 G
b0 d
b0 E
b0 p
b0 C
b0 q
b0 o
b0 `
b0 n
b0 g
b0 c
b0 m
b0 f
b0 b
b0 l
b0 k
b0 j
b0 i
b0 h
b0 e
b10101 t
11
#25840000
b1 9
01
#25850000
b1 h
b1 e
b1 W
b10 %
b10 V
b10101 t
11
#25860000
b10 9
01
#25870000
b10 W
b11 %
b11 V
b10 h
b10 e
b10101 t
11
#25880000
b11 9
01
#25890000
b11 h
b11 e
b11 W
b100 %
b100 V
b10101 t
11
#25900000
b100 9
01
#25910000
b100 W
b101 %
b101 V
b100 h
b100 e
b10101 t
11
#25920000
b101 9
01
#25930000
b101 h
b101 e
b101 W
b110 %
b110 V
b10101 t
11
#25940000
b110 9
01
#25950000
b110 W
b111 %
b111 V
b110 h
b110 e
b10101 t
11
#25960000
b111 9
01
#25970000
b111 h
b111 e
b111 W
b1000 %
b1000 V
b10101 t
11
#25980000
b1000 9
01
#25990000
b1000 W
b1001 %
b1001 V
b1000 h
b1000 e
b10101 t
11
#26000000
b1001 9
01
#26010000
b1001 h
b1001 e
b1001 W
b1010 %
b1010 V
b10101 t
11
#26020000
b1010 9
01
#26030000
b1010 W
b1011 %
b1011 V
b1010 h
b1010 e
b10101 t
11
#26040000
b1011 9
01
#26050000
b1011 h
b1011 e
b1011 W
b1100 %
b1100 V
b10101 t
11
#26060000
b1100 9
01
#26070000
b1100 W
b1101 %
b1101 V
b1100 h
b1100 e
b10101 t
11
#26080000
b1101 9
01
#26090000
b1101 h
b1101 e
b1101 W
b1110 %
b1110 V
b10101 t
11
#26100000
b1110 9
01
#26110000
b1110 W
b1111 %
b1111 V
b1110 h
b1110 e
b10101 t
11
#26120000
b1111 9
01
#26130000
b1111 h
b1111 e
b1111 W
b10000 %
b10000 V
b10101 t
11
#26140000
b10000 9
01
#26150000
b10000 W
b10001 %
b10001 V
b10000 h
b10000 e
b10101 t
11
#26160000
b10001 9
01
#26170000
b10001 h
b10001 e
b10001 W
b10010 %
b10010 V
b10101 t
11
#26180000
b10010 9
01
#26190000
b10010 W
b10011 %
b10011 V
b10010 h
b10010 e
b10101 t
11
#26200000
b10011 9
01
#26210000
b10011 h
b10011 e
b10011 W
b10100 %
b10100 V
b10101 t
11
#26220000
b10100 9
01
#26230000
b10100 W
b10101 %
b10101 V
b10100 h
b10100 e
b10101 t
11
#26240000
b10101 9
01
#26250000
b11 m
b1010 f
b1100100 b
b110010000 l
b110010000 k
b110010000 j
b110010000 i
b10101 h
b10101 e
1r
b10101 W
b10110 %
b10110 V
b10101 t
11
#26260000
b10110 9
01
#26270000
b1100100000 `
b10110 W
b10111 %
b10111 V
b11 n
b1010 g
b1100100 c
b11001000000 o
1s
b1011 f
b10110 h
b10101 t
11
#26280000
b10111 9
01
#26290000
b1010 H
b1010 a
b1100100 G
b1100100 d
b1100100000 C
b1100100000 q
b1100100000 E
b1100100000 p
1D
b1011 g
b1100 f
b10111 h
b10111 W
b11000 %
b11000 V
b10101 t
11
#26300000
b11000 9
01
#26310000
b1100100000 '
b1100100000 T
b1100100000 (
b1100100000 S
b1 &
b1 U
b11000 W
b11001 %
b11001 V
b1011 H
b1011 a
b1100 g
b1101 f
b11000 h
b10101 t
11
#26320000
b11001 9
01
#26330000
b1100 H
b1100 a
b1101 g
b1110 f
b11001 h
b10 &
b10 U
b11001 W
b11010 %
b11010 V
b10101 t
11
#26340000
b11010 9
01
#26350000
b11 &
b11 U
b11010 W
b11011 %
b11011 V
b1101 H
b1101 a
b1110 g
b1111 f
b11010 h
b10101 t
11
#26360000
b11011 9
01
#26370000
b1110 H
b1110 a
b1111 g
b10000 f
b11011 h
b100 &
b100 U
b11011 W
b11100 %
b11100 V
b10101 t
11
#26380000
b11100 9
01
#26390000
b101 &
b101 U
b11100 W
b11101 %
b11101 V
b1111 H
b1111 a
b10000 g
b10001 f
b11100 h
b10101 t
11
#26400000
b11101 9
01
#26410000
b10000 H
b10000 a
b10001 g
b10010 f
b11101 h
b110 &
b110 U
b11101 W
b11110 %
b11110 V
b10101 t
11
#26420000
b11110 9
01
#26430000
b111 &
b111 U
b11110 W
b11111 %
b11111 V
b10001 H
b10001 a
b10010 g
b10011 f
b11110 h
b10101 t
11
#26440000
b11111 9
01
#26450000
b10010 H
b10010 a
b10011 g
b10100 f
b11111 h
b1000 &
b1000 U
b11111 W
b100000 %
b100000 V
b10101 t
11
#26460000
b100000 9
01
#26470000
b1001 &
b1001 U
b100000 W
b100001 %
b100001 V
b10011 H
b10011 a
b10100 g
b10101 f
b100000 h
b10101 t
11
#26480000
b100001 9
01
#26490000
b10100 H
b10100 a
b10101 g
b10110 f
b100001 h
b1010 &
b1010 U
b100001 W
b100010 %
b100010 V
b10101 t
11
#26500000
b100010 9
01
#26510000
b1011 &
b1011 U
b100010 W
b100011 %
b100011 V
b10101 H
b10101 a
b10110 g
b10111 f
b100010 h
b10101 t
11
#26520000
b100011 9
01
#26530000
b10110 H
b10110 a
b10111 g
b11000 f
b100011 h
b1100 &
b1100 U
b100011 W
b100100 %
b100100 V
b10101 t
11
#26540000
b100100 9
01
#26550000
b1101 &
b1101 U
b100100 W
b100101 %
b100101 V
b10111 H
b10111 a
b11000 g
b11001 f
b100100 h
b10101 t
11
#26560000
b100101 9
01
#26570000
b11000 H
b11000 a
b11001 g
b11010 f
b100101 h
b1110 &
b1110 U
b100101 W
b100110 %
b100110 V
b10101 t
11
#26580000
b100110 9
01
#26590000
b1111 &
b1111 U
b100110 W
b100111 %
b100111 V
b11001 H
b11001 a
b11010 g
b11011 f
b100110 h
b10101 t
11
#26600000
b100111 9
01
#26610000
b11010 H
b11010 a
b11011 g
b11100 f
b100111 h
b10000 &
b10000 U
b100111 W
b101000 %
b101000 V
b10101 t
11
#26620000
b101000 9
01
#26630000
b10001 &
b10001 U
b101000 W
b101001 %
b101001 V
b11011 H
b11011 a
b11100 g
b11101 f
b101000 h
b10101 t
11
#26640000
b101001 9
01
#26650000
b11100 H
b11100 a
b11101 g
b11110 f
b101001 h
b10010 &
b10010 U
b101001 W
b101010 %
b101010 V
b10101 t
11
#26660000
b101010 9
01
#26670000
b10011 &
b10011 U
b101010 W
b101011 %
b101011 V
b11101 H
b11101 a
b11110 g
b11111 f
b101010 h
b10101 t
11
#26680000
b101011 9
01
#26690000
b11110 H
b11110 a
b11111 g
b100000 f
b101011 h
b10100 &
b10100 U
b101011 W
b101100 %
b101100 V
b10101 t
11
#26700000
b101100 9
01
#26710000
b10101 &
b10101 U
b101100 W
b101101 %
b101101 V
b11111 H
b11111 a
b100000 g
b100001 f
b101100 h
b10101 t
11
#26720000
b101101 9
01
#26730000
b100000 H
b100000 a
b100001 g
b100010 f
b101101 h
b10110 &
b10110 U
b101101 W
b101110 %
b101110 V
b10101 t
11
#26740000
b101110 9
01
#26750000
b10111 &
b10111 U
b101110 W
b101111 %
b101111 V
b100001 H
b100001 a
b100010 g
b100011 f
b101110 h
b10101 t
11
#26760000
b101111 9
01
#26770000
b100010 H
b100010 a
b100011 g
b100100 f
b101111 h
b11000 &
b11000 U
b101111 W
b110000 %
b110000 V
b10101 t
11
#26780000
b110000 9
01
#26790000
b11001 &
b11001 U
b110000 W
b110001 %
b110001 V
b100011 H
b100011 a
b100100 g
b100101 f
b110000 h
b10101 t
11
#26800000
b110001 9
01
#26810000
b100100 H
b100100 a
b100101 g
b100110 f
b110001 h
b11010 &
b11010 U
b110001 W
b110010 %
b110010 V
b10101 t
11
#26820000
b110010 9
01
#26830000
b11011 &
b11011 U
b110010 W
b110011 %
b110011 V
b100101 H
b100101 a
b100110 g
b100111 f
b110010 h
b10101 t
11
#26840000
b110011 9
01
#26850000
b100110 H
b100110 a
b100111 g
b101000 f
b110011 h
b11100 &
b11100 U
b110011 W
b110100 %
b110100 V
b10101 t
11
#26860000
b110100 9
01
#26870000
b11101 &
b11101 U
b110100 W
b110101 %
b110101 V
b100111 H
b100111 a
b101000 g
b101001 f
b110100 h
b10101 t
11
#26880000
b110101 9
01
#26890000
b101000 H
b101000 a
b101001 g
b101010 f
b110101 h
b11110 &
b11110 U
b110101 W
b110110 %
b110110 V
b10101 t
11
#26900000
b110110 9
01
#26910000
b11111 &
b11111 U
b110110 W
b110111 %
b110111 V
b101001 H
b101001 a
b101010 g
b101011 f
b110110 h
b10101 t
11
#26920000
b110111 9
01
#26930000
b101010 H
b101010 a
b101011 g
b101100 f
b110111 h
b100000 &
b100000 U
b110111 W
b111000 %
b111000 V
b10101 t
11
#26940000
b111000 9
01
#26950000
b100001 &
b100001 U
b111000 W
b111001 %
b111001 V
b101011 H
b101011 a
b101100 g
b101101 f
b111000 h
b10101 t
11
#26960000
b111001 9
01
#26970000
b101100 H
b101100 a
b101101 g
b101110 f
b111001 h
b100010 &
b100010 U
b111001 W
b111010 %
b111010 V
b10101 t
11
#26980000
b111010 9
01
#26990000
b100011 &
b100011 U
b111010 W
b111011 %
b111011 V
b101101 H
b101101 a
b101110 g
b101111 f
b111010 h
b10101 t
11
#27000000
b111011 9
01
#27010000
b101110 H
b101110 a
b101111 g
b110000 f
b111011 h
b100100 &
b100100 U
b111011 W
b111100 %
b111100 V
b10101 t
11
#27020000
b111100 9
01
#27030000
b100101 &
b100101 U
b111100 W
b111101 %
b111101 V
b101111 H
b101111 a
b110000 g
b110001 f
b111100 h
b10101 t
11
#27040000
b111101 9
01
#27050000
b110000 H
b110000 a
b110001 g
b110010 f
b111101 h
b100110 &
b100110 U
b111101 W
b111110 %
b111110 V
b10101 t
11
#27060000
b111110 9
01
#27070000
b100111 &
b100111 U
b111110 W
b111111 %
b111111 V
b110001 H
b110001 a
b110010 g
b110011 f
b111110 h
b10101 t
11
#27080000
b111111 9
01
#27090000
b110010 H
b110010 a
b110011 g
b110100 f
b111111 h
b101000 &
b101000 U
b111111 W
b1000000 %
b1000000 V
b10101 t
11
#27100000
b1000000 9
01
#27110000
b101001 &
b101001 U
b1000000 W
b1000001 %
b1000001 V
b110011 H
b110011 a
b110100 g
b110101 f
b1000000 h
b10101 t
11
#27120000
b1000001 9
01
#27130000
b110100 H
b110100 a
b110101 g
b110110 f
b1000001 h
b101010 &
b101010 U
b1000001 W
b1000010 %
b1000010 V
b10101 t
11
#27140000
b1000010 9
01
#27150000
b101011 &
b101011 U
b1000010 W
b1000011 %
b1000011 V
b110101 H
b110101 a
b110110 g
b110111 f
b1000010 h
b10101 t
11
#27160000
b1000011 9
01
#27170000
b110110 H
b110110 a
b110111 g
b111000 f
b1000011 h
b101100 &
b101100 U
b1000011 W
b1000100 %
b1000100 V
b10101 t
11
#27180000
b1000100 9
01
#27190000
b101101 &
b101101 U
b1000100 W
b1000101 %
b1000101 V
b110111 H
b110111 a
b111000 g
b111001 f
b1000100 h
b10101 t
11
#27200000
b1000101 9
01
#27210000
b111000 H
b111000 a
b111001 g
b111010 f
b1000101 h
b101110 &
b101110 U
b1000101 W
b1000110 %
b1000110 V
b10101 t
11
#27220000
b1000110 9
01
#27230000
b101111 &
b101111 U
b1000110 W
b1000111 %
b1000111 V
b111001 H
b111001 a
b111010 g
b111011 f
b1000110 h
b10101 t
11
#27240000
b1000111 9
01
#27250000
b111010 H
b111010 a
b111011 g
b111100 f
b1000111 h
b110000 &
b110000 U
b1000111 W
b1001000 %
b1001000 V
b10101 t
11
#27260000
b1001000 9
01
#27270000
b110001 &
b110001 U
b1001000 W
b1001001 %
b1001001 V
b111011 H
b111011 a
b111100 g
b111101 f
b1001000 h
b10101 t
11
#27280000
b1001001 9
01
#27290000
b111100 H
b111100 a
b111101 g
b111110 f
b1001001 h
b110010 &
b110010 U
b1001001 W
b1001010 %
b1001010 V
b10101 t
11
#27300000
b1001010 9
01
#27310000
b110011 &
b110011 U
b1001010 W
b1001011 %
b1001011 V
b111101 H
b111101 a
b111110 g
b111111 f
b1001010 h
b10101 t
11
#27320000
b1001011 9
01
#27330000
b111110 H
b111110 a
b111111 g
b1000000 f
b1001011 h
b110100 &
b110100 U
b1001011 W
b1001100 %
b1001100 V
b10101 t
11
#27340000
b1001100 9
01
#27350000
b110101 &
b110101 U
b1001100 W
b1001101 %
b1001101 V
b111111 H
b111111 a
b1000000 g
b1000001 f
b1001100 h
b10101 t
11
#27360000
b1001101 9
01
#27370000
b1000000 H
b1000000 a
b1000001 g
b1000010 f
b1001101 h
b110110 &
b110110 U
b1001101 W
b1001110 %
b1001110 V
b10101 t
11
#27380000
b1001110 9
01
#27390000
b110111 &
b110111 U
b1001110 W
b1001111 %
b1001111 V
b1000001 H
b1000001 a
b1000010 g
b1000011 f
b1001110 h
b10101 t
11
#27400000
b1001111 9
01
#27410000
b1000010 H
b1000010 a
b1000011 g
b1000100 f
b1001111 h
b111000 &
b111000 U
b1001111 W
b1010000 %
b1010000 V
b10101 t
11
#27420000
b1010000 9
01
#27430000
b111001 &
b111001 U
b1010000 W
b1010001 %
b1010001 V
b1000011 H
b1000011 a
b1000100 g
b1000101 f
b1010000 h
b10101 t
11
#27440000
b1010001 9
01
#27450000
b1000100 H
b1000100 a
b1000101 g
b1000110 f
b1010001 h
b111010 &
b111010 U
b1010001 W
b1010010 %
b1010010 V
b10101 t
11
#27460000
b1010010 9
01
#27470000
b111011 &
b111011 U
b1010010 W
b1010011 %
b1010011 V
b1000101 H
b1000101 a
b1000110 g
b1000111 f
b1010010 h
b10101 t
11
#27480000
b1010011 9
01
#27490000
b1000110 H
b1000110 a
b1000111 g
b1001000 f
b1010011 h
b111100 &
b111100 U
b1010011 W
b1010100 %
b1010100 V
b10101 t
11
#27500000
b1010100 9
01
#27510000
b111101 &
b111101 U
b1010100 W
b1010101 %
b1010101 V
b1000111 H
b1000111 a
b1001000 g
b1001001 f
b1010100 h
b10101 t
11
#27520000
b1010101 9
01
#27530000
b1001000 H
b1001000 a
b1001001 g
b1001010 f
b1010101 h
b111110 &
b111110 U
b1010101 W
b1010110 %
b1010110 V
b10101 t
11
#27540000
b1010110 9
01
#27550000
b111111 &
b111111 U
b1010110 W
b1010111 %
b1010111 V
b1001001 H
b1001001 a
b1001010 g
b1001011 f
b1010110 h
b10101 t
11
#27560000
b1010111 9
01
#27570000
b1001010 H
b1001010 a
b1001011 g
b1001100 f
b1010111 h
b1000000 &
b1000000 U
b1010111 W
b1011000 %
b1011000 V
b10101 t
11
#27580000
b1011000 9
01
#27590000
b1000001 &
b1000001 U
b1011000 W
b1011001 %
b1011001 V
b1001011 H
b1001011 a
b1001100 g
b1001101 f
b1011000 h
b10101 t
11
#27600000
b1011001 9
01
#27610000
b1001100 H
b1001100 a
b1001101 g
b1001110 f
b1011001 h
b1000010 &
b1000010 U
b1011001 W
b1011010 %
b1011010 V
b10101 t
11
#27620000
b1011010 9
01
#27630000
b1000011 &
b1000011 U
b1011010 W
b1011011 %
b1011011 V
b1001101 H
b1001101 a
b1001110 g
b1001111 f
b1011010 h
b10101 t
11
#27640000
b1011011 9
01
#27650000
b1001110 H
b1001110 a
b1001111 g
b1010000 f
b1011011 h
b1000100 &
b1000100 U
b1011011 W
b1011100 %
b1011100 V
b10101 t
11
#27660000
b1011100 9
01
#27670000
b1000101 &
b1000101 U
b1011100 W
b1011101 %
b1011101 V
b1001111 H
b1001111 a
b1010000 g
b1010001 f
b1011100 h
b10101 t
11
#27680000
b1011101 9
01
#27690000
b1010000 H
b1010000 a
b1010001 g
b1010010 f
b1011101 h
b1000110 &
b1000110 U
b1011101 W
b1011110 %
b1011110 V
b10101 t
11
#27700000
b1011110 9
01
#27710000
b1000111 &
b1000111 U
b1011110 W
b1011111 %
b1011111 V
b1010001 H
b1010001 a
b1010010 g
b1010011 f
b1011110 h
b10101 t
11
#27720000
b1011111 9
01
#27730000
b1010010 H
b1010010 a
b1010011 g
b1010100 f
b1011111 h
b1001000 &
b1001000 U
b1011111 W
b1100000 %
b1100000 V
b10101 t
11
#27740000
b1100000 9
01
#27750000
b1001001 &
b1001001 U
b1100000 W
b1100001 %
b1100001 V
b1010011 H
b1010011 a
b1010100 g
b1010101 f
b1100000 h
b10101 t
11
#27760000
b1100001 9
01
#27770000
b1010100 H
b1010100 a
b1010101 g
b1010110 f
b1100001 h
b1001010 &
b1001010 U
b1100001 W
b1100010 %
b1100010 V
b10101 t
11
#27780000
b1100010 9
01
#27790000
b1001011 &
b1001011 U
b1100010 W
b1100011 %
b1100011 V
b1010101 H
b1010101 a
b1010110 g
b1010111 f
b1100010 h
b10101 t
11
#27800000
b1100011 9
01
#27810000
b1010110 H
b1010110 a
b1010111 g
b1011000 f
b1100011 h
b1001100 &
b1001100 U
b1100011 W
b1100100 %
b1100100 V
b10101 t
11
#27820000
b1100100 9
01
#27830000
0B
b1001101 &
b1001101 U
b11 Z
b1100101 %
b1100101 V
b1010111 H
b1010111 a
b1011000 g
b1011001 f
b1100100 h
b10101 t
11
#27840000
b1100101 9
01
#27850000
b1011000 H
b1011000 a
b1011001 g
0r
b1001110 &
b1001110 U
b1100110 %
b1100110 V
11
#27860000
b1100110 9
01
#27870000
b1001111 &
b1001111 U
b1100111 %
b1100111 V
b1011001 H
b1011001 a
0s
11
#27880000
b1100111 9
01
#27890000
0D
b1010000 &
b1010000 U
1*
0-
b0 Z
b1101000 %
b1101000 V
11
#27900000
b111 >
b1101000 9
01
#27910000
11
#27920000
01
#27930000
11
#27940000
01
#27950000
11
#27960000
01
#27970000
11
#27980000
01
#27990000
11
#28000000
01
#28010000
11
#28020000
01
#28030000
11
#28040000
01
#28050000
11
#28060000
b1 w
b1 ;
01
#28070000
11
#28080000
b111 4
13
b11 6
b11 @
01
#28090000
11
#28100000
18
01
#28110000
1?
1-
b1 Z
b0 %
b0 V
b0 W
b0 '
b0 T
b0 (
b0 S
b0 &
b0 U
0*
b1000 )
b1000 Q
10
1Y
11
#28120000
b0 9
03
b0 6
b0 @
08
01
#28130000
1B
0?
b0 H
b0 a
b0 G
b0 d
b0 E
b0 p
b0 C
b0 q
b0 o
b0 `
b0 n
b0 g
b0 c
b0 m
b0 f
b0 b
b0 l
b0 k
b0 j
b0 i
b0 h
b0 e
b10 Z
b1 %
b1 V
0Y
b10101 t
11
#28140000
b1 9
01
#28150000
0B
b10 R
b1 W
b10 %
b10 V
b1 h
b1 e
b10101 t
11
#28160000
b10 9
01
#28170000
b1 R
b11 %
b11 V
11
#28180000
b11 9
01
#28190000
1B
b0 R
b100 %
b100 V
11
#28200000
b100 9
01
#28210000
0B
b10 h
b10 e
b10 R
b10 W
b101 %
b101 V
b10101 t
11
#28220000
b101 9
01
#28230000
b1 R
b110 %
b110 V
11
#28240000
b110 9
01
#28250000
1B
b0 R
b111 %
b111 V
11
#28260000
b111 9
01
#28270000
0B
b10 R
b11 W
b1000 %
b1000 V
b11 h
b11 e
b10101 t
11
#28280000
b1000 9
01
#28290000
b1 R
b1001 %
b1001 V
11
#28300000
b1001 9
01
#28310000
1B
b0 R
b1010 %
b1010 V
11
#28320000
b1010 9
01
#28330000
0B
b100 h
b100 e
b10 R
b100 W
b1011 %
b1011 V
b10101 t
11
#28340000
b1011 9
01
#28350000
b1 R
b1100 %
b1100 V
11
#28360000
b1100 9
01
#28370000
1B
b0 R
b1101 %
b1101 V
11
#28380000
b1101 9
01
#28390000
0B
b10 R
b101 W
b1110 %
b1110 V
b101 h
b101 e
b10101 t
11
#28400000
b1110 9
01
#28410000
b1 R
b1111 %
b1111 V
11
#28420000
b1111 9
01
#28430000
1B
b0 R
b10000 %
b10000 V
11
#28440000
b10000 9
01
#28450000
0B
b110 h
b110 e
b10 R
b110 W
b10001 %
b10001 V
b10101 t
11
#28460000
b10001 9
01
#28470000
b1 R
b10010 %
b10010 V
11
#28480000
b10010 9
01
#28490000
1B
b0 R
b10011 %
b10011 V
11
#28500000
b10011 9
01
#28510000
0B
b10 R
b111 W
b10100 %
b10100 V
b111 h
b111 e
b10101 t
11
#28520000
b10100 9
01
#28530000
b1 R
b10101 %
b10101 V
11
#28540000
b10101 9
01
#28550000
1B
b0 R
b10110 %
b10110 V
11
#28560000
b10110 9
01
#28570000
0B
b1000 h
b1000 e
b10 R
b1000 W
b10111 %
b10111 V
b10101 t
11
#28580000
b10111 9
01
#28590000
b1 R
b11000 %
b11000 V
11
#28600000
b11000 9
01
#28610000
1B
b0 R
b11001 %
b11001 V
11
#28620000
b11001 9
01
#28630000
0B
b10 R
b1001 W
b11010 %
b11010 V
b1001 h
b1001 e
b10101 t
11
#28640000
b11010 9
01
#28650000
b1 R
b11011 %
b11011 V
11
#28660000
b11011 9
01
#28670000
1B
b0 R
b11100 %
b11100 V
11
#28680000
b11100 9
01
#28690000
0B
b1010 h
b1010 e
b10 R
b1010 W
b11101 %
b11101 V
b10101 t
11
#28700000
b11101 9
01
#28710000
b1 R
b11110 %
b11110 V
11
#28720000
b11110 9
01
#28730000
1B
b0 R
b11111 %
b11111 V
11
#28740000
b11111 9
01
#28750000
0B
b10 R
b1011 W
b100000 %
b100000 V
b1011 h
b1011 e
b10101 t
11
#28760000
b100000 9
01
#28770000
b1 R
b100001 %
b100001 V
11
#28780000
b100001 9
01
#28790000
1B
b0 R
b100010 %
b100010 V
11
#28800000
b100010 9
01
#28810000
0B
b1100 h
b1100 e
b10 R
b1100 W
b100011 %
b100011 V
b10101 t
11
#28820000
b100011 9
01
#28830000
b1 R
b100100 %
b100100 V
11
#28840000
b100100 9
01
#28850000
1B
b0 R
b100101 %
b100101 V
11
#28860000
b100101 9
01
#28870000
0B
b10 R
b1101 W
b100110 %
b100110 V
b1101 h
b1101 e
b10101 t
11
#28880000
b100110 9
01
#28890000
b1 R
b100111 %
b100111 V
11
#28900000
b100111 9
01
#28910000
1B
b0 R
b101000 %
b101000 V
11
#28920000
b101000 9
01
#28930000
0B
b1110 h
b1110 e
b10 R
b1110 W
b101001 %
b101001 V
b10101 t
11
#28940000
b101001 9
01
#28950000
b1 R
b101010 %
b101010 V
11
#28960000
b101010 9
01
#28970000
1B
b0 R
b101011 %
b101011 V
11
#28980000
b101011 9
01
#28990000
0B
b10 R
b1111 W
b101100 %
b101100 V
b1111 h
b1111 e
b10101 t
11
#29000000
b101100 9
01
#29010000
b1 R
b101101 %
b101101 V
11
#29020000
b101101 9
01
#29030000
1B
b0 R
b101110 %
b101110 V
11
#29040000
b101110 9
01
#29050000
0B
b10000 h
b10000 e
b10 R
b10000 W
b101111 %
b101111 V
b10101 t
11
#29060000
b101111 9
01
#29070000
b1 R
b110000 %
b110000 V
11
#29080000
b110000 9
01
#29090000
1B
b0 R
b110001 %
b110001 V
11
#29100000
b110001 9
01
#29110000
0B
b10 R
b10001 W
b110010 %
b110010 V
b10001 h
b10001 e
b10101 t
11
#29120000
b110010 9
01
#29130000
b1 R
b110011 %
b110011 V
11
#29140000
b110011 9
01
#29150000
1B
b0 R
b110100 %
b110100 V
11
#29160000
b110100 9
01
#29170000
0B
b10010 h
b10010 e
b10 R
b10010 W
b110101 %
b110101 V
b10101 t
11
#29180000
b110101 9
01
#29190000
b1 R
b110110 %
b110110 V
11
#29200000
b110110 9
01
#29210000
1B
b0 R
b110111 %
b110111 V
11
#29220000
b110111 9
01
#29230000
0B
b10 R
b10011 W
b111000 %
b111000 V
b10011 h
b10011 e
b10101 t
11
#29240000
b111000 9
01
#29250000
b1 R
b111001 %
b111001 V
11
#29260000
b111001 9
01
#29270000
1B
b0 R
b111010 %
b111010 V
11
#29280000
b111010 9
01
#29290000
0B
b10100 h
b10100 e
b10 R
b10100 W
b111011 %
b111011 V
b10101 t
11
#29300000
b111011 9
01
#29310000
b1 R
b111100 %
b111100 V
11
#29320000
b111100 9
01
#29330000
1B
b0 R
b111101 %
b111101 V
11
#29340000
b111101 9
01
#29350000
0B
b10 R
b10101 W
b111110 %
b111110 V
b11 m
b1010 f
b1100100 b
b110010000 l
b110010000 k
b110010000 j
b110010000 i
b10101 h
b10101 e
1r
b10101 t
11
#29360000
b111110 9
01
#29370000
b1100100000 `
b11 n
b1010 g
b1100100 c
b11001000000 o
1s
0r
b1 R
b111111 %
b111111 V
11
#29380000
b111111 9
01
#29390000
1B
b0 R
b1000000 %
b1000000 V
b1010 H
b1010 a
b1100100 G
b1100100 d
b1100100000 C
b1100100000 q
b1100100000 E
b1100100000 p
1D
0s
11
#29400000
b1000000 9
01
#29410000
0B
0D
b1011 f
b10110 h
1r
b1100100000 '
b1100100000 T
b1100100000 (
b1100100000 S
b1 &
b1 U
b10 R
b10110 W
b1000001 %
b1000001 V
b10101 t
11
#29420000
b1000001 9
01
#29430000
b1 R
b1000010 %
b1000010 V
b1011 g
1s
0r
11
#29440000
b1000010 9
01
#29450000
1B
b1011 H
b1011 a
1D
0s
b0 R
b1000011 %
b1000011 V
11
#29460000
b1000011 9
01
#29470000
0B
b10 &
b10 U
b10 R
b10111 W
b1000100 %
b1000100 V
0D
b1100 f
b10111 h
1r
b10101 t
11
#29480000
b1000100 9
01
#29490000
b1100 g
1s
0r
b1 R
b1000101 %
b1000101 V
11
#29500000
b1000101 9
01
#29510000
1B
b0 R
b1000110 %
b1000110 V
b1100 H
b1100 a
1D
0s
11
#29520000
b1000110 9
01
#29530000
0B
0D
b1101 f
b11000 h
1r
b11 &
b11 U
b10 R
b11000 W
b1000111 %
b1000111 V
b10101 t
11
#29540000
b1000111 9
01
#29550000
b1 R
b1001000 %
b1001000 V
b1101 g
1s
0r
11
#29560000
b1001000 9
01
#29570000
1B
b1101 H
b1101 a
1D
0s
b0 R
b1001001 %
b1001001 V
11
#29580000
b1001001 9
01
#29590000
0B
b100 &
b100 U
b10 R
b11001 W
b1001010 %
b1001010 V
0D
b1110 f
b11001 h
1r
b10101 t
11
#29600000
b1001010 9
01
#29610000
b1110 g
1s
0r
b1 R
b1001011 %
b1001011 V
11
#29620000
b1001011 9
01
#29630000
1B
b0 R
b1001100 %
b1001100 V
b1110 H
b1110 a
1D
0s
11
#29640000
b1001100 9
01
#29650000
0B
0D
b1111 f
b11010 h
1r
b101 &
b101 U
b10 R
b11010 W
b1001101 %
b1001101 V
b10101 t
11
#29660000
b1001101 9
01
#29670000
b1 R
b1001110 %
b1001110 V
b1111 g
1s
0r
11
#29680000
b1001110 9
01
#29690000
1B
b1111 H
b1111 a
1D
0s
b0 R
b1001111 %
b1001111 V
11
#29700000
b1001111 9
01
#29710000
0B
b110 &
b110 U
b10 R
b11011 W
b1010000 %
b1010000 V
0D
b10000 f
b11011 h
1r
b10101 t
11
#29720000
b1010000 9
01
#29730000
b10000 g
1s
0r
b1 R
b1010001 %
b1010001 V
11
#29740000
b1010001 9
01
#29750000
1B
b0 R
b1010010 %
b1010010 V
b10000 H
b10000 a
1D
0s
11
#29760000
b1010010 9
01
#29770000
0B
0D
b10001 f
b11100 h
1r
b111 &
b111 U
b10 R
b11100 W
b1010011 %
b1010011 V
b10101 t
11
#29780000
b1010011 9
01
#29790000
b1 R
b1010100 %
b1010100 V
b10001 g
1s
0r
11
#29800000
b1010100 9
01
#29810000
1B
b10001 H
b10001 a
1D
0s
b0 R
b1010101 %
b1010101 V
11
#29820000
b1010101 9
01
#29830000
0B
b1000 &
b1000 U
b10 R
b11101 W
b1010110 %
b1010110 V
0D
b10010 f
b11101 h
1r
b10101 t
11
#29840000
b1010110 9
01
#29850000
b10010 g
1s
0r
b1 R
b1010111 %
b1010111 V
11
#29860000
b1010111 9
01
#29870000
1B
b0 R
b1011000 %
b1011000 V
b10010 H
b10010 a
1D
0s
11
#29880000
b1011000 9
01
#29890000
0B
0D
b10011 f
b11110 h
1r
b1001 &
b1001 U
b10 R
b11110 W
b1011001 %
b1011001 V
b10101 t
11
#29900000
b1011001 9
01
#29910000
b1 R
b1011010 %
b1011010 V
b10011 g
1s
0r
11
#29920000
b1011010 9
01
#29930000
1B
b10011 H
b10011 a
1D
0s
b0 R
b1011011 %
b1011011 V
11
#29940000
b1011011 9
01
#29950000
0B
b1010 &
b1010 U
b10 R
b11111 W
b1011100 %
b1011100 V
0D
b10100 f
b11111 h
1r
b10101 t
11
#29960000
b1011100 9
01
#29970000
b10100 g
1s
0r
b1 R
b1011101 %
b1011101 V
11
#29980000
b1011101 9
01
#29990000
1B
b0 R
b1011110 %
b1011110 V
b10100 H
b10100 a
1D
0s
11
#30000000
b1011110 9
01
#30010000
0B
0D
b10101 f
b100000 h
1r
b1011 &
b1011 U
b10 R
b100000 W
b1011111 %
b1011111 V
b10101 t
11
#30020000
b1011111 9
01
#30030000
b1 R
b1100000 %
b1100000 V
b10101 g
1s
0r
11
#30040000
b1100000 9
01
#30050000
1B
b10101 H
b10101 a
1D
0s
b0 R
b1100001 %
b1100001 V
11
#30060000
b1100001 9
01
#30070000
0B
b1100 &
b1100 U
b10 R
b100001 W
b1100010 %
b1100010 V
0D
b10110 f
b100001 h
1r
b10101 t
11
#30080000
b1100010 9
01
#30090000
b10110 g
1s
0r
b1 R
b1100011 %
b1100011 V
11
#30100000
b1100011 9
01
#30110000
1B
b0 R
b1100100 %
b1100100 V
b10110 H
b10110 a
1D
0s
11
#30120000
b1100100 9
01
#30130000
0B
0D
b10111 f
b100010 h
1r
b1101 &
b1101 U
b10 R
b100010 W
b1100101 %
b1100101 V
b10101 t
11
#30140000
b1100101 9
01
#30150000
b1 R
b1100110 %
b1100110 V
b10111 g
1s
0r
11
#30160000
b1100110 9
01
#30170000
1B
b10111 H
b10111 a
1D
0s
b0 R
b1100111 %
b1100111 V
11
#30180000
b1100111 9
01
#30190000
0B
b1110 &
b1110 U
b10 R
b100011 W
b1101000 %
b1101000 V
0D
b11000 f
b100011 h
1r
b10101 t
11
#30200000
b1101000 9
01
#30210000
b11000 g
1s
0r
b1 R
b1101001 %
b1101001 V
11
#30220000
b1101001 9
01
#30230000
1B
b0 R
b1101010 %
b1101010 V
b11000 H
b11000 a
1D
0s
11
#30240000
b1101010 9
01
#30250000
0B
0D
b11001 f
b100100 h
1r
b1111 &
b1111 U
b10 R
b100100 W
b1101011 %
b1101011 V
b10101 t
11
#30260000
b1101011 9
01
#30270000
b1 R
b1101100 %
b1101100 V
b11001 g
1s
0r
11
#30280000
b1101100 9
01
#30290000
1B
b11001 H
b11001 a
1D
0s
b0 R
b1101101 %
b1101101 V
11
#30300000
b1101101 9
01
#30310000
0B
b10000 &
b10000 U
b10 R
b100101 W
b1101110 %
b1101110 V
0D
b11010 f
b100101 h
1r
b10101 t
11
#30320000
b1101110 9
01
#30330000
b11010 g
1s
0r
b1 R
b1101111 %
b1101111 V
11
#30340000
b1101111 9
01
#30350000
1B
b0 R
b1110000 %
b1110000 V
b11010 H
b11010 a
1D
0s
11
#30360000
b1110000 9
01
#30370000
0B
0D
b11011 f
b100110 h
1r
b10001 &
b10001 U
b10 R
b100110 W
b1110001 %
b1110001 V
b10101 t
11
#30380000
b1110001 9
01
#30390000
b1 R
b1110010 %
b1110010 V
b11011 g
1s
0r
11
#30400000
b1110010 9
01
#30410000
1B
b11011 H
b11011 a
1D
0s
b0 R
b1110011 %
b1110011 V
11
#30420000
b1110011 9
01
#30430000
0B
b10010 &
b10010 U
b10 R
b100111 W
b1110100 %
b1110100 V
0D
b11100 f
b100111 h
1r
b10101 t
11
#30440000
b1110100 9
01
#30450000
b11100 g
1s
0r
b1 R
b1110101 %
b1110101 V
11
#30460000
b1110101 9
01
#30470000
1B
b0 R
b1110110 %
b1110110 V
b11100 H
b11100 a
1D
0s
11
#30480000
b1110110 9
01
#30490000
0B
0D
b11101 f
b101000 h
1r
b10011 &
b10011 U
b10 R
b101000 W
b1110111 %
b1110111 V
b10101 t
11
#30500000
b1110111 9
01
#30510000
b1 R
b1111000 %
b1111000 V
b11101 g
1s
0r
11
#30520000
b1111000 9
01
#30530000
1B
b11101 H
b11101 a
1D
0s
b0 R
b1111001 %
b1111001 V
11
#30540000
b1111001 9
01
#30550000
0B
b10100 &
b10100 U
b10 R
b101001 W
b1111010 %
b1111010 V
0D
b11110 f
b101001 h
1r
b10101 t
11
#30560000
b1111010 9
01
#30570000
b11110 g
1s
0r
b1 R
b1111011 %
b1111011 V
11
#30580000
b1111011 9
01
#30590000
1B
b0 R
b1111100 %
b1111100 V
b11110 H
b11110 a
1D
0s
11
#30600000
b1111100 9
01
#30610000
0B
0D
b11111 f
b101010 h
1r
b10101 &
b10101 U
b10 R
b101010 W
b1111101 %
b1111101 V
b10101 t
11
#30620000
b1111101 9
01
#30630000
b1 R
b1111110 %
b1111110 V
b11111 g
1s
0r
11
#30640000
b1111110 9
01
#30650000
1B
b11111 H
b11111 a
1D
0s
b0 R
b1111111 %
b1111111 V
11
#30660000
b1111111 9
01
#30670000
0B
b10110 &
b10110 U
b10 R
b101011 W
b10000000 %
b10000000 V
0D
b100000 f
b101011 h
1r
b10101 t
11
#30680000
b10000000 9
01
#30690000
b100000 g
1s
0r
b1 R
b10000001 %
b10000001 V
11
#30700000
b10000001 9
01
#30710000
1B
b0 R
b10000010 %
b10000010 V
b100000 H
b100000 a
1D
0s
11
#30720000
b10000010 9
01
#30730000
0B
0D
b100001 f
b101100 h
1r
b10111 &
b10111 U
b10 R
b101100 W
b10000011 %
b10000011 V
b10101 t
11
#30740000
b10000011 9
01
#30750000
b1 R
b10000100 %
b10000100 V
b100001 g
1s
0r
11
#30760000
b10000100 9
01
#30770000
1B
b100001 H
b100001 a
1D
0s
b0 R
b10000101 %
b10000101 V
11
#30780000
b10000101 9
01
#30790000
0B
b11000 &
b11000 U
b10 R
b101101 W
b10000110 %
b10000110 V
0D
b100010 f
b101101 h
1r
b10101 t
11
#30800000
b10000110 9
01
#30810000
b100010 g
1s
0r
b1 R
b10000111 %
b10000111 V
11
#30820000
b10000111 9
01
#30830000
1B
b0 R
b10001000 %
b10001000 V
b100010 H
b100010 a
1D
0s
11
#30840000
b10001000 9
01
#30850000
0B
0D
b100011 f
b101110 h
1r
b11001 &
b11001 U
b10 R
b101110 W
b10001001 %
b10001001 V
b10101 t
11
#30860000
b10001001 9
01
#30870000
b1 R
b10001010 %
b10001010 V
b100011 g
1s
0r
11
#30880000
b10001010 9
01
#30890000
1B
b100011 H
b100011 a
1D
0s
b0 R
b10001011 %
b10001011 V
11
#30900000
b10001011 9
01
#30910000
0B
b11010 &
b11010 U
b10 R
b101111 W
b10001100 %
b10001100 V
0D
b100100 f
b101111 h
1r
b10101 t
11
#30920000
b10001100 9
01
#30930000
b100100 g
1s
0r
b1 R
b10001101 %
b10001101 V
11
#30940000
b10001101 9
01
#30950000
1B
b0 R
b10001110 %
b10001110 V
b100100 H
b100100 a
1D
0s
11
#30960000
b10001110 9
01
#30970000
0B
0D
b100101 f
b110000 h
1r
b11011 &
b11011 U
b10 R
b110000 W
b10001111 %
b10001111 V
b10101 t
11
#30980000
b10001111 9
01
#30990000
b1 R
b10010000 %
b10010000 V
b100101 g
1s
0r
11
#31000000
b10010000 9
01
#31010000
1B
b100101 H
b100101 a
1D
0s
b0 R
b10010001 %
b10010001 V
11
#31020000
b10010001 9
01
#31030000
0B
b11100 &
b11100 U
b10 R
b110001 W
b10010010 %
b10010010 V
0D
b100110 f
b110001 h
1r
b10101 t
11
#31040000
b10010010 9
01
#31050000
b100110 g
1s
0r
b1 R
b10010011 %
b10010011 V
11
#31060000
b10010011 9
01
#31070000
1B
b0 R
b10010100 %
b10010100 V
b100110 H
b100110 a
1D
0s
11
#31080000
b10010100 9
01
#31090000
0B
0D
b100111 f
b110010 h
1r
b11101 &
b11101 U
b10 R
b110010 W
b10010101 %
b10010101 V
b10101 t
11
#31100000
b10010101 9
01
#31110000
b1 R
b10010110 %
b10010110 V
b100111 g
1s
0r
11
#31120000
b10010110 9
01
#31130000
1B
b100111 H
b100111 a
1D
0s
b0 R
b10010111 %
b10010111 V
11
#31140000
b10010111 9
01
#31150000
0B
b11110 &
b11110 U
b10 R
b110011 W
b10011000 %
b10011000 V
0D
b101000 f
b110011 h
1r
b10101 t
11
#31160000
b10011000 9
01
#31170000
b101000 g
1s
0r
b1 R
b10011001 %
b10011001 V
11
#31180000
b10011001 9
01
#31190000
1B
b0 R
b10011010 %
b10011010 V
b101000 H
b101000 a
1D
0s
11
#31200000
b10011010 9
01
#31210000
0B
0D
b101001 f
b110100 h
1r
b11111 &
b11111 U
b10 R
b110100 W
b10011011 %
b10011011 V
b10101 t
11
#31220000
b10011011 9
01
#31230000
b1 R
b10011100 %
b10011100 V
b101001 g
1s
0r
11
#31240000
b10011100 9
01
#31250000
1B
b101001 H
b101001 a
1D
0s
b0 R
b10011101 %
b10011101 V
11
#31260000
b10011101 9
01
#31270000
0B
b100000 &
b100000 U
b10 R
b110101 W
b10011110 %
b10011110 V
0D
b101010 f
b110101 h
1r
b10101 t
11
#31280000
b10011110 9
01
#31290000
b101010 g
1s
0r
b1 R
b10011111 %
b10011111 V
11
#31300000
b10011111 9
01
#31310000
1B
b0 R
b10100000 %
b10100000 V
b101010 H
b101010 a
1D
0s
11
#31320000
b10100000 9
01
#31330000
0B
0D
b101011 f
b110110 h
1r
b100001 &
b100001 U
b10 R
b110110 W
b10100001 %
b10100001 V
b10101 t
11
#31340000
b10100001 9
01
#31350000
b1 R
b10100010 %
b10100010 V
b101011 g
1s
0r
11
#31360000
b10100010 9
01
#31370000
1B
b101011 H
b101011 a
1D
0s
b0 R
b10100011 %
b10100011 V
11
#31380000
b10100011 9
01
#31390000
0B
b100010 &
b100010 U
b10 R
b110111 W
b10100100 %
b10100100 V
0D
b101100 f
b110111 h
1r
b10101 t
11
#31400000
b10100100 9
01
#31410000
b101100 g
1s
0r
b1 R
b10100101 %
b10100101 V
11
#31420000
b10100101 9
01
#31430000
1B
b0 R
b10100110 %
b10100110 V
b101100 H
b101100 a
1D
0s
11
#31440000
b10100110 9
01
#31450000
0B
0D
b101101 f
b111000 h
1r
b100011 &
b100011 U
b10 R
b111000 W
b10100111 %
b10100111 V
b10101 t
11
#31460000
b10100111 9
01
#31470000
b1 R
b10101000 %
b10101000 V
b101101 g
1s
0r
11
#31480000
b10101000 9
01
#31490000
1B
b101101 H
b101101 a
1D
0s
b0 R
b10101001 %
b10101001 V
11
#31500000
b10101001 9
01
#31510000
0B
b100100 &
b100100 U
b10 R
b111001 W
b10101010 %
b10101010 V
0D
b101110 f
b111001 h
1r
b10101 t
11
#31520000
b10101010 9
01
#31530000
b101110 g
1s
0r
b1 R
b10101011 %
b10101011 V
11
#31540000
b10101011 9
01
#31550000
1B
b0 R
b10101100 %
b10101100 V
b101110 H
b101110 a
1D
0s
11
#31560000
b10101100 9
01
#31570000
0B
0D
b101111 f
b111010 h
1r
b100101 &
b100101 U
b10 R
b111010 W
b10101101 %
b10101101 V
b10101 t
11
#31580000
b10101101 9
01
#31590000
b1 R
b10101110 %
b10101110 V
b101111 g
1s
0r
11
#31600000
b10101110 9
01
#31610000
1B
b101111 H
b101111 a
1D
0s
b0 R
b10101111 %
b10101111 V
11
#31620000
b10101111 9
01
#31630000
0B
b100110 &
b100110 U
b10 R
b111011 W
b10110000 %
b10110000 V
0D
b110000 f
b111011 h
1r
b10101 t
11
#31640000
b10110000 9
01
#31650000
b110000 g
1s
0r
b1 R
b10110001 %
b10110001 V
11
#31660000
b10110001 9
01
#31670000
1B
b0 R
b10110010 %
b10110010 V
b110000 H
b110000 a
1D
0s
11
#31680000
b10110010 9
01
#31690000
0B
0D
b110001 f
b111100 h
1r
b100111 &
b100111 U
b10 R
b111100 W
b10110011 %
b10110011 V
b10101 t
11
#31700000
b10110011 9
01
#31710000
b1 R
b10110100 %
b10110100 V
b110001 g
1s
0r
11
#31720000
b10110100 9
01
#31730000
1B
b110001 H
b110001 a
1D
0s
b0 R
b10110101 %
b10110101 V
11
#31740000
b10110101 9
01
#31750000
0B
b101000 &
b101000 U
b10 R
b111101 W
b10110110 %
b10110110 V
0D
b110010 f
b111101 h
1r
b10101 t
11
#31760000
b10110110 9
01
#31770000
b110010 g
1s
0r
b1 R
b10110111 %
b10110111 V
11
#31780000
b10110111 9
01
#31790000
1B
b0 R
b10111000 %
b10111000 V
b110010 H
b110010 a
1D
0s
11
#31800000
b10111000 9
01
#31810000
0B
0D
b110011 f
b111110 h
1r
b101001 &
b101001 U
b10 R
b111110 W
b10111001 %
b10111001 V
b10101 t
11
#31820000
b10111001 9
01
#31830000
b1 R
b10111010 %
b10111010 V
b110011 g
1s
0r
11
#31840000
b10111010 9
01
#31850000
1B
b110011 H
b110011 a
1D
0s
b0 R
b10111011 %
b10111011 V
11
#31860000
b10111011 9
01
#31870000
0B
b101010 &
b101010 U
b10 R
b111111 W
b10111100 %
b10111100 V
0D
b110100 f
b111111 h
1r
b10101 t
11
#31880000
b10111100 9
01
#31890000
b110100 g
1s
0r
b1 R
b10111101 %
b10111101 V
11
#31900000
b10111101 9
01
#31910000
1B
b0 R
b10111110 %
b10111110 V
b110100 H
b110100 a
1D
0s
11
#31920000
b10111110 9
01
#31930000
0B
0D
b110101 f
b1000000 h
1r
b101011 &
b101011 U
b10 R
b1000000 W
b10111111 %
b10111111 V
b10101 t
11
#31940000
b10111111 9
01
#31950000
b1 R
b11000000 %
b11000000 V
b110101 g
1s
0r
11
#31960000
b11000000 9
01
#31970000
1B
b110101 H
b110101 a
1D
0s
b0 R
b11000001 %
b11000001 V
11
#31980000
b11000001 9
01
#31990000
0B
b101100 &
b101100 U
b10 R
b1000001 W
b11000010 %
b11000010 V
0D
b110110 f
b1000001 h
1r
b10101 t
11
#32000000
b11000010 9
01
#32010000
b110110 g
1s
0r
b1 R
b11000011 %
b11000011 V
11
#32020000
b11000011 9
01
#32030000
1B
b0 R
b11000100 %
b11000100 V
b110110 H
b110110 a
1D
0s
11
#32040000
b11000100 9
01
#32050000
0B
0D
b110111 f
b1000010 h
1r
b101101 &
b101101 U
b10 R
b1000010 W
b11000101 %
b11000101 V
b10101 t
11
#32060000
b11000101 9
01
#32070000
b1 R
b11000110 %
b11000110 V
b110111 g
1s
0r
11
#32080000
b11000110 9
01
#32090000
1B
b110111 H
b110111 a
1D
0s
b0 R
b11000111 %
b11000111 V
11
#32100000
b11000111 9
01
#32110000
0B
b101110 &
b101110 U
b10 R
b1000011 W
b11001000 %
b11001000 V
0D
b111000 f
b1000011 h
1r
b10101 t
11
#32120000
b11001000 9
01
#32130000
b111000 g
1s
0r
b1 R
b11001001 %
b11001001 V
11
#32140000
b11001001 9
01
#32150000
1B
b0 R
b11001010 %
b11001010 V
b111000 H
b111000 a
1D
0s
11
#32160000
b11001010 9
01
#32170000
0B
0D
b111001 f
b1000100 h
1r
b101111 &
b101111 U
b10 R
b1000100 W
b11001011 %
b11001011 V
b10101 t
11
#32180000
b11001011 9
01
#32190000
b1 R
b11001100 %
b11001100 V
b111001 g
1s
0r
11
#32200000
b11001100 9
01
#32210000
1B
b111001 H
b111001 a
1D
0s
b0 R
b11001101 %
b11001101 V
11
#32220000
b11001101 9
01
#32230000
0B
b110000 &
b110000 U
b10 R
b1000101 W
b11001110 %
b11001110 V
0D
b111010 f
b1000101 h
1r
b10101 t
11
#32240000
b11001110 9
01
#32250000
b111010 g
1s
0r
b1 R
b11001111 %
b11001111 V
11
#32260000
b11001111 9
01
#32270000
1B
b0 R
b11010000 %
b11010000 V
b111010 H
b111010 a
1D
0s
11
#32280000
b11010000 9
01
#32290000
0B
0D
b111011 f
b1000110 h
1r
b110001 &
b110001 U
b10 R
b1000110 W
b11010001 %
b11010001 V
b10101 t
11
#32300000
b11010001 9
01
#32310000
b1 R
b11010010 %
b11010010 V
b111011 g
1s
0r
11
#32320000
b11010010 9
01
#32330000
1B
b111011 H
b111011 a
1D
0s
b0 R
b11010011 %
b11010011 V
11
#32340000
b11010011 9
01
#32350000
0B
b110010 &
b110010 U
b10 R
b1000111 W
b11010100 %
b11010100 V
0D
b111100 f
b1000111 h
1r
b10101 t
11
#32360000
b11010100 9
01
#32370000
b111100 g
1s
0r
b1 R
b11010101 %
b11010101 V
11
#32380000
b11010101 9
01
#32390000
1B
b0 R
b11010110 %
b11010110 V
b111100 H
b111100 a
1D
0s
11
#32400000
b11010110 9
01
#32410000
0B
0D
b111101 f
b1001000 h
1r
b110011 &
b110011 U
b10 R
b1001000 W
b11010111 %
b11010111 V
b10101 t
11
#32420000
b11010111 9
01
#32430000
b1 R
b11011000 %
b11011000 V
b111101 g
1s
0r
11
#32440000
b11011000 9
01
#32450000
1B
b111101 H
b111101 a
1D
0s
b0 R
b11011001 %
b11011001 V
11
#32460000
b11011001 9
01
#32470000
0B
b110100 &
b110100 U
b10 R
b1001001 W
b11011010 %
b11011010 V
0D
b111110 f
b1001001 h
1r
b10101 t
11
#32480000
b11011010 9
01
#32490000
b111110 g
1s
0r
b1 R
b11011011 %
b11011011 V
11
#32500000
b11011011 9
01
#32510000
1B
b0 R
b11011100 %
b11011100 V
b111110 H
b111110 a
1D
0s
11
#32520000
b11011100 9
01
#32530000
0B
0D
b111111 f
b1001010 h
1r
b110101 &
b110101 U
b10 R
b1001010 W
b11011101 %
b11011101 V
b10101 t
11
#32540000
b11011101 9
01
#32550000
b1 R
b11011110 %
b11011110 V
b111111 g
1s
0r
11
#32560000
b11011110 9
01
#32570000
1B
b111111 H
b111111 a
1D
0s
b0 R
b11011111 %
b11011111 V
11
#32580000
b11011111 9
01
#32590000
0B
b110110 &
b110110 U
b10 R
b1001011 W
b11100000 %
b11100000 V
0D
b1000000 f
b1001011 h
1r
b10101 t
11
#32600000
b11100000 9
01
#32610000
b1000000 g
1s
0r
b1 R
b11100001 %
b11100001 V
11
#32620000
b11100001 9
01
#32630000
1B
b0 R
b11100010 %
b11100010 V
b1000000 H
b1000000 a
1D
0s
11
#32640000
b11100010 9
01
#32650000
0B
0D
b1000001 f
b1001100 h
1r
b110111 &
b110111 U
b10 R
b1001100 W
b11100011 %
b11100011 V
b10101 t
11
#32660000
b11100011 9
01
#32670000
b1 R
b11100100 %
b11100100 V
b1000001 g
1s
0r
11
#32680000
b11100100 9
01
#32690000
1B
b1000001 H
b1000001 a
1D
0s
b0 R
b11100101 %
b11100101 V
11
#32700000
b11100101 9
01
#32710000
0B
b111000 &
b111000 U
b10 R
b1001101 W
b11100110 %
b11100110 V
0D
b1000010 f
b1001101 h
1r
b10101 t
11
#32720000
b11100110 9
01
#32730000
b1000010 g
1s
0r
b1 R
b11100111 %
b11100111 V
11
#32740000
b11100111 9
01
#32750000
1B
b0 R
b11101000 %
b11101000 V
b1000010 H
b1000010 a
1D
0s
11
#32760000
b11101000 9
01
#32770000
0B
0D
b1000011 f
b1001110 h
1r
b111001 &
b111001 U
b10 R
b1001110 W
b11101001 %
b11101001 V
b10101 t
11
#32780000
b11101001 9
01
#32790000
b1 R
b11101010 %
b11101010 V
b1000011 g
1s
0r
11
#32800000
b11101010 9
01
#32810000
1B
b1000011 H
b1000011 a
1D
0s
b0 R
b11101011 %
b11101011 V
11
#32820000
b11101011 9
01
#32830000
0B
b111010 &
b111010 U
b10 R
b1001111 W
b11101100 %
b11101100 V
0D
b1000100 f
b1001111 h
1r
b10101 t
11
#32840000
b11101100 9
01
#32850000
b1000100 g
1s
0r
b1 R
b11101101 %
b11101101 V
11
#32860000
b11101101 9
01
#32870000
1B
b0 R
b11101110 %
b11101110 V
b1000100 H
b1000100 a
1D
0s
11
#32880000
b11101110 9
01
#32890000
0B
0D
b1000101 f
b1010000 h
1r
b111011 &
b111011 U
b10 R
b1010000 W
b11101111 %
b11101111 V
b10101 t
11
#32900000
b11101111 9
01
#32910000
b1 R
b11110000 %
b11110000 V
b1000101 g
1s
0r
11
#32920000
b11110000 9
01
#32930000
1B
b1000101 H
b1000101 a
1D
0s
b0 R
b11110001 %
b11110001 V
11
#32940000
b11110001 9
01
#32950000
0B
b111100 &
b111100 U
b10 R
b1010001 W
b11110010 %
b11110010 V
0D
b1000110 f
b1010001 h
1r
b10101 t
11
#32960000
b11110010 9
01
#32970000
b1000110 g
1s
0r
b1 R
b11110011 %
b11110011 V
11
#32980000
b11110011 9
01
#32990000
1B
b0 R
b11110100 %
b11110100 V
b1000110 H
b1000110 a
1D
0s
11
#33000000
b11110100 9
01
#33010000
0B
0D
b1000111 f
b1010010 h
1r
b111101 &
b111101 U
b10 R
b1010010 W
b11110101 %
b11110101 V
b10101 t
11
#33020000
b11110101 9
01
#33030000
b1 R
b11110110 %
b11110110 V
b1000111 g
1s
0r
11
#33040000
b11110110 9
01
#33050000
1B
b1000111 H
b1000111 a
1D
0s
b0 R
b11110111 %
b11110111 V
11
#33060000
b11110111 9
01
#33070000
0B
b111110 &
b111110 U
b10 R
b1010011 W
b11111000 %
b11111000 V
0D
b1001000 f
b1010011 h
1r
b10101 t
11
#33080000
b11111000 9
01
#33090000
b1001000 g
1s
0r
b1 R
b11111001 %
b11111001 V
11
#33100000
b11111001 9
01
#33110000
1B
b0 R
b11111010 %
b11111010 V
b1001000 H
b1001000 a
1D
0s
11
#33120000
b11111010 9
01
#33130000
0B
0D
b1001001 f
b1010100 h
1r
b111111 &
b111111 U
b10 R
b1010100 W
b11111011 %
b11111011 V
b10101 t
11
#33140000
b11111011 9
01
#33150000
b1 R
b11111100 %
b11111100 V
b1001001 g
1s
0r
11
#33160000
b11111100 9
01
#33170000
1B
b1001001 H
b1001001 a
1D
0s
b0 R
b11111101 %
b11111101 V
11
#33180000
b11111101 9
01
#33190000
0B
b1000000 &
b1000000 U
b10 R
b1010101 W
b11111110 %
b11111110 V
0D
b1001010 f
b1010101 h
1r
b10101 t
11
#33200000
b11111110 9
01
#33210000
b1001010 g
1s
0r
b1 R
b11111111 %
b11111111 V
11
#33220000
b11111111 9
01
#33230000
1B
b0 R
b100000000 %
b100000000 V
b1001010 H
b1001010 a
1D
0s
11
#33240000
b100000000 9
01
#33250000
0B
0D
b1001011 f
b1010110 h
1r
b1000001 &
b1000001 U
b10 R
b1010110 W
b100000001 %
b100000001 V
b10101 t
11
#33260000
b100000001 9
01
#33270000
b1 R
b100000010 %
b100000010 V
b1001011 g
1s
0r
11
#33280000
b100000010 9
01
#33290000
1B
b1001011 H
b1001011 a
1D
0s
b0 R
b100000011 %
b100000011 V
11
#33300000
b100000011 9
01
#33310000
0B
b1000010 &
b1000010 U
b10 R
b1010111 W
b100000100 %
b100000100 V
0D
b1001100 f
b1010111 h
1r
b10101 t
11
#33320000
b100000100 9
01
#33330000
b1001100 g
1s
0r
b1 R
b100000101 %
b100000101 V
11
#33340000
b100000101 9
01
#33350000
1B
b0 R
b100000110 %
b100000110 V
b1001100 H
b1001100 a
1D
0s
11
#33360000
b100000110 9
01
#33370000
0B
0D
b1001101 f
b1011000 h
1r
b1000011 &
b1000011 U
b10 R
b1011000 W
b100000111 %
b100000111 V
b10101 t
11
#33380000
b100000111 9
01
#33390000
b1 R
b100001000 %
b100001000 V
b1001101 g
1s
0r
11
#33400000
b100001000 9
01
#33410000
1B
b1001101 H
b1001101 a
1D
0s
b0 R
b100001001 %
b100001001 V
11
#33420000
b100001001 9
01
#33430000
0B
b1000100 &
b1000100 U
b10 R
b1011001 W
b100001010 %
b100001010 V
0D
b1001110 f
b1011001 h
1r
b10101 t
11
#33440000
b100001010 9
01
#33450000
b1001110 g
1s
0r
b1 R
b100001011 %
b100001011 V
11
#33460000
b100001011 9
01
#33470000
1B
b0 R
b100001100 %
b100001100 V
b1001110 H
b1001110 a
1D
0s
11
#33480000
b100001100 9
01
#33490000
0B
0D
b1001111 f
b1011010 h
1r
b1000101 &
b1000101 U
b10 R
b1011010 W
b100001101 %
b100001101 V
b10101 t
11
#33500000
b100001101 9
01
#33510000
b1 R
b100001110 %
b100001110 V
b1001111 g
1s
0r
11
#33520000
b100001110 9
01
#33530000
1B
b1001111 H
b1001111 a
1D
0s
b0 R
b100001111 %
b100001111 V
11
#33540000
b100001111 9
01
#33550000
0B
b1000110 &
b1000110 U
b10 R
b1011011 W
b100010000 %
b100010000 V
0D
b1010000 f
b1011011 h
1r
b10101 t
11
#33560000
b100010000 9
01
#33570000
b1010000 g
1s
0r
b1 R
b100010001 %
b100010001 V
11
#33580000
b100010001 9
01
#33590000
1B
b0 R
b100010010 %
b100010010 V
b1010000 H
b1010000 a
1D
0s
11
#33600000
b100010010 9
01
#33610000
0B
0D
b1010001 f
b1011100 h
1r
b1000111 &
b1000111 U
b10 R
b1011100 W
b100010011 %
b100010011 V
b10101 t
11
#33620000
b100010011 9
01
#33630000
b1 R
b100010100 %
b100010100 V
b1010001 g
1s
0r
11
#33640000
b100010100 9
01
#33650000
1B
b1010001 H
b1010001 a
1D
0s
b0 R
b100010101 %
b100010101 V
11
#33660000
b100010101 9
01
#33670000
0B
b1001000 &
b1001000 U
b10 R
b1011101 W
b100010110 %
b100010110 V
0D
b1010010 f
b1011101 h
1r
b10101 t
11
#33680000
b100010110 9
01
#33690000
b1010010 g
1s
0r
b1 R
b100010111 %
b100010111 V
11
#33700000
b100010111 9
01
#33710000
1B
b0 R
b100011000 %
b100011000 V
b1010010 H
b1010010 a
1D
0s
11
#33720000
b100011000 9
01
#33730000
0B
0D
b1010011 f
b1011110 h
1r
b1001001 &
b1001001 U
b10 R
b1011110 W
b100011001 %
b100011001 V
b10101 t
11
#33740000
b100011001 9
01
#33750000
b1 R
b100011010 %
b100011010 V
b1010011 g
1s
0r
11
#33760000
b100011010 9
01
#33770000
1B
b1010011 H
b1010011 a
1D
0s
b0 R
b100011011 %
b100011011 V
11
#33780000
b100011011 9
01
#33790000
0B
b1001010 &
b1001010 U
b10 R
b1011111 W
b100011100 %
b100011100 V
0D
b1010100 f
b1011111 h
1r
b10101 t
11
#33800000
b100011100 9
01
#33810000
b1010100 g
1s
0r
b1 R
b100011101 %
b100011101 V
11
#33820000
b100011101 9
01
#33830000
1B
b0 R
b100011110 %
b100011110 V
b1010100 H
b1010100 a
1D
0s
11
#33840000
b100011110 9
01
#33850000
0B
0D
b1010101 f
b1100000 h
1r
b1001011 &
b1001011 U
b10 R
b1100000 W
b100011111 %
b100011111 V
b10101 t
11
#33860000
b100011111 9
01
#33870000
b1 R
b100100000 %
b100100000 V
b1010101 g
1s
0r
11
#33880000
b100100000 9
01
#33890000
1B
b1010101 H
b1010101 a
1D
0s
b0 R
b100100001 %
b100100001 V
11
#33900000
b100100001 9
01
#33910000
0B
b1001100 &
b1001100 U
b10 R
b1100001 W
b100100010 %
b100100010 V
0D
b1010110 f
b1100001 h
1r
b10101 t
11
#33920000
b100100010 9
01
#33930000
b1010110 g
1s
0r
b1 R
b100100011 %
b100100011 V
11
#33940000
b100100011 9
01
#33950000
1B
b0 R
b100100100 %
b100100100 V
b1010110 H
b1010110 a
1D
0s
11
#33960000
b100100100 9
01
#33970000
0B
0D
b1010111 f
b1100010 h
1r
b1001101 &
b1001101 U
b10 R
b1100010 W
b100100101 %
b100100101 V
b10101 t
11
#33980000
b100100101 9
01
#33990000
b1 R
b100100110 %
b100100110 V
b1010111 g
1s
0r
11
#34000000
b100100110 9
01
#34010000
1B
b1010111 H
b1010111 a
1D
0s
b0 R
b100100111 %
b100100111 V
11
#34020000
b100100111 9
01
#34030000
0B
b1001110 &
b1001110 U
b10 R
b1100011 W
b100101000 %
b100101000 V
0D
b1011000 f
b1100011 h
1r
b10101 t
11
#34040000
b100101000 9
01
#34050000
b1011000 g
1s
0r
b1 R
b100101001 %
b100101001 V
11
#34060000
b100101001 9
01
#34070000
1B
b0 R
b100101010 %
b100101010 V
b1011000 H
b1011000 a
1D
0s
11
#34080000
b100101010 9
01
#34090000
0B
0D
b1011001 f
b1100100 h
1r
b1001111 &
b1001111 U
b10 R
b11 Z
b100101011 %
b100101011 V
b10101 t
11
#34100000
b100101011 9
01
#34110000
b100101100 %
b100101100 V
b1011001 g
1s
0r
11
#34120000
b100101100 9
01
#34130000
b1011001 H
b1011001 a
1D
0s
b100101101 %
b100101101 V
11
#34140000
b100101101 9
01
#34150000
b1010000 &
b1010000 U
1*
0-
b0 Z
b100101110 %
b100101110 V
0D
11
#34160000
b1000 >
b100101110 9
01
#34170000
11
#34180000
01
#34190000
11
#34200000
01
#34210000
11
#34220000
01
#34230000
11
#34240000
01
#34250000
11
#34260000
01
#34270000
11
#34280000
01
#34290000
11
#34300000
01
#34310000
11
#34320000
b0 w
b0 u
b1 x
b1 <
b0 =
b0 ;
01
#34330000
11
#34340000
b1000 4
b1 7
b1 A
01
#34350000
11
#34360000
18
01
#34370000
1?
1-
b1 Z
b0 %
b0 V
b0 R
b0 W
b0 '
b0 T
b0 (
b0 S
b0 &
b0 U
0*
b1001 )
b1001 Q
00
b0 /
b0 M
b0 _
b1 .
b1 N
1Y
11
#34380000
b0 9
b0 7
b0 A
08
01
#34390000
1B
0?
b10 Z
b1 %
b1 V
0Y
b0 H
b0 a
b0 G
b0 d
b0 E
b0 p
b0 C
b0 q
b0 o
b0 `
b0 n
b0 g
b0 c
b0 m
b0 f
b0 b
b0 l
b0 k
b0 j
b0 i
b0 h
b0 e
b10101 t
11
#34400000
b1 9
01
#34410000
b1 h
b1 e
b1 W
b10 %
b10 V
b10101 t
11
#34420000
b10 9
01
#34430000
b10 W
b11 %
b11 V
b10 h
b10 e
b10101 t
11
#34440000
b11 9
01
#34450000
b11 h
b11 e
b11 W
b100 %
b100 V
b10101 t
11
#34460000
b100 9
01
#34470000
b100 W
b101 %
b101 V
b100 h
b100 e
b10101 t
11
#34480000
b101 9
01
#34490000
b101 h
b101 e
b101 W
b110 %
b110 V
b10101 t
11
#34500000
b110 9
01
#34510000
b110 W
b111 %
b111 V
b110 h
b110 e
b10101 t
11
#34520000
b111 9
01
#34530000
b111 h
b111 e
b111 W
b1000 %
b1000 V
b10101 t
11
#34540000
b1000 9
01
#34550000
b1000 W
b1001 %
b1001 V
b1000 h
b1000 e
b10101 t
11
#34560000
b1001 9
01
#34570000
b1001 h
b1001 e
b1001 W
b1010 %
b1010 V
b10101 t
11
#34580000
b1010 9
01
#34590000
b1010 W
b1011 %
b1011 V
b1010 h
b1010 e
b10101 t
11
#34600000
b1011 9
01
#34610000
b1011 h
b1011 e
b1011 W
b1100 %
b1100 V
b10101 t
11
#34620000
b1100 9
01
#34630000
b1100 W
b1101 %
b1101 V
b1100 h
b1100 e
b10101 t
11
#34640000
b1101 9
01
#34650000
b1101 h
b1101 e
b1101 W
b1110 %
b1110 V
b10101 t
11
#34660000
b1110 9
01
#34670000
b1110 W
b1111 %
b1111 V
b1110 h
b1110 e
b10101 t
11
#34680000
b1111 9
01
#34690000
b1111 h
b1111 e
b1111 W
b10000 %
b10000 V
b10101 t
11
#34700000
b10000 9
01
#34710000
b10000 W
b10001 %
b10001 V
b10000 h
b10000 e
b10101 t
11
#34720000
b10001 9
01
#34730000
b10001 h
b10001 e
b10001 W
b10010 %
b10010 V
b10101 t
11
#34740000
b10010 9
01
#34750000
b10010 W
b10011 %
b10011 V
b10010 h
b10010 e
b10101 t
11
#34760000
b10011 9
01
#34770000
b10011 h
b10011 e
b10011 W
b10100 %
b10100 V
b10101 t
11
#34780000
b10100 9
01
#34790000
b10100 W
b10101 %
b10101 V
b10100 h
b10100 e
b10101 t
11
#34800000
b10101 9
01
#34810000
b1010 f
b1100100 b
b110010000 l
b110010000 k
b110010000 j
b110010000 i
b10101 h
b10101 e
1r
b10101 W
b10110 %
b10110 V
b10101 t
11
#34820000
b10110 9
01
#34830000
b1100100 `
b10110 W
b10111 %
b10111 V
b1010 g
b1100100 c
b11001000000 o
1s
b1011 f
b10110 h
b10101 t
11
#34840000
b10111 9
01
#34850000
b1010 H
b1010 a
b1100100 G
b1100100 d
b1100100 C
b1100100 q
b1100100 E
b1100100 p
1D
b1011 g
b1100 f
b10111 h
b10111 W
b11000 %
b11000 V
b10101 t
11
#34860000
b11000 9
01
#34870000
b1100100 '
b1100100 T
b1100100 (
b1100100 S
b1 &
b1 U
b11000 W
b11001 %
b11001 V
b1011 H
b1011 a
b1100 g
b1101 f
b11000 h
b10101 t
11
#34880000
b11001 9
01
#34890000
b1100 H
b1100 a
b1101 g
b1110 f
b11001 h
b10 &
b10 U
b11001 W
b11010 %
b11010 V
b10101 t
11
#34900000
b11010 9
01
#34910000
b11 &
b11 U
b11010 W
b11011 %
b11011 V
b1101 H
b1101 a
b1110 g
b1111 f
b11010 h
b10101 t
11
#34920000
b11011 9
01
#34930000
b1110 H
b1110 a
b1111 g
b10000 f
b11011 h
b100 &
b100 U
b11011 W
b11100 %
b11100 V
b10101 t
11
#34940000
b11100 9
01
#34950000
b101 &
b101 U
b11100 W
b11101 %
b11101 V
b1111 H
b1111 a
b10000 g
b10001 f
b11100 h
b10101 t
11
#34960000
b11101 9
01
#34970000
b10000 H
b10000 a
b10001 g
b10010 f
b11101 h
b110 &
b110 U
b11101 W
b11110 %
b11110 V
b10101 t
11
#34980000
b11110 9
01
#34990000
b1111101000 X
b1111101000 ^
b111 &
b111 U
b11110 W
b11111 %
b11111 V
b10001 H
b10001 a
b10010 g
b10011 f
b11110 h
b10101 t
11
#35000000
b11111 9
01
#35010000
b1100100 X
b1100100 ^
b10010 H
b10010 a
b10011 g
b10100 f
b10100010100 i
b11111 h
b1000 &
b1000 U
b11111 W
b100000 %
b100000 V
b10101 t
11
#35020000
b100000 9
01
#35030000
b10011100 `
b1001 &
b1001 U
b100000 W
b100001 %
b100001 V
b10011 H
b10011 a
b10100 g
b100111000100 o
b10101 f
b100000 h
b10101 t
11
#35040000
b100001 9
01
#35050000
b10100 H
b10100 a
b10011100 C
b10011100 q
b10011100 E
b10011100 p
b10101 g
b10110 f
b100001 h
b1010 &
b1010 U
b100001 W
b100010 %
b100010 V
b10101 t
11
#35060000
b100010 9
01
#35070000
b10011100 '
b10011100 T
b10011100 (
b10011100 S
b1011 &
b1011 U
b100010 W
b100011 %
b100011 V
b10101 H
b10101 a
b10110 g
b10111 f
b100010 h
b10101 t
11
#35080000
b100011 9
01
#35090000
b10110 H
b10110 a
b10111 g
b11000 f
b10100010100 j
b110010000 i
b100011 h
b1100 &
b1100 U
b100011 W
b100100 %
b100100 V
b10101 t
11
#35100000
b100100 9
01
#35110000
b1101 &
b1101 U
b100100 W
b100101 %
b100101 V
b10111 H
b10111 a
b11000 g
b11001 f
b100100 h
b10101 t
11
#35120000
b100101 9
01
#35130000
b11000 H
b11000 a
b11001 g
b11010 f
b100101 h
b1110 &
b1110 U
b100101 W
b100110 %
b100110 V
b10101 t
11
#35140000
b100110 9
01
#35150000
b1111 &
b1111 U
b100110 W
b100111 %
b100111 V
b11001 H
b11001 a
b11010 g
b11011 f
b100110 h
b10101 t
11
#35160000
b100111 9
01
#35170000
b11010 H
b11010 a
b11011 g
b11100 f
b110010000 j
b100111 h
b10000 &
b10000 U
b100111 W
b101000 %
b101000 V
b10101 t
11
#35180000
b101000 9
01
#35190000
b1100100 `
b10001 &
b10001 U
b101000 W
b101001 %
b101001 V
b11011 H
b11011 a
b11100 g
b11001000000 o
b11101 f
b101000 h
b10101 t
11
#35200000
b101001 9
01
#35210000
b11100 H
b11100 a
b1100100 C
b1100100 q
b1100100 E
b1100100 p
b11101 g
b11110 f
b1111101000 b
b101001 h
b10010 &
b10010 U
b101001 W
b101010 %
b101010 V
b10101 t
11
#35220000
b101010 9
01
#35230000
b1100100 '
b1100100 T
b1100100 (
b1100100 S
b10011 &
b10011 U
b101010 W
b101011 %
b101011 V
b11101 H
b11101 a
b11110 g
b1111101000 c
b11111 f
b1100100 b
b101010 h
b10101 t
11
#35240000
b101011 9
01
#35250000
b11110 H
b11110 a
b1111101000 G
b1111101000 d
1F
b11111 g
b1100100 c
b100000 f
b101011 h
b10100 &
b10100 U
b101011 W
b101100 %
b101100 V
b10101 t
11
#35260000
b101100 9
01
#35270000
b1 ,
b1 O
b11110 $
b11110 [
b1000000000000000000000000000000 +
b1000000000000000000000000000000 P
b10101 &
b10101 U
b101100 W
b101101 %
b101101 V
b11111 H
b11111 a
b1100100 G
b1100100 d
0F
b100000 g
b100001 f
b10100010100 k
b101100 h
b10101 t
11
#35280000
b101101 9
01
#35290000
b10011100 `
b100000 H
b100000 a
b100001 g
b100111000100 o
b100010 f
b101101 h
b10110 &
b10110 U
b101101 W
b101110 %
b101110 V
b10101 t
11
#35300000
b101110 9
01
#35310000
b10111 &
b10111 U
b101110 W
b101111 %
b101111 V
b100001 H
b100001 a
b10011100 C
b10011100 q
b10011100 E
b10011100 p
b100010 g
b100011 f
b101110 h
b10101 t
11
#35320000
b101111 9
01
#35330000
b100010 H
b100010 a
b100011 g
b100100 f
b101111 h
b10011100 '
b10011100 T
b10011100 (
b10011100 S
b11000 &
b11000 U
b101111 W
b110000 %
b110000 V
b10101 t
11
#35340000
b110000 9
01
#35350000
b11001 &
b11001 U
b110000 W
b110001 %
b110001 V
b100011 H
b100011 a
b100100 g
b100101 f
b10100010100 l
b110010000 k
b110000 h
b10101 t
11
#35360000
b110001 9
01
#35370000
b100100 H
b100100 a
b100101 g
b100110 f
b110001 h
b11010 &
b11010 U
b110001 W
b110010 %
b110010 V
b10101 t
11
#35380000
b110010 9
01
#35390000
b11011 &
b11011 U
b110010 W
b110011 %
b110011 V
b100101 H
b100101 a
b100110 g
b100111 f
b110010 h
b10101 t
11
#35400000
b110011 9
01
#35410000
b100110 H
b100110 a
b100111 g
b101000 f
b110011 h
b11100 &
b11100 U
b110011 W
b110100 %
b110100 V
b10101 t
11
#35420000
b110100 9
01
#35430000
b11101 &
b11101 U
b110100 W
b110101 %
b110101 V
b100111 H
b100111 a
b101000 g
b101001 f
b110010000 l
b110100 h
b10101 t
11
#35440000
b110101 9
01
#35450000
b1100100 `
b101000 H
b101000 a
b101001 g
b11001000000 o
b101010 f
b110101 h
b11110 &
b11110 U
b110101 W
b110110 %
b110110 V
b10101 t
11
#35460000
b110110 9
01
#35470000
b11111 &
b11111 U
b110110 W
b110111 %
b110111 V
b101001 H
b101001 a
b1100100 C
b1100100 q
b1100100 E
b1100100 p
b101010 g
b101011 f
b110110 h
b10101 t
11
#35480000
b110111 9
01
#35490000
b101010 H
b101010 a
b101011 g
b101100 f
b110111 h
b1100100 '
b1100100 T
b1100100 (
b1100100 S
b100000 &
b100000 U
b110111 W
b111000 %
b111000 V
b10101 t
11
#35500000
b111000 9
01
#35510000
b100001 &
b100001 U
b111000 W
b111001 %
b111001 V
b101011 H
b101011 a
b101100 g
b101101 f
b111000 h
b10101 t
11
#35520000
b111001 9
01
#35530000
b101100 H
b101100 a
b101101 g
b101110 f
b111001 h
b100010 &
b100010 U
b111001 W
b111010 %
b111010 V
b10101 t
11
#35540000
b111010 9
01
#35550000
b100011 &
b100011 U
b111010 W
b111011 %
b111011 V
b101101 H
b101101 a
b101110 g
b101111 f
b111010 h
b10101 t
11
#35560000
b111011 9
01
#35570000
b101110 H
b101110 a
b101111 g
b110000 f
b111011 h
b100100 &
b100100 U
b111011 W
b111100 %
b111100 V
b10101 t
11
#35580000
b111100 9
01
#35590000
b10010110000 X
b10010110000 ^
b100101 &
b100101 U
b111100 W
b111101 %
b111101 V
b101111 H
b101111 a
b110000 g
b110001 f
b111100 h
b10101 t
11
#35600000
b111101 9
01
#35610000
b1100100 X
b1100100 ^
b110000 H
b110000 a
b110001 g
b110010 f
b10111011100 i
b111101 h
b100110 &
b100110 U
b111101 W
b111110 %
b111110 V
b10101 t
11
#35620000
b111110 9
01
#35630000
b10101000 `
b100111 &
b100111 U
b111110 W
b111111 %
b111111 V
b110001 H
b110001 a
b110010 g
b101010001100 o
b110011 f
b111110 h
b10101 t
11
#35640000
b111111 9
01
#35650000
b110010 H
b110010 a
b10101000 C
b10101000 q
b10101000 E
b10101000 p
b110011 g
b110100 f
b111111 h
b101000 &
b101000 U
b111111 W
b1000000 %
b1000000 V
b10101 t
11
#35660000
b1000000 9
01
#35670000
b10101000 '
b10101000 T
b10101000 (
b10101000 S
b101001 &
b101001 U
b1000000 W
b1000001 %
b1000001 V
b110011 H
b110011 a
b110100 g
b110101 f
b1000000 h
b10101 t
11
#35680000
b1000001 9
01
#35690000
b110100 H
b110100 a
b110101 g
b110110 f
b10111011100 j
b110010000 i
b1000001 h
b101010 &
b101010 U
b1000001 W
b1000010 %
b1000010 V
b10101 t
11
#35700000
b1000010 9
01
#35710000
b101011 &
b101011 U
b1000010 W
b1000011 %
b1000011 V
b110101 H
b110101 a
b110110 g
b110111 f
b1000010 h
b10101 t
11
#35720000
b1000011 9
01
#35730000
b110110 H
b110110 a
b110111 g
b111000 f
b1000011 h
b101100 &
b101100 U
b1000011 W
b1000100 %
b1000100 V
b10101 t
11
#35740000
b1000100 9
01
#35750000
b101101 &
b101101 U
b1000100 W
b1000101 %
b1000101 V
b110111 H
b110111 a
b111000 g
b111001 f
b1000100 h
b10101 t
11
#35760000
b1000101 9
01
#35770000
b111000 H
b111000 a
b111001 g
b111010 f
b110010000 j
b1000101 h
b101110 &
b101110 U
b1000101 W
b1000110 %
b1000110 V
b10101 t
11
#35780000
b1000110 9
01
#35790000
b1100100 `
b101111 &
b101111 U
b1000110 W
b1000111 %
b1000111 V
b111001 H
b111001 a
b111010 g
b11001000000 o
b111011 f
b1000110 h
b10101 t
11
#35800000
b1000111 9
01
#35810000
b111010 H
b111010 a
b1100100 C
b1100100 q
b1100100 E
b1100100 p
b111011 g
b111100 f
b10010110000 b
b1000111 h
b110000 &
b110000 U
b1000111 W
b1001000 %
b1001000 V
b10101 t
11
#35820000
b1001000 9
01
#35830000
b1100100 '
b1100100 T
b1100100 (
b1100100 S
b110001 &
b110001 U
b1001000 W
b1001001 %
b1001001 V
b111011 H
b111011 a
b111100 g
b10010110000 c
b111101 f
b1100100 b
b1001000 h
b10101 t
11
#35840000
b1001001 9
01
#35850000
b111100 H
b111100 a
b10010110000 G
b10010110000 d
1F
b111101 g
b1100100 c
b111110 f
b1001001 h
b110010 &
b110010 U
b1001001 W
b1001010 %
b1001010 V
b10101 t
11
#35860000
b1001010 9
01
#35870000
b10 ,
b10 O
b111100 #
b111100 \
b1000000000000000000000000000001000000000000000000000000000000 +
b1000000000000000000000000000001000000000000000000000000000000 P
b110011 &
b110011 U
b1001010 W
b1001011 %
b1001011 V
b111101 H
b111101 a
b1100100 G
b1100100 d
0F
b111110 g
b111111 f
b10111011100 k
b1001010 h
b10101 t
11
#35880000
b1001011 9
01
#35890000
b10101000 `
b111110 H
b111110 a
b111111 g
b101010001100 o
b1000000 f
b1001011 h
b110100 &
b110100 U
b1001011 W
b1001100 %
b1001100 V
b10101 t
11
#35900000
b1001100 9
01
#35910000
b110101 &
b110101 U
b1001100 W
b1001101 %
b1001101 V
b111111 H
b111111 a
b10101000 C
b10101000 q
b10101000 E
b10101000 p
b1000000 g
b1000001 f
b1001100 h
b10101 t
11
#35920000
b1001101 9
01
#35930000
b1000000 H
b1000000 a
b1000001 g
b1000010 f
b1001101 h
b10101000 '
b10101000 T
b10101000 (
b10101000 S
b110110 &
b110110 U
b1001101 W
b1001110 %
b1001110 V
b10101 t
11
#35940000
b1001110 9
01
#35950000
b110111 &
b110111 U
b1001110 W
b1001111 %
b1001111 V
b1000001 H
b1000001 a
b1000010 g
b1000011 f
b10111011100 l
b110010000 k
b1001110 h
b10101 t
11
#35960000
b1001111 9
01
#35970000
b1000010 H
b1000010 a
b1000011 g
b1000100 f
b1001111 h
b111000 &
b111000 U
b1001111 W
b1010000 %
b1010000 V
b10101 t
11
#35980000
b1010000 9
01
#35990000
b111001 &
b111001 U
b1010000 W
b1010001 %
b1010001 V
b1000011 H
b1000011 a
b1000100 g
b1000101 f
b1010000 h
b10101 t
11
#36000000
b1010001 9
01
#36010000
b1000100 H
b1000100 a
b1000101 g
b1000110 f
b1010001 h
b111010 &
b111010 U
b1010001 W
b1010010 %
b1010010 V
b10101 t
11
#36020000
b1010010 9
01
#36030000
b111011 &
b111011 U
b1010010 W
b1010011 %
b1010011 V
b1000101 H
b1000101 a
b1000110 g
b1000111 f
b110010000 l
b1010010 h
b10101 t
11
#36040000
b1010011 9
01
#36050000
b1100100 `
b1000110 H
b1000110 a
b1000111 g
b11001000000 o
b1001000 f
b1010011 h
b111100 &
b111100 U
b1010011 W
b1010100 %
b1010100 V
b10101 t
11
#36060000
b1010100 9
01
#36070000
b111101 &
b111101 U
b1010100 W
b1010101 %
b1010101 V
b1000111 H
b1000111 a
b1100100 C
b1100100 q
b1100100 E
b1100100 p
b1001000 g
b1001001 f
b1010100 h
b10101 t
11
#36080000
b1010101 9
01
#36090000
b1110000100 X
b1110000100 ^
b1001000 H
b1001000 a
b1001001 g
b1001010 f
b1010101 h
b1100100 '
b1100100 T
b1100100 (
b1100100 S
b111110 &
b111110 U
b1010101 W
b1010110 %
b1010110 V
b10101 t
11
#36100000
b1010110 9
01
#36110000
b1100100 X
b1100100 ^
b111111 &
b111111 U
b1010110 W
b1010111 %
b1010111 V
b1001001 H
b1001001 a
b1001010 g
b1001011 f
b10010110000 i
b1010110 h
b10101 t
11
#36120000
b1010111 9
01
#36130000
b10010110 `
b1001010 H
b1001010 a
b1001011 g
b100101100000 o
b1001100 f
b1010111 h
b1000000 &
b1000000 U
b1010111 W
b1011000 %
b1011000 V
b10101 t
11
#36140000
b1011000 9
01
#36150000
b1000001 &
b1000001 U
b1011000 W
b1011001 %
b1011001 V
b1001011 H
b1001011 a
b10010110 C
b10010110 q
b10010110 E
b10010110 p
b1001100 g
b1001101 f
b1011000 h
b10101 t
11
#36160000
b1011001 9
01
#36170000
b1001100 H
b1001100 a
b1001101 g
b1001110 f
b1011001 h
b10010110 '
b10010110 T
b10010110 (
b10010110 S
b1000010 &
b1000010 U
b1011001 W
b1011010 %
b1011010 V
b10101 t
11
#36180000
b1011010 9
01
#36190000
b1000011 &
b1000011 U
b1011010 W
b1011011 %
b1011011 V
b1001101 H
b1001101 a
b1001110 g
b1001111 f
b10010110000 j
b110010000 i
b1011010 h
b10101 t
11
#36200000
b1011011 9
01
#36210000
b1001110 H
b1001110 a
b1001111 g
b1010000 f
b1011011 h
b1000100 &
b1000100 U
b1011011 W
b1011100 %
b1011100 V
b10101 t
11
#36220000
b1011100 9
01
#36230000
b1000101 &
b1000101 U
b1011100 W
b1011101 %
b1011101 V
b1001111 H
b1001111 a
b1010000 g
b1010001 f
b1011100 h
b10101 t
11
#36240000
b1011101 9
01
#36250000
b1010000 H
b1010000 a
b1010001 g
b1010010 f
b1011101 h
b1000110 &
b1000110 U
b1011101 W
b1011110 %
b1011110 V
b10101 t
11
#36260000
b1011110 9
01
#36270000
b1000111 &
b1000111 U
b1011110 W
b1011111 %
b1011111 V
b1010001 H
b1010001 a
b1010010 g
b1010011 f
b110010000 j
b1011110 h
b10101 t
11
#36280000
b1011111 9
01
#36290000
b1100100 `
b1010010 H
b1010010 a
b1010011 g
b11001000000 o
b1010100 f
b1011111 h
b1001000 &
b1001000 U
b1011111 W
b1100000 %
b1100000 V
b10101 t
11
#36300000
b1100000 9
01
#36310000
b1001001 &
b1001001 U
b1100000 W
b1100001 %
b1100001 V
b1010011 H
b1010011 a
b1100100 C
b1100100 q
b1100100 E
b1100100 p
b1010100 g
b1010101 f
b1110000100 b
b1100000 h
b10101 t
11
#36320000
b1100001 9
01
#36330000
b1010100 H
b1010100 a
b1010101 g
b1110000100 c
b1010110 f
b1100100 b
b1100001 h
b1100100 '
b1100100 T
b1100100 (
b1100100 S
b1001010 &
b1001010 U
b1100001 W
b1100010 %
b1100010 V
b10101 t
11
#36340000
b1100010 9
01
#36350000
b1001011 &
b1001011 U
b1100010 W
b1100011 %
b1100011 V
b1010101 H
b1010101 a
b1110000100 G
b1110000100 d
1F
b1010110 g
b1100100 c
b1010111 f
b1100010 h
b10101 t
11
#36360000
b1100011 9
01
#36370000
b1010110 H
b1010110 a
b1100100 G
b1100100 d
0F
b1010111 g
b1011000 f
b10010110000 k
b1100011 h
b11 ,
b11 O
b1010101 "
b1010101 ]
b10000000000000000000000001000000000000000000000000000001000000000000000000000000000000 +
b10000000000000000000000001000000000000000000000000000001000000000000000000000000000000 P
b1001100 &
b1001100 U
b1100011 W
b1100100 %
b1100100 V
b10101 t
11
#36380000
b1100100 9
01
#36390000
0B
b10010110 `
b1001101 &
b1001101 U
b11 Z
b1100101 %
b1100101 V
b1010111 H
b1010111 a
b1011000 g
b100101100000 o
b1011001 f
b1100100 h
b10101 t
11
#36400000
b1100101 9
01
#36410000
b1011000 H
b1011000 a
b10010110 C
b10010110 q
b10010110 E
b10010110 p
b1011001 g
0r
b1001110 &
b1001110 U
b1100110 %
b1100110 V
11
#36420000
b1100110 9
01
#36430000
b10010110 '
b10010110 T
b10010110 (
b10010110 S
b1001111 &
b1001111 U
b1100111 %
b1100111 V
b1011001 H
b1011001 a
0s
11
#36440000
b1100111 9
01
#36450000
0D
b1010000 &
b1010000 U
1*
0-
b0 Z
b1101000 %
b1101000 V
11
#36460000
b1001 >
b11 v
b10000000000000000000000001000000000000000000000000000001000000000000000000000000000000 2
b1101000 9
01
#36470000
11
#36480000
01
#36490000
11
#36500000
01
#36510000
11
#36520000
01
#36530000
11
#36540000
01
#36550000
11
#36560000
01
#36570000
11
#36580000
01
#36590000
11
#36600000
01
#36610000
11
#36620000
b1 w
b1 ;
01
#36630000
11
#36640000
b1001 4
13
b1 7
b1 A
01
#36650000
11
#36660000
18
01
#36670000
1?
1-
b1 Z
b0 %
b0 V
b0 W
b0 '
b0 T
b0 (
b0 S
b1111111111111111 "
b1111111111111111 ]
b1111111111111111 #
b1111111111111111 \
b1111111111111111 $
b1111111111111111 [
b0 +
b0 P
b0 &
b0 U
b0 ,
b0 O
0*
b1010 )
b1010 Q
10
1Y
11
#36680000
b0 9
03
b0 7
b0 A
08
01
#36690000
b0 `
1B
0?
b0 H
b0 a
b0 G
b0 d
b0 E
b0 p
b0 C
b0 q
b0 o
b0 g
b0 c
b0 f
b0 b
b0 l
b0 k
b0 j
b0 i
b0 h
b0 e
b10 Z
b1 %
b1 V
0Y
b10101 t
11
#36700000
b1 9
01
#36710000
0B
b10 R
b1 W
b10 %
b10 V
b1 h
b1 e
b10101 t
11
#36720000
b10 9
01
#36730000
b1 R
b11 %
b11 V
11
#36740000
b11 9
01
#36750000
1B
b0 R
b100 %
b100 V
11
#36760000
b100 9
01
#36770000
0B
b10 h
b10 e
b10 R
b10 W
b101 %
b101 V
b10101 t
11
#36780000
b101 9
01
#36790000
b1 R
b110 %
b110 V
11
#36800000
b110 9
01
#36810000
1B
b0 R
b111 %
b111 V
11
#36820000
b111 9
01
#36830000
0B
b10 R
b11 W
b1000 %
b1000 V
b11 h
b11 e
b10101 t
11
#36840000
b1000 9
01
#36850000
b1 R
b1001 %
b1001 V
11
#36860000
b1001 9
01
#36870000
1B
b0 R
b1010 %
b1010 V
11
#36880000
b1010 9
01
#36890000
0B
b100 h
b100 e
b10 R
b100 W
b1011 %
b1011 V
b10101 t
11
#36900000
b1011 9
01
#36910000
b1 R
b1100 %
b1100 V
11
#36920000
b1100 9
01
#36930000
1B
b0 R
b1101 %
b1101 V
11
#36940000
b1101 9
01
#36950000
0B
b10 R
b101 W
b1110 %
b1110 V
b101 h
b101 e
b10101 t
11
#36960000
b1110 9
01
#36970000
b1 R
b1111 %
b1111 V
11
#36980000
b1111 9
01
#36990000
1B
b0 R
b10000 %
b10000 V
11
#37000000
b10000 9
01
#37010000
0B
b110 h
b110 e
b10 R
b110 W
b10001 %
b10001 V
b10101 t
11
#37020000
b10001 9
01
#37030000
b1 R
b10010 %
b10010 V
11
#37040000
b10010 9
01
#37050000
1B
b0 R
b10011 %
b10011 V
11
#37060000
b10011 9
01
#37070000
0B
b10 R
b111 W
b10100 %
b10100 V
b111 h
b111 e
b10101 t
11
#37080000
b10100 9
01
#37090000
b1 R
b10101 %
b10101 V
11
#37100000
b10101 9
01
#37110000
1B
b0 R
b10110 %
b10110 V
11
#37120000
b10110 9
01
#37130000
0B
b1000 h
b1000 e
b10 R
b1000 W
b10111 %
b10111 V
b10101 t
11
#37140000
b10111 9
01
#37150000
b1 R
b11000 %
b11000 V
11
#37160000
b11000 9
01
#37170000
1B
b0 R
b11001 %
b11001 V
11
#37180000
b11001 9
01
#37190000
0B
b10 R
b1001 W
b11010 %
b11010 V
b1001 h
b1001 e
b10101 t
11
#37200000
b11010 9
01
#37210000
b1 R
b11011 %
b11011 V
11
#37220000
b11011 9
01
#37230000
1B
b0 R
b11100 %
b11100 V
11
#37240000
b11100 9
01
#37250000
0B
b1010 h
b1010 e
b10 R
b1010 W
b11101 %
b11101 V
b10101 t
11
#37260000
b11101 9
01
#37270000
b1 R
b11110 %
b11110 V
11
#37280000
b11110 9
01
#37290000
1B
b0 R
b11111 %
b11111 V
11
#37300000
b11111 9
01
#37310000
0B
b10 R
b1011 W
b100000 %
b100000 V
b1011 h
b1011 e
b10101 t
11
#37320000
b100000 9
01
#37330000
b1 R
b100001 %
b100001 V
11
#37340000
b100001 9
01
#37350000
1B
b0 R
b100010 %
b100010 V
11
#37360000
b100010 9
01
#37370000
0B
b1100 h
b1100 e
b10 R
b1100 W
b100011 %
b100011 V
b10101 t
11
#37380000
b100011 9
01
#37390000
b1 R
b100100 %
b100100 V
11
#37400000
b100100 9
01
#37410000
1B
b0 R
b100101 %
b100101 V
11
#37420000
b100101 9
01
#37430000
0B
b10 R
b1101 W
b100110 %
b100110 V
b1101 h
b1101 e
b10101 t
11
#37440000
b100110 9
01
#37450000
b1 R
b100111 %
b100111 V
11
#37460000
b100111 9
01
#37470000
1B
b0 R
b101000 %
b101000 V
11
#37480000
b101000 9
01
#37490000
0B
b1110 h
b1110 e
b10 R
b1110 W
b101001 %
b101001 V
b10101 t
11
#37500000
b101001 9
01
#37510000
b1 R
b101010 %
b101010 V
11
#37520000
b101010 9
01
#37530000
1B
b0 R
b101011 %
b101011 V
11
#37540000
b101011 9
01
#37550000
0B
b10 R
b1111 W
b101100 %
b101100 V
b1111 h
b1111 e
b10101 t
11
#37560000
b101100 9
01
#37570000
b1 R
b101101 %
b101101 V
11
#37580000
b101101 9
01
#37590000
1B
b0 R
b101110 %
b101110 V
11
#37600000
b101110 9
01
#37610000
0B
b10000 h
b10000 e
b10 R
b10000 W
b101111 %
b101111 V
b10101 t
11
#37620000
b101111 9
01
#37630000
b1 R
b110000 %
b110000 V
11
#37640000
b110000 9
01
#37650000
1B
b0 R
b110001 %
b110001 V
11
#37660000
b110001 9
01
#37670000
0B
b10 R
b10001 W
b110010 %
b110010 V
b10001 h
b10001 e
b10101 t
11
#37680000
b110010 9
01
#37690000
b1 R
b110011 %
b110011 V
11
#37700000
b110011 9
01
#37710000
1B
b0 R
b110100 %
b110100 V
11
#37720000
b110100 9
01
#37730000
0B
b10010 h
b10010 e
b10 R
b10010 W
b110101 %
b110101 V
b10101 t
11
#37740000
b110101 9
01
#37750000
b1 R
b110110 %
b110110 V
11
#37760000
b110110 9
01
#37770000
1B
b0 R
b110111 %
b110111 V
11
#37780000
b110111 9
01
#37790000
0B
b10 R
b10011 W
b111000 %
b111000 V
b10011 h
b10011 e
b10101 t
11
#37800000
b111000 9
01
#37810000
b1 R
b111001 %
b111001 V
11
#37820000
b111001 9
01
#37830000
1B
b0 R
b111010 %
b111010 V
11
#37840000
b111010 9
01
#37850000
0B
b10100 h
b10100 e
b10 R
b10100 W
b111011 %
b111011 V
b10101 t
11
#37860000
b111011 9
01
#37870000
b1 R
b111100 %
b111100 V
11
#37880000
b111100 9
01
#37890000
1B
b0 R
b111101 %
b111101 V
11
#37900000
b111101 9
01
#37910000
0B
b10 R
b10101 W
b111110 %
b111110 V
b1010 f
b1100100 b
b110010000 l
b110010000 k
b110010000 j
b110010000 i
b10101 h
b10101 e
1r
b10101 t
11
#37920000
b111110 9
01
#37930000
b1100100 `
b1010 g
b1100100 c
b11001000000 o
1s
0r
b1 R
b111111 %
b111111 V
11
#37940000
b111111 9
01
#37950000
1B
b0 R
b1000000 %
b1000000 V
b1010 H
b1010 a
b1100100 G
b1100100 d
b1100100 C
b1100100 q
b1100100 E
b1100100 p
1D
0s
11
#37960000
b1000000 9
01
#37970000
0B
0D
b1011 f
b10110 h
1r
b1100100 '
b1100100 T
b1100100 (
b1100100 S
b1 &
b1 U
b10 R
b10110 W
b1000001 %
b1000001 V
b10101 t
11
#37980000
b1000001 9
01
#37990000
b1 R
b1000010 %
b1000010 V
b1011 g
1s
0r
11
#38000000
b1000010 9
01
#38010000
1B
b1011 H
b1011 a
1D
0s
b0 R
b1000011 %
b1000011 V
11
#38020000
b1000011 9
01
#38030000
0B
b10 &
b10 U
b10 R
b10111 W
b1000100 %
b1000100 V
0D
b1100 f
b10111 h
1r
b10101 t
11
#38040000
b1000100 9
01
#38050000
b1100 g
1s
0r
b1 R
b1000101 %
b1000101 V
11
#38060000
b1000101 9
01
#38070000
1B
b0 R
b1000110 %
b1000110 V
b1100 H
b1100 a
1D
0s
11
#38080000
b1000110 9
01
#38090000
0B
0D
b1101 f
b11000 h
1r
b11 &
b11 U
b10 R
b11000 W
b1000111 %
b1000111 V
b10101 t
11
#38100000
b1000111 9
01
#38110000
b1 R
b1001000 %
b1001000 V
b1101 g
1s
0r
11
#38120000
b1001000 9
01
#38130000
1B
b1101 H
b1101 a
1D
0s
b0 R
b1001001 %
b1001001 V
11
#38140000
b1001001 9
01
#38150000
0B
b100 &
b100 U
b10 R
b11001 W
b1001010 %
b1001010 V
0D
b1110 f
b11001 h
1r
b10101 t
11
#38160000
b1001010 9
01
#38170000
b1110 g
1s
0r
b1 R
b1001011 %
b1001011 V
11
#38180000
b1001011 9
01
#38190000
1B
b0 R
b1001100 %
b1001100 V
b1110 H
b1110 a
1D
0s
11
#38200000
b1001100 9
01
#38210000
0B
0D
b1111 f
b11010 h
1r
b101 &
b101 U
b10 R
b11010 W
b1001101 %
b1001101 V
b10101 t
11
#38220000
b1001101 9
01
#38230000
b1 R
b1001110 %
b1001110 V
b1111 g
1s
0r
11
#38240000
b1001110 9
01
#38250000
1B
b1111 H
b1111 a
1D
0s
b0 R
b1001111 %
b1001111 V
11
#38260000
b1001111 9
01
#38270000
0B
b110 &
b110 U
b10 R
b11011 W
b1010000 %
b1010000 V
0D
b10000 f
b11011 h
1r
b10101 t
11
#38280000
b1010000 9
01
#38290000
b10000 g
1s
0r
b1 R
b1010001 %
b1010001 V
11
#38300000
b1010001 9
01
#38310000
1B
b0 R
b1010010 %
b1010010 V
b10000 H
b10000 a
1D
0s
11
#38320000
b1010010 9
01
#38330000
0B
0D
b10001 f
b11100 h
1r
b111 &
b111 U
b10 R
b11100 W
b1010011 %
b1010011 V
b10101 t
11
#38340000
b1010011 9
01
#38350000
b1 R
b1010100 %
b1010100 V
b10001 g
1s
0r
11
#38360000
b1010100 9
01
#38370000
1B
b10001 H
b10001 a
1D
0s
b0 R
b1010101 %
b1010101 V
11
#38380000
b1010101 9
01
#38390000
0B
b1000 &
b1000 U
b10 R
b11101 W
b1010110 %
b1010110 V
0D
b10010 f
b11101 h
1r
b10101 t
11
#38400000
b1010110 9
01
#38410000
b10010 g
1s
0r
b1 R
b1010111 %
b1010111 V
11
#38420000
b1010111 9
01
#38430000
1B
b0 R
b1011000 %
b1011000 V
b10010 H
b10010 a
1D
0s
11
#38440000
b1011000 9
01
#38450000
0B
b1111101000 X
b1111101000 ^
0D
b10011 f
b11110 h
1r
b1001 &
b1001 U
b10 R
b11110 W
b1011001 %
b1011001 V
b10101 t
11
#38460000
b1011001 9
01
#38470000
b1 R
b1011010 %
b1011010 V
b10011 g
1s
0r
11
#38480000
b1011010 9
01
#38490000
1B
b10011 H
b10011 a
1D
0s
b0 R
b1011011 %
b1011011 V
11
#38500000
b1011011 9
01
#38510000
0B
b1100100 X
b1100100 ^
b1010 &
b1010 U
b10 R
b11111 W
b1011100 %
b1011100 V
0D
b10100 f
b10100010100 i
b11111 h
1r
b10101 t
11
#38520000
b1011100 9
01
#38530000
b10011100 `
b10100 g
b100111000100 o
1s
0r
b1 R
b1011101 %
b1011101 V
11
#38540000
b1011101 9
01
#38550000
1B
b0 R
b1011110 %
b1011110 V
b10100 H
b10100 a
b10011100 C
b10011100 q
b10011100 E
b10011100 p
1D
0s
11
#38560000
b1011110 9
01
#38570000
0B
0D
b10101 f
b100000 h
1r
b10011100 '
b10011100 T
b10011100 (
b10011100 S
b1011 &
b1011 U
b10 R
b100000 W
b1011111 %
b1011111 V
b10101 t
11
#38580000
b1011111 9
01
#38590000
b1 R
b1100000 %
b1100000 V
b10101 g
1s
0r
11
#38600000
b1100000 9
01
#38610000
1B
b10101 H
b10101 a
1D
0s
b0 R
b1100001 %
b1100001 V
11
#38620000
b1100001 9
01
#38630000
0B
b1100 &
b1100 U
b10 R
b100001 W
b1100010 %
b1100010 V
0D
b10110 f
b100001 h
1r
b10101 t
11
#38640000
b1100010 9
01
#38650000
b10110 g
1s
0r
b1 R
b1100011 %
b1100011 V
11
#38660000
b1100011 9
01
#38670000
1B
b0 R
b1100100 %
b1100100 V
b10110 H
b10110 a
1D
0s
11
#38680000
b1100100 9
01
#38690000
0B
0D
b10111 f
b100010 h
1r
b1101 &
b1101 U
b10 R
b100010 W
b1100101 %
b1100101 V
b10101 t
11
#38700000
b1100101 9
01
#38710000
b1 R
b1100110 %
b1100110 V
b10111 g
1s
0r
11
#38720000
b1100110 9
01
#38730000
1B
b10111 H
b10111 a
1D
0s
b0 R
b1100111 %
b1100111 V
11
#38740000
b1100111 9
01
#38750000
0B
b1110 &
b1110 U
b10 R
b100011 W
b1101000 %
b1101000 V
0D
b11000 f
b10100010100 j
b110010000 i
b100011 h
1r
b10101 t
11
#38760000
b1101000 9
01
#38770000
b11000 g
1s
0r
b1 R
b1101001 %
b1101001 V
11
#38780000
b1101001 9
01
#38790000
1B
b0 R
b1101010 %
b1101010 V
b11000 H
b11000 a
1D
0s
11
#38800000
b1101010 9
01
#38810000
0B
0D
b11001 f
b100100 h
1r
b1111 &
b1111 U
b10 R
b100100 W
b1101011 %
b1101011 V
b10101 t
11
#38820000
b1101011 9
01
#38830000
b1 R
b1101100 %
b1101100 V
b11001 g
1s
0r
11
#38840000
b1101100 9
01
#38850000
1B
b11001 H
b11001 a
1D
0s
b0 R
b1101101 %
b1101101 V
11
#38860000
b1101101 9
01
#38870000
0B
b10000 &
b10000 U
b10 R
b100101 W
b1101110 %
b1101110 V
0D
b11010 f
b100101 h
1r
b10101 t
11
#38880000
b1101110 9
01
#38890000
b11010 g
1s
0r
b1 R
b1101111 %
b1101111 V
11
#38900000
b1101111 9
01
#38910000
1B
b0 R
b1110000 %
b1110000 V
b11010 H
b11010 a
1D
0s
11
#38920000
b1110000 9
01
#38930000
0B
0D
b11011 f
b100110 h
1r
b10001 &
b10001 U
b10 R
b100110 W
b1110001 %
b1110001 V
b10101 t
11
#38940000
b1110001 9
01
#38950000
b1 R
b1110010 %
b1110010 V
b11011 g
1s
0r
11
#38960000
b1110010 9
01
#38970000
1B
b11011 H
b11011 a
1D
0s
b0 R
b1110011 %
b1110011 V
11
#38980000
b1110011 9
01
#38990000
0B
b10010 &
b10010 U
b10 R
b100111 W
b1110100 %
b1110100 V
0D
b11100 f
b110010000 j
b100111 h
1r
b10101 t
11
#39000000
b1110100 9
01
#39010000
b1100100 `
b11100 g
b11001000000 o
1s
0r
b1 R
b1110101 %
b1110101 V
11
#39020000
b1110101 9
01
#39030000
1B
b0 R
b1110110 %
b1110110 V
b11100 H
b11100 a
b1100100 C
b1100100 q
b1100100 E
b1100100 p
1D
0s
11
#39040000
b1110110 9
01
#39050000
0B
0D
b11101 f
b101000 h
1r
b1100100 '
b1100100 T
b1100100 (
b1100100 S
b10011 &
b10011 U
b10 R
b101000 W
b1110111 %
b1110111 V
b10101 t
11
#39060000
b1110111 9
01
#39070000
b1 R
b1111000 %
b1111000 V
b11101 g
1s
0r
11
#39080000
b1111000 9
01
#39090000
1B
b11101 H
b11101 a
1D
0s
b0 R
b1111001 %
b1111001 V
11
#39100000
b1111001 9
01
#39110000
0B
b10100 &
b10100 U
b10 R
b101001 W
b1111010 %
b1111010 V
0D
b11110 f
b1111101000 b
b101001 h
1r
b10101 t
11
#39120000
b1111010 9
01
#39130000
b11110 g
b1111101000 c
1s
0r
b1 R
b1111011 %
b1111011 V
11
#39140000
b1111011 9
01
#39150000
1B
b0 R
b1111100 %
b1111100 V
b11110 H
b11110 a
b1111101000 G
b1111101000 d
1F
1D
0s
11
#39160000
b1111100 9
01
#39170000
0B
0F
0D
b11111 f
b1100100 b
b101010 h
1r
b1 ,
b1 O
b11110 $
b11110 [
b1000000000000000000000000000000 +
b1000000000000000000000000000000 P
b10101 &
b10101 U
b10 R
b101010 W
b1111101 %
b1111101 V
b10101 t
11
#39180000
b1111101 9
01
#39190000
b1 R
b1111110 %
b1111110 V
b11111 g
b1100100 c
1s
0r
11
#39200000
b1111110 9
01
#39210000
1B
b11111 H
b11111 a
b1100100 G
b1100100 d
1D
0s
b0 R
b1111111 %
b1111111 V
11
#39220000
b1111111 9
01
#39230000
0B
b10110 &
b10110 U
b10 R
b101011 W
b10000000 %
b10000000 V
0D
b100000 f
b101011 h
1r
b10101 t
11
#39240000
b10000000 9
01
#39250000
b100000 g
1s
0r
b1 R
b10000001 %
b10000001 V
11
#39260000
b10000001 9
01
#39270000
1B
b0 R
b10000010 %
b10000010 V
b100000 H
b100000 a
1D
0s
11
#39280000
b10000010 9
01
#39290000
0B
0D
b100001 f
b10100010100 k
b101100 h
1r
b10111 &
b10111 U
b10 R
b101100 W
b10000011 %
b10000011 V
b10101 t
11
#39300000
b10000011 9
01
#39310000
b10011100 `
b1 R
b10000100 %
b10000100 V
b100001 g
b100111000100 o
1s
0r
11
#39320000
b10000100 9
01
#39330000
1B
b100001 H
b100001 a
b10011100 C
b10011100 q
b10011100 E
b10011100 p
1D
0s
b0 R
b10000101 %
b10000101 V
11
#39340000
b10000101 9
01
#39350000
0B
b10011100 '
b10011100 T
b10011100 (
b10011100 S
b11000 &
b11000 U
b10 R
b101101 W
b10000110 %
b10000110 V
0D
b100010 f
b101101 h
1r
b10101 t
11
#39360000
b10000110 9
01
#39370000
b100010 g
1s
0r
b1 R
b10000111 %
b10000111 V
11
#39380000
b10000111 9
01
#39390000
1B
b0 R
b10001000 %
b10001000 V
b100010 H
b100010 a
1D
0s
11
#39400000
b10001000 9
01
#39410000
0B
0D
b100011 f
b101110 h
1r
b11001 &
b11001 U
b10 R
b101110 W
b10001001 %
b10001001 V
b10101 t
11
#39420000
b10001001 9
01
#39430000
b1 R
b10001010 %
b10001010 V
b100011 g
1s
0r
11
#39440000
b10001010 9
01
#39450000
1B
b100011 H
b100011 a
1D
0s
b0 R
b10001011 %
b10001011 V
11
#39460000
b10001011 9
01
#39470000
0B
b11010 &
b11010 U
b10 R
b101111 W
b10001100 %
b10001100 V
0D
b100100 f
b101111 h
1r
b10101 t
11
#39480000
b10001100 9
01
#39490000
b100100 g
1s
0r
b1 R
b10001101 %
b10001101 V
11
#39500000
b10001101 9
01
#39510000
1B
b0 R
b10001110 %
b10001110 V
b100100 H
b100100 a
1D
0s
11
#39520000
b10001110 9
01
#39530000
0B
0D
b100101 f
b10100010100 l
b110010000 k
b110000 h
1r
b11011 &
b11011 U
b10 R
b110000 W
b10001111 %
b10001111 V
b10101 t
11
#39540000
b10001111 9
01
#39550000
b1 R
b10010000 %
b10010000 V
b100101 g
1s
0r
11
#39560000
b10010000 9
01
#39570000
1B
b100101 H
b100101 a
1D
0s
b0 R
b10010001 %
b10010001 V
11
#39580000
b10010001 9
01
#39590000
0B
b11100 &
b11100 U
b10 R
b110001 W
b10010010 %
b10010010 V
0D
b100110 f
b110001 h
1r
b10101 t
11
#39600000
b10010010 9
01
#39610000
b100110 g
1s
0r
b1 R
b10010011 %
b10010011 V
11
#39620000
b10010011 9
01
#39630000
1B
b0 R
b10010100 %
b10010100 V
b100110 H
b100110 a
1D
0s
11
#39640000
b10010100 9
01
#39650000
0B
0D
b100111 f
b110010 h
1r
b11101 &
b11101 U
b10 R
b110010 W
b10010101 %
b10010101 V
b10101 t
11
#39660000
b10010101 9
01
#39670000
b1 R
b10010110 %
b10010110 V
b100111 g
1s
0r
11
#39680000
b10010110 9
01
#39690000
1B
b100111 H
b100111 a
1D
0s
b0 R
b10010111 %
b10010111 V
11
#39700000
b10010111 9
01
#39710000
0B
b11110 &
b11110 U
b10 R
b110011 W
b10011000 %
b10011000 V
0D
b101000 f
b110011 h
1r
b10101 t
11
#39720000
b10011000 9
01
#39730000
b101000 g
1s
0r
b1 R
b10011001 %
b10011001 V
11
#39740000
b10011001 9
01
#39750000
1B
b0 R
b10011010 %
b10011010 V
b101000 H
b101000 a
1D
0s
11
#39760000
b10011010 9
01
#39770000
0B
0D
b101001 f
b110010000 l
b110100 h
1r
b11111 &
b11111 U
b10 R
b110100 W
b10011011 %
b10011011 V
b10101 t
11
#39780000
b10011011 9
01
#39790000
b1100100 `
b1 R
b10011100 %
b10011100 V
b101001 g
b11001000000 o
1s
0r
11
#39800000
b10011100 9
01
#39810000
1B
b101001 H
b101001 a
b1100100 C
b1100100 q
b1100100 E
b1100100 p
1D
0s
b0 R
b10011101 %
b10011101 V
11
#39820000
b10011101 9
01
#39830000
0B
b1100100 '
b1100100 T
b1100100 (
b1100100 S
b100000 &
b100000 U
b10 R
b110101 W
b10011110 %
b10011110 V
0D
b101010 f
b110101 h
1r
b10101 t
11
#39840000
b10011110 9
01
#39850000
b101010 g
1s
0r
b1 R
b10011111 %
b10011111 V
11
#39860000
b10011111 9
01
#39870000
1B
b0 R
b10100000 %
b10100000 V
b101010 H
b101010 a
1D
0s
11
#39880000
b10100000 9
01
#39890000
0B
0D
b101011 f
b110110 h
1r
b100001 &
b100001 U
b10 R
b110110 W
b10100001 %
b10100001 V
b10101 t
11
#39900000
b10100001 9
01
#39910000
b1 R
b10100010 %
b10100010 V
b101011 g
1s
0r
11
#39920000
b10100010 9
01
#39930000
1B
b101011 H
b101011 a
1D
0s
b0 R
b10100011 %
b10100011 V
11
#39940000
b10100011 9
01
#39950000
0B
b100010 &
b100010 U
b10 R
b110111 W
b10100100 %
b10100100 V
0D
b101100 f
b110111 h
1r
b10101 t
11
#39960000
b10100100 9
01
#39970000
b101100 g
1s
0r
b1 R
b10100101 %
b10100101 V
11
#39980000
b10100101 9
01
#39990000
1B
b0 R
b10100110 %
b10100110 V
b101100 H
b101100 a
1D
0s
11
#40000000
b10100110 9
01
#40010000
0B
0D
b101101 f
b111000 h
1r
b100011 &
b100011 U
b10 R
b111000 W
b10100111 %
b10100111 V
b10101 t
11
#40020000
b10100111 9
01
#40030000
b1 R
b10101000 %
b10101000 V
b101101 g
1s
0r
11
#40040000
b10101000 9
01
#40050000
1B
b101101 H
b101101 a
1D
0s
b0 R
b10101001 %
b10101001 V
11
#40060000
b10101001 9
01
#40070000
0B
b100100 &
b100100 U
b10 R
b111001 W
b10101010 %
b10101010 V
0D
b101110 f
b111001 h
1r
b10101 t
11
#40080000
b10101010 9
01
#40090000
b101110 g
1s
0r
b1 R
b10101011 %
b10101011 V
11
#40100000
b10101011 9
01
#40110000
1B
b0 R
b10101100 %
b10101100 V
b101110 H
b101110 a
1D
0s
11
#40120000
b10101100 9
01
#40130000
0B
0D
b101111 f
b111010 h
1r
b100101 &
b100101 U
b10 R
b111010 W
b10101101 %
b10101101 V
b10101 t
11
#40140000
b10101101 9
01
#40150000
b1 R
b10101110 %
b10101110 V
b101111 g
1s
0r
11
#40160000
b10101110 9
01
#40170000
1B
b101111 H
b101111 a
1D
0s
b0 R
b10101111 %
b10101111 V
11
#40180000
b10101111 9
01
#40190000
0B
b100110 &
b100110 U
b10 R
b111011 W
b10110000 %
b10110000 V
0D
b110000 f
b111011 h
1r
b10101 t
11
#40200000
b10110000 9
01
#40210000
b110000 g
1s
0r
b1 R
b10110001 %
b10110001 V
11
#40220000
b10110001 9
01
#40230000
1B
b0 R
b10110010 %
b10110010 V
b110000 H
b110000 a
1D
0s
11
#40240000
b10110010 9
01
#40250000
0B
b10010110000 X
b10010110000 ^
0D
b110001 f
b111100 h
1r
b100111 &
b100111 U
b10 R
b111100 W
b10110011 %
b10110011 V
b10101 t
11
#40260000
b10110011 9
01
#40270000
b1 R
b10110100 %
b10110100 V
b110001 g
1s
0r
11
#40280000
b10110100 9
01
#40290000
1B
b110001 H
b110001 a
1D
0s
b0 R
b10110101 %
b10110101 V
11
#40300000
b10110101 9
01
#40310000
0B
b1100100 X
b1100100 ^
b101000 &
b101000 U
b10 R
b111101 W
b10110110 %
b10110110 V
0D
b110010 f
b10111011100 i
b111101 h
1r
b10101 t
11
#40320000
b10110110 9
01
#40330000
b10101000 `
b110010 g
b101010001100 o
1s
0r
b1 R
b10110111 %
b10110111 V
11
#40340000
b10110111 9
01
#40350000
1B
b0 R
b10111000 %
b10111000 V
b110010 H
b110010 a
b10101000 C
b10101000 q
b10101000 E
b10101000 p
1D
0s
11
#40360000
b10111000 9
01
#40370000
0B
0D
b110011 f
b111110 h
1r
b10101000 '
b10101000 T
b10101000 (
b10101000 S
b101001 &
b101001 U
b10 R
b111110 W
b10111001 %
b10111001 V
b10101 t
11
#40380000
b10111001 9
01
#40390000
b1 R
b10111010 %
b10111010 V
b110011 g
1s
0r
11
#40400000
b10111010 9
01
#40410000
1B
b110011 H
b110011 a
1D
0s
b0 R
b10111011 %
b10111011 V
11
#40420000
b10111011 9
01
#40430000
0B
b101010 &
b101010 U
b10 R
b111111 W
b10111100 %
b10111100 V
0D
b110100 f
b111111 h
1r
b10101 t
11
#40440000
b10111100 9
01
#40450000
b110100 g
1s
0r
b1 R
b10111101 %
b10111101 V
11
#40460000
b10111101 9
01
#40470000
1B
b0 R
b10111110 %
b10111110 V
b110100 H
b110100 a
1D
0s
11
#40480000
b10111110 9
01
#40490000
0B
0D
b110101 f
b1000000 h
1r
b101011 &
b101011 U
b10 R
b1000000 W
b10111111 %
b10111111 V
b10101 t
11
#40500000
b10111111 9
01
#40510000
b1 R
b11000000 %
b11000000 V
b110101 g
1s
0r
11
#40520000
b11000000 9
01
#40530000
1B
b110101 H
b110101 a
1D
0s
b0 R
b11000001 %
b11000001 V
11
#40540000
b11000001 9
01
#40550000
0B
b101100 &
b101100 U
b10 R
b1000001 W
b11000010 %
b11000010 V
0D
b110110 f
b10111011100 j
b110010000 i
b1000001 h
1r
b10101 t
11
#40560000
b11000010 9
01
#40570000
b110110 g
1s
0r
b1 R
b11000011 %
b11000011 V
11
#40580000
b11000011 9
01
#40590000
1B
b0 R
b11000100 %
b11000100 V
b110110 H
b110110 a
1D
0s
11
#40600000
b11000100 9
01
#40610000
0B
0D
b110111 f
b1000010 h
1r
b101101 &
b101101 U
b10 R
b1000010 W
b11000101 %
b11000101 V
b10101 t
11
#40620000
b11000101 9
01
#40630000
b1 R
b11000110 %
b11000110 V
b110111 g
1s
0r
11
#40640000
b11000110 9
01
#40650000
1B
b110111 H
b110111 a
1D
0s
b0 R
b11000111 %
b11000111 V
11
#40660000
b11000111 9
01
#40670000
0B
b101110 &
b101110 U
b10 R
b1000011 W
b11001000 %
b11001000 V
0D
b111000 f
b1000011 h
1r
b10101 t
11
#40680000
b11001000 9
01
#40690000
b111000 g
1s
0r
b1 R
b11001001 %
b11001001 V
11
#40700000
b11001001 9
01
#40710000
1B
b0 R
b11001010 %
b11001010 V
b111000 H
b111000 a
1D
0s
11
#40720000
b11001010 9
01
#40730000
0B
0D
b111001 f
b1000100 h
1r
b101111 &
b101111 U
b10 R
b1000100 W
b11001011 %
b11001011 V
b10101 t
11
#40740000
b11001011 9
01
#40750000
b1 R
b11001100 %
b11001100 V
b111001 g
1s
0r
11
#40760000
b11001100 9
01
#40770000
1B
b111001 H
b111001 a
1D
0s
b0 R
b11001101 %
b11001101 V
11
#40780000
b11001101 9
01
#40790000
0B
b110000 &
b110000 U
b10 R
b1000101 W
b11001110 %
b11001110 V
0D
b111010 f
b110010000 j
b1000101 h
1r
b10101 t
11
#40800000
b11001110 9
01
#40810000
b1100100 `
b111010 g
b11001000000 o
1s
0r
b1 R
b11001111 %
b11001111 V
11
#40820000
b11001111 9
01
#40830000
1B
b0 R
b11010000 %
b11010000 V
b111010 H
b111010 a
b1100100 C
b1100100 q
b1100100 E
b1100100 p
1D
0s
11
#40840000
b11010000 9
01
#40850000
0B
0D
b111011 f
b1000110 h
1r
b1100100 '
b1100100 T
b1100100 (
b1100100 S
b110001 &
b110001 U
b10 R
b1000110 W
b11010001 %
b11010001 V
b10101 t
11
#40860000
b11010001 9
01
#40870000
b1 R
b11010010 %
b11010010 V
b111011 g
1s
0r
11
#40880000
b11010010 9
01
#40890000
1B
b111011 H
b111011 a
1D
0s
b0 R
b11010011 %
b11010011 V
11
#40900000
b11010011 9
01
#40910000
0B
b110010 &
b110010 U
b10 R
b1000111 W
b11010100 %
b11010100 V
0D
b111100 f
b10010110000 b
b1000111 h
1r
b10101 t
11
#40920000
b11010100 9
01
#40930000
b111100 g
b10010110000 c
1s
0r
b1 R
b11010101 %
b11010101 V
11
#40940000
b11010101 9
01
#40950000
1B
b0 R
b11010110 %
b11010110 V
b111100 H
b111100 a
b10010110000 G
b10010110000 d
1F
1D
0s
11
#40960000
b11010110 9
01
#40970000
0B
0F
0D
b111101 f
b1100100 b
b1001000 h
1r
b10 ,
b10 O
b111100 #
b111100 \
b1000000000000000000000000000001000000000000000000000000000000 +
b1000000000000000000000000000001000000000000000000000000000000 P
b110011 &
b110011 U
b10 R
b1001000 W
b11010111 %
b11010111 V
b10101 t
11
#40980000
b11010111 9
01
#40990000
b1 R
b11011000 %
b11011000 V
b111101 g
b1100100 c
1s
0r
11
#41000000
b11011000 9
01
#41010000
1B
b111101 H
b111101 a
b1100100 G
b1100100 d
1D
0s
b0 R
b11011001 %
b11011001 V
11
#41020000
b11011001 9
01
#41030000
0B
b110100 &
b110100 U
b10 R
b1001001 W
b11011010 %
b11011010 V
0D
b111110 f
b1001001 h
1r
b10101 t
11
#41040000
b11011010 9
01
#41050000
b111110 g
1s
0r
b1 R
b11011011 %
b11011011 V
11
#41060000
b11011011 9
01
#41070000
1B
b0 R
b11011100 %
b11011100 V
b111110 H
b111110 a
1D
0s
11
#41080000
b11011100 9
01
#41090000
0B
0D
b111111 f
b10111011100 k
b1001010 h
1r
b110101 &
b110101 U
b10 R
b1001010 W
b11011101 %
b11011101 V
b10101 t
11
#41100000
b11011101 9
01
#41110000
b10101000 `
b1 R
b11011110 %
b11011110 V
b111111 g
b101010001100 o
1s
0r
11
#41120000
b11011110 9
01
#41130000
1B
b111111 H
b111111 a
b10101000 C
b10101000 q
b10101000 E
b10101000 p
1D
0s
b0 R
b11011111 %
b11011111 V
11
#41140000
b11011111 9
01
#41150000
0B
b10101000 '
b10101000 T
b10101000 (
b10101000 S
b110110 &
b110110 U
b10 R
b1001011 W
b11100000 %
b11100000 V
0D
b1000000 f
b1001011 h
1r
b10101 t
11
#41160000
b11100000 9
01
#41170000
b1000000 g
1s
0r
b1 R
b11100001 %
b11100001 V
11
#41180000
b11100001 9
01
#41190000
1B
b0 R
b11100010 %
b11100010 V
b1000000 H
b1000000 a
1D
0s
11
#41200000
b11100010 9
01
#41210000
0B
0D
b1000001 f
b1001100 h
1r
b110111 &
b110111 U
b10 R
b1001100 W
b11100011 %
b11100011 V
b10101 t
11
#41220000
b11100011 9
01
#41230000
b1 R
b11100100 %
b11100100 V
b1000001 g
1s
0r
11
#41240000
b11100100 9
01
#41250000
1B
b1000001 H
b1000001 a
1D
0s
b0 R
b11100101 %
b11100101 V
11
#41260000
b11100101 9
01
#41270000
0B
b111000 &
b111000 U
b10 R
b1001101 W
b11100110 %
b11100110 V
0D
b1000010 f
b1001101 h
1r
b10101 t
11
#41280000
b11100110 9
01
#41290000
b1000010 g
1s
0r
b1 R
b11100111 %
b11100111 V
11
#41300000
b11100111 9
01
#41310000
1B
b0 R
b11101000 %
b11101000 V
b1000010 H
b1000010 a
1D
0s
11
#41320000
b11101000 9
01
#41330000
0B
0D
b1000011 f
b10111011100 l
b110010000 k
b1001110 h
1r
b111001 &
b111001 U
b10 R
b1001110 W
b11101001 %
b11101001 V
b10101 t
11
#41340000
b11101001 9
01
#41350000
b1 R
b11101010 %
b11101010 V
b1000011 g
1s
0r
11
#41360000
b11101010 9
01
#41370000
1B
b1000011 H
b1000011 a
1D
0s
b0 R
b11101011 %
b11101011 V
11
#41380000
b11101011 9
01
#41390000
0B
b111010 &
b111010 U
b10 R
b1001111 W
b11101100 %
b11101100 V
0D
b1000100 f
b1001111 h
1r
b10101 t
11
#41400000
b11101100 9
01
#41410000
b1000100 g
1s
0r
b1 R
b11101101 %
b11101101 V
11
#41420000
b11101101 9
01
#41430000
1B
b0 R
b11101110 %
b11101110 V
b1000100 H
b1000100 a
1D
0s
11
#41440000
b11101110 9
01
#41450000
0B
0D
b1000101 f
b1010000 h
1r
b111011 &
b111011 U
b10 R
b1010000 W
b11101111 %
b11101111 V
b10101 t
11
#41460000
b11101111 9
01
#41470000
b1 R
b11110000 %
b11110000 V
b1000101 g
1s
0r
11
#41480000
b11110000 9
01
#41490000
1B
b1000101 H
b1000101 a
1D
0s
b0 R
b11110001 %
b11110001 V
11
#41500000
b11110001 9
01
#41510000
0B
b111100 &
b111100 U
b10 R
b1010001 W
b11110010 %
b11110010 V
0D
b1000110 f
b1010001 h
1r
b10101 t
11
#41520000
b11110010 9
01
#41530000
b1000110 g
1s
0r
b1 R
b11110011 %
b11110011 V
11
#41540000
b11110011 9
01
#41550000
1B
b0 R
b11110100 %
b11110100 V
b1000110 H
b1000110 a
1D
0s
11
#41560000
b11110100 9
01
#41570000
0B
0D
b1000111 f
b110010000 l
b1010010 h
1r
b111101 &
b111101 U
b10 R
b1010010 W
b11110101 %
b11110101 V
b10101 t
11
#41580000
b11110101 9
01
#41590000
b1100100 `
b1 R
b11110110 %
b11110110 V
b1000111 g
b11001000000 o
1s
0r
11
#41600000
b11110110 9
01
#41610000
1B
b1000111 H
b1000111 a
b1100100 C
b1100100 q
b1100100 E
b1100100 p
1D
0s
b0 R
b11110111 %
b11110111 V
11
#41620000
b11110111 9
01
#41630000
0B
b1100100 '
b1100100 T
b1100100 (
b1100100 S
b111110 &
b111110 U
b10 R
b1010011 W
b11111000 %
b11111000 V
0D
b1001000 f
b1010011 h
1r
b10101 t
11
#41640000
b11111000 9
01
#41650000
b1001000 g
1s
0r
b1 R
b11111001 %
b11111001 V
11
#41660000
b11111001 9
01
#41670000
1B
b0 R
b11111010 %
b11111010 V
b1001000 H
b1001000 a
1D
0s
11
#41680000
b11111010 9
01
#41690000
0B
0D
b1001001 f
b1010100 h
1r
b111111 &
b111111 U
b10 R
b1010100 W
b11111011 %
b11111011 V
b10101 t
11
#41700000
b11111011 9
01
#41710000
b1 R
b11111100 %
b11111100 V
b1001001 g
1s
0r
11
#41720000
b11111100 9
01
#41730000
1B
b1001001 H
b1001001 a
1D
0s
b0 R
b11111101 %
b11111101 V
11
#41740000
b11111101 9
01
#41750000
0B
b1110000100 X
b1110000100 ^
b1000000 &
b1000000 U
b10 R
b1010101 W
b11111110 %
b11111110 V
0D
b1001010 f
b1010101 h
1r
b10101 t
11
#41760000
b11111110 9
01
#41770000
b1001010 g
1s
0r
b1 R
b11111111 %
b11111111 V
11
#41780000
b11111111 9
01
#41790000
1B
b0 R
b100000000 %
b100000000 V
b1001010 H
b1001010 a
1D
0s
11
#41800000
b100000000 9
01
#41810000
0B
b1100100 X
b1100100 ^
0D
b1001011 f
b10010110000 i
b1010110 h
1r
b1000001 &
b1000001 U
b10 R
b1010110 W
b100000001 %
b100000001 V
b10101 t
11
#41820000
b100000001 9
01
#41830000
b10010110 `
b1 R
b100000010 %
b100000010 V
b1001011 g
b100101100000 o
1s
0r
11
#41840000
b100000010 9
01
#41850000
1B
b1001011 H
b1001011 a
b10010110 C
b10010110 q
b10010110 E
b10010110 p
1D
0s
b0 R
b100000011 %
b100000011 V
11
#41860000
b100000011 9
01
#41870000
0B
b10010110 '
b10010110 T
b10010110 (
b10010110 S
b1000010 &
b1000010 U
b10 R
b1010111 W
b100000100 %
b100000100 V
0D
b1001100 f
b1010111 h
1r
b10101 t
11
#41880000
b100000100 9
01
#41890000
b1001100 g
1s
0r
b1 R
b100000101 %
b100000101 V
11
#41900000
b100000101 9
01
#41910000
1B
b0 R
b100000110 %
b100000110 V
b1001100 H
b1001100 a
1D
0s
11
#41920000
b100000110 9
01
#41930000
0B
0D
b1001101 f
b1011000 h
1r
b1000011 &
b1000011 U
b10 R
b1011000 W
b100000111 %
b100000111 V
b10101 t
11
#41940000
b100000111 9
01
#41950000
b1 R
b100001000 %
b100001000 V
b1001101 g
1s
0r
11
#41960000
b100001000 9
01
#41970000
1B
b1001101 H
b1001101 a
1D
0s
b0 R
b100001001 %
b100001001 V
11
#41980000
b100001001 9
01
#41990000
0B
b1000100 &
b1000100 U
b10 R
b1011001 W
b100001010 %
b100001010 V
0D
b1001110 f
b1011001 h
1r
b10101 t
11
#42000000
b100001010 9
01
#42010000
b1001110 g
1s
0r
b1 R
b100001011 %
b100001011 V
11
#42020000
b100001011 9
01
#42030000
1B
b0 R
b100001100 %
b100001100 V
b1001110 H
b1001110 a
1D
0s
11
#42040000
b100001100 9
01
#42050000
0B
0D
b1001111 f
b10010110000 j
b110010000 i
b1011010 h
1r
b1000101 &
b1000101 U
b10 R
b1011010 W
b100001101 %
b100001101 V
b10101 t
11
#42060000
b100001101 9
01
#42070000
b1 R
b100001110 %
b100001110 V
b1001111 g
1s
0r
11
#42080000
b100001110 9
01
#42090000
1B
b1001111 H
b1001111 a
1D
0s
b0 R
b100001111 %
b100001111 V
11
#42100000
b100001111 9
01
#42110000
0B
b1000110 &
b1000110 U
b10 R
b1011011 W
b100010000 %
b100010000 V
0D
b1010000 f
b1011011 h
1r
b10101 t
11
#42120000
b100010000 9
01
#42130000
b1010000 g
1s
0r
b1 R
b100010001 %
b100010001 V
11
#42140000
b100010001 9
01
#42150000
1B
b0 R
b100010010 %
b100010010 V
b1010000 H
b1010000 a
1D
0s
11
#42160000
b100010010 9
01
#42170000
0B
0D
b1010001 f
b1011100 h
1r
b1000111 &
b1000111 U
b10 R
b1011100 W
b100010011 %
b100010011 V
b10101 t
11
#42180000
b100010011 9
01
#42190000
b1 R
b100010100 %
b100010100 V
b1010001 g
1s
0r
11
#42200000
b100010100 9
01
#42210000
1B
b1010001 H
b1010001 a
1D
0s
b0 R
b100010101 %
b100010101 V
11
#42220000
b100010101 9
01
#42230000
0B
b1001000 &
b1001000 U
b10 R
b1011101 W
b100010110 %
b100010110 V
0D
b1010010 f
b1011101 h
1r
b10101 t
11
#42240000
b100010110 9
01
#42250000
b1010010 g
1s
0r
b1 R
b100010111 %
b100010111 V
11
#42260000
b100010111 9
01
#42270000
1B
b0 R
b100011000 %
b100011000 V
b1010010 H
b1010010 a
1D
0s
11
#42280000
b100011000 9
01
#42290000
0B
0D
b1010011 f
b110010000 j
b1011110 h
1r
b1001001 &
b1001001 U
b10 R
b1011110 W
b100011001 %
b100011001 V
b10101 t
11
#42300000
b100011001 9
01
#42310000
b1100100 `
b1 R
b100011010 %
b100011010 V
b1010011 g
b11001000000 o
1s
0r
11
#42320000
b100011010 9
01
#42330000
1B
b1010011 H
b1010011 a
b1100100 C
b1100100 q
b1100100 E
b1100100 p
1D
0s
b0 R
b100011011 %
b100011011 V
11
#42340000
b100011011 9
01
#42350000
0B
b1100100 '
b1100100 T
b1100100 (
b1100100 S
b1001010 &
b1001010 U
b10 R
b1011111 W
b100011100 %
b100011100 V
0D
b1010100 f
b1011111 h
1r
b10101 t
11
#42360000
b100011100 9
01
#42370000
b1010100 g
1s
0r
b1 R
b100011101 %
b100011101 V
11
#42380000
b100011101 9
01
#42390000
1B
b0 R
b100011110 %
b100011110 V
b1010100 H
b1010100 a
1D
0s
11
#42400000
b100011110 9
01
#42410000
0B
0D
b1010101 f
b1110000100 b
b1100000 h
1r
b1001011 &
b1001011 U
b10 R
b1100000 W
b100011111 %
b100011111 V
b10101 t
11
#42420000
b100011111 9
01
#42430000
b1 R
b100100000 %
b100100000 V
b1010101 g
b1110000100 c
1s
0r
11
#42440000
b100100000 9
01
#42450000
1B
b1010101 H
b1010101 a
b1110000100 G
b1110000100 d
1F
1D
0s
b0 R
b100100001 %
b100100001 V
11
#42460000
b100100001 9
01
#42470000
0B
b11 ,
b11 O
b1010101 "
b1010101 ]
b10000000000000000000000001000000000000000000000000000001000000000000000000000000000000 +
b10000000000000000000000001000000000000000000000000000001000000000000000000000000000000 P
b1001100 &
b1001100 U
b10 R
b1100001 W
b100100010 %
b100100010 V
0F
0D
b1010110 f
b1100100 b
b1100001 h
1r
b10101 t
11
#42480000
b100100010 9
01
#42490000
b1010110 g
b1100100 c
1s
0r
b1 R
b100100011 %
b100100011 V
11
#42500000
b100100011 9
01
#42510000
1B
b0 R
b100100100 %
b100100100 V
b1010110 H
b1010110 a
b1100100 G
b1100100 d
1D
0s
11
#42520000
b100100100 9
01
#42530000
0B
0D
b1010111 f
b1100010 h
1r
b1001101 &
b1001101 U
b10 R
b1100010 W
b100100101 %
b100100101 V
b10101 t
11
#42540000
b100100101 9
01
#42550000
b1 R
b100100110 %
b100100110 V
b1010111 g
1s
0r
11
#42560000
b100100110 9
01
#42570000
1B
b1010111 H
b1010111 a
1D
0s
b0 R
b100100111 %
b100100111 V
11
#42580000
b100100111 9
01
#42590000
0B
b1001110 &
b1001110 U
b10 R
b1100011 W
b100101000 %
b100101000 V
0D
b1011000 f
b10010110000 k
b1100011 h
1r
b10101 t
11
#42600000
b100101000 9
01
#42610000
b10010110 `
b1011000 g
b100101100000 o
1s
0r
b1 R
b100101001 %
b100101001 V
11
#42620000
b100101001 9
01
#42630000
1B
b0 R
b100101010 %
b100101010 V
b1011000 H
b1011000 a
b10010110 C
b10010110 q
b10010110 E
b10010110 p
1D
0s
11
#42640000
b100101010 9
01
#42650000
0B
0D
b1011001 f
b1100100 h
1r
b10010110 '
b10010110 T
b10010110 (
b10010110 S
b1001111 &
b1001111 U
b10 R
b11 Z
b100101011 %
b100101011 V
b10101 t
11
#42660000
b100101011 9
01
#42670000
b100101100 %
b100101100 V
b1011001 g
1s
0r
11
#42680000
b100101100 9
01
#42690000
b1011001 H
b1011001 a
1D
0s
b100101101 %
b100101101 V
11
#42700000
b100101101 9
01
#42710000
b1010000 &
b1010000 U
1*
0-
b0 Z
b100101110 %
b100101110 V
0D
11
#42720000
b1010 >
b10000000000000000000000001000000000000000000000000000001000000000000000000000000000000 2
b100101110 9
01
#42730000
11
#42740000
01
#42750000
11
#42760000
01
#42770000
11
#42780000
01
#42790000
11
#42800000
01
#42810000
11
#42820000
01
#42830000
11
#42840000
01
#42850000
11
#42860000
01
#42870000
11
#42880000
b0 w
b1 u
b1 =
b0 ;
01
#42890000
11
#42900000
b1010 4
b1 6
b1 @
b1 7
b1 A
01
#42910000
11
#42920000
18
01
#42930000
1?
1-
b1 Z
b0 %
b0 V
b0 R
b0 W
b0 '
b0 T
b0 (
b0 S
b1111111111111111 "
b1111111111111111 ]
b1111111111111111 #
b1111111111111111 \
b1111111111111111 $
b1111111111111111 [
b0 +
b0 P
b0 &
b0 U
b0 ,
b0 O
0*
b1011 )
b1011 Q
00
b1 /
b1 M
b1 _
1Y
11
#42940000
b0 9
b0 6
b0 @
b0 7
b0 A
08
01
#42950000
1B
0?
b0 `
b10 Z
b1 %
b1 V
0Y
b0 H
b0 a
b0 G
b0 d
b0 E
b0 p
b0 C
b0 q
b0 o
b0 g
b0 c
b0 f
b0 b
b0 l
b0 k
b0 j
b0 i
b0 h
b0 e
b10101 t
11
#42960000
b1 9
01
#42970000
b1 h
b1 e
b1 W
b10 %
b10 V
b10101 t
11
#42980000
b10 9
01
#42990000
b10 W
b11 %
b11 V
b10 h
b10 e
b10101 t
11
#43000000
b11 9
01
#43010000
b11 h
b11 e
b11 W
b100 %
b100 V
b10101 t
11
#43020000
b100 9
01
#43030000
b100 W
b101 %
b101 V
b100 h
b100 e
b10101 t
11
#43040000
b101 9
01
#43050000
b101 h
b101 e
b101 W
b110 %
b110 V
b10101 t
11
#43060000
b110 9
01
#43070000
b110 W
b111 %
b111 V
b110 h
b110 e
b10101 t
11
#43080000
b111 9
01
#43090000
b111 h
b111 e
b111 W
b1000 %
b1000 V
b10101 t
11
#43100000
b1000 9
01
#43110000
b1000 W
b1001 %
b1001 V
b1000 h
b1000 e
b10101 t
11
#43120000
b1001 9
01
#43130000
b1001 h
b1001 e
b1001 W
b1010 %
b1010 V
b10101 t
11
#43140000
b1010 9
01
#43150000
b1010 W
b1011 %
b1011 V
b1010 h
b1010 e
b10101 t
11
#43160000
b1011 9
01
#43170000
b1011 h
b1011 e
b1011 W
b1100 %
b1100 V
b10101 t
11
#43180000
b1100 9
01
#43190000
b1100 W
b1101 %
b1101 V
b1100 h
b1100 e
b10101 t
11
#43200000
b1101 9
01
#43210000
b1101 h
b1101 e
b1101 W
b1110 %
b1110 V
b10101 t
11
#43220000
b1110 9
01
#43230000
b1110 W
b1111 %
b1111 V
b1110 h
b1110 e
b10101 t
11
#43240000
b1111 9
01
#43250000
b1111 h
b1111 e
b1111 W
b10000 %
b10000 V
b10101 t
11
#43260000
b10000 9
01
#43270000
b10000 W
b10001 %
b10001 V
b10000 h
b10000 e
b10101 t
11
#43280000
b10001 9
01
#43290000
b10001 h
b10001 e
b10001 W
b10010 %
b10010 V
b10101 t
11
#43300000
b10010 9
01
#43310000
b10010 W
b10011 %
b10011 V
b10010 h
b10010 e
b10101 t
11
#43320000
b10011 9
01
#43330000
b10011 h
b10011 e
b10011 W
b10100 %
b10100 V
b10101 t
11
#43340000
b10100 9
01
#43350000
b10100 W
b10101 %
b10101 V
b10100 h
b10100 e
b10101 t
11
#43360000
b10101 9
01
#43370000
b1 m
b1010 f
b1100100 b
b110010000 l
b110010000 k
b110010000 j
b110010000 i
b10101 h
b10101 e
1r
b10101 W
b10110 %
b10110 V
b10101 t
11
#43380000
b10110 9
01
#43390000
b11001000 `
b10110 W
b10111 %
b10111 V
b1 n
b1010 g
b1100100 c
b11001000000 o
1s
b1011 f
b10110 h
b10101 t
11
#43400000
b10111 9
01
#43410000
b1010 H
b1010 a
b1100100 G
b1100100 d
b11001000 C
b11001000 q
b11001000 E
b11001000 p
1D
b1011 g
b1100 f
b10111 h
b10111 W
b11000 %
b11000 V
b10101 t
11
#43420000
b11000 9
01
#43430000
b11001000 '
b11001000 T
b11001000 (
b11001000 S
b1 &
b1 U
b11000 W
b11001 %
b11001 V
b1011 H
b1011 a
b1100 g
b1101 f
b11000 h
b10101 t
11
#43440000
b11001 9
01
#43450000
b1100 H
b1100 a
b1101 g
b1110 f
b11001 h
b10 &
b10 U
b11001 W
b11010 %
b11010 V
b10101 t
11
#43460000
b11010 9
01
#43470000
b11 &
b11 U
b11010 W
b11011 %
b11011 V
b1101 H
b1101 a
b1110 g
b1111 f
b11010 h
b10101 t
11
#43480000
b11011 9
01
#43490000
b1110 H
b1110 a
b1111 g
b10000 f
b11011 h
b100 &
b100 U
b11011 W
b11100 %
b11100 V
b10101 t
11
#43500000
b11100 9
01
#43510000
b101 &
b101 U
b11100 W
b11101 %
b11101 V
b1111 H
b1111 a
b10000 g
b10001 f
b11100 h
b10101 t
11
#43520000
b11101 9
01
#43530000
b10000 H
b10000 a
b10001 g
b10010 f
b11101 h
b110 &
b110 U
b11101 W
b11110 %
b11110 V
b10101 t
11
#43540000
b11110 9
01
#43550000
b1111101000 X
b1111101000 ^
b111 &
b111 U
b11110 W
b11111 %
b11111 V
b10001 H
b10001 a
b10010 g
b10011 f
b11110 h
b10101 t
11
#43560000
b11111 9
01
#43570000
b1100100 X
b1100100 ^
b10010 H
b10010 a
b10011 g
b10100 f
b10100010100 i
b11111 h
b1000 &
b1000 U
b11111 W
b100000 %
b100000 V
b10101 t
11
#43580000
b100000 9
01
#43590000
b100111000 `
b1001 &
b1001 U
b100000 W
b100001 %
b100001 V
b10011 H
b10011 a
b10100 g
b100111000100 o
b10101 f
b100000 h
b10101 t
11
#43600000
b100001 9
01
#43610000
b10100 H
b10100 a
b100111000 C
b100111000 q
b100111000 E
b100111000 p
b10101 g
b10110 f
b100001 h
b1010 &
b1010 U
b100001 W
b100010 %
b100010 V
b10101 t
11
#43620000
b100010 9
01
#43630000
b100111000 '
b100111000 T
b100111000 (
b100111000 S
b1011 &
b1011 U
b100010 W
b100011 %
b100011 V
b10101 H
b10101 a
b10110 g
b10111 f
b100010 h
b10101 t
11
#43640000
b100011 9
01
#43650000
b10110 H
b10110 a
b10111 g
b11000 f
b10100010100 j
b110010000 i
b100011 h
b1100 &
b1100 U
b100011 W
b100100 %
b100100 V
b10101 t
11
#43660000
b100100 9
01
#43670000
b1101 &
b1101 U
b100100 W
b100101 %
b100101 V
b10111 H
b10111 a
b11000 g
b11001 f
b100100 h
b10101 t
11
#43680000
b100101 9
01
#43690000
b11000 H
b11000 a
b11001 g
b11010 f
b100101 h
b1110 &
b1110 U
b100101 W
b100110 %
b100110 V
b10101 t
11
#43700000
b100110 9
01
#43710000
b1111 &
b1111 U
b100110 W
b100111 %
b100111 V
b11001 H
b11001 a
b11010 g
b11011 f
b100110 h
b10101 t
11
#43720000
b100111 9
01
#43730000
b11010 H
b11010 a
b11011 g
b11100 f
b110010000 j
b100111 h
b10000 &
b10000 U
b100111 W
b101000 %
b101000 V
b10101 t
11
#43740000
b101000 9
01
#43750000
b11001000 `
b10001 &
b10001 U
b101000 W
b101001 %
b101001 V
b11011 H
b11011 a
b11100 g
b11001000000 o
b11101 f
b101000 h
b10101 t
11
#43760000
b101001 9
01
#43770000
b11100 H
b11100 a
b11001000 C
b11001000 q
b11001000 E
b11001000 p
b11101 g
b11110 f
b1111101000 b
b101001 h
b10010 &
b10010 U
b101001 W
b101010 %
b101010 V
b10101 t
11
#43780000
b101010 9
01
#43790000
b11001000 '
b11001000 T
b11001000 (
b11001000 S
b10011 &
b10011 U
b101010 W
b101011 %
b101011 V
b11101 H
b11101 a
b11110 g
b1111101000 c
b11111 f
b1100100 b
b101010 h
b10101 t
11
#43800000
b101011 9
01
#43810000
b11110 H
b11110 a
b1111101000 G
b1111101000 d
1F
b11111 g
b1100100 c
b100000 f
b101011 h
b10100 &
b10100 U
b101011 W
b101100 %
b101100 V
b10101 t
11
#43820000
b101100 9
01
#43830000
b1 ,
b1 O
b11110 $
b11110 [
b1000000000000000000000000000000 +
b1000000000000000000000000000000 P
b10101 &
b10101 U
b101100 W
b101101 %
b101101 V
b11111 H
b11111 a
b1100100 G
b1100100 d
0F
b100000 g
b100001 f
b10100010100 k
b101100 h
b10101 t
11
#43840000
b101101 9
01
#43850000
b100111000 `
b100000 H
b100000 a
b100001 g
b100111000100 o
b100010 f
b101101 h
b10110 &
b10110 U
b101101 W
b101110 %
b101110 V
b10101 t
11
#43860000
b101110 9
01
#43870000
b10111 &
b10111 U
b101110 W
b101111 %
b101111 V
b100001 H
b100001 a
b100111000 C
b100111000 q
b100111000 E
b100111000 p
b100010 g
b100011 f
b101110 h
b10101 t
11
#43880000
b101111 9
01
#43890000
b100010 H
b100010 a
b100011 g
b100100 f
b101111 h
b100111000 '
b100111000 T
b100111000 (
b100111000 S
b11000 &
b11000 U
b101111 W
b110000 %
b110000 V
b10101 t
11
#43900000
b110000 9
01
#43910000
b11001 &
b11001 U
b110000 W
b110001 %
b110001 V
b100011 H
b100011 a
b100100 g
b100101 f
b10100010100 l
b110010000 k
b110000 h
b10101 t
11
#43920000
b110001 9
01
#43930000
b100100 H
b100100 a
b100101 g
b100110 f
b110001 h
b11010 &
b11010 U
b110001 W
b110010 %
b110010 V
b10101 t
11
#43940000
b110010 9
01
#43950000
b11011 &
b11011 U
b110010 W
b110011 %
b110011 V
b100101 H
b100101 a
b100110 g
b100111 f
b110010 h
b10101 t
11
#43960000
b110011 9
01
#43970000
b100110 H
b100110 a
b100111 g
b101000 f
b110011 h
b11100 &
b11100 U
b110011 W
b110100 %
b110100 V
b10101 t
11
#43980000
b110100 9
01
#43990000
b11101 &
b11101 U
b110100 W
b110101 %
b110101 V
b100111 H
b100111 a
b101000 g
b101001 f
b110010000 l
b110100 h
b10101 t
11
#44000000
b110101 9
01
#44010000
b11001000 `
b101000 H
b101000 a
b101001 g
b11001000000 o
b101010 f
b110101 h
b11110 &
b11110 U
b110101 W
b110110 %
b110110 V
b10101 t
11
#44020000
b110110 9
01
#44030000
b11111 &
b11111 U
b110110 W
b110111 %
b110111 V
b101001 H
b101001 a
b11001000 C
b11001000 q
b11001000 E
b11001000 p
b101010 g
b101011 f
b110110 h
b10101 t
11
#44040000
b110111 9
01
#44050000
b101010 H
b101010 a
b101011 g
b101100 f
b110111 h
b11001000 '
b11001000 T
b11001000 (
b11001000 S
b100000 &
b100000 U
b110111 W
b111000 %
b111000 V
b10101 t
11
#44060000
b111000 9
01
#44070000
b100001 &
b100001 U
b111000 W
b111001 %
b111001 V
b101011 H
b101011 a
b101100 g
b101101 f
b111000 h
b10101 t
11
#44080000
b111001 9
01
#44090000
b101100 H
b101100 a
b101101 g
b101110 f
b111001 h
b100010 &
b100010 U
b111001 W
b111010 %
b111010 V
b10101 t
11
#44100000
b111010 9
01
#44110000
b100011 &
b100011 U
b111010 W
b111011 %
b111011 V
b101101 H
b101101 a
b101110 g
b101111 f
b111010 h
b10101 t
11
#44120000
b111011 9
01
#44130000
b101110 H
b101110 a
b101111 g
b110000 f
b111011 h
b100100 &
b100100 U
b111011 W
b111100 %
b111100 V
b10101 t
11
#44140000
b111100 9
01
#44150000
b10010110000 X
b10010110000 ^
b100101 &
b100101 U
b111100 W
b111101 %
b111101 V
b101111 H
b101111 a
b110000 g
b110001 f
b111100 h
b10101 t
11
#44160000
b111101 9
01
#44170000
b1100100 X
b1100100 ^
b110000 H
b110000 a
b110001 g
b110010 f
b10111011100 i
b111101 h
b100110 &
b100110 U
b111101 W
b111110 %
b111110 V
b10101 t
11
#44180000
b111110 9
01
#44190000
b101010000 `
b100111 &
b100111 U
b111110 W
b111111 %
b111111 V
b110001 H
b110001 a
b110010 g
b101010001100 o
b110011 f
b111110 h
b10101 t
11
#44200000
b111111 9
01
#44210000
b110010 H
b110010 a
b101010000 C
b101010000 q
b101010000 E
b101010000 p
b110011 g
b110100 f
b111111 h
b101000 &
b101000 U
b111111 W
b1000000 %
b1000000 V
b10101 t
11
#44220000
b1000000 9
01
#44230000
b101010000 '
b101010000 T
b101010000 (
b101010000 S
b101001 &
b101001 U
b1000000 W
b1000001 %
b1000001 V
b110011 H
b110011 a
b110100 g
b110101 f
b1000000 h
b10101 t
11
#44240000
b1000001 9
01
#44250000
b110100 H
b110100 a
b110101 g
b110110 f
b10111011100 j
b110010000 i
b1000001 h
b101010 &
b101010 U
b1000001 W
b1000010 %
b1000010 V
b10101 t
11
#44260000
b1000010 9
01
#44270000
b101011 &
b101011 U
b1000010 W
b1000011 %
b1000011 V
b110101 H
b110101 a
b110110 g
b110111 f
b1000010 h
b10101 t
11
#44280000
b1000011 9
01
#44290000
b110110 H
b110110 a
b110111 g
b111000 f
b1000011 h
b101100 &
b101100 U
b1000011 W
b1000100 %
b1000100 V
b10101 t
11
#44300000
b1000100 9
01
#44310000
b101101 &
b101101 U
b1000100 W
b1000101 %
b1000101 V
b110111 H
b110111 a
b111000 g
b111001 f
b1000100 h
b10101 t
11
#44320000
b1000101 9
01
#44330000
b111000 H
b111000 a
b111001 g
b111010 f
b110010000 j
b1000101 h
b101110 &
b101110 U
b1000101 W
b1000110 %
b1000110 V
b10101 t
11
#44340000
b1000110 9
01
#44350000
b11001000 `
b101111 &
b101111 U
b1000110 W
b1000111 %
b1000111 V
b111001 H
b111001 a
b111010 g
b11001000000 o
b111011 f
b1000110 h
b10101 t
11
#44360000
b1000111 9
01
#44370000
b111010 H
b111010 a
b11001000 C
b11001000 q
b11001000 E
b11001000 p
b111011 g
b111100 f
b10010110000 b
b1000111 h
b110000 &
b110000 U
b1000111 W
b1001000 %
b1001000 V
b10101 t
11
#44380000
b1001000 9
01
#44390000
b11001000 '
b11001000 T
b11001000 (
b11001000 S
b110001 &
b110001 U
b1001000 W
b1001001 %
b1001001 V
b111011 H
b111011 a
b111100 g
b10010110000 c
b111101 f
b1100100 b
b1001000 h
b10101 t
11
#44400000
b1001001 9
01
#44410000
b111100 H
b111100 a
b10010110000 G
b10010110000 d
1F
b111101 g
b1100100 c
b111110 f
b1001001 h
b110010 &
b110010 U
b1001001 W
b1001010 %
b1001010 V
b10101 t
11
#44420000
b1001010 9
01
#44430000
b10 ,
b10 O
b111100 #
b111100 \
b1000000000000000000000000000001000000000000000000000000000000 +
b1000000000000000000000000000001000000000000000000000000000000 P
b110011 &
b110011 U
b1001010 W
b1001011 %
b1001011 V
b111101 H
b111101 a
b1100100 G
b1100100 d
0F
b111110 g
b111111 f
b10111011100 k
b1001010 h
b10101 t
11
#44440000
b1001011 9
01
#44450000
b101010000 `
b111110 H
b111110 a
b111111 g
b101010001100 o
b1000000 f
b1001011 h
b110100 &
b110100 U
b1001011 W
b1001100 %
b1001100 V
b10101 t
11
#44460000
b1001100 9
01
#44470000
b110101 &
b110101 U
b1001100 W
b1001101 %
b1001101 V
b111111 H
b111111 a
b101010000 C
b101010000 q
b101010000 E
b101010000 p
b1000000 g
b1000001 f
b1001100 h
b10101 t
11
#44480000
b1001101 9
01
#44490000
b1000000 H
b1000000 a
b1000001 g
b1000010 f
b1001101 h
b101010000 '
b101010000 T
b101010000 (
b101010000 S
b110110 &
b110110 U
b1001101 W
b1001110 %
b1001110 V
b10101 t
11
#44500000
b1001110 9
01
#44510000
b110111 &
b110111 U
b1001110 W
b1001111 %
b1001111 V
b1000001 H
b1000001 a
b1000010 g
b1000011 f
b10111011100 l
b110010000 k
b1001110 h
b10101 t
11
#44520000
b1001111 9
01
#44530000
b1000010 H
b1000010 a
b1000011 g
b1000100 f
b1001111 h
b111000 &
b111000 U
b1001111 W
b1010000 %
b1010000 V
b10101 t
11
#44540000
b1010000 9
01
#44550000
b111001 &
b111001 U
b1010000 W
b1010001 %
b1010001 V
b1000011 H
b1000011 a
b1000100 g
b1000101 f
b1010000 h
b10101 t
11
#44560000
b1010001 9
01
#44570000
b1000100 H
b1000100 a
b1000101 g
b1000110 f
b1010001 h
b111010 &
b111010 U
b1010001 W
b1010010 %
b1010010 V
b10101 t
11
#44580000
b1010010 9
01
#44590000
b111011 &
b111011 U
b1010010 W
b1010011 %
b1010011 V
b1000101 H
b1000101 a
b1000110 g
b1000111 f
b110010000 l
b1010010 h
b10101 t
11
#44600000
b1010011 9
01
#44610000
b11001000 `
b1000110 H
b1000110 a
b1000111 g
b11001000000 o
b1001000 f
b1010011 h
b111100 &
b111100 U
b1010011 W
b1010100 %
b1010100 V
b10101 t
11
#44620000
b1010100 9
01
#44630000
b111101 &
b111101 U
b1010100 W
b1010101 %
b1010101 V
b1000111 H
b1000111 a
b11001000 C
b11001000 q
b11001000 E
b11001000 p
b1001000 g
b1001001 f
b1010100 h
b10101 t
11
#44640000
b1010101 9
01
#44650000
b1110000100 X
b1110000100 ^
b1001000 H
b1001000 a
b1001001 g
b1001010 f
b1010101 h
b11001000 '
b11001000 T
b11001000 (
b11001000 S
b111110 &
b111110 U
b1010101 W
b1010110 %
b1010110 V
b10101 t
11
#44660000
b1010110 9
01
#44670000
b1100100 X
b1100100 ^
b111111 &
b111111 U
b1010110 W
b1010111 %
b1010111 V
b1001001 H
b1001001 a
b1001010 g
b1001011 f
b10010110000 i
b1010110 h
b10101 t
11
#44680000
b1010111 9
01
#44690000
b100101100 `
b1001010 H
b1001010 a
b1001011 g
b100101100000 o
b1001100 f
b1010111 h
b1000000 &
b1000000 U
b1010111 W
b1011000 %
b1011000 V
b10101 t
11
#44700000
b1011000 9
01
#44710000
b1000001 &
b1000001 U
b1011000 W
b1011001 %
b1011001 V
b1001011 H
b1001011 a
b100101100 C
b100101100 q
b100101100 E
b100101100 p
b1001100 g
b1001101 f
b1011000 h
b10101 t
11
#44720000
b1011001 9
01
#44730000
b1001100 H
b1001100 a
b1001101 g
b1001110 f
b1011001 h
b100101100 '
b100101100 T
b100101100 (
b100101100 S
b1000010 &
b1000010 U
b1011001 W
b1011010 %
b1011010 V
b10101 t
11
#44740000
b1011010 9
01
#44750000
b1000011 &
b1000011 U
b1011010 W
b1011011 %
b1011011 V
b1001101 H
b1001101 a
b1001110 g
b1001111 f
b10010110000 j
b110010000 i
b1011010 h
b10101 t
11
#44760000
b1011011 9
01
#44770000
b1001110 H
b1001110 a
b1001111 g
b1010000 f
b1011011 h
b1000100 &
b1000100 U
b1011011 W
b1011100 %
b1011100 V
b10101 t
11
#44780000
b1011100 9
01
#44790000
b1000101 &
b1000101 U
b1011100 W
b1011101 %
b1011101 V
b1001111 H
b1001111 a
b1010000 g
b1010001 f
b1011100 h
b10101 t
11
#44800000
b1011101 9
01
#44810000
b1010000 H
b1010000 a
b1010001 g
b1010010 f
b1011101 h
b1000110 &
b1000110 U
b1011101 W
b1011110 %
b1011110 V
b10101 t
11
#44820000
b1011110 9
01
#44830000
b1000111 &
b1000111 U
b1011110 W
b1011111 %
b1011111 V
b1010001 H
b1010001 a
b1010010 g
b1010011 f
b110010000 j
b1011110 h
b10101 t
11
#44840000
b1011111 9
01
#44850000
b11001000 `
b1010010 H
b1010010 a
b1010011 g
b11001000000 o
b1010100 f
b1011111 h
b1001000 &
b1001000 U
b1011111 W
b1100000 %
b1100000 V
b10101 t
11
#44860000
b1100000 9
01
#44870000
b1001001 &
b1001001 U
b1100000 W
b1100001 %
b1100001 V
b1010011 H
b1010011 a
b11001000 C
b11001000 q
b11001000 E
b11001000 p
b1010100 g
b1010101 f
b1110000100 b
b1100000 h
b10101 t
11
#44880000
b1100001 9
01
#44890000
b1010100 H
b1010100 a
b1010101 g
b1110000100 c
b1010110 f
b1100100 b
b1100001 h
b11001000 '
b11001000 T
b11001000 (
b11001000 S
b1001010 &
b1001010 U
b1100001 W
b1100010 %
b1100010 V
b10101 t
11
#44900000
b1100010 9
01
#44910000
b1001011 &
b1001011 U
b1100010 W
b1100011 %
b1100011 V
b1010101 H
b1010101 a
b1110000100 G
b1110000100 d
1F
b1010110 g
b1100100 c
b1010111 f
b1100010 h
b10101 t
11
#44920000
b1100011 9
01
#44930000
b1010110 H
b1010110 a
b1100100 G
b1100100 d
0F
b1010111 g
b1011000 f
b10010110000 k
b1100011 h
b11 ,
b11 O
b1010101 "
b1010101 ]
b10000000000000000000000001000000000000000000000000000001000000000000000000000000000000 +
b10000000000000000000000001000000000000000000000000000001000000000000000000000000000000 P
b1001100 &
b1001100 U
b1100011 W
b1100100 %
b1100100 V
b10101 t
11
#44940000
b1100100 9
01
#44950000
0B
b100101100 `
b1001101 &
b1001101 U
b11 Z
b1100101 %
b1100101 V
b1010111 H
b1010111 a
b1011000 g
b100101100000 o
b1011001 f
b1100100 h
b10101 t
11
#44960000
b1100101 9
01
#44970000
b1011000 H
b1011000 a
b100101100 C
b100101100 q
b100101100 E
b100101100 p
b1011001 g
0r
b1001110 &
b1001110 U
b1100110 %
b1100110 V
11
#44980000
b1100110 9
01
#44990000
b100101100 '
b100101100 T
b100101100 (
b100101100 S
b1001111 &
b1001111 U
b1100111 %
b1100111 V
b1011001 H
b1011001 a
0s
11
#45000000
b1100111 9
01
#45010000
0D
b1010000 &
b1010000 U
1*
0-
b0 Z
b1101000 %
b1101000 V
11
#45020000
b1011 >
b10000000000000000000000001000000000000000000000000000001000000000000000000000000000000 2
b1101000 9
01
#45030000
11
#45040000
01
#45050000
11
#45060000
01
#45070000
11
#45080000
01
#45090000
11
#45100000
01
#45110000
11
#45120000
01
#45130000
11
#45140000
01
#45150000
11
#45160000
01
#45170000
11
#45180000
b1 w
b1 ;
01
#45190000
11
#45200000
b1011 4
13
b1 6
b1 @
b1 7
b1 A
01
#45210000
11
#45220000
18
01
#45230000
1?
1-
b1 Z
b0 %
b0 V
b0 W
b0 '
b0 T
b0 (
b0 S
b1111111111111111 "
b1111111111111111 ]
b1111111111111111 #
b1111111111111111 \
b1111111111111111 $
b1111111111111111 [
b0 +
b0 P
b0 &
b0 U
b0 ,
b0 O
0*
b1100 )
b1100 Q
10
1Y
11
#45240000
b0 9
03
b0 6
b0 @
b0 7
b0 A
08
01
#45250000
1B
0?
b0 H
b0 a
b0 G
b0 d
b0 E
b0 p
b0 C
b0 q
b0 o
b0 `
b0 n
b0 g
b0 c
b0 m
b0 f
b0 b
b0 l
b0 k
b0 j
b0 i
b0 h
b0 e
b10 Z
b1 %
b1 V
0Y
b10101 t
11
#45260000
b1 9
01
#45270000
0B
b10 R
b1 W
b10 %
b10 V
b1 h
b1 e
b10101 t
11
#45280000
b10 9
01
#45290000
b1 R
b11 %
b11 V
11
#45300000
b11 9
01
#45310000
1B
b0 R
b100 %
b100 V
11
#45320000
b100 9
01
#45330000
0B
b10 h
b10 e
b10 R
b10 W
b101 %
b101 V
b10101 t
11
#45340000
b101 9
01
#45350000
b1 R
b110 %
b110 V
11
#45360000
b110 9
01
#45370000
1B
b0 R
b111 %
b111 V
11
#45380000
b111 9
01
#45390000
0B
b10 R
b11 W
b1000 %
b1000 V
b11 h
b11 e
b10101 t
11
#45400000
b1000 9
01
#45410000
b1 R
b1001 %
b1001 V
11
#45420000
b1001 9
01
#45430000
1B
b0 R
b1010 %
b1010 V
11
#45440000
b1010 9
01
#45450000
0B
b100 h
b100 e
b10 R
b100 W
b1011 %
b1011 V
b10101 t
11
#45460000
b1011 9
01
#45470000
b1 R
b1100 %
b1100 V
11
#45480000
b1100 9
01
#45490000
1B
b0 R
b1101 %
b1101 V
11
#45500000
b1101 9
01
#45510000
0B
b10 R
b101 W
b1110 %
b1110 V
b101 h
b101 e
b10101 t
11
#45520000
b1110 9
01
#45530000
b1 R
b1111 %
b1111 V
11
#45540000
b1111 9
01
#45550000
1B
b0 R
b10000 %
b10000 V
11
#45560000
b10000 9
01
#45570000
0B
b110 h
b110 e
b10 R
b110 W
b10001 %
b10001 V
b10101 t
11
#45580000
b10001 9
01
#45590000
b1 R
b10010 %
b10010 V
11
#45600000
b10010 9
01
#45610000
1B
b0 R
b10011 %
b10011 V
11
#45620000
b10011 9
01
#45630000
0B
b10 R
b111 W
b10100 %
b10100 V
b111 h
b111 e
b10101 t
11
#45640000
b10100 9
01
#45650000
b1 R
b10101 %
b10101 V
11
#45660000
b10101 9
01
#45670000
1B
b0 R
b10110 %
b10110 V
11
#45680000
b10110 9
01
#45690000
0B
b1000 h
b1000 e
b10 R
b1000 W
b10111 %
b10111 V
b10101 t
11
#45700000
b10111 9
01
#45710000
b1 R
b11000 %
b11000 V
11
#45720000
b11000 9
01
#45730000
1B
b0 R
b11001 %
b11001 V
11
#45740000
b11001 9
01
#45750000
0B
b10 R
b1001 W
b11010 %
b11010 V
b1001 h
b1001 e
b10101 t
11
#45760000
b11010 9
01
#45770000
b1 R
b11011 %
b11011 V
11
#45780000
b11011 9
01
#45790000
1B
b0 R
b11100 %
b11100 V
11
#45800000
b11100 9
01
#45810000
0B
b1010 h
b1010 e
b10 R
b1010 W
b11101 %
b11101 V
b10101 t
11
#45820000
b11101 9
01
#45830000
b1 R
b11110 %
b11110 V
11
#45840000
b11110 9
01
#45850000
1B
b0 R
b11111 %
b11111 V
11
#45860000
b11111 9
01
#45870000
0B
b10 R
b1011 W
b100000 %
b100000 V
b1011 h
b1011 e
b10101 t
11
#45880000
b100000 9
01
#45890000
b1 R
b100001 %
b100001 V
11
#45900000
b100001 9
01
#45910000
1B
b0 R
b100010 %
b100010 V
11
#45920000
b100010 9
01
#45930000
0B
b1100 h
b1100 e
b10 R
b1100 W
b100011 %
b100011 V
b10101 t
11
#45940000
b100011 9
01
#45950000
b1 R
b100100 %
b100100 V
11
#45960000
b100100 9
01
#45970000
1B
b0 R
b100101 %
b100101 V
11
#45980000
b100101 9
01
#45990000
0B
b10 R
b1101 W
b100110 %
b100110 V
b1101 h
b1101 e
b10101 t
11
#46000000
b100110 9
01
#46010000
b1 R
b100111 %
b100111 V
11
#46020000
b100111 9
01
#46030000
1B
b0 R
b101000 %
b101000 V
11
#46040000
b101000 9
01
#46050000
0B
b1110 h
b1110 e
b10 R
b1110 W
b101001 %
b101001 V
b10101 t
11
#46060000
b101001 9
01
#46070000
b1 R
b101010 %
b101010 V
11
#46080000
b101010 9
01
#46090000
1B
b0 R
b101011 %
b101011 V
11
#46100000
b101011 9
01
#46110000
0B
b10 R
b1111 W
b101100 %
b101100 V
b1111 h
b1111 e
b10101 t
11
#46120000
b101100 9
01
#46130000
b1 R
b101101 %
b101101 V
11
#46140000
b101101 9
01
#46150000
1B
b0 R
b101110 %
b101110 V
11
#46160000
b101110 9
01
#46170000
0B
b10000 h
b10000 e
b10 R
b10000 W
b101111 %
b101111 V
b10101 t
11
#46180000
b101111 9
01
#46190000
b1 R
b110000 %
b110000 V
11
#46200000
b110000 9
01
#46210000
1B
b0 R
b110001 %
b110001 V
11
#46220000
b110001 9
01
#46230000
0B
b10 R
b10001 W
b110010 %
b110010 V
b10001 h
b10001 e
b10101 t
11
#46240000
b110010 9
01
#46250000
b1 R
b110011 %
b110011 V
11
#46260000
b110011 9
01
#46270000
1B
b0 R
b110100 %
b110100 V
11
#46280000
b110100 9
01
#46290000
0B
b10010 h
b10010 e
b10 R
b10010 W
b110101 %
b110101 V
b10101 t
11
#46300000
b110101 9
01
#46310000
b1 R
b110110 %
b110110 V
11
#46320000
b110110 9
01
#46330000
1B
b0 R
b110111 %
b110111 V
11
#46340000
b110111 9
01
#46350000
0B
b10 R
b10011 W
b111000 %
b111000 V
b10011 h
b10011 e
b10101 t
11
#46360000
b111000 9
01
#46370000
b1 R
b111001 %
b111001 V
11
#46380000
b111001 9
01
#46390000
1B
b0 R
b111010 %
b111010 V
11
#46400000
b111010 9
01
#46410000
0B
b10100 h
b10100 e
b10 R
b10100 W
b111011 %
b111011 V
b10101 t
11
#46420000
b111011 9
01
#46430000
b1 R
b111100 %
b111100 V
11
#46440000
b111100 9
01
#46450000
1B
b0 R
b111101 %
b111101 V
11
#46460000
b111101 9
01
#46470000
0B
b10 R
b10101 W
b111110 %
b111110 V
b1 m
b1010 f
b1100100 b
b110010000 l
b110010000 k
b110010000 j
b110010000 i
b10101 h
b10101 e
1r
b10101 t
11
#46480000
b111110 9
01
#46490000
b11001000 `
b1 n
b1010 g
b1100100 c
b11001000000 o
1s
0r
b1 R
b111111 %
b111111 V
11
#46500000
b111111 9
01
#46510000
1B
b0 R
b1000000 %
b1000000 V
b1010 H
b1010 a
b1100100 G
b1100100 d
b11001000 C
b11001000 q
b11001000 E
b11001000 p
1D
0s
11
#46520000
b1000000 9
01
#46530000
0B
0D
b1011 f
b10110 h
1r
b11001000 '
b11001000 T
b11001000 (
b11001000 S
b1 &
b1 U
b10 R
b10110 W
b1000001 %
b1000001 V
b10101 t
11
#46540000
b1000001 9
01
#46550000
b1 R
b1000010 %
b1000010 V
b1011 g
1s
0r
11
#46560000
b1000010 9
01
#46570000
1B
b1011 H
b1011 a
1D
0s
b0 R
b1000011 %
b1000011 V
11
#46580000
b1000011 9
01
#46590000
0B
b10 &
b10 U
b10 R
b10111 W
b1000100 %
b1000100 V
0D
b1100 f
b10111 h
1r
b10101 t
11
#46600000
b1000100 9
01
#46610000
b1100 g
1s
0r
b1 R
b1000101 %
b1000101 V
11
#46620000
b1000101 9
01
#46630000
1B
b0 R
b1000110 %
b1000110 V
b1100 H
b1100 a
1D
0s
11
#46640000
b1000110 9
01
#46650000
0B
0D
b1101 f
b11000 h
1r
b11 &
b11 U
b10 R
b11000 W
b1000111 %
b1000111 V
b10101 t
11
#46660000
b1000111 9
01
#46670000
b1 R
b1001000 %
b1001000 V
b1101 g
1s
0r
11
#46680000
b1001000 9
01
#46690000
1B
b1101 H
b1101 a
1D
0s
b0 R
b1001001 %
b1001001 V
11
#46700000
b1001001 9
01
#46710000
0B
b100 &
b100 U
b10 R
b11001 W
b1001010 %
b1001010 V
0D
b1110 f
b11001 h
1r
b10101 t
11
#46720000
b1001010 9
01
#46730000
b1110 g
1s
0r
b1 R
b1001011 %
b1001011 V
11
#46740000
b1001011 9
01
#46750000
1B
b0 R
b1001100 %
b1001100 V
b1110 H
b1110 a
1D
0s
11
#46760000
b1001100 9
01
#46770000
0B
0D
b1111 f
b11010 h
1r
b101 &
b101 U
b10 R
b11010 W
b1001101 %
b1001101 V
b10101 t
11
#46780000
b1001101 9
01
#46790000
b1 R
b1001110 %
b1001110 V
b1111 g
1s
0r
11
#46800000
b1001110 9
01
#46810000
1B
b1111 H
b1111 a
1D
0s
b0 R
b1001111 %
b1001111 V
11
#46820000
b1001111 9
01
#46830000
0B
b110 &
b110 U
b10 R
b11011 W
b1010000 %
b1010000 V
0D
b10000 f
b11011 h
1r
b10101 t
11
#46840000
b1010000 9
01
#46850000
b10000 g
1s
0r
b1 R
b1010001 %
b1010001 V
11
#46860000
b1010001 9
01
#46870000
1B
b0 R
b1010010 %
b1010010 V
b10000 H
b10000 a
1D
0s
11
#46880000
b1010010 9
01
#46890000
0B
0D
b10001 f
b11100 h
1r
b111 &
b111 U
b10 R
b11100 W
b1010011 %
b1010011 V
b10101 t
11
#46900000
b1010011 9
01
#46910000
b1 R
b1010100 %
b1010100 V
b10001 g
1s
0r
11
#46920000
b1010100 9
01
#46930000
1B
b10001 H
b10001 a
1D
0s
b0 R
b1010101 %
b1010101 V
11
#46940000
b1010101 9
01
#46950000
0B
b1000 &
b1000 U
b10 R
b11101 W
b1010110 %
b1010110 V
0D
b10010 f
b11101 h
1r
b10101 t
11
#46960000
b1010110 9
01
#46970000
b10010 g
1s
0r
b1 R
b1010111 %
b1010111 V
11
#46980000
b1010111 9
01
#46990000
1B
b0 R
b1011000 %
b1011000 V
b10010 H
b10010 a
1D
0s
11
#47000000
b1011000 9
01
#47010000
0B
b1111101000 X
b1111101000 ^
0D
b10011 f
b11110 h
1r
b1001 &
b1001 U
b10 R
b11110 W
b1011001 %
b1011001 V
b10101 t
11
#47020000
b1011001 9
01
#47030000
b1 R
b1011010 %
b1011010 V
b10011 g
1s
0r
11
#47040000
b1011010 9
01
#47050000
1B
b10011 H
b10011 a
1D
0s
b0 R
b1011011 %
b1011011 V
11
#47060000
b1011011 9
01
#47070000
0B
b1100100 X
b1100100 ^
b1010 &
b1010 U
b10 R
b11111 W
b1011100 %
b1011100 V
0D
b10100 f
b10100010100 i
b11111 h
1r
b10101 t
11
#47080000
b1011100 9
01
#47090000
b100111000 `
b10100 g
b100111000100 o
1s
0r
b1 R
b1011101 %
b1011101 V
11
#47100000
b1011101 9
01
#47110000
1B
b0 R
b1011110 %
b1011110 V
b10100 H
b10100 a
b100111000 C
b100111000 q
b100111000 E
b100111000 p
1D
0s
11
#47120000
b1011110 9
01
#47130000
0B
0D
b10101 f
b100000 h
1r
b100111000 '
b100111000 T
b100111000 (
b100111000 S
b1011 &
b1011 U
b10 R
b100000 W
b1011111 %
b1011111 V
b10101 t
11
#47140000
b1011111 9
01
#47150000
b1 R
b1100000 %
b1100000 V
b10101 g
1s
0r
11
#47160000
b1100000 9
01
#47170000
1B
b10101 H
b10101 a
1D
0s
b0 R
b1100001 %
b1100001 V
11
#47180000
b1100001 9
01
#47190000
0B
b1100 &
b1100 U
b10 R
b100001 W
b1100010 %
b1100010 V
0D
b10110 f
b100001 h
1r
b10101 t
11
#47200000
b1100010 9
01
#47210000
b10110 g
1s
0r
b1 R
b1100011 %
b1100011 V
11
#47220000
b1100011 9
01
#47230000
1B
b0 R
b1100100 %
b1100100 V
b10110 H
b10110 a
1D
0s
11
#47240000
b1100100 9
01
#47250000
0B
0D
b10111 f
b100010 h
1r
b1101 &
b1101 U
b10 R
b100010 W
b1100101 %
b1100101 V
b10101 t
11
#47260000
b1100101 9
01
#47270000
b1 R
b1100110 %
b1100110 V
b10111 g
1s
0r
11
#47280000
b1100110 9
01
#47290000
1B
b10111 H
b10111 a
1D
0s
b0 R
b1100111 %
b1100111 V
11
#47300000
b1100111 9
01
#47310000
0B
b1110 &
b1110 U
b10 R
b100011 W
b1101000 %
b1101000 V
0D
b11000 f
b10100010100 j
b110010000 i
b100011 h
1r
b10101 t
11
#47320000
b1101000 9
01
#47330000
b11000 g
1s
0r
b1 R
b1101001 %
b1101001 V
11
#47340000
b1101001 9
01
#47350000
1B
b0 R
b1101010 %
b1101010 V
b11000 H
b11000 a
1D
0s
11
#47360000
b1101010 9
01
#47370000
0B
0D
b11001 f
b100100 h
1r
b1111 &
b1111 U
b10 R
b100100 W
b1101011 %
b1101011 V
b10101 t
11
#47380000
b1101011 9
01
#47390000
b1 R
b1101100 %
b1101100 V
b11001 g
1s
0r
11
#47400000
b1101100 9
01
#47410000
1B
b11001 H
b11001 a
1D
0s
b0 R
b1101101 %
b1101101 V
11
#47420000
b1101101 9
01
#47430000
0B
b10000 &
b10000 U
b10 R
b100101 W
b1101110 %
b1101110 V
0D
b11010 f
b100101 h
1r
b10101 t
11
#47440000
b1101110 9
01
#47450000
b11010 g
1s
0r
b1 R
b1101111 %
b1101111 V
11
#47460000
b1101111 9
01
#47470000
1B
b0 R
b1110000 %
b1110000 V
b11010 H
b11010 a
1D
0s
11
#47480000
b1110000 9
01
#47490000
0B
0D
b11011 f
b100110 h
1r
b10001 &
b10001 U
b10 R
b100110 W
b1110001 %
b1110001 V
b10101 t
11
#47500000
b1110001 9
01
#47510000
b1 R
b1110010 %
b1110010 V
b11011 g
1s
0r
11
#47520000
b1110010 9
01
#47530000
1B
b11011 H
b11011 a
1D
0s
b0 R
b1110011 %
b1110011 V
11
#47540000
b1110011 9
01
#47550000
0B
b10010 &
b10010 U
b10 R
b100111 W
b1110100 %
b1110100 V
0D
b11100 f
b110010000 j
b100111 h
1r
b10101 t
11
#47560000
b1110100 9
01
#47570000
b11001000 `
b11100 g
b11001000000 o
1s
0r
b1 R
b1110101 %
b1110101 V
11
#47580000
b1110101 9
01
#47590000
1B
b0 R
b1110110 %
b1110110 V
b11100 H
b11100 a
b11001000 C
b11001000 q
b11001000 E
b11001000 p
1D
0s
11
#47600000
b1110110 9
01
#47610000
0B
0D
b11101 f
b101000 h
1r
b11001000 '
b11001000 T
b11001000 (
b11001000 S
b10011 &
b10011 U
b10 R
b101000 W
b1110111 %
b1110111 V
b10101 t
11
#47620000
b1110111 9
01
#47630000
b1 R
b1111000 %
b1111000 V
b11101 g
1s
0r
11
#47640000
b1111000 9
01
#47650000
1B
b11101 H
b11101 a
1D
0s
b0 R
b1111001 %
b1111001 V
11
#47660000
b1111001 9
01
#47670000
0B
b10100 &
b10100 U
b10 R
b101001 W
b1111010 %
b1111010 V
0D
b11110 f
b1111101000 b
b101001 h
1r
b10101 t
11
#47680000
b1111010 9
01
#47690000
b11110 g
b1111101000 c
1s
0r
b1 R
b1111011 %
b1111011 V
11
#47700000
b1111011 9
01
#47710000
1B
b0 R
b1111100 %
b1111100 V
b11110 H
b11110 a
b1111101000 G
b1111101000 d
1F
1D
0s
11
#47720000
b1111100 9
01
#47730000
0B
0F
0D
b11111 f
b1100100 b
b101010 h
1r
b1 ,
b1 O
b11110 $
b11110 [
b1000000000000000000000000000000 +
b1000000000000000000000000000000 P
b10101 &
b10101 U
b10 R
b101010 W
b1111101 %
b1111101 V
b10101 t
11
#47740000
b1111101 9
01
#47750000
b1 R
b1111110 %
b1111110 V
b11111 g
b1100100 c
1s
0r
11
#47760000
b1111110 9
01
#47770000
1B
b11111 H
b11111 a
b1100100 G
b1100100 d
1D
0s
b0 R
b1111111 %
b1111111 V
11
#47780000
b1111111 9
01
#47790000
0B
b10110 &
b10110 U
b10 R
b101011 W
b10000000 %
b10000000 V
0D
b100000 f
b101011 h
1r
b10101 t
11
#47800000
b10000000 9
01
#47810000
b100000 g
1s
0r
b1 R
b10000001 %
b10000001 V
11
#47820000
b10000001 9
01
#47830000
1B
b0 R
b10000010 %
b10000010 V
b100000 H
b100000 a
1D
0s
11
#47840000
b10000010 9
01
#47850000
0B
0D
b100001 f
b10100010100 k
b101100 h
1r
b10111 &
b10111 U
b10 R
b101100 W
b10000011 %
b10000011 V
b10101 t
11
#47860000
b10000011 9
01
#47870000
b100111000 `
b1 R
b10000100 %
b10000100 V
b100001 g
b100111000100 o
1s
0r
11
#47880000
b10000100 9
01
#47890000
1B
b100001 H
b100001 a
b100111000 C
b100111000 q
b100111000 E
b100111000 p
1D
0s
b0 R
b10000101 %
b10000101 V
11
#47900000
b10000101 9
01
#47910000
0B
b100111000 '
b100111000 T
b100111000 (
b100111000 S
b11000 &
b11000 U
b10 R
b101101 W
b10000110 %
b10000110 V
0D
b100010 f
b101101 h
1r
b10101 t
11
#47920000
b10000110 9
01
#47930000
b100010 g
1s
0r
b1 R
b10000111 %
b10000111 V
11
#47940000
b10000111 9
01
#47950000
1B
b0 R
b10001000 %
b10001000 V
b100010 H
b100010 a
1D
0s
11
#47960000
b10001000 9
01
#47970000
0B
0D
b100011 f
b101110 h
1r
b11001 &
b11001 U
b10 R
b101110 W
b10001001 %
b10001001 V
b10101 t
11
#47980000
b10001001 9
01
#47990000
b1 R
b10001010 %
b10001010 V
b100011 g
1s
0r
11
#48000000
b10001010 9
01
#48010000
1B
b100011 H
b100011 a
1D
0s
b0 R
b10001011 %
b10001011 V
11
#48020000
b10001011 9
01
#48030000
0B
b11010 &
b11010 U
b10 R
b101111 W
b10001100 %
b10001100 V
0D
b100100 f
b101111 h
1r
b10101 t
11
#48040000
b10001100 9
01
#48050000
b100100 g
1s
0r
b1 R
b10001101 %
b10001101 V
11
#48060000
b10001101 9
01
#48070000
1B
b0 R
b10001110 %
b10001110 V
b100100 H
b100100 a
1D
0s
11
#48080000
b10001110 9
01
#48090000
0B
0D
b100101 f
b10100010100 l
b110010000 k
b110000 h
1r
b11011 &
b11011 U
b10 R
b110000 W
b10001111 %
b10001111 V
b10101 t
11
#48100000
b10001111 9
01
#48110000
b1 R
b10010000 %
b10010000 V
b100101 g
1s
0r
11
#48120000
b10010000 9
01
#48130000
1B
b100101 H
b100101 a
1D
0s
b0 R
b10010001 %
b10010001 V
11
#48140000
b10010001 9
01
#48150000
0B
b11100 &
b11100 U
b10 R
b110001 W
b10010010 %
b10010010 V
0D
b100110 f
b110001 h
1r
b10101 t
11
#48160000
b10010010 9
01
#48170000
b100110 g
1s
0r
b1 R
b10010011 %
b10010011 V
11
#48180000
b10010011 9
01
#48190000
1B
b0 R
b10010100 %
b10010100 V
b100110 H
b100110 a
1D
0s
11
#48200000
b10010100 9
01
#48210000
0B
0D
b100111 f
b110010 h
1r
b11101 &
b11101 U
b10 R
b110010 W
b10010101 %
b10010101 V
b10101 t
11
#48220000
b10010101 9
01
#48230000
b1 R
b10010110 %
b10010110 V
b100111 g
1s
0r
11
#48240000
b10010110 9
01
#48250000
1B
b100111 H
b100111 a
1D
0s
b0 R
b10010111 %
b10010111 V
11
#48260000
b10010111 9
01
#48270000
0B
b11110 &
b11110 U
b10 R
b110011 W
b10011000 %
b10011000 V
0D
b101000 f
b110011 h
1r
b10101 t
11
#48280000
b10011000 9
01
#48290000
b101000 g
1s
0r
b1 R
b10011001 %
b10011001 V
11
#48300000
b10011001 9
01
#48310000
1B
b0 R
b10011010 %
b10011010 V
b101000 H
b101000 a
1D
0s
11
#48320000
b10011010 9
01
#48330000
0B
0D
b101001 f
b110010000 l
b110100 h
1r
b11111 &
b11111 U
b10 R
b110100 W
b10011011 %
b10011011 V
b10101 t
11
#48340000
b10011011 9
01
#48350000
b11001000 `
b1 R
b10011100 %
b10011100 V
b101001 g
b11001000000 o
1s
0r
11
#48360000
b10011100 9
01
#48370000
1B
b101001 H
b101001 a
b11001000 C
b11001000 q
b11001000 E
b11001000 p
1D
0s
b0 R
b10011101 %
b10011101 V
11
#48380000
b10011101 9
01
#48390000
0B
b11001000 '
b11001000 T
b11001000 (
b11001000 S
b100000 &
b100000 U
b10 R
b110101 W
b10011110 %
b10011110 V
0D
b101010 f
b110101 h
1r
b10101 t
11
#48400000
b10011110 9
01
#48410000
b101010 g
1s
0r
b1 R
b10011111 %
b10011111 V
11
#48420000
b10011111 9
01
#48430000
1B
b0 R
b10100000 %
b10100000 V
b101010 H
b101010 a
1D
0s
11
#48440000
b10100000 9
01
#48450000
0B
0D
b101011 f
b110110 h
1r
b100001 &
b100001 U
b10 R
b110110 W
b10100001 %
b10100001 V
b10101 t
11
#48460000
b10100001 9
01
#48470000
b1 R
b10100010 %
b10100010 V
b101011 g
1s
0r
11
#48480000
b10100010 9
01
#48490000
1B
b101011 H
b101011 a
1D
0s
b0 R
b10100011 %
b10100011 V
11
#48500000
b10100011 9
01
#48510000
0B
b100010 &
b100010 U
b10 R
b110111 W
b10100100 %
b10100100 V
0D
b101100 f
b110111 h
1r
b10101 t
11
#48520000
b10100100 9
01
#48530000
b101100 g
1s
0r
b1 R
b10100101 %
b10100101 V
11
#48540000
b10100101 9
01
#48550000
1B
b0 R
b10100110 %
b10100110 V
b101100 H
b101100 a
1D
0s
11
#48560000
b10100110 9
01
#48570000
0B
0D
b101101 f
b111000 h
1r
b100011 &
b100011 U
b10 R
b111000 W
b10100111 %
b10100111 V
b10101 t
11
#48580000
b10100111 9
01
#48590000
b1 R
b10101000 %
b10101000 V
b101101 g
1s
0r
11
#48600000
b10101000 9
01
#48610000
1B
b101101 H
b101101 a
1D
0s
b0 R
b10101001 %
b10101001 V
11
#48620000
b10101001 9
01
#48630000
0B
b100100 &
b100100 U
b10 R
b111001 W
b10101010 %
b10101010 V
0D
b101110 f
b111001 h
1r
b10101 t
11
#48640000
b10101010 9
01
#48650000
b101110 g
1s
0r
b1 R
b10101011 %
b10101011 V
11
#48660000
b10101011 9
01
#48670000
1B
b0 R
b10101100 %
b10101100 V
b101110 H
b101110 a
1D
0s
11
#48680000
b10101100 9
01
#48690000
0B
0D
b101111 f
b111010 h
1r
b100101 &
b100101 U
b10 R
b111010 W
b10101101 %
b10101101 V
b10101 t
11
#48700000
b10101101 9
01
#48710000
b1 R
b10101110 %
b10101110 V
b101111 g
1s
0r
11
#48720000
b10101110 9
01
#48730000
1B
b101111 H
b101111 a
1D
0s
b0 R
b10101111 %
b10101111 V
11
#48740000
b10101111 9
01
#48750000
0B
b100110 &
b100110 U
b10 R
b111011 W
b10110000 %
b10110000 V
0D
b110000 f
b111011 h
1r
b10101 t
11
#48760000
b10110000 9
01
#48770000
b110000 g
1s
0r
b1 R
b10110001 %
b10110001 V
11
#48780000
b10110001 9
01
#48790000
1B
b0 R
b10110010 %
b10110010 V
b110000 H
b110000 a
1D
0s
11
#48800000
b10110010 9
01
#48810000
0B
b10010110000 X
b10010110000 ^
0D
b110001 f
b111100 h
1r
b100111 &
b100111 U
b10 R
b111100 W
b10110011 %
b10110011 V
b10101 t
11
#48820000
b10110011 9
01
#48830000
b1 R
b10110100 %
b10110100 V
b110001 g
1s
0r
11
#48840000
b10110100 9
01
#48850000
1B
b110001 H
b110001 a
1D
0s
b0 R
b10110101 %
b10110101 V
11
#48860000
b10110101 9
01
#48870000
0B
b1100100 X
b1100100 ^
b101000 &
b101000 U
b10 R
b111101 W
b10110110 %
b10110110 V
0D
b110010 f
b10111011100 i
b111101 h
1r
b10101 t
11
#48880000
b10110110 9
01
#48890000
b101010000 `
b110010 g
b101010001100 o
1s
0r
b1 R
b10110111 %
b10110111 V
11
#48900000
b10110111 9
01
#48910000
1B
b0 R
b10111000 %
b10111000 V
b110010 H
b110010 a
b101010000 C
b101010000 q
b101010000 E
b101010000 p
1D
0s
11
#48920000
b10111000 9
01
#48930000
0B
0D
b110011 f
b111110 h
1r
b101010000 '
b101010000 T
b101010000 (
b101010000 S
b101001 &
b101001 U
b10 R
b111110 W
b10111001 %
b10111001 V
b10101 t
11
#48940000
b10111001 9
01
#48950000
b1 R
b10111010 %
b10111010 V
b110011 g
1s
0r
11
#48960000
b10111010 9
01
#48970000
1B
b110011 H
b110011 a
1D
0s
b0 R
b10111011 %
b10111011 V
11
#48980000
b10111011 9
01
#48990000
0B
b101010 &
b101010 U
b10 R
b111111 W
b10111100 %
b10111100 V
0D
b110100 f
b111111 h
1r
b10101 t
11
#49000000
b10111100 9
01
#49010000
b110100 g
1s
0r
b1 R
b10111101 %
b10111101 V
11
#49020000
b10111101 9
01
#49030000
1B
b0 R
b10111110 %
b10111110 V
b110100 H
b110100 a
1D
0s
11
#49040000
b10111110 9
01
#49050000
0B
0D
b110101 f
b1000000 h
1r
b101011 &
b101011 U
b10 R
b1000000 W
b10111111 %
b10111111 V
b10101 t
11
#49060000
b10111111 9
01
#49070000
b1 R
b11000000 %
b11000000 V
b110101 g
1s
0r
11
#49080000
b11000000 9
01
#49090000
1B
b110101 H
b110101 a
1D
0s
b0 R
b11000001 %
b11000001 V
11
#49100000
b11000001 9
01
#49110000
0B
b101100 &
b101100 U
b10 R
b1000001 W
b11000010 %
b11000010 V
0D
b110110 f
b10111011100 j
b110010000 i
b1000001 h
1r
b10101 t
11
#49120000
b11000010 9
01
#49130000
b110110 g
1s
0r
b1 R
b11000011 %
b11000011 V
11
#49140000
b11000011 9
01
#49150000
1B
b0 R
b11000100 %
b11000100 V
b110110 H
b110110 a
1D
0s
11
#49160000
b11000100 9
01
#49170000
0B
0D
b110111 f
b1000010 h
1r
b101101 &
b101101 U
b10 R
b1000010 W
b11000101 %
b11000101 V
b10101 t
11
#49180000
b11000101 9
01
#49190000
b1 R
b11000110 %
b11000110 V
b110111 g
1s
0r
11
#49200000
b11000110 9
01
#49210000
1B
b110111 H
b110111 a
1D
0s
b0 R
b11000111 %
b11000111 V
11
#49220000
b11000111 9
01
#49230000
0B
b101110 &
b101110 U
b10 R
b1000011 W
b11001000 %
b11001000 V
0D
b111000 f
b1000011 h
1r
b10101 t
11
#49240000
b11001000 9
01
#49250000
b111000 g
1s
0r
b1 R
b11001001 %
b11001001 V
11
#49260000
b11001001 9
01
#49270000
1B
b0 R
b11001010 %
b11001010 V
b111000 H
b111000 a
1D
0s
11
#49280000
b11001010 9
01
#49290000
0B
0D
b111001 f
b1000100 h
1r
b101111 &
b101111 U
b10 R
b1000100 W
b11001011 %
b11001011 V
b10101 t
11
#49300000
b11001011 9
01
#49310000
b1 R
b11001100 %
b11001100 V
b111001 g
1s
0r
11
#49320000
b11001100 9
01
#49330000
1B
b111001 H
b111001 a
1D
0s
b0 R
b11001101 %
b11001101 V
11
#49340000
b11001101 9
01
#49350000
0B
b110000 &
b110000 U
b10 R
b1000101 W
b11001110 %
b11001110 V
0D
b111010 f
b110010000 j
b1000101 h
1r
b10101 t
11
#49360000
b11001110 9
01
#49370000
b11001000 `
b111010 g
b11001000000 o
1s
0r
b1 R
b11001111 %
b11001111 V
11
#49380000
b11001111 9
01
#49390000
1B
b0 R
b11010000 %
b11010000 V
b111010 H
b111010 a
b11001000 C
b11001000 q
b11001000 E
b11001000 p
1D
0s
11
#49400000
b11010000 9
01
#49410000
0B
0D
b111011 f
b1000110 h
1r
b11001000 '
b11001000 T
b11001000 (
b11001000 S
b110001 &
b110001 U
b10 R
b1000110 W
b11010001 %
b11010001 V
b10101 t
11
#49420000
b11010001 9
01
#49430000
b1 R
b11010010 %
b11010010 V
b111011 g
1s
0r
11
#49440000
b11010010 9
01
#49450000
1B
b111011 H
b111011 a
1D
0s
b0 R
b11010011 %
b11010011 V
11
#49460000
b11010011 9
01
#49470000
0B
b110010 &
b110010 U
b10 R
b1000111 W
b11010100 %
b11010100 V
0D
b111100 f
b10010110000 b
b1000111 h
1r
b10101 t
11
#49480000
b11010100 9
01
#49490000
b111100 g
b10010110000 c
1s
0r
b1 R
b11010101 %
b11010101 V
11
#49500000
b11010101 9
01
#49510000
1B
b0 R
b11010110 %
b11010110 V
b111100 H
b111100 a
b10010110000 G
b10010110000 d
1F
1D
0s
11
#49520000
b11010110 9
01
#49530000
0B
0F
0D
b111101 f
b1100100 b
b1001000 h
1r
b10 ,
b10 O
b111100 #
b111100 \
b1000000000000000000000000000001000000000000000000000000000000 +
b1000000000000000000000000000001000000000000000000000000000000 P
b110011 &
b110011 U
b10 R
b1001000 W
b11010111 %
b11010111 V
b10101 t
11
#49540000
b11010111 9
01
#49550000
b1 R
b11011000 %
b11011000 V
b111101 g
b1100100 c
1s
0r
11
#49560000
b11011000 9
01
#49570000
1B
b111101 H
b111101 a
b1100100 G
b1100100 d
1D
0s
b0 R
b11011001 %
b11011001 V
11
#49580000
b11011001 9
01
#49590000
0B
b110100 &
b110100 U
b10 R
b1001001 W
b11011010 %
b11011010 V
0D
b111110 f
b1001001 h
1r
b10101 t
11
#49600000
b11011010 9
01
#49610000
b111110 g
1s
0r
b1 R
b11011011 %
b11011011 V
11
#49620000
b11011011 9
01
#49630000
1B
b0 R
b11011100 %
b11011100 V
b111110 H
b111110 a
1D
0s
11
#49640000
b11011100 9
01
#49650000
0B
0D
b111111 f
b10111011100 k
b1001010 h
1r
b110101 &
b110101 U
b10 R
b1001010 W
b11011101 %
b11011101 V
b10101 t
11
#49660000
b11011101 9
01
#49670000
b101010000 `
b1 R
b11011110 %
b11011110 V
b111111 g
b101010001100 o
1s
0r
11
#49680000
b11011110 9
01
#49690000
1B
b111111 H
b111111 a
b101010000 C
b101010000 q
b101010000 E
b101010000 p
1D
0s
b0 R
b11011111 %
b11011111 V
11
#49700000
b11011111 9
01
#49710000
0B
b101010000 '
b101010000 T
b101010000 (
b101010000 S
b110110 &
b110110 U
b10 R
b1001011 W
b11100000 %
b11100000 V
0D
b1000000 f
b1001011 h
1r
b10101 t
11
#49720000
b11100000 9
01
#49730000
b1000000 g
1s
0r
b1 R
b11100001 %
b11100001 V
11
#49740000
b11100001 9
01
#49750000
1B
b0 R
b11100010 %
b11100010 V
b1000000 H
b1000000 a
1D
0s
11
#49760000
b11100010 9
01
#49770000
0B
0D
b1000001 f
b1001100 h
1r
b110111 &
b110111 U
b10 R
b1001100 W
b11100011 %
b11100011 V
b10101 t
11
#49780000
b11100011 9
01
#49790000
b1 R
b11100100 %
b11100100 V
b1000001 g
1s
0r
11
#49800000
b11100100 9
01
#49810000
1B
b1000001 H
b1000001 a
1D
0s
b0 R
b11100101 %
b11100101 V
11
#49820000
b11100101 9
01
#49830000
0B
b111000 &
b111000 U
b10 R
b1001101 W
b11100110 %
b11100110 V
0D
b1000010 f
b1001101 h
1r
b10101 t
11
#49840000
b11100110 9
01
#49850000
b1000010 g
1s
0r
b1 R
b11100111 %
b11100111 V
11
#49860000
b11100111 9
01
#49870000
1B
b0 R
b11101000 %
b11101000 V
b1000010 H
b1000010 a
1D
0s
11
#49880000
b11101000 9
01
#49890000
0B
0D
b1000011 f
b10111011100 l
b110010000 k
b1001110 h
1r
b111001 &
b111001 U
b10 R
b1001110 W
b11101001 %
b11101001 V
b10101 t
11
#49900000
b11101001 9
01
#49910000
b1 R
b11101010 %
b11101010 V
b1000011 g
1s
0r
11
#49920000
b11101010 9
01
#49930000
1B
b1000011 H
b1000011 a
1D
0s
b0 R
b11101011 %
b11101011 V
11
#49940000
b11101011 9
01
#49950000
0B
b111010 &
b111010 U
b10 R
b1001111 W
b11101100 %
b11101100 V
0D
b1000100 f
b1001111 h
1r
b10101 t
11
#49960000
b11101100 9
01
#49970000
b1000100 g
1s
0r
b1 R
b11101101 %
b11101101 V
11
#49980000
b11101101 9
01
#49990000
1B
b0 R
b11101110 %
b11101110 V
b1000100 H
b1000100 a
1D
0s
11
#50000000
b11101110 9
01
#50010000
0B
0D
b1000101 f
b1010000 h
1r
b111011 &
b111011 U
b10 R
b1010000 W
b11101111 %
b11101111 V
b10101 t
11
#50020000
b11101111 9
01
#50030000
b1 R
b11110000 %
b11110000 V
b1000101 g
1s
0r
11
#50040000
b11110000 9
01
#50050000
1B
b1000101 H
b1000101 a
1D
0s
b0 R
b11110001 %
b11110001 V
11
#50060000
b11110001 9
01
#50070000
0B
b111100 &
b111100 U
b10 R
b1010001 W
b11110010 %
b11110010 V
0D
b1000110 f
b1010001 h
1r
b10101 t
11
#50080000
b11110010 9
01
#50090000
b1000110 g
1s
0r
b1 R
b11110011 %
b11110011 V
11
#50100000
b11110011 9
01
#50110000
1B
b0 R
b11110100 %
b11110100 V
b1000110 H
b1000110 a
1D
0s
11
#50120000
b11110100 9
01
#50130000
0B
0D
b1000111 f
b110010000 l
b1010010 h
1r
b111101 &
b111101 U
b10 R
b1010010 W
b11110101 %
b11110101 V
b10101 t
11
#50140000
b11110101 9
01
#50150000
b11001000 `
b1 R
b11110110 %
b11110110 V
b1000111 g
b11001000000 o
1s
0r
11
#50160000
b11110110 9
01
#50170000
1B
b1000111 H
b1000111 a
b11001000 C
b11001000 q
b11001000 E
b11001000 p
1D
0s
b0 R
b11110111 %
b11110111 V
11
#50180000
b11110111 9
01
#50190000
0B
b11001000 '
b11001000 T
b11001000 (
b11001000 S
b111110 &
b111110 U
b10 R
b1010011 W
b11111000 %
b11111000 V
0D
b1001000 f
b1010011 h
1r
b10101 t
11
#50200000
b11111000 9
01
#50210000
b1001000 g
1s
0r
b1 R
b11111001 %
b11111001 V
11
#50220000
b11111001 9
01
#50230000
1B
b0 R
b11111010 %
b11111010 V
b1001000 H
b1001000 a
1D
0s
11
#50240000
b11111010 9
01
#50250000
0B
0D
b1001001 f
b1010100 h
1r
b111111 &
b111111 U
b10 R
b1010100 W
b11111011 %
b11111011 V
b10101 t
11
#50260000
b11111011 9
01
#50270000
b1 R
b11111100 %
b11111100 V
b1001001 g
1s
0r
11
#50280000
b11111100 9
01
#50290000
1B
b1001001 H
b1001001 a
1D
0s
b0 R
b11111101 %
b11111101 V
11
#50300000
b11111101 9
01
#50310000
0B
b1110000100 X
b1110000100 ^
b1000000 &
b1000000 U
b10 R
b1010101 W
b11111110 %
b11111110 V
0D
b1001010 f
b1010101 h
1r
b10101 t
11
#50320000
b11111110 9
01
#50330000
b1001010 g
1s
0r
b1 R
b11111111 %
b11111111 V
11
#50340000
b11111111 9
01
#50350000
1B
b0 R
b100000000 %
b100000000 V
b1001010 H
b1001010 a
1D
0s
11
#50360000
b100000000 9
01
#50370000
0B
b1100100 X
b1100100 ^
0D
b1001011 f
b10010110000 i
b1010110 h
1r
b1000001 &
b1000001 U
b10 R
b1010110 W
b100000001 %
b100000001 V
b10101 t
11
#50380000
b100000001 9
01
#50390000
b100101100 `
b1 R
b100000010 %
b100000010 V
b1001011 g
b100101100000 o
1s
0r
11
#50400000
b100000010 9
01
#50410000
1B
b1001011 H
b1001011 a
b100101100 C
b100101100 q
b100101100 E
b100101100 p
1D
0s
b0 R
b100000011 %
b100000011 V
11
#50420000
b100000011 9
01
#50430000
0B
b100101100 '
b100101100 T
b100101100 (
b100101100 S
b1000010 &
b1000010 U
b10 R
b1010111 W
b100000100 %
b100000100 V
0D
b1001100 f
b1010111 h
1r
b10101 t
11
#50440000
b100000100 9
01
#50450000
b1001100 g
1s
0r
b1 R
b100000101 %
b100000101 V
11
#50460000
b100000101 9
01
#50470000
1B
b0 R
b100000110 %
b100000110 V
b1001100 H
b1001100 a
1D
0s
11
#50480000
b100000110 9
01
#50490000
0B
0D
b1001101 f
b1011000 h
1r
b1000011 &
b1000011 U
b10 R
b1011000 W
b100000111 %
b100000111 V
b10101 t
11
#50500000
b100000111 9
01
#50510000
b1 R
b100001000 %
b100001000 V
b1001101 g
1s
0r
11
#50520000
b100001000 9
01
#50530000
1B
b1001101 H
b1001101 a
1D
0s
b0 R
b100001001 %
b100001001 V
11
#50540000
b100001001 9
01
#50550000
0B
b1000100 &
b1000100 U
b10 R
b1011001 W
b100001010 %
b100001010 V
0D
b1001110 f
b1011001 h
1r
b10101 t
11
#50560000
b100001010 9
01
#50570000
b1001110 g
1s
0r
b1 R
b100001011 %
b100001011 V
11
#50580000
b100001011 9
01
#50590000
1B
b0 R
b100001100 %
b100001100 V
b1001110 H
b1001110 a
1D
0s
11
#50600000
b100001100 9
01
#50610000
0B
0D
b1001111 f
b10010110000 j
b110010000 i
b1011010 h
1r
b1000101 &
b1000101 U
b10 R
b1011010 W
b100001101 %
b100001101 V
b10101 t
11
#50620000
b100001101 9
01
#50630000
b1 R
b100001110 %
b100001110 V
b1001111 g
1s
0r
11
#50640000
b100001110 9
01
#50650000
1B
b1001111 H
b1001111 a
1D
0s
b0 R
b100001111 %
b100001111 V
11
#50660000
b100001111 9
01
#50670000
0B
b1000110 &
b1000110 U
b10 R
b1011011 W
b100010000 %
b100010000 V
0D
b1010000 f
b1011011 h
1r
b10101 t
11
#50680000
b100010000 9
01
#50690000
b1010000 g
1s
0r
b1 R
b100010001 %
b100010001 V
11
#50700000
b100010001 9
01
#50710000
1B
b0 R
b100010010 %
b100010010 V
b1010000 H
b1010000 a
1D
0s
11
#50720000
b100010010 9
01
#50730000
0B
0D
b1010001 f
b1011100 h
1r
b1000111 &
b1000111 U
b10 R
b1011100 W
b100010011 %
b100010011 V
b10101 t
11
#50740000
b100010011 9
01
#50750000
b1 R
b100010100 %
b100010100 V
b1010001 g
1s
0r
11
#50760000
b100010100 9
01
#50770000
1B
b1010001 H
b1010001 a
1D
0s
b0 R
b100010101 %
b100010101 V
11
#50780000
b100010101 9
01
#50790000
0B
b1001000 &
b1001000 U
b10 R
b1011101 W
b100010110 %
b100010110 V
0D
b1010010 f
b1011101 h
1r
b10101 t
11
#50800000
b100010110 9
01
#50810000
b1010010 g
1s
0r
b1 R
b100010111 %
b100010111 V
11
#50820000
b100010111 9
01
#50830000
1B
b0 R
b100011000 %
b100011000 V
b1010010 H
b1010010 a
1D
0s
11
#50840000
b100011000 9
01
#50850000
0B
0D
b1010011 f
b110010000 j
b1011110 h
1r
b1001001 &
b1001001 U
b10 R
b1011110 W
b100011001 %
b100011001 V
b10101 t
11
#50860000
b100011001 9
01
#50870000
b11001000 `
b1 R
b100011010 %
b100011010 V
b1010011 g
b11001000000 o
1s
0r
11
#50880000
b100011010 9
01
#50890000
1B
b1010011 H
b1010011 a
b11001000 C
b11001000 q
b11001000 E
b11001000 p
1D
0s
b0 R
b100011011 %
b100011011 V
11
#50900000
b100011011 9
01
#50910000
0B
b11001000 '
b11001000 T
b11001000 (
b11001000 S
b1001010 &
b1001010 U
b10 R
b1011111 W
b100011100 %
b100011100 V
0D
b1010100 f
b1011111 h
1r
b10101 t
11
#50920000
b100011100 9
01
#50930000
b1010100 g
1s
0r
b1 R
b100011101 %
b100011101 V
11
#50940000
b100011101 9
01
#50950000
1B
b0 R
b100011110 %
b100011110 V
b1010100 H
b1010100 a
1D
0s
11
#50960000
b100011110 9
01
#50970000
0B
0D
b1010101 f
b1110000100 b
b1100000 h
1r
b1001011 &
b1001011 U
b10 R
b1100000 W
b100011111 %
b100011111 V
b10101 t
11
#50980000
b100011111 9
01
#50990000
b1 R
b100100000 %
b100100000 V
b1010101 g
b1110000100 c
1s
0r
11
#51000000
b100100000 9
01
#51010000
1B
b1010101 H
b1010101 a
b1110000100 G
b1110000100 d
1F
1D
0s
b0 R
b100100001 %
b100100001 V
11
#51020000
b100100001 9
01
#51030000
0B
b11 ,
b11 O
b1010101 "
b1010101 ]
b10000000000000000000000001000000000000000000000000000001000000000000000000000000000000 +
b10000000000000000000000001000000000000000000000000000001000000000000000000000000000000 P
b1001100 &
b1001100 U
b10 R
b1100001 W
b100100010 %
b100100010 V
0F
0D
b1010110 f
b1100100 b
b1100001 h
1r
b10101 t
11
#51040000
b100100010 9
01
#51050000
b1010110 g
b1100100 c
1s
0r
b1 R
b100100011 %
b100100011 V
11
#51060000
b100100011 9
01
#51070000
1B
b0 R
b100100100 %
b100100100 V
b1010110 H
b1010110 a
b1100100 G
b1100100 d
1D
0s
11
#51080000
b100100100 9
01
#51090000
0B
0D
b1010111 f
b1100010 h
1r
b1001101 &
b1001101 U
b10 R
b1100010 W
b100100101 %
b100100101 V
b10101 t
11
#51100000
b100100101 9
01
#51110000
b1 R
b100100110 %
b100100110 V
b1010111 g
1s
0r
11
#51120000
b100100110 9
01
#51130000
1B
b1010111 H
b1010111 a
1D
0s
b0 R
b100100111 %
b100100111 V
11
#51140000
b100100111 9
01
#51150000
0B
b1001110 &
b1001110 U
b10 R
b1100011 W
b100101000 %
b100101000 V
0D
b1011000 f
b10010110000 k
b1100011 h
1r
b10101 t
11
#51160000
b100101000 9
01
#51170000
b100101100 `
b1011000 g
b100101100000 o
1s
0r
b1 R
b100101001 %
b100101001 V
11
#51180000
b100101001 9
01
#51190000
1B
b0 R
b100101010 %
b100101010 V
b1011000 H
b1011000 a
b100101100 C
b100101100 q
b100101100 E
b100101100 p
1D
0s
11
#51200000
b100101010 9
01
#51210000
0B
0D
b1011001 f
b1100100 h
1r
b100101100 '
b100101100 T
b100101100 (
b100101100 S
b1001111 &
b1001111 U
b10 R
b11 Z
b100101011 %
b100101011 V
b10101 t
11
#51220000
b100101011 9
01
#51230000
b100101100 %
b100101100 V
b1011001 g
1s
0r
11
#51240000
b100101100 9
01
#51250000
b1011001 H
b1011001 a
1D
0s
b100101101 %
b100101101 V
11
#51260000
b100101101 9
01
#51270000
b1010000 &
b1010000 U
1*
0-
b0 Z
b100101110 %
b100101110 V
0D
11
#51280000
b1100 >
b10000000000000000000000001000000000000000000000000000001000000000000000000000000000000 2
b100101110 9
01
#51290000
11
#51300000
01
#51310000
11
#51320000
01
#51330000
11
#51340000
01
#51350000
11
#51360000
01
#51370000
11
#51380000
01
#51390000
11
#51400000
01
#51410000
11
#51420000
01
#51430000
11
#51440000
b0 w
b10 u
b10 =
b0 ;
01
#51450000
11
#51460000
b1100 4
b10 6
b10 @
b1 7
b1 A
01
#51470000
11
#51480000
18
01
#51490000
1?
1-
b1 Z
b0 %
b0 V
b0 R
b0 W
b0 '
b0 T
b0 (
b0 S
b1111111111111111 "
b1111111111111111 ]
b1111111111111111 #
b1111111111111111 \
b1111111111111111 $
b1111111111111111 [
b0 +
b0 P
b0 &
b0 U
b0 ,
b0 O
0*
b1101 )
b1101 Q
00
b10 /
b10 M
b10 _
1Y
11
#51500000
b0 9
b0 6
b0 @
b0 7
b0 A
08
01
#51510000
1B
0?
b10 Z
b1 %
b1 V
0Y
b0 H
b0 a
b0 G
b0 d
b0 E
b0 p
b0 C
b0 q
b0 o
b0 `
b0 n
b0 g
b0 c
b0 m
b0 f
b0 b
b0 l
b0 k
b0 j
b0 i
b0 h
b0 e
b10101 t
11
#51520000
b1 9
01
#51530000
b1 h
b1 e
b1 W
b10 %
b10 V
b10101 t
11
#51540000
b10 9
01
#51550000
b10 W
b11 %
b11 V
b10 h
b10 e
b10101 t
11
#51560000
b11 9
01
#51570000
b11 h
b11 e
b11 W
b100 %
b100 V
b10101 t
11
#51580000
b100 9
01
#51590000
b100 W
b101 %
b101 V
b100 h
b100 e
b10101 t
11
#51600000
b101 9
01
#51610000
b101 h
b101 e
b101 W
b110 %
b110 V
b10101 t
11
#51620000
b110 9
01
#51630000
b110 W
b111 %
b111 V
b110 h
b110 e
b10101 t
11
#51640000
b111 9
01
#51650000
b111 h
b111 e
b111 W
b1000 %
b1000 V
b10101 t
11
#51660000
b1000 9
01
#51670000
b1000 W
b1001 %
b1001 V
b1000 h
b1000 e
b10101 t
11
#51680000
b1001 9
01
#51690000
b1001 h
b1001 e
b1001 W
b1010 %
b1010 V
b10101 t
11
#51700000
b1010 9
01
#51710000
b1010 W
b1011 %
b1011 V
b1010 h
b1010 e
b10101 t
11
#51720000
b1011 9
01
#51730000
b1011 h
b1011 e
b1011 W
b1100 %
b1100 V
b10101 t
11
#51740000
b1100 9
01
#51750000
b1100 W
b1101 %
b1101 V
b1100 h
b1100 e
b10101 t
11
#51760000
b1101 9
01
#51770000
b1101 h
b1101 e
b1101 W
b1110 %
b1110 V
b10101 t
11
#51780000
b1110 9
01
#51790000
b1110 W
b1111 %
b1111 V
b1110 h
b1110 e
b10101 t
11
#51800000
b1111 9
01
#51810000
b1111 h
b1111 e
b1111 W
b10000 %
b10000 V
b10101 t
11
#51820000
b10000 9
01
#51830000
b10000 W
b10001 %
b10001 V
b10000 h
b10000 e
b10101 t
11
#51840000
b10001 9
01
#51850000
b10001 h
b10001 e
b10001 W
b10010 %
b10010 V
b10101 t
11
#51860000
b10010 9
01
#51870000
b10010 W
b10011 %
b10011 V
b10010 h
b10010 e
b10101 t
11
#51880000
b10011 9
01
#51890000
b10011 h
b10011 e
b10011 W
b10100 %
b10100 V
b10101 t
11
#51900000
b10100 9
01
#51910000
b10100 W
b10101 %
b10101 V
b10100 h
b10100 e
b10101 t
11
#51920000
b10101 9
01
#51930000
b10 m
b1010 f
b1100100 b
b110010000 l
b110010000 k
b110010000 j
b110010000 i
b10101 h
b10101 e
1r
b10101 W
b10110 %
b10110 V
b10101 t
11
#51940000
b10110 9
01
#51950000
b110010000 `
b10110 W
b10111 %
b10111 V
b10 n
b1010 g
b1100100 c
b11001000000 o
1s
b1011 f
b10110 h
b10101 t
11
#51960000
b10111 9
01
#51970000
b1010 H
b1010 a
b1100100 G
b1100100 d
b110010000 C
b110010000 q
b110010000 E
b110010000 p
1D
b1011 g
b1100 f
b10111 h
b10111 W
b11000 %
b11000 V
b10101 t
11
#51980000
b11000 9
01
#51990000
b110010000 '
b110010000 T
b110010000 (
b110010000 S
b1 &
b1 U
b11000 W
b11001 %
b11001 V
b1011 H
b1011 a
b1100 g
b1101 f
b11000 h
b10101 t
11
#52000000
b11001 9
01
#52010000
b1100 H
b1100 a
b1101 g
b1110 f
b11001 h
b10 &
b10 U
b11001 W
b11010 %
b11010 V
b10101 t
11
#52020000
b11010 9
01
#52030000
b11 &
b11 U
b11010 W
b11011 %
b11011 V
b1101 H
b1101 a
b1110 g
b1111 f
b11010 h
b10101 t
11
#52040000
b11011 9
01
#52050000
b1110 H
b1110 a
b1111 g
b10000 f
b11011 h
b100 &
b100 U
b11011 W
b11100 %
b11100 V
b10101 t
11
#52060000
b11100 9
01
#52070000
b101 &
b101 U
b11100 W
b11101 %
b11101 V
b1111 H
b1111 a
b10000 g
b10001 f
b11100 h
b10101 t
11
#52080000
b11101 9
01
#52090000
b10000 H
b10000 a
b10001 g
b10010 f
b11101 h
b110 &
b110 U
b11101 W
b11110 %
b11110 V
b10101 t
11
#52100000
b11110 9
01
#52110000
b1111101000 X
b1111101000 ^
b111 &
b111 U
b11110 W
b11111 %
b11111 V
b10001 H
b10001 a
b10010 g
b10011 f
b11110 h
b10101 t
11
#52120000
b11111 9
01
#52130000
b1100100 X
b1100100 ^
b10010 H
b10010 a
b10011 g
b10100 f
b10100010100 i
b11111 h
b1000 &
b1000 U
b11111 W
b100000 %
b100000 V
b10101 t
11
#52140000
b100000 9
01
#52150000
b1001110000 `
b1001 &
b1001 U
b100000 W
b100001 %
b100001 V
b10011 H
b10011 a
b10100 g
b100111000100 o
b10101 f
b100000 h
b10101 t
11
#52160000
b100001 9
01
#52170000
b10100 H
b10100 a
b1001110000 C
b1001110000 q
b1001110000 E
b1001110000 p
b10101 g
b10110 f
b100001 h
b1010 &
b1010 U
b100001 W
b100010 %
b100010 V
b10101 t
11
#52180000
b100010 9
01
#52190000
b1001110000 '
b1001110000 T
b1001110000 (
b1001110000 S
b1011 &
b1011 U
b100010 W
b100011 %
b100011 V
b10101 H
b10101 a
b10110 g
b10111 f
b100010 h
b10101 t
11
#52200000
b100011 9
01
#52210000
b10110 H
b10110 a
b10111 g
b11000 f
b10100010100 j
b110010000 i
b100011 h
b1100 &
b1100 U
b100011 W
b100100 %
b100100 V
b10101 t
11
#52220000
b100100 9
01
#52230000
b1101 &
b1101 U
b100100 W
b100101 %
b100101 V
b10111 H
b10111 a
b11000 g
b11001 f
b100100 h
b10101 t
11
#52240000
b100101 9
01
#52250000
b11000 H
b11000 a
b11001 g
b11010 f
b100101 h
b1110 &
b1110 U
b100101 W
b100110 %
b100110 V
b10101 t
11
#52260000
b100110 9
01
#52270000
b1111 &
b1111 U
b100110 W
b100111 %
b100111 V
b11001 H
b11001 a
b11010 g
b11011 f
b100110 h
b10101 t
11
#52280000
b100111 9
01
#52290000
b11010 H
b11010 a
b11011 g
b11100 f
b110010000 j
b100111 h
b10000 &
b10000 U
b100111 W
b101000 %
b101000 V
b10101 t
11
#52300000
b101000 9
01
#52310000
b110010000 `
b10001 &
b10001 U
b101000 W
b101001 %
b101001 V
b11011 H
b11011 a
b11100 g
b11001000000 o
b11101 f
b101000 h
b10101 t
11
#52320000
b101001 9
01
#52330000
b11100 H
b11100 a
b110010000 C
b110010000 q
b110010000 E
b110010000 p
b11101 g
b11110 f
b1111101000 b
b101001 h
b10010 &
b10010 U
b101001 W
b101010 %
b101010 V
b10101 t
11
#52340000
b101010 9
01
#52350000
b110010000 '
b110010000 T
b110010000 (
b110010000 S
b10011 &
b10011 U
b101010 W
b101011 %
b101011 V
b11101 H
b11101 a
b11110 g
b1111101000 c
b11111 f
b1100100 b
b101010 h
b10101 t
11
#52360000
b101011 9
01
#52370000
b11110 H
b11110 a
b1111101000 G
b1111101000 d
1F
b11111 g
b1100100 c
b100000 f
b101011 h
b10100 &
b10100 U
b101011 W
b101100 %
b101100 V
b10101 t
11
#52380000
b101100 9
01
#52390000
b1 ,
b1 O
b11110 $
b11110 [
b1000000000000000000000000000000 +
b1000000000000000000000000000000 P
b10101 &
b10101 U
b101100 W
b101101 %
b101101 V
b11111 H
b11111 a
b1100100 G
b1100100 d
0F
b100000 g
b100001 f
b10100010100 k
b101100 h
b10101 t
11
#52400000
b101101 9
01
#52410000
b1001110000 `
b100000 H
b100000 a
b100001 g
b100111000100 o
b100010 f
b101101 h
b10110 &
b10110 U
b101101 W
b101110 %
b101110 V
b10101 t
11
#52420000
b101110 9
01
#52430000
b10111 &
b10111 U
b101110 W
b101111 %
b101111 V
b100001 H
b100001 a
b1001110000 C
b1001110000 q
b1001110000 E
b1001110000 p
b100010 g
b100011 f
b101110 h
b10101 t
11
#52440000
b101111 9
01
#52450000
b100010 H
b100010 a
b100011 g
b100100 f
b101111 h
b1001110000 '
b1001110000 T
b1001110000 (
b1001110000 S
b11000 &
b11000 U
b101111 W
b110000 %
b110000 V
b10101 t
11
#52460000
b110000 9
01
#52470000
b11001 &
b11001 U
b110000 W
b110001 %
b110001 V
b100011 H
b100011 a
b100100 g
b100101 f
b10100010100 l
b110010000 k
b110000 h
b10101 t
11
#52480000
b110001 9
01
#52490000
b100100 H
b100100 a
b100101 g
b100110 f
b110001 h
b11010 &
b11010 U
b110001 W
b110010 %
b110010 V
b10101 t
11
#52500000
b110010 9
01
#52510000
b11011 &
b11011 U
b110010 W
b110011 %
b110011 V
b100101 H
b100101 a
b100110 g
b100111 f
b110010 h
b10101 t
11
#52520000
b110011 9
01
#52530000
b100110 H
b100110 a
b100111 g
b101000 f
b110011 h
b11100 &
b11100 U
b110011 W
b110100 %
b110100 V
b10101 t
11
#52540000
b110100 9
01
#52550000
b11101 &
b11101 U
b110100 W
b110101 %
b110101 V
b100111 H
b100111 a
b101000 g
b101001 f
b110010000 l
b110100 h
b10101 t
11
#52560000
b110101 9
01
#52570000
b110010000 `
b101000 H
b101000 a
b101001 g
b11001000000 o
b101010 f
b110101 h
b11110 &
b11110 U
b110101 W
b110110 %
b110110 V
b10101 t
11
#52580000
b110110 9
01
#52590000
b11111 &
b11111 U
b110110 W
b110111 %
b110111 V
b101001 H
b101001 a
b110010000 C
b110010000 q
b110010000 E
b110010000 p
b101010 g
b101011 f
b110110 h
b10101 t
11
#52600000
b110111 9
01
#52610000
b101010 H
b101010 a
b101011 g
b101100 f
b110111 h
b110010000 '
b110010000 T
b110010000 (
b110010000 S
b100000 &
b100000 U
b110111 W
b111000 %
b111000 V
b10101 t
11
#52620000
b111000 9
01
#52630000
b100001 &
b100001 U
b111000 W
b111001 %
b111001 V
b101011 H
b101011 a
b101100 g
b101101 f
b111000 h
b10101 t
11
#52640000
b111001 9
01
#52650000
b101100 H
b101100 a
b101101 g
b101110 f
b111001 h
b100010 &
b100010 U
b111001 W
b111010 %
b111010 V
b10101 t
11
#52660000
b111010 9
01
#52670000
b100011 &
b100011 U
b111010 W
b111011 %
b111011 V
b101101 H
b101101 a
b101110 g
b101111 f
b111010 h
b10101 t
11
#52680000
b111011 9
01
#52690000
b101110 H
b101110 a
b101111 g
b110000 f
b111011 h
b100100 &
b100100 U
b111011 W
b111100 %
b111100 V
b10101 t
11
#52700000
b111100 9
01
#52710000
b10010110000 X
b10010110000 ^
b100101 &
b100101 U
b111100 W
b111101 %
b111101 V
b101111 H
b101111 a
b110000 g
b110001 f
b111100 h
b10101 t
11
#52720000
b111101 9
01
#52730000
b1100100 X
b1100100 ^
b110000 H
b110000 a
b110001 g
b110010 f
b10111011100 i
b111101 h
b100110 &
b100110 U
b111101 W
b111110 %
b111110 V
b10101 t
11
#52740000
b111110 9
01
#52750000
b1010100000 `
b100111 &
b100111 U
b111110 W
b111111 %
b111111 V
b110001 H
b110001 a
b110010 g
b101010001100 o
b110011 f
b111110 h
b10101 t
11
#52760000
b111111 9
01
#52770000
b110010 H
b110010 a
b1010100000 C
b1010100000 q
b1010100000 E
b1010100000 p
b110011 g
b110100 f
b111111 h
b101000 &
b101000 U
b111111 W
b1000000 %
b1000000 V
b10101 t
11
#52780000
b1000000 9
01
#52790000
b1010100000 '
b1010100000 T
b1010100000 (
b1010100000 S
b101001 &
b101001 U
b1000000 W
b1000001 %
b1000001 V
b110011 H
b110011 a
b110100 g
b110101 f
b1000000 h
b10101 t
11
#52800000
b1000001 9
01
#52810000
b110100 H
b110100 a
b110101 g
b110110 f
b10111011100 j
b110010000 i
b1000001 h
b101010 &
b101010 U
b1000001 W
b1000010 %
b1000010 V
b10101 t
11
#52820000
b1000010 9
01
#52830000
b101011 &
b101011 U
b1000010 W
b1000011 %
b1000011 V
b110101 H
b110101 a
b110110 g
b110111 f
b1000010 h
b10101 t
11
#52840000
b1000011 9
01
#52850000
b110110 H
b110110 a
b110111 g
b111000 f
b1000011 h
b101100 &
b101100 U
b1000011 W
b1000100 %
b1000100 V
b10101 t
11
#52860000
b1000100 9
01
#52870000
b101101 &
b101101 U
b1000100 W
b1000101 %
b1000101 V
b110111 H
b110111 a
b111000 g
b111001 f
b1000100 h
b10101 t
11
#52880000
b1000101 9
01
#52890000
b111000 H
b111000 a
b111001 g
b111010 f
b110010000 j
b1000101 h
b101110 &
b101110 U
b1000101 W
b1000110 %
b1000110 V
b10101 t
11
#52900000
b1000110 9
01
#52910000
b110010000 `
b101111 &
b101111 U
b1000110 W
b1000111 %
b1000111 V
b111001 H
b111001 a
b111010 g
b11001000000 o
b111011 f
b1000110 h
b10101 t
11
#52920000
b1000111 9
01
#52930000
b111010 H
b111010 a
b110010000 C
b110010000 q
b110010000 E
b110010000 p
b111011 g
b111100 f
b10010110000 b
b1000111 h
b110000 &
b110000 U
b1000111 W
b1001000 %
b1001000 V
b10101 t
11
#52940000
b1001000 9
01
#52950000
b110010000 '
b110010000 T
b110010000 (
b110010000 S
b110001 &
b110001 U
b1001000 W
b1001001 %
b1001001 V
b111011 H
b111011 a
b111100 g
b10010110000 c
b111101 f
b1100100 b
b1001000 h
b10101 t
11
#52960000
b1001001 9
01
#52970000
b111100 H
b111100 a
b10010110000 G
b10010110000 d
1F
b111101 g
b1100100 c
b111110 f
b1001001 h
b110010 &
b110010 U
b1001001 W
b1001010 %
b1001010 V
b10101 t
11
#52980000
b1001010 9
01
#52990000
b10 ,
b10 O
b111100 #
b111100 \
b1000000000000000000000000000001000000000000000000000000000000 +
b1000000000000000000000000000001000000000000000000000000000000 P
b110011 &
b110011 U
b1001010 W
b1001011 %
b1001011 V
b111101 H
b111101 a
b1100100 G
b1100100 d
0F
b111110 g
b111111 f
b10111011100 k
b1001010 h
b10101 t
11
#53000000
b1001011 9
01
#53010000
b1010100000 `
b111110 H
b111110 a
b111111 g
b101010001100 o
b1000000 f
b1001011 h
b110100 &
b110100 U
b1001011 W
b1001100 %
b1001100 V
b10101 t
11
#53020000
b1001100 9
01
#53030000
b110101 &
b110101 U
b1001100 W
b1001101 %
b1001101 V
b111111 H
b111111 a
b1010100000 C
b1010100000 q
b1010100000 E
b1010100000 p
b1000000 g
b1000001 f
b1001100 h
b10101 t
11
#53040000
b1001101 9
01
#53050000
b1000000 H
b1000000 a
b1000001 g
b1000010 f
b1001101 h
b1010100000 '
b1010100000 T
b1010100000 (
b1010100000 S
b110110 &
b110110 U
b1001101 W
b1001110 %
b1001110 V
b10101 t
11
#53060000
b1001110 9
01
#53070000
b110111 &
b110111 U
b1001110 W
b1001111 %
b1001111 V
b1000001 H
b1000001 a
b1000010 g
b1000011 f
b10111011100 l
b110010000 k
b1001110 h
b10101 t
11
#53080000
b1001111 9
01
#53090000
b1000010 H
b1000010 a
b1000011 g
b1000100 f
b1001111 h
b111000 &
b111000 U
b1001111 W
b1010000 %
b1010000 V
b10101 t
11
#53100000
b1010000 9
01
#53110000
b111001 &
b111001 U
b1010000 W
b1010001 %
b1010001 V
b1000011 H
b1000011 a
b1000100 g
b1000101 f
b1010000 h
b10101 t
11
#53120000
b1010001 9
01
#53130000
b1000100 H
b1000100 a
b1000101 g
b1000110 f
b1010001 h
b111010 &
b111010 U
b1010001 W
b1010010 %
b1010010 V
b10101 t
11
#53140000
b1010010 9
01
#53150000
b111011 &
b111011 U
b1010010 W
b1010011 %
b1010011 V
b1000101 H
b1000101 a
b1000110 g
b1000111 f
b110010000 l
b1010010 h
b10101 t
11
#53160000
b1010011 9
01
#53170000
b110010000 `
b1000110 H
b1000110 a
b1000111 g
b11001000000 o
b1001000 f
b1010011 h
b111100 &
b111100 U
b1010011 W
b1010100 %
b1010100 V
b10101 t
11
#53180000
b1010100 9
01
#53190000
b111101 &
b111101 U
b1010100 W
b1010101 %
b1010101 V
b1000111 H
b1000111 a
b110010000 C
b110010000 q
b110010000 E
b110010000 p
b1001000 g
b1001001 f
b1010100 h
b10101 t
11
#53200000
b1010101 9
01
#53210000
b1110000100 X
b1110000100 ^
b1001000 H
b1001000 a
b1001001 g
b1001010 f
b1010101 h
b110010000 '
b110010000 T
b110010000 (
b110010000 S
b111110 &
b111110 U
b1010101 W
b1010110 %
b1010110 V
b10101 t
11
#53220000
b1010110 9
01
#53230000
b1100100 X
b1100100 ^
b111111 &
b111111 U
b1010110 W
b1010111 %
b1010111 V
b1001001 H
b1001001 a
b1001010 g
b1001011 f
b10010110000 i
b1010110 h
b10101 t
11
#53240000
b1010111 9
01
#53250000
b1001011000 `
b1001010 H
b1001010 a
b1001011 g
b100101100000 o
b1001100 f
b1010111 h
b1000000 &
b1000000 U
b1010111 W
b1011000 %
b1011000 V
b10101 t
11
#53260000
b1011000 9
01
#53270000
b1000001 &
b1000001 U
b1011000 W
b1011001 %
b1011001 V
b1001011 H
b1001011 a
b1001011000 C
b1001011000 q
b1001011000 E
b1001011000 p
b1001100 g
b1001101 f
b1011000 h
b10101 t
11
#53280000
b1011001 9
01
#53290000
b1001100 H
b1001100 a
b1001101 g
b1001110 f
b1011001 h
b1001011000 '
b1001011000 T
b1001011000 (
b1001011000 S
b1000010 &
b1000010 U
b1011001 W
b1011010 %
b1011010 V
b10101 t
11
#53300000
b1011010 9
01
#53310000
b1000011 &
b1000011 U
b1011010 W
b1011011 %
b1011011 V
b1001101 H
b1001101 a
b1001110 g
b1001111 f
b10010110000 j
b110010000 i
b1011010 h
b10101 t
11
#53320000
b1011011 9
01
#53330000
b1001110 H
b1001110 a
b1001111 g
b1010000 f
b1011011 h
b1000100 &
b1000100 U
b1011011 W
b1011100 %
b1011100 V
b10101 t
11
#53340000
b1011100 9
01
#53350000
b1000101 &
b1000101 U
b1011100 W
b1011101 %
b1011101 V
b1001111 H
b1001111 a
b1010000 g
b1010001 f
b1011100 h
b10101 t
11
#53360000
b1011101 9
01
#53370000
b1010000 H
b1010000 a
b1010001 g
b1010010 f
b1011101 h
b1000110 &
b1000110 U
b1011101 W
b1011110 %
b1011110 V
b10101 t
11
#53380000
b1011110 9
01
#53390000
b1000111 &
b1000111 U
b1011110 W
b1011111 %
b1011111 V
b1010001 H
b1010001 a
b1010010 g
b1010011 f
b110010000 j
b1011110 h
b10101 t
11
#53400000
b1011111 9
01
#53410000
b110010000 `
b1010010 H
b1010010 a
b1010011 g
b11001000000 o
b1010100 f
b1011111 h
b1001000 &
b1001000 U
b1011111 W
b1100000 %
b1100000 V
b10101 t
11
#53420000
b1100000 9
01
#53430000
b1001001 &
b1001001 U
b1100000 W
b1100001 %
b1100001 V
b1010011 H
b1010011 a
b110010000 C
b110010000 q
b110010000 E
b110010000 p
b1010100 g
b1010101 f
b1110000100 b
b1100000 h
b10101 t
11
#53440000
b1100001 9
01
#53450000
b1010100 H
b1010100 a
b1010101 g
b1110000100 c
b1010110 f
b1100100 b
b1100001 h
b110010000 '
b110010000 T
b110010000 (
b110010000 S
b1001010 &
b1001010 U
b1100001 W
b1100010 %
b1100010 V
b10101 t
11
#53460000
b1100010 9
01
#53470000
b1001011 &
b1001011 U
b1100010 W
b1100011 %
b1100011 V
b1010101 H
b1010101 a
b1110000100 G
b1110000100 d
1F
b1010110 g
b1100100 c
b1010111 f
b1100010 h
b10101 t
11
#53480000
b1100011 9
01
#53490000
b1010110 H
b1010110 a
b1100100 G
b1100100 d
0F
b1010111 g
b1011000 f
b10010110000 k
b1100011 h
b11 ,
b11 O
b1010101 "
b1010101 ]
b10000000000000000000000001000000000000000000000000000001000000000000000000000000000000 +
b10000000000000000000000001000000000000000000000000000001000000000000000000000000000000 P
b1001100 &
b1001100 U
b1100011 W
b1100100 %
b1100100 V
b10101 t
11
#53500000
b1100100 9
01
#53510000
0B
b1001011000 `
b1001101 &
b1001101 U
b11 Z
b1100101 %
b1100101 V
b1010111 H
b1010111 a
b1011000 g
b100101100000 o
b1011001 f
b1100100 h
b10101 t
11
#53520000
b1100101 9
01
#53530000
b1011000 H
b1011000 a
b1001011000 C
b1001011000 q
b1001011000 E
b1001011000 p
b1011001 g
0r
b1001110 &
b1001110 U
b1100110 %
b1100110 V
11
#53540000
b1100110 9
01
#53550000
b1001011000 '
b1001011000 T
b1001011000 (
b1001011000 S
b1001111 &
b1001111 U
b1100111 %
b1100111 V
b1011001 H
b1011001 a
0s
11
#53560000
b1100111 9
01
#53570000
0D
b1010000 &
b1010000 U
1*
0-
b0 Z
b1101000 %
b1101000 V
11
#53580000
b1101 >
b10000000000000000000000001000000000000000000000000000001000000000000000000000000000000 2
b1101000 9
01
#53590000
11
#53600000
01
#53610000
11
#53620000
01
#53630000
11
#53640000
01
#53650000
11
#53660000
01
#53670000
11
#53680000
01
#53690000
11
#53700000
01
#53710000
11
#53720000
01
#53730000
11
#53740000
b1 w
b1 ;
01
#53750000
11
#53760000
b1101 4
13
b10 6
b10 @
b1 7
b1 A
01
#53770000
11
#53780000
18
01
#53790000
1?
1-
b1 Z
b0 %
b0 V
b0 W
b0 '
b0 T
b0 (
b0 S
b1111111111111111 "
b1111111111111111 ]
b1111111111111111 #
b1111111111111111 \
b1111111111111111 $
b1111111111111111 [
b0 +
b0 P
b0 &
b0 U
b0 ,
b0 O
0*
b1110 )
b1110 Q
10
1Y
11
#53800000
b0 9
03
b0 6
b0 @
b0 7
b0 A
08
01
#53810000
1B
0?
b0 H
b0 a
b0 G
b0 d
b0 E
b0 p
b0 C
b0 q
b0 o
b0 `
b0 n
b0 g
b0 c
b0 m
b0 f
b0 b
b0 l
b0 k
b0 j
b0 i
b0 h
b0 e
b10 Z
b1 %
b1 V
0Y
b10101 t
11
#53820000
b1 9
01
#53830000
0B
b10 R
b1 W
b10 %
b10 V
b1 h
b1 e
b10101 t
11
#53840000
b10 9
01
#53850000
b1 R
b11 %
b11 V
11
#53860000
b11 9
01
#53870000
1B
b0 R
b100 %
b100 V
11
#53880000
b100 9
01
#53890000
0B
b10 h
b10 e
b10 R
b10 W
b101 %
b101 V
b10101 t
11
#53900000
b101 9
01
#53910000
b1 R
b110 %
b110 V
11
#53920000
b110 9
01
#53930000
1B
b0 R
b111 %
b111 V
11
#53940000
b111 9
01
#53950000
0B
b10 R
b11 W
b1000 %
b1000 V
b11 h
b11 e
b10101 t
11
#53960000
b1000 9
01
#53970000
b1 R
b1001 %
b1001 V
11
#53980000
b1001 9
01
#53990000
1B
b0 R
b1010 %
b1010 V
11
#54000000
b1010 9
01
#54010000
0B
b100 h
b100 e
b10 R
b100 W
b1011 %
b1011 V
b10101 t
11
#54020000
b1011 9
01
#54030000
b1 R
b1100 %
b1100 V
11
#54040000
b1100 9
01
#54050000
1B
b0 R
b1101 %
b1101 V
11
#54060000
b1101 9
01
#54070000
0B
b10 R
b101 W
b1110 %
b1110 V
b101 h
b101 e
b10101 t
11
#54080000
b1110 9
01
#54090000
b1 R
b1111 %
b1111 V
11
#54100000
b1111 9
01
#54110000
1B
b0 R
b10000 %
b10000 V
11
#54120000
b10000 9
01
#54130000
0B
b110 h
b110 e
b10 R
b110 W
b10001 %
b10001 V
b10101 t
11
#54140000
b10001 9
01
#54150000
b1 R
b10010 %
b10010 V
11
#54160000
b10010 9
01
#54170000
1B
b0 R
b10011 %
b10011 V
11
#54180000
b10011 9
01
#54190000
0B
b10 R
b111 W
b10100 %
b10100 V
b111 h
b111 e
b10101 t
11
#54200000
b10100 9
01
#54210000
b1 R
b10101 %
b10101 V
11
#54220000
b10101 9
01
#54230000
1B
b0 R
b10110 %
b10110 V
11
#54240000
b10110 9
01
#54250000
0B
b1000 h
b1000 e
b10 R
b1000 W
b10111 %
b10111 V
b10101 t
11
#54260000
b10111 9
01
#54270000
b1 R
b11000 %
b11000 V
11
#54280000
b11000 9
01
#54290000
1B
b0 R
b11001 %
b11001 V
11
#54300000
b11001 9
01
#54310000
0B
b10 R
b1001 W
b11010 %
b11010 V
b1001 h
b1001 e
b10101 t
11
#54320000
b11010 9
01
#54330000
b1 R
b11011 %
b11011 V
11
#54340000
b11011 9
01
#54350000
1B
b0 R
b11100 %
b11100 V
11
#54360000
b11100 9
01
#54370000
0B
b1010 h
b1010 e
b10 R
b1010 W
b11101 %
b11101 V
b10101 t
11
#54380000
b11101 9
01
#54390000
b1 R
b11110 %
b11110 V
11
#54400000
b11110 9
01
#54410000
1B
b0 R
b11111 %
b11111 V
11
#54420000
b11111 9
01
#54430000
0B
b10 R
b1011 W
b100000 %
b100000 V
b1011 h
b1011 e
b10101 t
11
#54440000
b100000 9
01
#54450000
b1 R
b100001 %
b100001 V
11
#54460000
b100001 9
01
#54470000
1B
b0 R
b100010 %
b100010 V
11
#54480000
b100010 9
01
#54490000
0B
b1100 h
b1100 e
b10 R
b1100 W
b100011 %
b100011 V
b10101 t
11
#54500000
b100011 9
01
#54510000
b1 R
b100100 %
b100100 V
11
#54520000
b100100 9
01
#54530000
1B
b0 R
b100101 %
b100101 V
11
#54540000
b100101 9
01
#54550000
0B
b10 R
b1101 W
b100110 %
b100110 V
b1101 h
b1101 e
b10101 t
11
#54560000
b100110 9
01
#54570000
b1 R
b100111 %
b100111 V
11
#54580000
b100111 9
01
#54590000
1B
b0 R
b101000 %
b101000 V
11
#54600000
b101000 9
01
#54610000
0B
b1110 h
b1110 e
b10 R
b1110 W
b101001 %
b101001 V
b10101 t
11
#54620000
b101001 9
01
#54630000
b1 R
b101010 %
b101010 V
11
#54640000
b101010 9
01
#54650000
1B
b0 R
b101011 %
b101011 V
11
#54660000
b101011 9
01
#54670000
0B
b10 R
b1111 W
b101100 %
b101100 V
b1111 h
b1111 e
b10101 t
11
#54680000
b101100 9
01
#54690000
b1 R
b101101 %
b101101 V
11
#54700000
b101101 9
01
#54710000
1B
b0 R
b101110 %
b101110 V
11
#54720000
b101110 9
01
#54730000
0B
b10000 h
b10000 e
b10 R
b10000 W
b101111 %
b101111 V
b10101 t
11
#54740000
b101111 9
01
#54750000
b1 R
b110000 %
b110000 V
11
#54760000
b110000 9
01
#54770000
1B
b0 R
b110001 %
b110001 V
11
#54780000
b110001 9
01
#54790000
0B
b10 R
b10001 W
b110010 %
b110010 V
b10001 h
b10001 e
b10101 t
11
#54800000
b110010 9
01
#54810000
b1 R
b110011 %
b110011 V
11
#54820000
b110011 9
01
#54830000
1B
b0 R
b110100 %
b110100 V
11
#54840000
b110100 9
01
#54850000
0B
b10010 h
b10010 e
b10 R
b10010 W
b110101 %
b110101 V
b10101 t
11
#54860000
b110101 9
01
#54870000
b1 R
b110110 %
b110110 V
11
#54880000
b110110 9
01
#54890000
1B
b0 R
b110111 %
b110111 V
11
#54900000
b110111 9
01
#54910000
0B
b10 R
b10011 W
b111000 %
b111000 V
b10011 h
b10011 e
b10101 t
11
#54920000
b111000 9
01
#54930000
b1 R
b111001 %
b111001 V
11
#54940000
b111001 9
01
#54950000
1B
b0 R
b111010 %
b111010 V
11
#54960000
b111010 9
01
#54970000
0B
b10100 h
b10100 e
b10 R
b10100 W
b111011 %
b111011 V
b10101 t
11
#54980000
b111011 9
01
#54990000
b1 R
b111100 %
b111100 V
11
#55000000
b111100 9
01
#55010000
1B
b0 R
b111101 %
b111101 V
11
#55020000
b111101 9
01
#55030000
0B
b10 R
b10101 W
b111110 %
b111110 V
b10 m
b1010 f
b1100100 b
b110010000 l
b110010000 k
b110010000 j
b110010000 i
b10101 h
b10101 e
1r
b10101 t
11
#55040000
b111110 9
01
#55050000
b110010000 `
b10 n
b1010 g
b1100100 c
b11001000000 o
1s
0r
b1 R
b111111 %
b111111 V
11
#55060000
b111111 9
01
#55070000
1B
b0 R
b1000000 %
b1000000 V
b1010 H
b1010 a
b1100100 G
b1100100 d
b110010000 C
b110010000 q
b110010000 E
b110010000 p
1D
0s
11
#55080000
b1000000 9
01
#55090000
0B
0D
b1011 f
b10110 h
1r
b110010000 '
b110010000 T
b110010000 (
b110010000 S
b1 &
b1 U
b10 R
b10110 W
b1000001 %
b1000001 V
b10101 t
11
#55100000
b1000001 9
01
#55110000
b1 R
b1000010 %
b1000010 V
b1011 g
1s
0r
11
#55120000
b1000010 9
01
#55130000
1B
b1011 H
b1011 a
1D
0s
b0 R
b1000011 %
b1000011 V
11
#55140000
b1000011 9
01
#55150000
0B
b10 &
b10 U
b10 R
b10111 W
b1000100 %
b1000100 V
0D
b1100 f
b10111 h
1r
b10101 t
11
#55160000
b1000100 9
01
#55170000
b1100 g
1s
0r
b1 R
b1000101 %
b1000101 V
11
#55180000
b1000101 9
01
#55190000
1B
b0 R
b1000110 %
b1000110 V
b1100 H
b1100 a
1D
0s
11
#55200000
b1000110 9
01
#55210000
0B
0D
b1101 f
b11000 h
1r
b11 &
b11 U
b10 R
b11000 W
b1000111 %
b1000111 V
b10101 t
11
#55220000
b1000111 9
01
#55230000
b1 R
b1001000 %
b1001000 V
b1101 g
1s
0r
11
#55240000
b1001000 9
01
#55250000
1B
b1101 H
b1101 a
1D
0s
b0 R
b1001001 %
b1001001 V
11
#55260000
b1001001 9
01
#55270000
0B
b100 &
b100 U
b10 R
b11001 W
b1001010 %
b1001010 V
0D
b1110 f
b11001 h
1r
b10101 t
11
#55280000
b1001010 9
01
#55290000
b1110 g
1s
0r
b1 R
b1001011 %
b1001011 V
11
#55300000
b1001011 9
01
#55310000
1B
b0 R
b1001100 %
b1001100 V
b1110 H
b1110 a
1D
0s
11
#55320000
b1001100 9
01
#55330000
0B
0D
b1111 f
b11010 h
1r
b101 &
b101 U
b10 R
b11010 W
b1001101 %
b1001101 V
b10101 t
11
#55340000
b1001101 9
01
#55350000
b1 R
b1001110 %
b1001110 V
b1111 g
1s
0r
11
#55360000
b1001110 9
01
#55370000
1B
b1111 H
b1111 a
1D
0s
b0 R
b1001111 %
b1001111 V
11
#55380000
b1001111 9
01
#55390000
0B
b110 &
b110 U
b10 R
b11011 W
b1010000 %
b1010000 V
0D
b10000 f
b11011 h
1r
b10101 t
11
#55400000
b1010000 9
01
#55410000
b10000 g
1s
0r
b1 R
b1010001 %
b1010001 V
11
#55420000
b1010001 9
01
#55430000
1B
b0 R
b1010010 %
b1010010 V
b10000 H
b10000 a
1D
0s
11
#55440000
b1010010 9
01
#55450000
0B
0D
b10001 f
b11100 h
1r
b111 &
b111 U
b10 R
b11100 W
b1010011 %
b1010011 V
b10101 t
11
#55460000
b1010011 9
01
#55470000
b1 R
b1010100 %
b1010100 V
b10001 g
1s
0r
11
#55480000
b1010100 9
01
#55490000
1B
b10001 H
b10001 a
1D
0s
b0 R
b1010101 %
b1010101 V
11
#55500000
b1010101 9
01
#55510000
0B
b1000 &
b1000 U
b10 R
b11101 W
b1010110 %
b1010110 V
0D
b10010 f
b11101 h
1r
b10101 t
11
#55520000
b1010110 9
01
#55530000
b10010 g
1s
0r
b1 R
b1010111 %
b1010111 V
11
#55540000
b1010111 9
01
#55550000
1B
b0 R
b1011000 %
b1011000 V
b10010 H
b10010 a
1D
0s
11
#55560000
b1011000 9
01
#55570000
0B
b1111101000 X
b1111101000 ^
0D
b10011 f
b11110 h
1r
b1001 &
b1001 U
b10 R
b11110 W
b1011001 %
b1011001 V
b10101 t
11
#55580000
b1011001 9
01
#55590000
b1 R
b1011010 %
b1011010 V
b10011 g
1s
0r
11
#55600000
b1011010 9
01
#55610000
1B
b10011 H
b10011 a
1D
0s
b0 R
b1011011 %
b1011011 V
11
#55620000
b1011011 9
01
#55630000
0B
b1100100 X
b1100100 ^
b1010 &
b1010 U
b10 R
b11111 W
b1011100 %
b1011100 V
0D
b10100 f
b10100010100 i
b11111 h
1r
b10101 t
11
#55640000
b1011100 9
01
#55650000
b1001110000 `
b10100 g
b100111000100 o
1s
0r
b1 R
b1011101 %
b1011101 V
11
#55660000
b1011101 9
01
#55670000
1B
b0 R
b1011110 %
b1011110 V
b10100 H
b10100 a
b1001110000 C
b1001110000 q
b1001110000 E
b1001110000 p
1D
0s
11
#55680000
b1011110 9
01
#55690000
0B
0D
b10101 f
b100000 h
1r
b1001110000 '
b1001110000 T
b1001110000 (
b1001110000 S
b1011 &
b1011 U
b10 R
b100000 W
b1011111 %
b1011111 V
b10101 t
11
#55700000
b1011111 9
01
#55710000
b1 R
b1100000 %
b1100000 V
b10101 g
1s
0r
11
#55720000
b1100000 9
01
#55730000
1B
b10101 H
b10101 a
1D
0s
b0 R
b1100001 %
b1100001 V
11
#55740000
b1100001 9
01
#55750000
0B
b1100 &
b1100 U
b10 R
b100001 W
b1100010 %
b1100010 V
0D
b10110 f
b100001 h
1r
b10101 t
11
#55760000
b1100010 9
01
#55770000
b10110 g
1s
0r
b1 R
b1100011 %
b1100011 V
11
#55780000
b1100011 9
01
#55790000
1B
b0 R
b1100100 %
b1100100 V
b10110 H
b10110 a
1D
0s
11
#55800000
b1100100 9
01
#55810000
0B
0D
b10111 f
b100010 h
1r
b1101 &
b1101 U
b10 R
b100010 W
b1100101 %
b1100101 V
b10101 t
11
#55820000
b1100101 9
01
#55830000
b1 R
b1100110 %
b1100110 V
b10111 g
1s
0r
11
#55840000
b1100110 9
01
#55850000
1B
b10111 H
b10111 a
1D
0s
b0 R
b1100111 %
b1100111 V
11
#55860000
b1100111 9
01
#55870000
0B
b1110 &
b1110 U
b10 R
b100011 W
b1101000 %
b1101000 V
0D
b11000 f
b10100010100 j
b110010000 i
b100011 h
1r
b10101 t
11
#55880000
b1101000 9
01
#55890000
b11000 g
1s
0r
b1 R
b1101001 %
b1101001 V
11
#55900000
b1101001 9
01
#55910000
1B
b0 R
b1101010 %
b1101010 V
b11000 H
b11000 a
1D
0s
11
#55920000
b1101010 9
01
#55930000
0B
0D
b11001 f
b100100 h
1r
b1111 &
b1111 U
b10 R
b100100 W
b1101011 %
b1101011 V
b10101 t
11
#55940000
b1101011 9
01
#55950000
b1 R
b1101100 %
b1101100 V
b11001 g
1s
0r
11
#55960000
b1101100 9
01
#55970000
1B
b11001 H
b11001 a
1D
0s
b0 R
b1101101 %
b1101101 V
11
#55980000
b1101101 9
01
#55990000
0B
b10000 &
b10000 U
b10 R
b100101 W
b1101110 %
b1101110 V
0D
b11010 f
b100101 h
1r
b10101 t
11
#56000000
b1101110 9
01
#56010000
b11010 g
1s
0r
b1 R
b1101111 %
b1101111 V
11
#56020000
b1101111 9
01
#56030000
1B
b0 R
b1110000 %
b1110000 V
b11010 H
b11010 a
1D
0s
11
#56040000
b1110000 9
01
#56050000
0B
0D
b11011 f
b100110 h
1r
b10001 &
b10001 U
b10 R
b100110 W
b1110001 %
b1110001 V
b10101 t
11
#56060000
b1110001 9
01
#56070000
b1 R
b1110010 %
b1110010 V
b11011 g
1s
0r
11
#56080000
b1110010 9
01
#56090000
1B
b11011 H
b11011 a
1D
0s
b0 R
b1110011 %
b1110011 V
11
#56100000
b1110011 9
01
#56110000
0B
b10010 &
b10010 U
b10 R
b100111 W
b1110100 %
b1110100 V
0D
b11100 f
b110010000 j
b100111 h
1r
b10101 t
11
#56120000
b1110100 9
01
#56130000
b110010000 `
b11100 g
b11001000000 o
1s
0r
b1 R
b1110101 %
b1110101 V
11
#56140000
b1110101 9
01
#56150000
1B
b0 R
b1110110 %
b1110110 V
b11100 H
b11100 a
b110010000 C
b110010000 q
b110010000 E
b110010000 p
1D
0s
11
#56160000
b1110110 9
01
#56170000
0B
0D
b11101 f
b101000 h
1r
b110010000 '
b110010000 T
b110010000 (
b110010000 S
b10011 &
b10011 U
b10 R
b101000 W
b1110111 %
b1110111 V
b10101 t
11
#56180000
b1110111 9
01
#56190000
b1 R
b1111000 %
b1111000 V
b11101 g
1s
0r
11
#56200000
b1111000 9
01
#56210000
1B
b11101 H
b11101 a
1D
0s
b0 R
b1111001 %
b1111001 V
11
#56220000
b1111001 9
01
#56230000
0B
b10100 &
b10100 U
b10 R
b101001 W
b1111010 %
b1111010 V
0D
b11110 f
b1111101000 b
b101001 h
1r
b10101 t
11
#56240000
b1111010 9
01
#56250000
b11110 g
b1111101000 c
1s
0r
b1 R
b1111011 %
b1111011 V
11
#56260000
b1111011 9
01
#56270000
1B
b0 R
b1111100 %
b1111100 V
b11110 H
b11110 a
b1111101000 G
b1111101000 d
1F
1D
0s
11
#56280000
b1111100 9
01
#56290000
0B
0F
0D
b11111 f
b1100100 b
b101010 h
1r
b1 ,
b1 O
b11110 $
b11110 [
b1000000000000000000000000000000 +
b1000000000000000000000000000000 P
b10101 &
b10101 U
b10 R
b101010 W
b1111101 %
b1111101 V
b10101 t
11
#56300000
b1111101 9
01
#56310000
b1 R
b1111110 %
b1111110 V
b11111 g
b1100100 c
1s
0r
11
#56320000
b1111110 9
01
#56330000
1B
b11111 H
b11111 a
b1100100 G
b1100100 d
1D
0s
b0 R
b1111111 %
b1111111 V
11
#56340000
b1111111 9
01
#56350000
0B
b10110 &
b10110 U
b10 R
b101011 W
b10000000 %
b10000000 V
0D
b100000 f
b101011 h
1r
b10101 t
11
#56360000
b10000000 9
01
#56370000
b100000 g
1s
0r
b1 R
b10000001 %
b10000001 V
11
#56380000
b10000001 9
01
#56390000
1B
b0 R
b10000010 %
b10000010 V
b100000 H
b100000 a
1D
0s
11
#56400000
b10000010 9
01
#56410000
0B
0D
b100001 f
b10100010100 k
b101100 h
1r
b10111 &
b10111 U
b10 R
b101100 W
b10000011 %
b10000011 V
b10101 t
11
#56420000
b10000011 9
01
#56430000
b1001110000 `
b1 R
b10000100 %
b10000100 V
b100001 g
b100111000100 o
1s
0r
11
#56440000
b10000100 9
01
#56450000
1B
b100001 H
b100001 a
b1001110000 C
b1001110000 q
b1001110000 E
b1001110000 p
1D
0s
b0 R
b10000101 %
b10000101 V
11
#56460000
b10000101 9
01
#56470000
0B
b1001110000 '
b1001110000 T
b1001110000 (
b1001110000 S
b11000 &
b11000 U
b10 R
b101101 W
b10000110 %
b10000110 V
0D
b100010 f
b101101 h
1r
b10101 t
11
#56480000
b10000110 9
01
#56490000
b100010 g
1s
0r
b1 R
b10000111 %
b10000111 V
11
#56500000
b10000111 9
01
#56510000
1B
b0 R
b10001000 %
b10001000 V
b100010 H
b100010 a
1D
0s
11
#56520000
b10001000 9
01
#56530000
0B
0D
b100011 f
b101110 h
1r
b11001 &
b11001 U
b10 R
b101110 W
b10001001 %
b10001001 V
b10101 t
11
#56540000
b10001001 9
01
#56550000
b1 R
b10001010 %
b10001010 V
b100011 g
1s
0r
11
#56560000
b10001010 9
01
#56570000
1B
b100011 H
b100011 a
1D
0s
b0 R
b10001011 %
b10001011 V
11
#56580000
b10001011 9
01
#56590000
0B
b11010 &
b11010 U
b10 R
b101111 W
b10001100 %
b10001100 V
0D
b100100 f
b101111 h
1r
b10101 t
11
#56600000
b10001100 9
01
#56610000
b100100 g
1s
0r
b1 R
b10001101 %
b10001101 V
11
#56620000
b10001101 9
01
#56630000
1B
b0 R
b10001110 %
b10001110 V
b100100 H
b100100 a
1D
0s
11
#56640000
b10001110 9
01
#56650000
0B
0D
b100101 f
b10100010100 l
b110010000 k
b110000 h
1r
b11011 &
b11011 U
b10 R
b110000 W
b10001111 %
b10001111 V
b10101 t
11
#56660000
b10001111 9
01
#56670000
b1 R
b10010000 %
b10010000 V
b100101 g
1s
0r
11
#56680000
b10010000 9
01
#56690000
1B
b100101 H
b100101 a
1D
0s
b0 R
b10010001 %
b10010001 V
11
#56700000
b10010001 9
01
#56710000
0B
b11100 &
b11100 U
b10 R
b110001 W
b10010010 %
b10010010 V
0D
b100110 f
b110001 h
1r
b10101 t
11
#56720000
b10010010 9
01
#56730000
b100110 g
1s
0r
b1 R
b10010011 %
b10010011 V
11
#56740000
b10010011 9
01
#56750000
1B
b0 R
b10010100 %
b10010100 V
b100110 H
b100110 a
1D
0s
11
#56760000
b10010100 9
01
#56770000
0B
0D
b100111 f
b110010 h
1r
b11101 &
b11101 U
b10 R
b110010 W
b10010101 %
b10010101 V
b10101 t
11
#56780000
b10010101 9
01
#56790000
b1 R
b10010110 %
b10010110 V
b100111 g
1s
0r
11
#56800000
b10010110 9
01
#56810000
1B
b100111 H
b100111 a
1D
0s
b0 R
b10010111 %
b10010111 V
11
#56820000
b10010111 9
01
#56830000
0B
b11110 &
b11110 U
b10 R
b110011 W
b10011000 %
b10011000 V
0D
b101000 f
b110011 h
1r
b10101 t
11
#56840000
b10011000 9
01
#56850000
b101000 g
1s
0r
b1 R
b10011001 %
b10011001 V
11
#56860000
b10011001 9
01
#56870000
1B
b0 R
b10011010 %
b10011010 V
b101000 H
b101000 a
1D
0s
11
#56880000
b10011010 9
01
#56890000
0B
0D
b101001 f
b110010000 l
b110100 h
1r
b11111 &
b11111 U
b10 R
b110100 W
b10011011 %
b10011011 V
b10101 t
11
#56900000
b10011011 9
01
#56910000
b110010000 `
b1 R
b10011100 %
b10011100 V
b101001 g
b11001000000 o
1s
0r
11
#56920000
b10011100 9
01
#56930000
1B
b101001 H
b101001 a
b110010000 C
b110010000 q
b110010000 E
b110010000 p
1D
0s
b0 R
b10011101 %
b10011101 V
11
#56940000
b10011101 9
01
#56950000
0B
b110010000 '
b110010000 T
b110010000 (
b110010000 S
b100000 &
b100000 U
b10 R
b110101 W
b10011110 %
b10011110 V
0D
b101010 f
b110101 h
1r
b10101 t
11
#56960000
b10011110 9
01
#56970000
b101010 g
1s
0r
b1 R
b10011111 %
b10011111 V
11
#56980000
b10011111 9
01
#56990000
1B
b0 R
b10100000 %
b10100000 V
b101010 H
b101010 a
1D
0s
11
#57000000
b10100000 9
01
#57010000
0B
0D
b101011 f
b110110 h
1r
b100001 &
b100001 U
b10 R
b110110 W
b10100001 %
b10100001 V
b10101 t
11
#57020000
b10100001 9
01
#57030000
b1 R
b10100010 %
b10100010 V
b101011 g
1s
0r
11
#57040000
b10100010 9
01
#57050000
1B
b101011 H
b101011 a
1D
0s
b0 R
b10100011 %
b10100011 V
11
#57060000
b10100011 9
01
#57070000
0B
b100010 &
b100010 U
b10 R
b110111 W
b10100100 %
b10100100 V
0D
b101100 f
b110111 h
1r
b10101 t
11
#57080000
b10100100 9
01
#57090000
b101100 g
1s
0r
b1 R
b10100101 %
b10100101 V
11
#57100000
b10100101 9
01
#57110000
1B
b0 R
b10100110 %
b10100110 V
b101100 H
b101100 a
1D
0s
11
#57120000
b10100110 9
01
#57130000
0B
0D
b101101 f
b111000 h
1r
b100011 &
b100011 U
b10 R
b111000 W
b10100111 %
b10100111 V
b10101 t
11
#57140000
b10100111 9
01
#57150000
b1 R
b10101000 %
b10101000 V
b101101 g
1s
0r
11
#57160000
b10101000 9
01
#57170000
1B
b101101 H
b101101 a
1D
0s
b0 R
b10101001 %
b10101001 V
11
#57180000
b10101001 9
01
#57190000
0B
b100100 &
b100100 U
b10 R
b111001 W
b10101010 %
b10101010 V
0D
b101110 f
b111001 h
1r
b10101 t
11
#57200000
b10101010 9
01
#57210000
b101110 g
1s
0r
b1 R
b10101011 %
b10101011 V
11
#57220000
b10101011 9
01
#57230000
1B
b0 R
b10101100 %
b10101100 V
b101110 H
b101110 a
1D
0s
11
#57240000
b10101100 9
01
#57250000
0B
0D
b101111 f
b111010 h
1r
b100101 &
b100101 U
b10 R
b111010 W
b10101101 %
b10101101 V
b10101 t
11
#57260000
b10101101 9
01
#57270000
b1 R
b10101110 %
b10101110 V
b101111 g
1s
0r
11
#57280000
b10101110 9
01
#57290000
1B
b101111 H
b101111 a
1D
0s
b0 R
b10101111 %
b10101111 V
11
#57300000
b10101111 9
01
#57310000
0B
b100110 &
b100110 U
b10 R
b111011 W
b10110000 %
b10110000 V
0D
b110000 f
b111011 h
1r
b10101 t
11
#57320000
b10110000 9
01
#57330000
b110000 g
1s
0r
b1 R
b10110001 %
b10110001 V
11
#57340000
b10110001 9
01
#57350000
1B
b0 R
b10110010 %
b10110010 V
b110000 H
b110000 a
1D
0s
11
#57360000
b10110010 9
01
#57370000
0B
b10010110000 X
b10010110000 ^
0D
b110001 f
b111100 h
1r
b100111 &
b100111 U
b10 R
b111100 W
b10110011 %
b10110011 V
b10101 t
11
#57380000
b10110011 9
01
#57390000
b1 R
b10110100 %
b10110100 V
b110001 g
1s
0r
11
#57400000
b10110100 9
01
#57410000
1B
b110001 H
b110001 a
1D
0s
b0 R
b10110101 %
b10110101 V
11
#57420000
b10110101 9
01
#57430000
0B
b1100100 X
b1100100 ^
b101000 &
b101000 U
b10 R
b111101 W
b10110110 %
b10110110 V
0D
b110010 f
b10111011100 i
b111101 h
1r
b10101 t
11
#57440000
b10110110 9
01
#57450000
b1010100000 `
b110010 g
b101010001100 o
1s
0r
b1 R
b10110111 %
b10110111 V
11
#57460000
b10110111 9
01
#57470000
1B
b0 R
b10111000 %
b10111000 V
b110010 H
b110010 a
b1010100000 C
b1010100000 q
b1010100000 E
b1010100000 p
1D
0s
11
#57480000
b10111000 9
01
#57490000
0B
0D
b110011 f
b111110 h
1r
b1010100000 '
b1010100000 T
b1010100000 (
b1010100000 S
b101001 &
b101001 U
b10 R
b111110 W
b10111001 %
b10111001 V
b10101 t
11
#57500000
b10111001 9
01
#57510000
b1 R
b10111010 %
b10111010 V
b110011 g
1s
0r
11
#57520000
b10111010 9
01
#57530000
1B
b110011 H
b110011 a
1D
0s
b0 R
b10111011 %
b10111011 V
11
#57540000
b10111011 9
01
#57550000
0B
b101010 &
b101010 U
b10 R
b111111 W
b10111100 %
b10111100 V
0D
b110100 f
b111111 h
1r
b10101 t
11
#57560000
b10111100 9
01
#57570000
b110100 g
1s
0r
b1 R
b10111101 %
b10111101 V
11
#57580000
b10111101 9
01
#57590000
1B
b0 R
b10111110 %
b10111110 V
b110100 H
b110100 a
1D
0s
11
#57600000
b10111110 9
01
#57610000
0B
0D
b110101 f
b1000000 h
1r
b101011 &
b101011 U
b10 R
b1000000 W
b10111111 %
b10111111 V
b10101 t
11
#57620000
b10111111 9
01
#57630000
b1 R
b11000000 %
b11000000 V
b110101 g
1s
0r
11
#57640000
b11000000 9
01
#57650000
1B
b110101 H
b110101 a
1D
0s
b0 R
b11000001 %
b11000001 V
11
#57660000
b11000001 9
01
#57670000
0B
b101100 &
b101100 U
b10 R
b1000001 W
b11000010 %
b11000010 V
0D
b110110 f
b10111011100 j
b110010000 i
b1000001 h
1r
b10101 t
11
#57680000
b11000010 9
01
#57690000
b110110 g
1s
0r
b1 R
b11000011 %
b11000011 V
11
#57700000
b11000011 9
01
#57710000
1B
b0 R
b11000100 %
b11000100 V
b110110 H
b110110 a
1D
0s
11
#57720000
b11000100 9
01
#57730000
0B
0D
b110111 f
b1000010 h
1r
b101101 &
b101101 U
b10 R
b1000010 W
b11000101 %
b11000101 V
b10101 t
11
#57740000
b11000101 9
01
#57750000
b1 R
b11000110 %
b11000110 V
b110111 g
1s
0r
11
#57760000
b11000110 9
01
#57770000
1B
b110111 H
b110111 a
1D
0s
b0 R
b11000111 %
b11000111 V
11
#57780000
b11000111 9
01
#57790000
0B
b101110 &
b101110 U
b10 R
b1000011 W
b11001000 %
b11001000 V
0D
b111000 f
b1000011 h
1r
b10101 t
11
#57800000
b11001000 9
01
#57810000
b111000 g
1s
0r
b1 R
b11001001 %
b11001001 V
11
#57820000
b11001001 9
01
#57830000
1B
b0 R
b11001010 %
b11001010 V
b111000 H
b111000 a
1D
0s
11
#57840000
b11001010 9
01
#57850000
0B
0D
b111001 f
b1000100 h
1r
b101111 &
b101111 U
b10 R
b1000100 W
b11001011 %
b11001011 V
b10101 t
11
#57860000
b11001011 9
01
#57870000
b1 R
b11001100 %
b11001100 V
b111001 g
1s
0r
11
#57880000
b11001100 9
01
#57890000
1B
b111001 H
b111001 a
1D
0s
b0 R
b11001101 %
b11001101 V
11
#57900000
b11001101 9
01
#57910000
0B
b110000 &
b110000 U
b10 R
b1000101 W
b11001110 %
b11001110 V
0D
b111010 f
b110010000 j
b1000101 h
1r
b10101 t
11
#57920000
b11001110 9
01
#57930000
b110010000 `
b111010 g
b11001000000 o
1s
0r
b1 R
b11001111 %
b11001111 V
11
#57940000
b11001111 9
01
#57950000
1B
b0 R
b11010000 %
b11010000 V
b111010 H
b111010 a
b110010000 C
b110010000 q
b110010000 E
b110010000 p
1D
0s
11
#57960000
b11010000 9
01
#57970000
0B
0D
b111011 f
b1000110 h
1r
b110010000 '
b110010000 T
b110010000 (
b110010000 S
b110001 &
b110001 U
b10 R
b1000110 W
b11010001 %
b11010001 V
b10101 t
11
#57980000
b11010001 9
01
#57990000
b1 R
b11010010 %
b11010010 V
b111011 g
1s
0r
11
#58000000
b11010010 9
01
#58010000
1B
b111011 H
b111011 a
1D
0s
b0 R
b11010011 %
b11010011 V
11
#58020000
b11010011 9
01
#58030000
0B
b110010 &
b110010 U
b10 R
b1000111 W
b11010100 %
b11010100 V
0D
b111100 f
b10010110000 b
b1000111 h
1r
b10101 t
11
#58040000
b11010100 9
01
#58050000
b111100 g
b10010110000 c
1s
0r
b1 R
b11010101 %
b11010101 V
11
#58060000
b11010101 9
01
#58070000
1B
b0 R
b11010110 %
b11010110 V
b111100 H
b111100 a
b10010110000 G
b10010110000 d
1F
1D
0s
11
#58080000
b11010110 9
01
#58090000
0B
0F
0D
b111101 f
b1100100 b
b1001000 h
1r
b10 ,
b10 O
b111100 #
b111100 \
b1000000000000000000000000000001000000000000000000000000000000 +
b1000000000000000000000000000001000000000000000000000000000000 P
b110011 &
b110011 U
b10 R
b1001000 W
b11010111 %
b11010111 V
b10101 t
11
#58100000
b11010111 9
01
#58110000
b1 R
b11011000 %
b11011000 V
b111101 g
b1100100 c
1s
0r
11
#58120000
b11011000 9
01
#58130000
1B
b111101 H
b111101 a
b1100100 G
b1100100 d
1D
0s
b0 R
b11011001 %
b11011001 V
11
#58140000
b11011001 9
01
#58150000
0B
b110100 &
b110100 U
b10 R
b1001001 W
b11011010 %
b11011010 V
0D
b111110 f
b1001001 h
1r
b10101 t
11
#58160000
b11011010 9
01
#58170000
b111110 g
1s
0r
b1 R
b11011011 %
b11011011 V
11
#58180000
b11011011 9
01
#58190000
1B
b0 R
b11011100 %
b11011100 V
b111110 H
b111110 a
1D
0s
11
#58200000
b11011100 9
01
#58210000
0B
0D
b111111 f
b10111011100 k
b1001010 h
1r
b110101 &
b110101 U
b10 R
b1001010 W
b11011101 %
b11011101 V
b10101 t
11
#58220000
b11011101 9
01
#58230000
b1010100000 `
b1 R
b11011110 %
b11011110 V
b111111 g
b101010001100 o
1s
0r
11
#58240000
b11011110 9
01
#58250000
1B
b111111 H
b111111 a
b1010100000 C
b1010100000 q
b1010100000 E
b1010100000 p
1D
0s
b0 R
b11011111 %
b11011111 V
11
#58260000
b11011111 9
01
#58270000
0B
b1010100000 '
b1010100000 T
b1010100000 (
b1010100000 S
b110110 &
b110110 U
b10 R
b1001011 W
b11100000 %
b11100000 V
0D
b1000000 f
b1001011 h
1r
b10101 t
11
#58280000
b11100000 9
01
#58290000
b1000000 g
1s
0r
b1 R
b11100001 %
b11100001 V
11
#58300000
b11100001 9
01
#58310000
1B
b0 R
b11100010 %
b11100010 V
b1000000 H
b1000000 a
1D
0s
11
#58320000
b11100010 9
01
#58330000
0B
0D
b1000001 f
b1001100 h
1r
b110111 &
b110111 U
b10 R
b1001100 W
b11100011 %
b11100011 V
b10101 t
11
#58340000
b11100011 9
01
#58350000
b1 R
b11100100 %
b11100100 V
b1000001 g
1s
0r
11
#58360000
b11100100 9
01
#58370000
1B
b1000001 H
b1000001 a
1D
0s
b0 R
b11100101 %
b11100101 V
11
#58380000
b11100101 9
01
#58390000
0B
b111000 &
b111000 U
b10 R
b1001101 W
b11100110 %
b11100110 V
0D
b1000010 f
b1001101 h
1r
b10101 t
11
#58400000
b11100110 9
01
#58410000
b1000010 g
1s
0r
b1 R
b11100111 %
b11100111 V
11
#58420000
b11100111 9
01
#58430000
1B
b0 R
b11101000 %
b11101000 V
b1000010 H
b1000010 a
1D
0s
11
#58440000
b11101000 9
01
#58450000
0B
0D
b1000011 f
b10111011100 l
b110010000 k
b1001110 h
1r
b111001 &
b111001 U
b10 R
b1001110 W
b11101001 %
b11101001 V
b10101 t
11
#58460000
b11101001 9
01
#58470000
b1 R
b11101010 %
b11101010 V
b1000011 g
1s
0r
11
#58480000
b11101010 9
01
#58490000
1B
b1000011 H
b1000011 a
1D
0s
b0 R
b11101011 %
b11101011 V
11
#58500000
b11101011 9
01
#58510000
0B
b111010 &
b111010 U
b10 R
b1001111 W
b11101100 %
b11101100 V
0D
b1000100 f
b1001111 h
1r
b10101 t
11
#58520000
b11101100 9
01
#58530000
b1000100 g
1s
0r
b1 R
b11101101 %
b11101101 V
11
#58540000
b11101101 9
01
#58550000
1B
b0 R
b11101110 %
b11101110 V
b1000100 H
b1000100 a
1D
0s
11
#58560000
b11101110 9
01
#58570000
0B
0D
b1000101 f
b1010000 h
1r
b111011 &
b111011 U
b10 R
b1010000 W
b11101111 %
b11101111 V
b10101 t
11
#58580000
b11101111 9
01
#58590000
b1 R
b11110000 %
b11110000 V
b1000101 g
1s
0r
11
#58600000
b11110000 9
01
#58610000
1B
b1000101 H
b1000101 a
1D
0s
b0 R
b11110001 %
b11110001 V
11
#58620000
b11110001 9
01
#58630000
0B
b111100 &
b111100 U
b10 R
b1010001 W
b11110010 %
b11110010 V
0D
b1000110 f
b1010001 h
1r
b10101 t
11
#58640000
b11110010 9
01
#58650000
b1000110 g
1s
0r
b1 R
b11110011 %
b11110011 V
11
#58660000
b11110011 9
01
#58670000
1B
b0 R
b11110100 %
b11110100 V
b1000110 H
b1000110 a
1D
0s
11
#58680000
b11110100 9
01
#58690000
0B
0D
b1000111 f
b110010000 l
b1010010 h
1r
b111101 &
b111101 U
b10 R
b1010010 W
b11110101 %
b11110101 V
b10101 t
11
#58700000
b11110101 9
01
#58710000
b110010000 `
b1 R
b11110110 %
b11110110 V
b1000111 g
b11001000000 o
1s
0r
11
#58720000
b11110110 9
01
#58730000
1B
b1000111 H
b1000111 a
b110010000 C
b110010000 q
b110010000 E
b110010000 p
1D
0s
b0 R
b11110111 %
b11110111 V
11
#58740000
b11110111 9
01
#58750000
0B
b110010000 '
b110010000 T
b110010000 (
b110010000 S
b111110 &
b111110 U
b10 R
b1010011 W
b11111000 %
b11111000 V
0D
b1001000 f
b1010011 h
1r
b10101 t
11
#58760000
b11111000 9
01
#58770000
b1001000 g
1s
0r
b1 R
b11111001 %
b11111001 V
11
#58780000
b11111001 9
01
#58790000
1B
b0 R
b11111010 %
b11111010 V
b1001000 H
b1001000 a
1D
0s
11
#58800000
b11111010 9
01
#58810000
0B
0D
b1001001 f
b1010100 h
1r
b111111 &
b111111 U
b10 R
b1010100 W
b11111011 %
b11111011 V
b10101 t
11
#58820000
b11111011 9
01
#58830000
b1 R
b11111100 %
b11111100 V
b1001001 g
1s
0r
11
#58840000
b11111100 9
01
#58850000
1B
b1001001 H
b1001001 a
1D
0s
b0 R
b11111101 %
b11111101 V
11
#58860000
b11111101 9
01
#58870000
0B
b1110000100 X
b1110000100 ^
b1000000 &
b1000000 U
b10 R
b1010101 W
b11111110 %
b11111110 V
0D
b1001010 f
b1010101 h
1r
b10101 t
11
#58880000
b11111110 9
01
#58890000
b1001010 g
1s
0r
b1 R
b11111111 %
b11111111 V
11
#58900000
b11111111 9
01
#58910000
1B
b0 R
b100000000 %
b100000000 V
b1001010 H
b1001010 a
1D
0s
11
#58920000
b100000000 9
01
#58930000
0B
b1100100 X
b1100100 ^
0D
b1001011 f
b10010110000 i
b1010110 h
1r
b1000001 &
b1000001 U
b10 R
b1010110 W
b100000001 %
b100000001 V
b10101 t
11
#58940000
b100000001 9
01
#58950000
b1001011000 `
b1 R
b100000010 %
b100000010 V
b1001011 g
b100101100000 o
1s
0r
11
#58960000
b100000010 9
01
#58970000
1B
b1001011 H
b1001011 a
b1001011000 C
b1001011000 q
b1001011000 E
b1001011000 p
1D
0s
b0 R
b100000011 %
b100000011 V
11
#58980000
b100000011 9
01
#58990000
0B
b1001011000 '
b1001011000 T
b1001011000 (
b1001011000 S
b1000010 &
b1000010 U
b10 R
b1010111 W
b100000100 %
b100000100 V
0D
b1001100 f
b1010111 h
1r
b10101 t
11
#59000000
b100000100 9
01
#59010000
b1001100 g
1s
0r
b1 R
b100000101 %
b100000101 V
11
#59020000
b100000101 9
01
#59030000
1B
b0 R
b100000110 %
b100000110 V
b1001100 H
b1001100 a
1D
0s
11
#59040000
b100000110 9
01
#59050000
0B
0D
b1001101 f
b1011000 h
1r
b1000011 &
b1000011 U
b10 R
b1011000 W
b100000111 %
b100000111 V
b10101 t
11
#59060000
b100000111 9
01
#59070000
b1 R
b100001000 %
b100001000 V
b1001101 g
1s
0r
11
#59080000
b100001000 9
01
#59090000
1B
b1001101 H
b1001101 a
1D
0s
b0 R
b100001001 %
b100001001 V
11
#59100000
b100001001 9
01
#59110000
0B
b1000100 &
b1000100 U
b10 R
b1011001 W
b100001010 %
b100001010 V
0D
b1001110 f
b1011001 h
1r
b10101 t
11
#59120000
b100001010 9
01
#59130000
b1001110 g
1s
0r
b1 R
b100001011 %
b100001011 V
11
#59140000
b100001011 9
01
#59150000
1B
b0 R
b100001100 %
b100001100 V
b1001110 H
b1001110 a
1D
0s
11
#59160000
b100001100 9
01
#59170000
0B
0D
b1001111 f
b10010110000 j
b110010000 i
b1011010 h
1r
b1000101 &
b1000101 U
b10 R
b1011010 W
b100001101 %
b100001101 V
b10101 t
11
#59180000
b100001101 9
01
#59190000
b1 R
b100001110 %
b100001110 V
b1001111 g
1s
0r
11
#59200000
b100001110 9
01
#59210000
1B
b1001111 H
b1001111 a
1D
0s
b0 R
b100001111 %
b100001111 V
11
#59220000
b100001111 9
01
#59230000
0B
b1000110 &
b1000110 U
b10 R
b1011011 W
b100010000 %
b100010000 V
0D
b1010000 f
b1011011 h
1r
b10101 t
11
#59240000
b100010000 9
01
#59250000
b1010000 g
1s
0r
b1 R
b100010001 %
b100010001 V
11
#59260000
b100010001 9
01
#59270000
1B
b0 R
b100010010 %
b100010010 V
b1010000 H
b1010000 a
1D
0s
11
#59280000
b100010010 9
01
#59290000
0B
0D
b1010001 f
b1011100 h
1r
b1000111 &
b1000111 U
b10 R
b1011100 W
b100010011 %
b100010011 V
b10101 t
11
#59300000
b100010011 9
01
#59310000
b1 R
b100010100 %
b100010100 V
b1010001 g
1s
0r
11
#59320000
b100010100 9
01
#59330000
1B
b1010001 H
b1010001 a
1D
0s
b0 R
b100010101 %
b100010101 V
11
#59340000
b100010101 9
01
#59350000
0B
b1001000 &
b1001000 U
b10 R
b1011101 W
b100010110 %
b100010110 V
0D
b1010010 f
b1011101 h
1r
b10101 t
11
#59360000
b100010110 9
01
#59370000
b1010010 g
1s
0r
b1 R
b100010111 %
b100010111 V
11
#59380000
b100010111 9
01
#59390000
1B
b0 R
b100011000 %
b100011000 V
b1010010 H
b1010010 a
1D
0s
11
#59400000
b100011000 9
01
#59410000
0B
0D
b1010011 f
b110010000 j
b1011110 h
1r
b1001001 &
b1001001 U
b10 R
b1011110 W
b100011001 %
b100011001 V
b10101 t
11
#59420000
b100011001 9
01
#59430000
b110010000 `
b1 R
b100011010 %
b100011010 V
b1010011 g
b11001000000 o
1s
0r
11
#59440000
b100011010 9
01
#59450000
1B
b1010011 H
b1010011 a
b110010000 C
b110010000 q
b110010000 E
b110010000 p
1D
0s
b0 R
b100011011 %
b100011011 V
11
#59460000
b100011011 9
01
#59470000
0B
b110010000 '
b110010000 T
b110010000 (
b110010000 S
b1001010 &
b1001010 U
b10 R
b1011111 W
b100011100 %
b100011100 V
0D
b1010100 f
b1011111 h
1r
b10101 t
11
#59480000
b100011100 9
01
#59490000
b1010100 g
1s
0r
b1 R
b100011101 %
b100011101 V
11
#59500000
b100011101 9
01
#59510000
1B
b0 R
b100011110 %
b100011110 V
b1010100 H
b1010100 a
1D
0s
11
#59520000
b100011110 9
01
#59530000
0B
0D
b1010101 f
b1110000100 b
b1100000 h
1r
b1001011 &
b1001011 U
b10 R
b1100000 W
b100011111 %
b100011111 V
b10101 t
11
#59540000
b100011111 9
01
#59550000
b1 R
b100100000 %
b100100000 V
b1010101 g
b1110000100 c
1s
0r
11
#59560000
b100100000 9
01
#59570000
1B
b1010101 H
b1010101 a
b1110000100 G
b1110000100 d
1F
1D
0s
b0 R
b100100001 %
b100100001 V
11
#59580000
b100100001 9
01
#59590000
0B
b11 ,
b11 O
b1010101 "
b1010101 ]
b10000000000000000000000001000000000000000000000000000001000000000000000000000000000000 +
b10000000000000000000000001000000000000000000000000000001000000000000000000000000000000 P
b1001100 &
b1001100 U
b10 R
b1100001 W
b100100010 %
b100100010 V
0F
0D
b1010110 f
b1100100 b
b1100001 h
1r
b10101 t
11
#59600000
b100100010 9
01
#59610000
b1010110 g
b1100100 c
1s
0r
b1 R
b100100011 %
b100100011 V
11
#59620000
b100100011 9
01
#59630000
1B
b0 R
b100100100 %
b100100100 V
b1010110 H
b1010110 a
b1100100 G
b1100100 d
1D
0s
11
#59640000
b100100100 9
01
#59650000
0B
0D
b1010111 f
b1100010 h
1r
b1001101 &
b1001101 U
b10 R
b1100010 W
b100100101 %
b100100101 V
b10101 t
11
#59660000
b100100101 9
01
#59670000
b1 R
b100100110 %
b100100110 V
b1010111 g
1s
0r
11
#59680000
b100100110 9
01
#59690000
1B
b1010111 H
b1010111 a
1D
0s
b0 R
b100100111 %
b100100111 V
11
#59700000
b100100111 9
01
#59710000
0B
b1001110 &
b1001110 U
b10 R
b1100011 W
b100101000 %
b100101000 V
0D
b1011000 f
b10010110000 k
b1100011 h
1r
b10101 t
11
#59720000
b100101000 9
01
#59730000
b1001011000 `
b1011000 g
b100101100000 o
1s
0r
b1 R
b100101001 %
b100101001 V
11
#59740000
b100101001 9
01
#59750000
1B
b0 R
b100101010 %
b100101010 V
b1011000 H
b1011000 a
b1001011000 C
b1001011000 q
b1001011000 E
b1001011000 p
1D
0s
11
#59760000
b100101010 9
01
#59770000
0B
0D
b1011001 f
b1100100 h
1r
b1001011000 '
b1001011000 T
b1001011000 (
b1001011000 S
b1001111 &
b1001111 U
b10 R
b11 Z
b100101011 %
b100101011 V
b10101 t
11
#59780000
b100101011 9
01
#59790000
b100101100 %
b100101100 V
b1011001 g
1s
0r
11
#59800000
b100101100 9
01
#59810000
b1011001 H
b1011001 a
1D
0s
b100101101 %
b100101101 V
11
#59820000
b100101101 9
01
#59830000
b1010000 &
b1010000 U
1*
0-
b0 Z
b100101110 %
b100101110 V
0D
11
#59840000
b1110 >
b10000000000000000000000001000000000000000000000000000001000000000000000000000000000000 2
b100101110 9
01
#59850000
11
#59860000
01
#59870000
11
#59880000
01
#59890000
11
#59900000
01
#59910000
11
#59920000
01
#59930000
11
#59940000
01
#59950000
11
#59960000
01
#59970000
11
#59980000
01
#59990000
11
#60000000
b0 w
b11 u
b11 =
b0 ;
01
#60010000
11
#60020000
b1110 4
b11 6
b11 @
b1 7
b1 A
01
#60030000
11
#60040000
18
01
#60050000
1?
1-
b1 Z
b0 %
b0 V
b0 R
b0 W
b0 '
b0 T
b0 (
b0 S
b1111111111111111 "
b1111111111111111 ]
b1111111111111111 #
b1111111111111111 \
b1111111111111111 $
b1111111111111111 [
b0 +
b0 P
b0 &
b0 U
b0 ,
b0 O
0*
b1111 )
b1111 Q
00
b11 /
b11 M
b11 _
1Y
11
#60060000
b0 9
b0 6
b0 @
b0 7
b0 A
08
01
#60070000
1B
0?
b10 Z
b1 %
b1 V
0Y
b0 H
b0 a
b0 G
b0 d
b0 E
b0 p
b0 C
b0 q
b0 o
b0 `
b0 n
b0 g
b0 c
b0 m
b0 f
b0 b
b0 l
b0 k
b0 j
b0 i
b0 h
b0 e
b10101 t
11
#60080000
b1 9
01
#60090000
b1 h
b1 e
b1 W
b10 %
b10 V
b10101 t
11
#60100000
b10 9
01
#60110000
b10 W
b11 %
b11 V
b10 h
b10 e
b10101 t
11
#60120000
b11 9
01
#60130000
b11 h
b11 e
b11 W
b100 %
b100 V
b10101 t
11
#60140000
b100 9
01
#60150000
b100 W
b101 %
b101 V
b100 h
b100 e
b10101 t
11
#60160000
b101 9
01
#60170000
b101 h
b101 e
b101 W
b110 %
b110 V
b10101 t
11
#60180000
b110 9
01
#60190000
b110 W
b111 %
b111 V
b110 h
b110 e
b10101 t
11
#60200000
b111 9
01
#60210000
b111 h
b111 e
b111 W
b1000 %
b1000 V
b10101 t
11
#60220000
b1000 9
01
#60230000
b1000 W
b1001 %
b1001 V
b1000 h
b1000 e
b10101 t
11
#60240000
b1001 9
01
#60250000
b1001 h
b1001 e
b1001 W
b1010 %
b1010 V
b10101 t
11
#60260000
b1010 9
01
#60270000
b1010 W
b1011 %
b1011 V
b1010 h
b1010 e
b10101 t
11
#60280000
b1011 9
01
#60290000
b1011 h
b1011 e
b1011 W
b1100 %
b1100 V
b10101 t
11
#60300000
b1100 9
01
#60310000
b1100 W
b1101 %
b1101 V
b1100 h
b1100 e
b10101 t
11
#60320000
b1101 9
01
#60330000
b1101 h
b1101 e
b1101 W
b1110 %
b1110 V
b10101 t
11
#60340000
b1110 9
01
#60350000
b1110 W
b1111 %
b1111 V
b1110 h
b1110 e
b10101 t
11
#60360000
b1111 9
01
#60370000
b1111 h
b1111 e
b1111 W
b10000 %
b10000 V
b10101 t
11
#60380000
b10000 9
01
#60390000
b10000 W
b10001 %
b10001 V
b10000 h
b10000 e
b10101 t
11
#60400000
b10001 9
01
#60410000
b10001 h
b10001 e
b10001 W
b10010 %
b10010 V
b10101 t
11
#60420000
b10010 9
01
#60430000
b10010 W
b10011 %
b10011 V
b10010 h
b10010 e
b10101 t
11
#60440000
b10011 9
01
#60450000
b10011 h
b10011 e
b10011 W
b10100 %
b10100 V
b10101 t
11
#60460000
b10100 9
01
#60470000
b10100 W
b10101 %
b10101 V
b10100 h
b10100 e
b10101 t
11
#60480000
b10101 9
01
#60490000
b11 m
b1010 f
b1100100 b
b110010000 l
b110010000 k
b110010000 j
b110010000 i
b10101 h
b10101 e
1r
b10101 W
b10110 %
b10110 V
b10101 t
11
#60500000
b10110 9
01
#60510000
b1100100000 `
b10110 W
b10111 %
b10111 V
b11 n
b1010 g
b1100100 c
b11001000000 o
1s
b1011 f
b10110 h
b10101 t
11
#60520000
b10111 9
01
#60530000
b1010 H
b1010 a
b1100100 G
b1100100 d
b1100100000 C
b1100100000 q
b1100100000 E
b1100100000 p
1D
b1011 g
b1100 f
b10111 h
b10111 W
b11000 %
b11000 V
b10101 t
11
#60540000
b11000 9
01
#60550000
b1100100000 '
b1100100000 T
b1100100000 (
b1100100000 S
b1 &
b1 U
b11000 W
b11001 %
b11001 V
b1011 H
b1011 a
b1100 g
b1101 f
b11000 h
b10101 t
11
#60560000
b11001 9
01
#60570000
b1100 H
b1100 a
b1101 g
b1110 f
b11001 h
b10 &
b10 U
b11001 W
b11010 %
b11010 V
b10101 t
11
#60580000
b11010 9
01
#60590000
b11 &
b11 U
b11010 W
b11011 %
b11011 V
b1101 H
b1101 a
b1110 g
b1111 f
b11010 h
b10101 t
11
#60600000
b11011 9
01
#60610000
b1110 H
b1110 a
b1111 g
b10000 f
b11011 h
b100 &
b100 U
b11011 W
b11100 %
b11100 V
b10101 t
11
#60620000
b11100 9
01
#60630000
b101 &
b101 U
b11100 W
b11101 %
b11101 V
b1111 H
b1111 a
b10000 g
b10001 f
b11100 h
b10101 t
11
#60640000
b11101 9
01
#60650000
b10000 H
b10000 a
b10001 g
b10010 f
b11101 h
b110 &
b110 U
b11101 W
b11110 %
b11110 V
b10101 t
11
#60660000
b11110 9
01
#60670000
b1111101000 X
b1111101000 ^
b111 &
b111 U
b11110 W
b11111 %
b11111 V
b10001 H
b10001 a
b10010 g
b10011 f
b11110 h
b10101 t
11
#60680000
b11111 9
01
#60690000
b1100100 X
b1100100 ^
b10010 H
b10010 a
b10011 g
b10100 f
b10100010100 i
b11111 h
b1000 &
b1000 U
b11111 W
b100000 %
b100000 V
b10101 t
11
#60700000
b100000 9
01
#60710000
b10011100000 `
b1001 &
b1001 U
b100000 W
b100001 %
b100001 V
b10011 H
b10011 a
b10100 g
b100111000100 o
b10101 f
b100000 h
b10101 t
11
#60720000
b100001 9
01
#60730000
b10100 H
b10100 a
b10011100000 C
b10011100000 q
b10011100000 E
b10011100000 p
b10101 g
b10110 f
b100001 h
b1010 &
b1010 U
b100001 W
b100010 %
b100010 V
b10101 t
11
#60740000
b100010 9
01
#60750000
b10011100000 '
b10011100000 T
b10011100000 (
b10011100000 S
b1011 &
b1011 U
b100010 W
b100011 %
b100011 V
b10101 H
b10101 a
b10110 g
b10111 f
b100010 h
b10101 t
11
#60760000
b100011 9
01
#60770000
b10110 H
b10110 a
b10111 g
b11000 f
b10100010100 j
b110010000 i
b100011 h
b1100 &
b1100 U
b100011 W
b100100 %
b100100 V
b10101 t
11
#60780000
b100100 9
01
#60790000
b1101 &
b1101 U
b100100 W
b100101 %
b100101 V
b10111 H
b10111 a
b11000 g
b11001 f
b100100 h
b10101 t
11
#60800000
b100101 9
01
#60810000
b11000 H
b11000 a
b11001 g
b11010 f
b100101 h
b1110 &
b1110 U
b100101 W
b100110 %
b100110 V
b10101 t
11
#60820000
b100110 9
01
#60830000
b1111 &
b1111 U
b100110 W
b100111 %
b100111 V
b11001 H
b11001 a
b11010 g
b11011 f
b100110 h
b10101 t
11
#60840000
b100111 9
01
#60850000
b11010 H
b11010 a
b11011 g
b11100 f
b110010000 j
b100111 h
b10000 &
b10000 U
b100111 W
b101000 %
b101000 V
b10101 t
11
#60860000
b101000 9
01
#60870000
b1100100000 `
b10001 &
b10001 U
b101000 W
b101001 %
b101001 V
b11011 H
b11011 a
b11100 g
b11001000000 o
b11101 f
b101000 h
b10101 t
11
#60880000
b101001 9
01
#60890000
b11100 H
b11100 a
b1100100000 C
b1100100000 q
b1100100000 E
b1100100000 p
b11101 g
b11110 f
b1111101000 b
b101001 h
b10010 &
b10010 U
b101001 W
b101010 %
b101010 V
b10101 t
11
#60900000
b101010 9
01
#60910000
b1100100000 '
b1100100000 T
b1100100000 (
b1100100000 S
b10011 &
b10011 U
b101010 W
b101011 %
b101011 V
b11101 H
b11101 a
b11110 g
b1111101000 c
b11111 f
b1100100 b
b101010 h
b10101 t
11
#60920000
b101011 9
01
#60930000
b11110 H
b11110 a
b1111101000 G
b1111101000 d
1F
b11111 g
b1100100 c
b100000 f
b101011 h
b10100 &
b10100 U
b101011 W
b101100 %
b101100 V
b10101 t
11
#60940000
b101100 9
01
#60950000
b1 ,
b1 O
b11110 $
b11110 [
b1000000000000000000000000000000 +
b1000000000000000000000000000000 P
b10101 &
b10101 U
b101100 W
b101101 %
b101101 V
b11111 H
b11111 a
b1100100 G
b1100100 d
0F
b100000 g
b100001 f
b10100010100 k
b101100 h
b10101 t
11
#60960000
b101101 9
01
#60970000
b10011100000 `
b100000 H
b100000 a
b100001 g
b100111000100 o
b100010 f
b101101 h
b10110 &
b10110 U
b101101 W
b101110 %
b101110 V
b10101 t
11
#60980000
b101110 9
01
#60990000
b10111 &
b10111 U
b101110 W
b101111 %
b101111 V
b100001 H
b100001 a
b10011100000 C
b10011100000 q
b10011100000 E
b10011100000 p
b100010 g
b100011 f
b101110 h
b10101 t
11
#61000000
b101111 9
01
#61010000
b100010 H
b100010 a
b100011 g
b100100 f
b101111 h
b10011100000 '
b10011100000 T
b10011100000 (
b10011100000 S
b11000 &
b11000 U
b101111 W
b110000 %
b110000 V
b10101 t
11
#61020000
b110000 9
01
#61030000
b11001 &
b11001 U
b110000 W
b110001 %
b110001 V
b100011 H
b100011 a
b100100 g
b100101 f
b10100010100 l
b110010000 k
b110000 h
b10101 t
11
#61040000
b110001 9
01
#61050000
b100100 H
b100100 a
b100101 g
b100110 f
b110001 h
b11010 &
b11010 U
b110001 W
b110010 %
b110010 V
b10101 t
11
#61060000
b110010 9
01
#61070000
b11011 &
b11011 U
b110010 W
b110011 %
b110011 V
b100101 H
b100101 a
b100110 g
b100111 f
b110010 h
b10101 t
11
#61080000
b110011 9
01
#61090000
b100110 H
b100110 a
b100111 g
b101000 f
b110011 h
b11100 &
b11100 U
b110011 W
b110100 %
b110100 V
b10101 t
11
#61100000
b110100 9
01
#61110000
b11101 &
b11101 U
b110100 W
b110101 %
b110101 V
b100111 H
b100111 a
b101000 g
b101001 f
b110010000 l
b110100 h
b10101 t
11
#61120000
b110101 9
01
#61130000
b1100100000 `
b101000 H
b101000 a
b101001 g
b11001000000 o
b101010 f
b110101 h
b11110 &
b11110 U
b110101 W
b110110 %
b110110 V
b10101 t
11
#61140000
b110110 9
01
#61150000
b11111 &
b11111 U
b110110 W
b110111 %
b110111 V
b101001 H
b101001 a
b1100100000 C
b1100100000 q
b1100100000 E
b1100100000 p
b101010 g
b101011 f
b110110 h
b10101 t
11
#61160000
b110111 9
01
#61170000
b101010 H
b101010 a
b101011 g
b101100 f
b110111 h
b1100100000 '
b1100100000 T
b1100100000 (
b1100100000 S
b100000 &
b100000 U
b110111 W
b111000 %
b111000 V
b10101 t
11
#61180000
b111000 9
01
#61190000
b100001 &
b100001 U
b111000 W
b111001 %
b111001 V
b101011 H
b101011 a
b101100 g
b101101 f
b111000 h
b10101 t
11
#61200000
b111001 9
01
#61210000
b101100 H
b101100 a
b101101 g
b101110 f
b111001 h
b100010 &
b100010 U
b111001 W
b111010 %
b111010 V
b10101 t
11
#61220000
b111010 9
01
#61230000
b100011 &
b100011 U
b111010 W
b111011 %
b111011 V
b101101 H
b101101 a
b101110 g
b101111 f
b111010 h
b10101 t
11
#61240000
b111011 9
01
#61250000
b101110 H
b101110 a
b101111 g
b110000 f
b111011 h
b100100 &
b100100 U
b111011 W
b111100 %
b111100 V
b10101 t
11
#61260000
b111100 9
01
#61270000
b10010110000 X
b10010110000 ^
b100101 &
b100101 U
b111100 W
b111101 %
b111101 V
b101111 H
b101111 a
b110000 g
b110001 f
b111100 h
b10101 t
11
#61280000
b111101 9
01
#61290000
b1100100 X
b1100100 ^
b110000 H
b110000 a
b110001 g
b110010 f
b10111011100 i
b111101 h
b100110 &
b100110 U
b111101 W
b111110 %
b111110 V
b10101 t
11
#61300000
b111110 9
01
#61310000
b10101000000 `
b100111 &
b100111 U
b111110 W
b111111 %
b111111 V
b110001 H
b110001 a
b110010 g
b101010001100 o
b110011 f
b111110 h
b10101 t
11
#61320000
b111111 9
01
#61330000
b110010 H
b110010 a
b10101000000 C
b10101000000 q
b10101000000 E
b10101000000 p
b110011 g
b110100 f
b111111 h
b101000 &
b101000 U
b111111 W
b1000000 %
b1000000 V
b10101 t
11
#61340000
b1000000 9
01
#61350000
b10101000000 '
b10101000000 T
b10101000000 (
b10101000000 S
b101001 &
b101001 U
b1000000 W
b1000001 %
b1000001 V
b110011 H
b110011 a
b110100 g
b110101 f
b1000000 h
b10101 t
11
#61360000
b1000001 9
01
#61370000
b110100 H
b110100 a
b110101 g
b110110 f
b10111011100 j
b110010000 i
b1000001 h
b101010 &
b101010 U
b1000001 W
b1000010 %
b1000010 V
b10101 t
11
#61380000
b1000010 9
01
#61390000
b101011 &
b101011 U
b1000010 W
b1000011 %
b1000011 V
b110101 H
b110101 a
b110110 g
b110111 f
b1000010 h
b10101 t
11
#61400000
b1000011 9
01
#61410000
b110110 H
b110110 a
b110111 g
b111000 f
b1000011 h
b101100 &
b101100 U
b1000011 W
b1000100 %
b1000100 V
b10101 t
11
#61420000
b1000100 9
01
#61430000
b101101 &
b101101 U
b1000100 W
b1000101 %
b1000101 V
b110111 H
b110111 a
b111000 g
b111001 f
b1000100 h
b10101 t
11
#61440000
b1000101 9
01
#61450000
b111000 H
b111000 a
b111001 g
b111010 f
b110010000 j
b1000101 h
b101110 &
b101110 U
b1000101 W
b1000110 %
b1000110 V
b10101 t
11
#61460000
b1000110 9
01
#61470000
b1100100000 `
b101111 &
b101111 U
b1000110 W
b1000111 %
b1000111 V
b111001 H
b111001 a
b111010 g
b11001000000 o
b111011 f
b1000110 h
b10101 t
11
#61480000
b1000111 9
01
#61490000
b111010 H
b111010 a
b1100100000 C
b1100100000 q
b1100100000 E
b1100100000 p
b111011 g
b111100 f
b10010110000 b
b1000111 h
b110000 &
b110000 U
b1000111 W
b1001000 %
b1001000 V
b10101 t
11
#61500000
b1001000 9
01
#61510000
b1100100000 '
b1100100000 T
b1100100000 (
b1100100000 S
b110001 &
b110001 U
b1001000 W
b1001001 %
b1001001 V
b111011 H
b111011 a
b111100 g
b10010110000 c
b111101 f
b1100100 b
b1001000 h
b10101 t
11
#61520000
b1001001 9
01
#61530000
b111100 H
b111100 a
b10010110000 G
b10010110000 d
1F
b111101 g
b1100100 c
b111110 f
b1001001 h
b110010 &
b110010 U
b1001001 W
b1001010 %
b1001010 V
b10101 t
11
#61540000
b1001010 9
01
#61550000
b10 ,
b10 O
b111100 #
b111100 \
b1000000000000000000000000000001000000000000000000000000000000 +
b1000000000000000000000000000001000000000000000000000000000000 P
b110011 &
b110011 U
b1001010 W
b1001011 %
b1001011 V
b111101 H
b111101 a
b1100100 G
b1100100 d
0F
b111110 g
b111111 f
b10111011100 k
b1001010 h
b10101 t
11
#61560000
b1001011 9
01
#61570000
b10101000000 `
b111110 H
b111110 a
b111111 g
b101010001100 o
b1000000 f
b1001011 h
b110100 &
b110100 U
b1001011 W
b1001100 %
b1001100 V
b10101 t
11
#61580000
b1001100 9
01
#61590000
b110101 &
b110101 U
b1001100 W
b1001101 %
b1001101 V
b111111 H
b111111 a
b10101000000 C
b10101000000 q
b10101000000 E
b10101000000 p
b1000000 g
b1000001 f
b1001100 h
b10101 t
11
#61600000
b1001101 9
01
#61610000
b1000000 H
b1000000 a
b1000001 g
b1000010 f
b1001101 h
b10101000000 '
b10101000000 T
b10101000000 (
b10101000000 S
b110110 &
b110110 U
b1001101 W
b1001110 %
b1001110 V
b10101 t
11
#61620000
b1001110 9
01
#61630000
b110111 &
b110111 U
b1001110 W
b1001111 %
b1001111 V
b1000001 H
b1000001 a
b1000010 g
b1000011 f
b10111011100 l
b110010000 k
b1001110 h
b10101 t
11
#61640000
b1001111 9
01
#61650000
b1000010 H
b1000010 a
b1000011 g
b1000100 f
b1001111 h
b111000 &
b111000 U
b1001111 W
b1010000 %
b1010000 V
b10101 t
11
#61660000
b1010000 9
01
#61670000
b111001 &
b111001 U
b1010000 W
b1010001 %
b1010001 V
b1000011 H
b1000011 a
b1000100 g
b1000101 f
b1010000 h
b10101 t
11
#61680000
b1010001 9
01
#61690000
b1000100 H
b1000100 a
b1000101 g
b1000110 f
b1010001 h
b111010 &
b111010 U
b1010001 W
b1010010 %
b1010010 V
b10101 t
11
#61700000
b1010010 9
01
#61710000
b111011 &
b111011 U
b1010010 W
b1010011 %
b1010011 V
b1000101 H
b1000101 a
b1000110 g
b1000111 f
b110010000 l
b1010010 h
b10101 t
11
#61720000
b1010011 9
01
#61730000
b1100100000 `
b1000110 H
b1000110 a
b1000111 g
b11001000000 o
b1001000 f
b1010011 h
b111100 &
b111100 U
b1010011 W
b1010100 %
b1010100 V
b10101 t
11
#61740000
b1010100 9
01
#61750000
b111101 &
b111101 U
b1010100 W
b1010101 %
b1010101 V
b1000111 H
b1000111 a
b1100100000 C
b1100100000 q
b1100100000 E
b1100100000 p
b1001000 g
b1001001 f
b1010100 h
b10101 t
11
#61760000
b1010101 9
01
#61770000
b1110000100 X
b1110000100 ^
b1001000 H
b1001000 a
b1001001 g
b1001010 f
b1010101 h
b1100100000 '
b1100100000 T
b1100100000 (
b1100100000 S
b111110 &
b111110 U
b1010101 W
b1010110 %
b1010110 V
b10101 t
11
#61780000
b1010110 9
01
#61790000
b1100100 X
b1100100 ^
b111111 &
b111111 U
b1010110 W
b1010111 %
b1010111 V
b1001001 H
b1001001 a
b1001010 g
b1001011 f
b10010110000 i
b1010110 h
b10101 t
11
#61800000
b1010111 9
01
#61810000
b10010110000 `
b1001010 H
b1001010 a
b1001011 g
b100101100000 o
b1001100 f
b1010111 h
b1000000 &
b1000000 U
b1010111 W
b1011000 %
b1011000 V
b10101 t
11
#61820000
b1011000 9
01
#61830000
b1000001 &
b1000001 U
b1011000 W
b1011001 %
b1011001 V
b1001011 H
b1001011 a
b10010110000 C
b10010110000 q
b10010110000 E
b10010110000 p
b1001100 g
b1001101 f
b1011000 h
b10101 t
11
#61840000
b1011001 9
01
#61850000
b1001100 H
b1001100 a
b1001101 g
b1001110 f
b1011001 h
b10010110000 '
b10010110000 T
b10010110000 (
b10010110000 S
b1000010 &
b1000010 U
b1011001 W
b1011010 %
b1011010 V
b10101 t
11
#61860000
b1011010 9
01
#61870000
b1000011 &
b1000011 U
b1011010 W
b1011011 %
b1011011 V
b1001101 H
b1001101 a
b1001110 g
b1001111 f
b10010110000 j
b110010000 i
b1011010 h
b10101 t
11
#61880000
b1011011 9
01
#61890000
b1001110 H
b1001110 a
b1001111 g
b1010000 f
b1011011 h
b1000100 &
b1000100 U
b1011011 W
b1011100 %
b1011100 V
b10101 t
11
#61900000
b1011100 9
01
#61910000
b1000101 &
b1000101 U
b1011100 W
b1011101 %
b1011101 V
b1001111 H
b1001111 a
b1010000 g
b1010001 f
b1011100 h
b10101 t
11
#61920000
b1011101 9
01
#61930000
b1010000 H
b1010000 a
b1010001 g
b1010010 f
b1011101 h
b1000110 &
b1000110 U
b1011101 W
b1011110 %
b1011110 V
b10101 t
11
#61940000
b1011110 9
01
#61950000
b1000111 &
b1000111 U
b1011110 W
b1011111 %
b1011111 V
b1010001 H
b1010001 a
b1010010 g
b1010011 f
b110010000 j
b1011110 h
b10101 t
11
#61960000
b1011111 9
01
#61970000
b1100100000 `
b1010010 H
b1010010 a
b1010011 g
b11001000000 o
b1010100 f
b1011111 h
b1001000 &
b1001000 U
b1011111 W
b1100000 %
b1100000 V
b10101 t
11
#61980000
b1100000 9
01
#61990000
b1001001 &
b1001001 U
b1100000 W
b1100001 %
b1100001 V
b1010011 H
b1010011 a
b1100100000 C
b1100100000 q
b1100100000 E
b1100100000 p
b1010100 g
b1010101 f
b1110000100 b
b1100000 h
b10101 t
11
#62000000
b1100001 9
01
#62010000
b1010100 H
b1010100 a
b1010101 g
b1110000100 c
b1010110 f
b1100100 b
b1100001 h
b1100100000 '
b1100100000 T
b1100100000 (
b1100100000 S
b1001010 &
b1001010 U
b1100001 W
b1100010 %
b1100010 V
b10101 t
11
#62020000
b1100010 9
01
#62030000
b1001011 &
b1001011 U
b1100010 W
b1100011 %
b1100011 V
b1010101 H
b1010101 a
b1110000100 G
b1110000100 d
1F
b1010110 g
b1100100 c
b1010111 f
b1100010 h
b10101 t
11
#62040000
b1100011 9
01
#62050000
b1010110 H
b1010110 a
b1100100 G
b1100100 d
0F
b1010111 g
b1011000 f
b10010110000 k
b1100011 h
b11 ,
b11 O
b1010101 "
b1010101 ]
b10000000000000000000000001000000000000000000000000000001000000000000000000000000000000 +
b10000000000000000000000001000000000000000000000000000001000000000000000000000000000000 P
b1001100 &
b1001100 U
b1100011 W
b1100100 %
b1100100 V
b10101 t
11
#62060000
b1100100 9
01
#62070000
0B
b10010110000 `
b1001101 &
b1001101 U
b11 Z
b1100101 %
b1100101 V
b1010111 H
b1010111 a
b1011000 g
b100101100000 o
b1011001 f
b1100100 h
b10101 t
11
#62080000
b1100101 9
01
#62090000
b1011000 H
b1011000 a
b10010110000 C
b10010110000 q
b10010110000 E
b10010110000 p
b1011001 g
0r
b1001110 &
b1001110 U
b1100110 %
b1100110 V
11
#62100000
b1100110 9
01
#62110000
b10010110000 '
b10010110000 T
b10010110000 (
b10010110000 S
b1001111 &
b1001111 U
b1100111 %
b1100111 V
b1011001 H
b1011001 a
0s
11
#62120000
b1100111 9
01
#62130000
0D
b1010000 &
b1010000 U
1*
0-
b0 Z
b1101000 %
b1101000 V
11
#62140000
b1111 >
b10000000000000000000000001000000000000000000000000000001000000000000000000000000000000 2
b1101000 9
01
#62150000
11
#62160000
01
#62170000
11
#62180000
01
#62190000
11
#62200000
01
#62210000
11
#62220000
01
#62230000
11
#62240000
01
#62250000
11
#62260000
01
#62270000
11
#62280000
01
#62290000
11
#62300000
b1 w
b1 ;
01
#62310000
11
#62320000
b1111 4
13
b11 6
b11 @
b1 7
b1 A
01
#62330000
11
#62340000
18
01
#62350000
1?
1-
b1 Z
b0 %
b0 V
b0 W
b0 '
b0 T
b0 (
b0 S
b1111111111111111 "
b1111111111111111 ]
b1111111111111111 #
b1111111111111111 \
b1111111111111111 $
b1111111111111111 [
b0 +
b0 P
b0 &
b0 U
b0 ,
b0 O
0*
b10000 )
b10000 Q
10
1Y
11
#62360000
b0 9
03
b0 6
b0 @
b0 7
b0 A
08
01
#62370000
1B
0?
b0 H
b0 a
b0 G
b0 d
b0 E
b0 p
b0 C
b0 q
b0 o
b0 `
b0 n
b0 g
b0 c
b0 m
b0 f
b0 b
b0 l
b0 k
b0 j
b0 i
b0 h
b0 e
b10 Z
b1 %
b1 V
0Y
b10101 t
11
#62380000
b1 9
01
#62390000
0B
b10 R
b1 W
b10 %
b10 V
b1 h
b1 e
b10101 t
11
#62400000
b10 9
01
#62410000
b1 R
b11 %
b11 V
11
#62420000
b11 9
01
#62430000
1B
b0 R
b100 %
b100 V
11
#62440000
b100 9
01
#62450000
0B
b10 h
b10 e
b10 R
b10 W
b101 %
b101 V
b10101 t
11
#62460000
b101 9
01
#62470000
b1 R
b110 %
b110 V
11
#62480000
b110 9
01
#62490000
1B
b0 R
b111 %
b111 V
11
#62500000
b111 9
01
#62510000
0B
b10 R
b11 W
b1000 %
b1000 V
b11 h
b11 e
b10101 t
11
#62520000
b1000 9
01
#62530000
b1 R
b1001 %
b1001 V
11
#62540000
b1001 9
01
#62550000
1B
b0 R
b1010 %
b1010 V
11
#62560000
b1010 9
01
#62570000
0B
b100 h
b100 e
b10 R
b100 W
b1011 %
b1011 V
b10101 t
11
#62580000
b1011 9
01
#62590000
b1 R
b1100 %
b1100 V
11
#62600000
b1100 9
01
#62610000
1B
b0 R
b1101 %
b1101 V
11
#62620000
b1101 9
01
#62630000
0B
b10 R
b101 W
b1110 %
b1110 V
b101 h
b101 e
b10101 t
11
#62640000
b1110 9
01
#62650000
b1 R
b1111 %
b1111 V
11
#62660000
b1111 9
01
#62670000
1B
b0 R
b10000 %
b10000 V
11
#62680000
b10000 9
01
#62690000
0B
b110 h
b110 e
b10 R
b110 W
b10001 %
b10001 V
b10101 t
11
#62700000
b10001 9
01
#62710000
b1 R
b10010 %
b10010 V
11
#62720000
b10010 9
01
#62730000
1B
b0 R
b10011 %
b10011 V
11
#62740000
b10011 9
01
#62750000
0B
b10 R
b111 W
b10100 %
b10100 V
b111 h
b111 e
b10101 t
11
#62760000
b10100 9
01
#62770000
b1 R
b10101 %
b10101 V
11
#62780000
b10101 9
01
#62790000
1B
b0 R
b10110 %
b10110 V
11
#62800000
b10110 9
01
#62810000
0B
b1000 h
b1000 e
b10 R
b1000 W
b10111 %
b10111 V
b10101 t
11
#62820000
b10111 9
01
#62830000
b1 R
b11000 %
b11000 V
11
#62840000
b11000 9
01
#62850000
1B
b0 R
b11001 %
b11001 V
11
#62860000
b11001 9
01
#62870000
0B
b10 R
b1001 W
b11010 %
b11010 V
b1001 h
b1001 e
b10101 t
11
#62880000
b11010 9
01
#62890000
b1 R
b11011 %
b11011 V
11
#62900000
b11011 9
01
#62910000
1B
b0 R
b11100 %
b11100 V
11
#62920000
b11100 9
01
#62930000
0B
b1010 h
b1010 e
b10 R
b1010 W
b11101 %
b11101 V
b10101 t
11
#62940000
b11101 9
01
#62950000
b1 R
b11110 %
b11110 V
11
#62960000
b11110 9
01
#62970000
1B
b0 R
b11111 %
b11111 V
11
#62980000
b11111 9
01
#62990000
0B
b10 R
b1011 W
b100000 %
b100000 V
b1011 h
b1011 e
b10101 t
11
#63000000
b100000 9
01
#63010000
b1 R
b100001 %
b100001 V
11
#63020000
b100001 9
01
#63030000
1B
b0 R
b100010 %
b100010 V
11
#63040000
b100010 9
01
#63050000
0B
b1100 h
b1100 e
b10 R
b1100 W
b100011 %
b100011 V
b10101 t
11
#63060000
b100011 9
01
#63070000
b1 R
b100100 %
b100100 V
11
#63080000
b100100 9
01
#63090000
1B
b0 R
b100101 %
b100101 V
11
#63100000
b100101 9
01
#63110000
0B
b10 R
b1101 W
b100110 %
b100110 V
b1101 h
b1101 e
b10101 t
11
#63120000
b100110 9
01
#63130000
b1 R
b100111 %
b100111 V
11
#63140000
b100111 9
01
#63150000
1B
b0 R
b101000 %
b101000 V
11
#63160000
b101000 9
01
#63170000
0B
b1110 h
b1110 e
b10 R
b1110 W
b101001 %
b101001 V
b10101 t
11
#63180000
b101001 9
01
#63190000
b1 R
b101010 %
b101010 V
11
#63200000
b101010 9
01
#63210000
1B
b0 R
b101011 %
b101011 V
11
#63220000
b101011 9
01
#63230000
0B
b10 R
b1111 W
b101100 %
b101100 V
b1111 h
b1111 e
b10101 t
11
#63240000
b101100 9
01
#63250000
b1 R
b101101 %
b101101 V
11
#63260000
b101101 9
01
#63270000
1B
b0 R
b101110 %
b101110 V
11
#63280000
b101110 9
01
#63290000
0B
b10000 h
b10000 e
b10 R
b10000 W
b101111 %
b101111 V
b10101 t
11
#63300000
b101111 9
01
#63310000
b1 R
b110000 %
b110000 V
11
#63320000
b110000 9
01
#63330000
1B
b0 R
b110001 %
b110001 V
11
#63340000
b110001 9
01
#63350000
0B
b10 R
b10001 W
b110010 %
b110010 V
b10001 h
b10001 e
b10101 t
11
#63360000
b110010 9
01
#63370000
b1 R
b110011 %
b110011 V
11
#63380000
b110011 9
01
#63390000
1B
b0 R
b110100 %
b110100 V
11
#63400000
b110100 9
01
#63410000
0B
b10010 h
b10010 e
b10 R
b10010 W
b110101 %
b110101 V
b10101 t
11
#63420000
b110101 9
01
#63430000
b1 R
b110110 %
b110110 V
11
#63440000
b110110 9
01
#63450000
1B
b0 R
b110111 %
b110111 V
11
#63460000
b110111 9
01
#63470000
0B
b10 R
b10011 W
b111000 %
b111000 V
b10011 h
b10011 e
b10101 t
11
#63480000
b111000 9
01
#63490000
b1 R
b111001 %
b111001 V
11
#63500000
b111001 9
01
#63510000
1B
b0 R
b111010 %
b111010 V
11
#63520000
b111010 9
01
#63530000
0B
b10100 h
b10100 e
b10 R
b10100 W
b111011 %
b111011 V
b10101 t
11
#63540000
b111011 9
01
#63550000
b1 R
b111100 %
b111100 V
11
#63560000
b111100 9
01
#63570000
1B
b0 R
b111101 %
b111101 V
11
#63580000
b111101 9
01
#63590000
0B
b10 R
b10101 W
b111110 %
b111110 V
b11 m
b1010 f
b1100100 b
b110010000 l
b110010000 k
b110010000 j
b110010000 i
b10101 h
b10101 e
1r
b10101 t
11
#63600000
b111110 9
01
#63610000
b1100100000 `
b11 n
b1010 g
b1100100 c
b11001000000 o
1s
0r
b1 R
b111111 %
b111111 V
11
#63620000
b111111 9
01
#63630000
1B
b0 R
b1000000 %
b1000000 V
b1010 H
b1010 a
b1100100 G
b1100100 d
b1100100000 C
b1100100000 q
b1100100000 E
b1100100000 p
1D
0s
11
#63640000
b1000000 9
01
#63650000
0B
0D
b1011 f
b10110 h
1r
b1100100000 '
b1100100000 T
b1100100000 (
b1100100000 S
b1 &
b1 U
b10 R
b10110 W
b1000001 %
b1000001 V
b10101 t
11
#63660000
b1000001 9
01
#63670000
b1 R
b1000010 %
b1000010 V
b1011 g
1s
0r
11
#63680000
b1000010 9
01
#63690000
1B
b1011 H
b1011 a
1D
0s
b0 R
b1000011 %
b1000011 V
11
#63700000
b1000011 9
01
#63710000
0B
b10 &
b10 U
b10 R
b10111 W
b1000100 %
b1000100 V
0D
b1100 f
b10111 h
1r
b10101 t
11
#63720000
b1000100 9
01
#63730000
b1100 g
1s
0r
b1 R
b1000101 %
b1000101 V
11
#63740000
b1000101 9
01
#63750000
1B
b0 R
b1000110 %
b1000110 V
b1100 H
b1100 a
1D
0s
11
#63760000
b1000110 9
01
#63770000
0B
0D
b1101 f
b11000 h
1r
b11 &
b11 U
b10 R
b11000 W
b1000111 %
b1000111 V
b10101 t
11
#63780000
b1000111 9
01
#63790000
b1 R
b1001000 %
b1001000 V
b1101 g
1s
0r
11
#63800000
b1001000 9
01
#63810000
1B
b1101 H
b1101 a
1D
0s
b0 R
b1001001 %
b1001001 V
11
#63820000
b1001001 9
01
#63830000
0B
b100 &
b100 U
b10 R
b11001 W
b1001010 %
b1001010 V
0D
b1110 f
b11001 h
1r
b10101 t
11
#63840000
b1001010 9
01
#63850000
b1110 g
1s
0r
b1 R
b1001011 %
b1001011 V
11
#63860000
b1001011 9
01
#63870000
1B
b0 R
b1001100 %
b1001100 V
b1110 H
b1110 a
1D
0s
11
#63880000
b1001100 9
01
#63890000
0B
0D
b1111 f
b11010 h
1r
b101 &
b101 U
b10 R
b11010 W
b1001101 %
b1001101 V
b10101 t
11
#63900000
b1001101 9
01
#63910000
b1 R
b1001110 %
b1001110 V
b1111 g
1s
0r
11
#63920000
b1001110 9
01
#63930000
1B
b1111 H
b1111 a
1D
0s
b0 R
b1001111 %
b1001111 V
11
#63940000
b1001111 9
01
#63950000
0B
b110 &
b110 U
b10 R
b11011 W
b1010000 %
b1010000 V
0D
b10000 f
b11011 h
1r
b10101 t
11
#63960000
b1010000 9
01
#63970000
b10000 g
1s
0r
b1 R
b1010001 %
b1010001 V
11
#63980000
b1010001 9
01
#63990000
1B
b0 R
b1010010 %
b1010010 V
b10000 H
b10000 a
1D
0s
11
#64000000
b1010010 9
01
#64010000
0B
0D
b10001 f
b11100 h
1r
b111 &
b111 U
b10 R
b11100 W
b1010011 %
b1010011 V
b10101 t
11
#64020000
b1010011 9
01
#64030000
b1 R
b1010100 %
b1010100 V
b10001 g
1s
0r
11
#64040000
b1010100 9
01
#64050000
1B
b10001 H
b10001 a
1D
0s
b0 R
b1010101 %
b1010101 V
11
#64060000
b1010101 9
01
#64070000
0B
b1000 &
b1000 U
b10 R
b11101 W
b1010110 %
b1010110 V
0D
b10010 f
b11101 h
1r
b10101 t
11
#64080000
b1010110 9
01
#64090000
b10010 g
1s
0r
b1 R
b1010111 %
b1010111 V
11
#64100000
b1010111 9
01
#64110000
1B
b0 R
b1011000 %
b1011000 V
b10010 H
b10010 a
1D
0s
11
#64120000
b1011000 9
01
#64130000
0B
b1111101000 X
b1111101000 ^
0D
b10011 f
b11110 h
1r
b1001 &
b1001 U
b10 R
b11110 W
b1011001 %
b1011001 V
b10101 t
11
#64140000
b1011001 9
01
#64150000
b1 R
b1011010 %
b1011010 V
b10011 g
1s
0r
11
#64160000
b1011010 9
01
#64170000
1B
b10011 H
b10011 a
1D
0s
b0 R
b1011011 %
b1011011 V
11
#64180000
b1011011 9
01
#64190000
0B
b1100100 X
b1100100 ^
b1010 &
b1010 U
b10 R
b11111 W
b1011100 %
b1011100 V
0D
b10100 f
b10100010100 i
b11111 h
1r
b10101 t
11
#64200000
b1011100 9
01
#64210000
b10011100000 `
b10100 g
b100111000100 o
1s
0r
b1 R
b1011101 %
b1011101 V
11
#64220000
b1011101 9
01
#64230000
1B
b0 R
b1011110 %
b1011110 V
b10100 H
b10100 a
b10011100000 C
b10011100000 q
b10011100000 E
b10011100000 p
1D
0s
11
#64240000
b1011110 9
01
#64250000
0B
0D
b10101 f
b100000 h
1r
b10011100000 '
b10011100000 T
b10011100000 (
b10011100000 S
b1011 &
b1011 U
b10 R
b100000 W
b1011111 %
b1011111 V
b10101 t
11
#64260000
b1011111 9
01
#64270000
b1 R
b1100000 %
b1100000 V
b10101 g
1s
0r
11
#64280000
b1100000 9
01
#64290000
1B
b10101 H
b10101 a
1D
0s
b0 R
b1100001 %
b1100001 V
11
#64300000
b1100001 9
01
#64310000
0B
b1100 &
b1100 U
b10 R
b100001 W
b1100010 %
b1100010 V
0D
b10110 f
b100001 h
1r
b10101 t
11
#64320000
b1100010 9
01
#64330000
b10110 g
1s
0r
b1 R
b1100011 %
b1100011 V
11
#64340000
b1100011 9
01
#64350000
1B
b0 R
b1100100 %
b1100100 V
b10110 H
b10110 a
1D
0s
11
#64360000
b1100100 9
01
#64370000
0B
0D
b10111 f
b100010 h
1r
b1101 &
b1101 U
b10 R
b100010 W
b1100101 %
b1100101 V
b10101 t
11
#64380000
b1100101 9
01
#64390000
b1 R
b1100110 %
b1100110 V
b10111 g
1s
0r
11
#64400000
b1100110 9
01
#64410000
1B
b10111 H
b10111 a
1D
0s
b0 R
b1100111 %
b1100111 V
11
#64420000
b1100111 9
01
#64430000
0B
b1110 &
b1110 U
b10 R
b100011 W
b1101000 %
b1101000 V
0D
b11000 f
b10100010100 j
b110010000 i
b100011 h
1r
b10101 t
11
#64440000
b1101000 9
01
#64450000
b11000 g
1s
0r
b1 R
b1101001 %
b1101001 V
11
#64460000
b1101001 9
01
#64470000
1B
b0 R
b1101010 %
b1101010 V
b11000 H
b11000 a
1D
0s
11
#64480000
b1101010 9
01
#64490000
0B
0D
b11001 f
b100100 h
1r
b1111 &
b1111 U
b10 R
b100100 W
b1101011 %
b1101011 V
b10101 t
11
#64500000
b1101011 9
01
#64510000
b1 R
b1101100 %
b1101100 V
b11001 g
1s
0r
11
#64520000
b1101100 9
01
#64530000
1B
b11001 H
b11001 a
1D
0s
b0 R
b1101101 %
b1101101 V
11
#64540000
b1101101 9
01
#64550000
0B
b10000 &
b10000 U
b10 R
b100101 W
b1101110 %
b1101110 V
0D
b11010 f
b100101 h
1r
b10101 t
11
#64560000
b1101110 9
01
#64570000
b11010 g
1s
0r
b1 R
b1101111 %
b1101111 V
11
#64580000
b1101111 9
01
#64590000
1B
b0 R
b1110000 %
b1110000 V
b11010 H
b11010 a
1D
0s
11
#64600000
b1110000 9
01
#64610000
0B
0D
b11011 f
b100110 h
1r
b10001 &
b10001 U
b10 R
b100110 W
b1110001 %
b1110001 V
b10101 t
11
#64620000
b1110001 9
01
#64630000
b1 R
b1110010 %
b1110010 V
b11011 g
1s
0r
11
#64640000
b1110010 9
01
#64650000
1B
b11011 H
b11011 a
1D
0s
b0 R
b1110011 %
b1110011 V
11
#64660000
b1110011 9
01
#64670000
0B
b10010 &
b10010 U
b10 R
b100111 W
b1110100 %
b1110100 V
0D
b11100 f
b110010000 j
b100111 h
1r
b10101 t
11
#64680000
b1110100 9
01
#64690000
b1100100000 `
b11100 g
b11001000000 o
1s
0r
b1 R
b1110101 %
b1110101 V
11
#64700000
b1110101 9
01
#64710000
1B
b0 R
b1110110 %
b1110110 V
b11100 H
b11100 a
b1100100000 C
b1100100000 q
b1100100000 E
b1100100000 p
1D
0s
11
#64720000
b1110110 9
01
#64730000
0B
0D
b11101 f
b101000 h
1r
b1100100000 '
b1100100000 T
b1100100000 (
b1100100000 S
b10011 &
b10011 U
b10 R
b101000 W
b1110111 %
b1110111 V
b10101 t
11
#64740000
b1110111 9
01
#64750000
b1 R
b1111000 %
b1111000 V
b11101 g
1s
0r
11
#64760000
b1111000 9
01
#64770000
1B
b11101 H
b11101 a
1D
0s
b0 R
b1111001 %
b1111001 V
11
#64780000
b1111001 9
01
#64790000
0B
b10100 &
b10100 U
b10 R
b101001 W
b1111010 %
b1111010 V
0D
b11110 f
b1111101000 b
b101001 h
1r
b10101 t
11
#64800000
b1111010 9
01
#64810000
b11110 g
b1111101000 c
1s
0r
b1 R
b1111011 %
b1111011 V
11
#64820000
b1111011 9
01
#64830000
1B
b0 R
b1111100 %
b1111100 V
b11110 H
b11110 a
b1111101000 G
b1111101000 d
1F
1D
0s
11
#64840000
b1111100 9
01
#64850000
0B
0F
0D
b11111 f
b1100100 b
b101010 h
1r
b1 ,
b1 O
b11110 $
b11110 [
b1000000000000000000000000000000 +
b1000000000000000000000000000000 P
b10101 &
b10101 U
b10 R
b101010 W
b1111101 %
b1111101 V
b10101 t
11
#64860000
b1111101 9
01
#64870000
b1 R
b1111110 %
b1111110 V
b11111 g
b1100100 c
1s
0r
11
#64880000
b1111110 9
01
#64890000
1B
b11111 H
b11111 a
b1100100 G
b1100100 d
1D
0s
b0 R
b1111111 %
b1111111 V
11
#64900000
b1111111 9
01
#64910000
0B
b10110 &
b10110 U
b10 R
b101011 W
b10000000 %
b10000000 V
0D
b100000 f
b101011 h
1r
b10101 t
11
#64920000
b10000000 9
01
#64930000
b100000 g
1s
0r
b1 R
b10000001 %
b10000001 V
11
#64940000
b10000001 9
01
#64950000
1B
b0 R
b10000010 %
b10000010 V
b100000 H
b100000 a
1D
0s
11
#64960000
b10000010 9
01
#64970000
0B
0D
b100001 f
b10100010100 k
b101100 h
1r
b10111 &
b10111 U
b10 R
b101100 W
b10000011 %
b10000011 V
b10101 t
11
#64980000
b10000011 9
01
#64990000
b10011100000 `
b1 R
b10000100 %
b10000100 V
b100001 g
b100111000100 o
1s
0r
11
#65000000
b10000100 9
01
#65010000
1B
b100001 H
b100001 a
b10011100000 C
b10011100000 q
b10011100000 E
b10011100000 p
1D
0s
b0 R
b10000101 %
b10000101 V
11
#65020000
b10000101 9
01
#65030000
0B
b10011100000 '
b10011100000 T
b10011100000 (
b10011100000 S
b11000 &
b11000 U
b10 R
b101101 W
b10000110 %
b10000110 V
0D
b100010 f
b101101 h
1r
b10101 t
11
#65040000
b10000110 9
01
#65050000
b100010 g
1s
0r
b1 R
b10000111 %
b10000111 V
11
#65060000
b10000111 9
01
#65070000
1B
b0 R
b10001000 %
b10001000 V
b100010 H
b100010 a
1D
0s
11
#65080000
b10001000 9
01
#65090000
0B
0D
b100011 f
b101110 h
1r
b11001 &
b11001 U
b10 R
b101110 W
b10001001 %
b10001001 V
b10101 t
11
#65100000
b10001001 9
01
#65110000
b1 R
b10001010 %
b10001010 V
b100011 g
1s
0r
11
#65120000
b10001010 9
01
#65130000
1B
b100011 H
b100011 a
1D
0s
b0 R
b10001011 %
b10001011 V
11
#65140000
b10001011 9
01
#65150000
0B
b11010 &
b11010 U
b10 R
b101111 W
b10001100 %
b10001100 V
0D
b100100 f
b101111 h
1r
b10101 t
11
#65160000
b10001100 9
01
#65170000
b100100 g
1s
0r
b1 R
b10001101 %
b10001101 V
11
#65180000
b10001101 9
01
#65190000
1B
b0 R
b10001110 %
b10001110 V
b100100 H
b100100 a
1D
0s
11
#65200000
b10001110 9
01
#65210000
0B
0D
b100101 f
b10100010100 l
b110010000 k
b110000 h
1r
b11011 &
b11011 U
b10 R
b110000 W
b10001111 %
b10001111 V
b10101 t
11
#65220000
b10001111 9
01
#65230000
b1 R
b10010000 %
b10010000 V
b100101 g
1s
0r
11
#65240000
b10010000 9
01
#65250000
1B
b100101 H
b100101 a
1D
0s
b0 R
b10010001 %
b10010001 V
11
#65260000
b10010001 9
01
#65270000
0B
b11100 &
b11100 U
b10 R
b110001 W
b10010010 %
b10010010 V
0D
b100110 f
b110001 h
1r
b10101 t
11
#65280000
b10010010 9
01
#65290000
b100110 g
1s
0r
b1 R
b10010011 %
b10010011 V
11
#65300000
b10010011 9
01
#65310000
1B
b0 R
b10010100 %
b10010100 V
b100110 H
b100110 a
1D
0s
11
#65320000
b10010100 9
01
#65330000
0B
0D
b100111 f
b110010 h
1r
b11101 &
b11101 U
b10 R
b110010 W
b10010101 %
b10010101 V
b10101 t
11
#65340000
b10010101 9
01
#65350000
b1 R
b10010110 %
b10010110 V
b100111 g
1s
0r
11
#65360000
b10010110 9
01
#65370000
1B
b100111 H
b100111 a
1D
0s
b0 R
b10010111 %
b10010111 V
11
#65380000
b10010111 9
01
#65390000
0B
b11110 &
b11110 U
b10 R
b110011 W
b10011000 %
b10011000 V
0D
b101000 f
b110011 h
1r
b10101 t
11
#65400000
b10011000 9
01
#65410000
b101000 g
1s
0r
b1 R
b10011001 %
b10011001 V
11
#65420000
b10011001 9
01
#65430000
1B
b0 R
b10011010 %
b10011010 V
b101000 H
b101000 a
1D
0s
11
#65440000
b10011010 9
01
#65450000
0B
0D
b101001 f
b110010000 l
b110100 h
1r
b11111 &
b11111 U
b10 R
b110100 W
b10011011 %
b10011011 V
b10101 t
11
#65460000
b10011011 9
01
#65470000
b1100100000 `
b1 R
b10011100 %
b10011100 V
b101001 g
b11001000000 o
1s
0r
11
#65480000
b10011100 9
01
#65490000
1B
b101001 H
b101001 a
b1100100000 C
b1100100000 q
b1100100000 E
b1100100000 p
1D
0s
b0 R
b10011101 %
b10011101 V
11
#65500000
b10011101 9
01
#65510000
0B
b1100100000 '
b1100100000 T
b1100100000 (
b1100100000 S
b100000 &
b100000 U
b10 R
b110101 W
b10011110 %
b10011110 V
0D
b101010 f
b110101 h
1r
b10101 t
11
#65520000
b10011110 9
01
#65530000
b101010 g
1s
0r
b1 R
b10011111 %
b10011111 V
11
#65540000
b10011111 9
01
#65550000
1B
b0 R
b10100000 %
b10100000 V
b101010 H
b101010 a
1D
0s
11
#65560000
b10100000 9
01
#65570000
0B
0D
b101011 f
b110110 h
1r
b100001 &
b100001 U
b10 R
b110110 W
b10100001 %
b10100001 V
b10101 t
11
#65580000
b10100001 9
01
#65590000
b1 R
b10100010 %
b10100010 V
b101011 g
1s
0r
11
#65600000
b10100010 9
01
#65610000
1B
b101011 H
b101011 a
1D
0s
b0 R
b10100011 %
b10100011 V
11
#65620000
b10100011 9
01
#65630000
0B
b100010 &
b100010 U
b10 R
b110111 W
b10100100 %
b10100100 V
0D
b101100 f
b110111 h
1r
b10101 t
11
#65640000
b10100100 9
01
#65650000
b101100 g
1s
0r
b1 R
b10100101 %
b10100101 V
11
#65660000
b10100101 9
01
#65670000
1B
b0 R
b10100110 %
b10100110 V
b101100 H
b101100 a
1D
0s
11
#65680000
b10100110 9
01
#65690000
0B
0D
b101101 f
b111000 h
1r
b100011 &
b100011 U
b10 R
b111000 W
b10100111 %
b10100111 V
b10101 t
11
#65700000
b10100111 9
01
#65710000
b1 R
b10101000 %
b10101000 V
b101101 g
1s
0r
11
#65720000
b10101000 9
01
#65730000
1B
b101101 H
b101101 a
1D
0s
b0 R
b10101001 %
b10101001 V
11
#65740000
b10101001 9
01
#65750000
0B
b100100 &
b100100 U
b10 R
b111001 W
b10101010 %
b10101010 V
0D
b101110 f
b111001 h
1r
b10101 t
11
#65760000
b10101010 9
01
#65770000
b101110 g
1s
0r
b1 R
b10101011 %
b10101011 V
11
#65780000
b10101011 9
01
#65790000
1B
b0 R
b10101100 %
b10101100 V
b101110 H
b101110 a
1D
0s
11
#65800000
b10101100 9
01
#65810000
0B
0D
b101111 f
b111010 h
1r
b100101 &
b100101 U
b10 R
b111010 W
b10101101 %
b10101101 V
b10101 t
11
#65820000
b10101101 9
01
#65830000
b1 R
b10101110 %
b10101110 V
b101111 g
1s
0r
11
#65840000
b10101110 9
01
#65850000
1B
b101111 H
b101111 a
1D
0s
b0 R
b10101111 %
b10101111 V
11
#65860000
b10101111 9
01
#65870000
0B
b100110 &
b100110 U
b10 R
b111011 W
b10110000 %
b10110000 V
0D
b110000 f
b111011 h
1r
b10101 t
11
#65880000
b10110000 9
01
#65890000
b110000 g
1s
0r
b1 R
b10110001 %
b10110001 V
11
#65900000
b10110001 9
01
#65910000
1B
b0 R
b10110010 %
b10110010 V
b110000 H
b110000 a
1D
0s
11
#65920000
b10110010 9
01
#65930000
0B
b10010110000 X
b10010110000 ^
0D
b110001 f
b111100 h
1r
b100111 &
b100111 U
b10 R
b111100 W
b10110011 %
b10110011 V
b10101 t
11
#65940000
b10110011 9
01
#65950000
b1 R
b10110100 %
b10110100 V
b110001 g
1s
0r
11
#65960000
b10110100 9
01
#65970000
1B
b110001 H
b110001 a
1D
0s
b0 R
b10110101 %
b10110101 V
11
#65980000
b10110101 9
01
#65990000
0B
b1100100 X
b1100100 ^
b101000 &
b101000 U
b10 R
b111101 W
b10110110 %
b10110110 V
0D
b110010 f
b10111011100 i
b111101 h
1r
b10101 t
11
#66000000
b10110110 9
01
#66010000
b10101000000 `
b110010 g
b101010001100 o
1s
0r
b1 R
b10110111 %
b10110111 V
11
#66020000
b10110111 9
01
#66030000
1B
b0 R
b10111000 %
b10111000 V
b110010 H
b110010 a
b10101000000 C
b10101000000 q
b10101000000 E
b10101000000 p
1D
0s
11
#66040000
b10111000 9
01
#66050000
0B
0D
b110011 f
b111110 h
1r
b10101000000 '
b10101000000 T
b10101000000 (
b10101000000 S
b101001 &
b101001 U
b10 R
b111110 W
b10111001 %
b10111001 V
b10101 t
11
#66060000
b10111001 9
01
#66070000
b1 R
b10111010 %
b10111010 V
b110011 g
1s
0r
11
#66080000
b10111010 9
01
#66090000
1B
b110011 H
b110011 a
1D
0s
b0 R
b10111011 %
b10111011 V
11
#66100000
b10111011 9
01
#66110000
0B
b101010 &
b101010 U
b10 R
b111111 W
b10111100 %
b10111100 V
0D
b110100 f
b111111 h
1r
b10101 t
11
#66120000
b10111100 9
01
#66130000
b110100 g
1s
0r
b1 R
b10111101 %
b10111101 V
11
#66140000
b10111101 9
01
#66150000
1B
b0 R
b10111110 %
b10111110 V
b110100 H
b110100 a
1D
0s
11
#66160000
b10111110 9
01
#66170000
0B
0D
b110101 f
b1000000 h
1r
b101011 &
b101011 U
b10 R
b1000000 W
b10111111 %
b10111111 V
b10101 t
11
#66180000
b10111111 9
01
#66190000
b1 R
b11000000 %
b11000000 V
b110101 g
1s
0r
11
#66200000
b11000000 9
01
#66210000
1B
b110101 H
b110101 a
1D
0s
b0 R
b11000001 %
b11000001 V
11
#66220000
b11000001 9
01
#66230000
0B
b101100 &
b101100 U
b10 R
b1000001 W
b11000010 %
b11000010 V
0D
b110110 f
b10111011100 j
b110010000 i
b1000001 h
1r
b10101 t
11
#66240000
b11000010 9
01
#66250000
b110110 g
1s
0r
b1 R
b11000011 %
b11000011 V
11
#66260000
b11000011 9
01
#66270000
1B
b0 R
b11000100 %
b11000100 V
b110110 H
b110110 a
1D
0s
11
#66280000
b11000100 9
01
#66290000
0B
0D
b110111 f
b1000010 h
1r
b101101 &
b101101 U
b10 R
b1000010 W
b11000101 %
b11000101 V
b10101 t
11
#66300000
b11000101 9
01
#66310000
b1 R
b11000110 %
b11000110 V
b110111 g
1s
0r
11
#66320000
b11000110 9
01
#66330000
1B
b110111 H
b110111 a
1D
0s
b0 R
b11000111 %
b11000111 V
11
#66340000
b11000111 9
01
#66350000
0B
b101110 &
b101110 U
b10 R
b1000011 W
b11001000 %
b11001000 V
0D
b111000 f
b1000011 h
1r
b10101 t
11
#66360000
b11001000 9
01
#66370000
b111000 g
1s
0r
b1 R
b11001001 %
b11001001 V
11
#66380000
b11001001 9
01
#66390000
1B
b0 R
b11001010 %
b11001010 V
b111000 H
b111000 a
1D
0s
11
#66400000
b11001010 9
01
#66410000
0B
0D
b111001 f
b1000100 h
1r
b101111 &
b101111 U
b10 R
b1000100 W
b11001011 %
b11001011 V
b10101 t
11
#66420000
b11001011 9
01
#66430000
b1 R
b11001100 %
b11001100 V
b111001 g
1s
0r
11
#66440000
b11001100 9
01
#66450000
1B
b111001 H
b111001 a
1D
0s
b0 R
b11001101 %
b11001101 V
11
#66460000
b11001101 9
01
#66470000
0B
b110000 &
b110000 U
b10 R
b1000101 W
b11001110 %
b11001110 V
0D
b111010 f
b110010000 j
b1000101 h
1r
b10101 t
11
#66480000
b11001110 9
01
#66490000
b1100100000 `
b111010 g
b11001000000 o
1s
0r
b1 R
b11001111 %
b11001111 V
11
#66500000
b11001111 9
01
#66510000
1B
b0 R
b11010000 %
b11010000 V
b111010 H
b111010 a
b1100100000 C
b1100100000 q
b1100100000 E
b1100100000 p
1D
0s
11
#66520000
b11010000 9
01
#66530000
0B
0D
b111011 f
b1000110 h
1r
b1100100000 '
b1100100000 T
b1100100000 (
b1100100000 S
b110001 &
b110001 U
b10 R
b1000110 W
b11010001 %
b11010001 V
b10101 t
11
#66540000
b11010001 9
01
#66550000
b1 R
b11010010 %
b11010010 V
b111011 g
1s
0r
11
#66560000
b11010010 9
01
#66570000
1B
b111011 H
b111011 a
1D
0s
b0 R
b11010011 %
b11010011 V
11
#66580000
b11010011 9
01
#66590000
0B
b110010 &
b110010 U
b10 R
b1000111 W
b11010100 %
b11010100 V
0D
b111100 f
b10010110000 b
b1000111 h
1r
b10101 t
11
#66600000
b11010100 9
01
#66610000
b111100 g
b10010110000 c
1s
0r
b1 R
b11010101 %
b11010101 V
11
#66620000
b11010101 9
01
#66630000
1B
b0 R
b11010110 %
b11010110 V
b111100 H
b111100 a
b10010110000 G
b10010110000 d
1F
1D
0s
11
#66640000
b11010110 9
01
#66650000
0B
0F
0D
b111101 f
b1100100 b
b1001000 h
1r
b10 ,
b10 O
b111100 #
b111100 \
b1000000000000000000000000000001000000000000000000000000000000 +
b1000000000000000000000000000001000000000000000000000000000000 P
b110011 &
b110011 U
b10 R
b1001000 W
b11010111 %
b11010111 V
b10101 t
11
#66660000
b11010111 9
01
#66670000
b1 R
b11011000 %
b11011000 V
b111101 g
b1100100 c
1s
0r
11
#66680000
b11011000 9
01
#66690000
1B
b111101 H
b111101 a
b1100100 G
b1100100 d
1D
0s
b0 R
b11011001 %
b11011001 V
11
#66700000
b11011001 9
01
#66710000
0B
b110100 &
b110100 U
b10 R
b1001001 W
b11011010 %
b11011010 V
0D
b111110 f
b1001001 h
1r
b10101 t
11
#66720000
b11011010 9
01
#66730000
b111110 g
1s
0r
b1 R
b11011011 %
b11011011 V
11
#66740000
b11011011 9
01
#66750000
1B
b0 R
b11011100 %
b11011100 V
b111110 H
b111110 a
1D
0s
11
#66760000
b11011100 9
01
#66770000
0B
0D
b111111 f
b10111011100 k
b1001010 h
1r
b110101 &
b110101 U
b10 R
b1001010 W
b11011101 %
b11011101 V
b10101 t
11
#66780000
b11011101 9
01
#66790000
b10101000000 `
b1 R
b11011110 %
b11011110 V
b111111 g
b101010001100 o
1s
0r
11
#66800000
b11011110 9
01
#66810000
1B
b111111 H
b111111 a
b10101000000 C
b10101000000 q
b10101000000 E
b10101000000 p
1D
0s
b0 R
b11011111 %
b11011111 V
11
#66820000
b11011111 9
01
#66830000
0B
b10101000000 '
b10101000000 T
b10101000000 (
b10101000000 S
b110110 &
b110110 U
b10 R
b1001011 W
b11100000 %
b11100000 V
0D
b1000000 f
b1001011 h
1r
b10101 t
11
#66840000
b11100000 9
01
#66850000
b1000000 g
1s
0r
b1 R
b11100001 %
b11100001 V
11
#66860000
b11100001 9
01
#66870000
1B
b0 R
b11100010 %
b11100010 V
b1000000 H
b1000000 a
1D
0s
11
#66880000
b11100010 9
01
#66890000
0B
0D
b1000001 f
b1001100 h
1r
b110111 &
b110111 U
b10 R
b1001100 W
b11100011 %
b11100011 V
b10101 t
11
#66900000
b11100011 9
01
#66910000
b1 R
b11100100 %
b11100100 V
b1000001 g
1s
0r
11
#66920000
b11100100 9
01
#66930000
1B
b1000001 H
b1000001 a
1D
0s
b0 R
b11100101 %
b11100101 V
11
#66940000
b11100101 9
01
#66950000
0B
b111000 &
b111000 U
b10 R
b1001101 W
b11100110 %
b11100110 V
0D
b1000010 f
b1001101 h
1r
b10101 t
11
#66960000
b11100110 9
01
#66970000
b1000010 g
1s
0r
b1 R
b11100111 %
b11100111 V
11
#66980000
b11100111 9
01
#66990000
1B
b0 R
b11101000 %
b11101000 V
b1000010 H
b1000010 a
1D
0s
11
#67000000
b11101000 9
01
#67010000
0B
0D
b1000011 f
b10111011100 l
b110010000 k
b1001110 h
1r
b111001 &
b111001 U
b10 R
b1001110 W
b11101001 %
b11101001 V
b10101 t
11
#67020000
b11101001 9
01
#67030000
b1 R
b11101010 %
b11101010 V
b1000011 g
1s
0r
11
#67040000
b11101010 9
01
#67050000
1B
b1000011 H
b1000011 a
1D
0s
b0 R
b11101011 %
b11101011 V
11
#67060000
b11101011 9
01
#67070000
0B
b111010 &
b111010 U
b10 R
b1001111 W
b11101100 %
b11101100 V
0D
b1000100 f
b1001111 h
1r
b10101 t
11
#67080000
b11101100 9
01
#67090000
b1000100 g
1s
0r
b1 R
b11101101 %
b11101101 V
11
#67100000
b11101101 9
01
#67110000
1B
b0 R
b11101110 %
b11101110 V
b1000100 H
b1000100 a
1D
0s
11
#67120000
b11101110 9
01
#67130000
0B
0D
b1000101 f
b1010000 h
1r
b111011 &
b111011 U
b10 R
b1010000 W
b11101111 %
b11101111 V
b10101 t
11
#67140000
b11101111 9
01
#67150000
b1 R
b11110000 %
b11110000 V
b1000101 g
1s
0r
11
#67160000
b11110000 9
01
#67170000
1B
b1000101 H
b1000101 a
1D
0s
b0 R
b11110001 %
b11110001 V
11
#67180000
b11110001 9
01
#67190000
0B
b111100 &
b111100 U
b10 R
b1010001 W
b11110010 %
b11110010 V
0D
b1000110 f
b1010001 h
1r
b10101 t
11
#67200000
b11110010 9
01
#67210000
b1000110 g
1s
0r
b1 R
b11110011 %
b11110011 V
11
#67220000
b11110011 9
01
#67230000
1B
b0 R
b11110100 %
b11110100 V
b1000110 H
b1000110 a
1D
0s
11
#67240000
b11110100 9
01
#67250000
0B
0D
b1000111 f
b110010000 l
b1010010 h
1r
b111101 &
b111101 U
b10 R
b1010010 W
b11110101 %
b11110101 V
b10101 t
11
#67260000
b11110101 9
01
#67270000
b1100100000 `
b1 R
b11110110 %
b11110110 V
b1000111 g
b11001000000 o
1s
0r
11
#67280000
b11110110 9
01
#67290000
1B
b1000111 H
b1000111 a
b1100100000 C
b1100100000 q
b1100100000 E
b1100100000 p
1D
0s
b0 R
b11110111 %
b11110111 V
11
#67300000
b11110111 9
01
#67310000
0B
b1100100000 '
b1100100000 T
b1100100000 (
b1100100000 S
b111110 &
b111110 U
b10 R
b1010011 W
b11111000 %
b11111000 V
0D
b1001000 f
b1010011 h
1r
b10101 t
11
#67320000
b11111000 9
01
#67330000
b1001000 g
1s
0r
b1 R
b11111001 %
b11111001 V
11
#67340000
b11111001 9
01
#67350000
1B
b0 R
b11111010 %
b11111010 V
b1001000 H
b1001000 a
1D
0s
11
#67360000
b11111010 9
01
#67370000
0B
0D
b1001001 f
b1010100 h
1r
b111111 &
b111111 U
b10 R
b1010100 W
b11111011 %
b11111011 V
b10101 t
11
#67380000
b11111011 9
01
#67390000
b1 R
b11111100 %
b11111100 V
b1001001 g
1s
0r
11
#67400000
b11111100 9
01
#67410000
1B
b1001001 H
b1001001 a
1D
0s
b0 R
b11111101 %
b11111101 V
11
#67420000
b11111101 9
01
#67430000
0B
b1110000100 X
b1110000100 ^
b1000000 &
b1000000 U
b10 R
b1010101 W
b11111110 %
b11111110 V
0D
b1001010 f
b1010101 h
1r
b10101 t
11
#67440000
b11111110 9
01
#67450000
b1001010 g
1s
0r
b1 R
b11111111 %
b11111111 V
11
#67460000
b11111111 9
01
#67470000
1B
b0 R
b100000000 %
b100000000 V
b1001010 H
b1001010 a
1D
0s
11
#67480000
b100000000 9
01
#67490000
0B
b1100100 X
b1100100 ^
0D
b1001011 f
b10010110000 i
b1010110 h
1r
b1000001 &
b1000001 U
b10 R
b1010110 W
b100000001 %
b100000001 V
b10101 t
11
#67500000
b100000001 9
01
#67510000
b10010110000 `
b1 R
b100000010 %
b100000010 V
b1001011 g
b100101100000 o
1s
0r
11
#67520000
b100000010 9
01
#67530000
1B
b1001011 H
b1001011 a
b10010110000 C
b10010110000 q
b10010110000 E
b10010110000 p
1D
0s
b0 R
b100000011 %
b100000011 V
11
#67540000
b100000011 9
01
#67550000
0B
b10010110000 '
b10010110000 T
b10010110000 (
b10010110000 S
b1000010 &
b1000010 U
b10 R
b1010111 W
b100000100 %
b100000100 V
0D
b1001100 f
b1010111 h
1r
b10101 t
11
#67560000
b100000100 9
01
#67570000
b1001100 g
1s
0r
b1 R
b100000101 %
b100000101 V
11
#67580000
b100000101 9
01
#67590000
1B
b0 R
b100000110 %
b100000110 V
b1001100 H
b1001100 a
1D
0s
11
#67600000
b100000110 9
01
#67610000
0B
0D
b1001101 f
b1011000 h
1r
b1000011 &
b1000011 U
b10 R
b1011000 W
b100000111 %
b100000111 V
b10101 t
11
#67620000
b100000111 9
01
#67630000
b1 R
b100001000 %
b100001000 V
b1001101 g
1s
0r
11
#67640000
b100001000 9
01
#67650000
1B
b1001101 H
b1001101 a
1D
0s
b0 R
b100001001 %
b100001001 V
11
#67660000
b100001001 9
01
#67670000
0B
b1000100 &
b1000100 U
b10 R
b1011001 W
b100001010 %
b100001010 V
0D
b1001110 f
b1011001 h
1r
b10101 t
11
#67680000
b100001010 9
01
#67690000
b1001110 g
1s
0r
b1 R
b100001011 %
b100001011 V
11
#67700000
b100001011 9
01
#67710000
1B
b0 R
b100001100 %
b100001100 V
b1001110 H
b1001110 a
1D
0s
11
#67720000
b100001100 9
01
#67730000
0B
0D
b1001111 f
b10010110000 j
b110010000 i
b1011010 h
1r
b1000101 &
b1000101 U
b10 R
b1011010 W
b100001101 %
b100001101 V
b10101 t
11
#67740000
b100001101 9
01
#67750000
b1 R
b100001110 %
b100001110 V
b1001111 g
1s
0r
11
#67760000
b100001110 9
01
#67770000
1B
b1001111 H
b1001111 a
1D
0s
b0 R
b100001111 %
b100001111 V
11
#67780000
b100001111 9
01
#67790000
0B
b1000110 &
b1000110 U
b10 R
b1011011 W
b100010000 %
b100010000 V
0D
b1010000 f
b1011011 h
1r
b10101 t
11
#67800000
b100010000 9
01
#67810000
b1010000 g
1s
0r
b1 R
b100010001 %
b100010001 V
11
#67820000
b100010001 9
01
#67830000
1B
b0 R
b100010010 %
b100010010 V
b1010000 H
b1010000 a
1D
0s
11
#67840000
b100010010 9
01
#67850000
0B
0D
b1010001 f
b1011100 h
1r
b1000111 &
b1000111 U
b10 R
b1011100 W
b100010011 %
b100010011 V
b10101 t
11
#67860000
b100010011 9
01
#67870000
b1 R
b100010100 %
b100010100 V
b1010001 g
1s
0r
11
#67880000
b100010100 9
01
#67890000
1B
b1010001 H
b1010001 a
1D
0s
b0 R
b100010101 %
b100010101 V
11
#67900000
b100010101 9
01
#67910000
0B
b1001000 &
b1001000 U
b10 R
b1011101 W
b100010110 %
b100010110 V
0D
b1010010 f
b1011101 h
1r
b10101 t
11
#67920000
b100010110 9
01
#67930000
b1010010 g
1s
0r
b1 R
b100010111 %
b100010111 V
11
#67940000
b100010111 9
01
#67950000
1B
b0 R
b100011000 %
b100011000 V
b1010010 H
b1010010 a
1D
0s
11
#67960000
b100011000 9
01
#67970000
0B
0D
b1010011 f
b110010000 j
b1011110 h
1r
b1001001 &
b1001001 U
b10 R
b1011110 W
b100011001 %
b100011001 V
b10101 t
11
#67980000
b100011001 9
01
#67990000
b1100100000 `
b1 R
b100011010 %
b100011010 V
b1010011 g
b11001000000 o
1s
0r
11
#68000000
b100011010 9
01
#68010000
1B
b1010011 H
b1010011 a
b1100100000 C
b1100100000 q
b1100100000 E
b1100100000 p
1D
0s
b0 R
b100011011 %
b100011011 V
11
#68020000
b100011011 9
01
#68030000
0B
b1100100000 '
b1100100000 T
b1100100000 (
b1100100000 S
b1001010 &
b1001010 U
b10 R
b1011111 W
b100011100 %
b100011100 V
0D
b1010100 f
b1011111 h
1r
b10101 t
11
#68040000
b100011100 9
01
#68050000
b1010100 g
1s
0r
b1 R
b100011101 %
b100011101 V
11
#68060000
b100011101 9
01
#68070000
1B
b0 R
b100011110 %
b100011110 V
b1010100 H
b1010100 a
1D
0s
11
#68080000
b100011110 9
01
#68090000
0B
0D
b1010101 f
b1110000100 b
b1100000 h
1r
b1001011 &
b1001011 U
b10 R
b1100000 W
b100011111 %
b100011111 V
b10101 t
11
#68100000
b100011111 9
01
#68110000
b1 R
b100100000 %
b100100000 V
b1010101 g
b1110000100 c
1s
0r
11
#68120000
b100100000 9
01
#68130000
1B
b1010101 H
b1010101 a
b1110000100 G
b1110000100 d
1F
1D
0s
b0 R
b100100001 %
b100100001 V
11
#68140000
b100100001 9
01
#68150000
0B
b11 ,
b11 O
b1010101 "
b1010101 ]
b10000000000000000000000001000000000000000000000000000001000000000000000000000000000000 +
b10000000000000000000000001000000000000000000000000000001000000000000000000000000000000 P
b1001100 &
b1001100 U
b10 R
b1100001 W
b100100010 %
b100100010 V
0F
0D
b1010110 f
b1100100 b
b1100001 h
1r
b10101 t
11
#68160000
b100100010 9
01
#68170000
b1010110 g
b1100100 c
1s
0r
b1 R
b100100011 %
b100100011 V
11
#68180000
b100100011 9
01
#68190000
1B
b0 R
b100100100 %
b100100100 V
b1010110 H
b1010110 a
b1100100 G
b1100100 d
1D
0s
11
#68200000
b100100100 9
01
#68210000
0B
0D
b1010111 f
b1100010 h
1r
b1001101 &
b1001101 U
b10 R
b1100010 W
b100100101 %
b100100101 V
b10101 t
11
#68220000
b100100101 9
01
#68230000
b1 R
b100100110 %
b100100110 V
b1010111 g
1s
0r
11
#68240000
b100100110 9
01
#68250000
1B
b1010111 H
b1010111 a
1D
0s
b0 R
b100100111 %
b100100111 V
11
#68260000
b100100111 9
01
#68270000
0B
b1001110 &
b1001110 U
b10 R
b1100011 W
b100101000 %
b100101000 V
0D
b1011000 f
b10010110000 k
b1100011 h
1r
b10101 t
11
#68280000
b100101000 9
01
#68290000
b10010110000 `
b1011000 g
b100101100000 o
1s
0r
b1 R
b100101001 %
b100101001 V
11
#68300000
b100101001 9
01
#68310000
1B
b0 R
b100101010 %
b100101010 V
b1011000 H
b1011000 a
b10010110000 C
b10010110000 q
b10010110000 E
b10010110000 p
1D
0s
11
#68320000
b100101010 9
01
#68330000
0B
0D
b1011001 f
b1100100 h
1r
b10010110000 '
b10010110000 T
b10010110000 (
b10010110000 S
b1001111 &
b1001111 U
b10 R
b11 Z
b100101011 %
b100101011 V
b10101 t
11
#68340000
b100101011 9
01
#68350000
b100101100 %
b100101100 V
b1011001 g
1s
0r
11
#68360000
b100101100 9
01
#68370000
b1011001 H
b1011001 a
1D
0s
b100101101 %
b100101101 V
11
#68380000
b100101101 9
01
#68390000
b1010000 &
b1010000 U
1*
0-
b0 Z
b100101110 %
b100101110 V
0D
11
#68400000
b10000 >
b10000000000000000000000001000000000000000000000000000001000000000000000000000000000000 2
b100101110 9
01
#68410000
11
#68420000
01
#68430000
11
#68440000
01
#68450000
11
#68460000
01
#68470000
11
#68480000
01
#68490000
11
#68500000
01
#68510000
11
#68520000
01
#68530000
11
#68540000
01
#68550000
11
#68560000
b0 w
b0 u
b10 x
b10 <
b0 =
b0 ;
01
#68570000
11
#68580000
b10000 4
b10 7
b10 A
01
#68590000
11
#68600000
18
01
#68610000
1?
1-
b1 Z
b0 %
b0 V
b0 R
b0 W
b0 '
b0 T
b0 (
b0 S
b1111111111111111 "
b1111111111111111 ]
b1111111111111111 #
b1111111111111111 \
b1111111111111111 $
b1111111111111111 [
b0 +
b0 P
b0 &
b0 U
b0 ,
b0 O
0*
b10001 )
b10001 Q
00
b0 /
b0 M
b0 _
b10 .
b10 N
1Y
11
#68620000
b0 9
b0 7
b0 A
08
01
#68630000
1B
0?
b10 Z
b1 %
b1 V
0Y
b0 H
b0 a
b0 G
b0 d
b0 E
b0 p
b0 C
b0 q
b0 o
b0 `
b0 n
b0 g
b0 c
b0 m
b0 f
b0 b
b0 l
b0 k
b0 j
b0 i
b0 h
b0 e
b10101 t
11
#68640000
b1 9
01
#68650000
b1 h
b1 e
b1 W
b10 %
b10 V
b10101 t
11
#68660000
b10 9
01
#68670000
b10 W
b11 %
b11 V
b10 h
b10 e
b10101 t
11
#68680000
b11 9
01
#68690000
b11 h
b11 e
b11 W
b100 %
b100 V
b10101 t
11
#68700000
b100 9
01
#68710000
b100 W
b101 %
b101 V
b100 h
b100 e
b10101 t
11
#68720000
b101 9
01
#68730000
b101 h
b101 e
b101 W
b110 %
b110 V
b10101 t
11
#68740000
b110 9
01
#68750000
b110 W
b111 %
b111 V
b110 h
b110 e
b10101 t
11
#68760000
b111 9
01
#68770000
b111 h
b111 e
b111 W
b1000 %
b1000 V
b10101 t
11
#68780000
b1000 9
01
#68790000
b1000 W
b1001 %
b1001 V
b1000 h
b1000 e
b10101 t
11
#68800000
b1001 9
01
#68810000
b1001 h
b1001 e
b1001 W
b1010 %
b1010 V
b10101 t
11
#68820000
b1010 9
01
#68830000
b1010 W
b1011 %
b1011 V
b1010 h
b1010 e
b10101 t
11
#68840000
b1011 9
01
#68850000
b1011 h
b1011 e
b1011 W
b1100 %
b1100 V
b10101 t
11
#68860000
b1100 9
01
#68870000
b1100 W
b1101 %
b1101 V
b1100 h
b1100 e
b10101 t
11
#68880000
b1101 9
01
#68890000
b1101 h
b1101 e
b1101 W
b1110 %
b1110 V
b10101 t
11
#68900000
b1110 9
01
#68910000
b1110 W
b1111 %
b1111 V
b1110 h
b1110 e
b10101 t
11
#68920000
b1111 9
01
#68930000
b1111 h
b1111 e
b1111 W
b10000 %
b10000 V
b10101 t
11
#68940000
b10000 9
01
#68950000
b10000 W
b10001 %
b10001 V
b10000 h
b10000 e
b10101 t
11
#68960000
b10001 9
01
#68970000
b10001 h
b10001 e
b10001 W
b10010 %
b10010 V
b10101 t
11
#68980000
b10010 9
01
#68990000
b10010 W
b10011 %
b10011 V
b10010 h
b10010 e
b10101 t
11
#69000000
b10011 9
01
#69010000
b10011 h
b10011 e
b10011 W
b10100 %
b10100 V
b10101 t
11
#69020000
b10100 9
01
#69030000
b10100 W
b10101 %
b10101 V
b10100 h
b10100 e
b10101 t
11
#69040000
b10101 9
01
#69050000
b1010 f
b1100100 b
b110010000 l
b110010000 k
b110010000 j
b110010000 i
b10101 h
b10101 e
1r
b10101 W
b10110 %
b10110 V
b10101 t
11
#69060000
b10110 9
01
#69070000
b1100100 `
b10110 W
b10111 %
b10111 V
b1010 g
b1100100 c
b11001000000 o
1s
b1011 f
b10110 h
b10101 t
11
#69080000
b10111 9
01
#69090000
b1010 H
b1010 a
b1100100 G
b1100100 d
b1100100 C
b1100100 q
b1100100 E
b1100100 p
1D
b1011 g
b1100 f
b10111 h
b10111 W
b11000 %
b11000 V
b10101 t
11
#69100000
b11000 9
01
#69110000
b1100100 '
b1100100 T
b1100100 (
b1100100 S
b1 &
b1 U
b11000 W
b11001 %
b11001 V
b1011 H
b1011 a
b1100 g
b1101 f
b11000 h
b10101 t
11
#69120000
b11001 9
01
#69130000
b1100 H
b1100 a
b1101 g
b1110 f
b11001 h
b10 &
b10 U
b11001 W
b11010 %
b11010 V
b10101 t
11
#69140000
b11010 9
01
#69150000
b11 &
b11 U
b11010 W
b11011 %
b11011 V
b1101 H
b1101 a
b1110 g
b1111 f
b11010 h
b10101 t
11
#69160000
b11011 9
01
#69170000
b1110 H
b1110 a
b1111 g
b10000 f
b11011 h
b100 &
b100 U
b11011 W
b11100 %
b11100 V
b10101 t
11
#69180000
b11100 9
01
#69190000
b101 &
b101 U
b11100 W
b11101 %
b11101 V
b1111 H
b1111 a
b10000 g
b10001 f
b11100 h
b10101 t
11
#69200000
b11101 9
01
#69210000
b10000 H
b10000 a
b10001 g
b10010 f
b11101 h
b110 &
b110 U
b11101 W
b11110 %
b11110 V
b10101 t
11
#69220000
b11110 9
01
#69230000
b100101100 X
b100101100 ^
b111 &
b111 U
b11110 W
b11111 %
b11111 V
b10001 H
b10001 a
b10010 g
b10011 f
b11110 h
b10101 t
11
#69240000
b11111 9
01
#69250000
b1100100 X
b1100100 ^
b10010 H
b10010 a
b10011 g
b10100 f
b1001011000 i
b11111 h
b1000 &
b1000 U
b11111 W
b100000 %
b100000 V
b10101 t
11
#69260000
b100000 9
01
#69270000
b1110000 `
b1001 &
b1001 U
b100000 W
b100001 %
b100001 V
b10011 H
b10011 a
b10100 g
b11100001000 o
b10101 f
b100000 h
b10101 t
11
#69280000
b100001 9
01
#69290000
b10100 H
b10100 a
b1110000 C
b1110000 q
b1110000 E
b1110000 p
b10101 g
b10110 f
b100001 h
b1010 &
b1010 U
b100001 W
b100010 %
b100010 V
b10101 t
11
#69300000
b100010 9
01
#69310000
b1110000 '
b1110000 T
b1110000 (
b1110000 S
b1011 &
b1011 U
b100010 W
b100011 %
b100011 V
b10101 H
b10101 a
b10110 g
b10111 f
b100010 h
b10101 t
11
#69320000
b100011 9
01
#69330000
b10110 H
b10110 a
b10111 g
b11000 f
b1001011000 j
b110010000 i
b100011 h
b1100 &
b1100 U
b100011 W
b100100 %
b100100 V
b10101 t
11
#69340000
b100100 9
01
#69350000
b1101 &
b1101 U
b100100 W
b100101 %
b100101 V
b10111 H
b10111 a
b11000 g
b11001 f
b100100 h
b10101 t
11
#69360000
b100101 9
01
#69370000
b11000 H
b11000 a
b11001 g
b11010 f
b100101 h
b1110 &
b1110 U
b100101 W
b100110 %
b100110 V
b10101 t
11
#69380000
b100110 9
01
#69390000
b1111 &
b1111 U
b100110 W
b100111 %
b100111 V
b11001 H
b11001 a
b11010 g
b11011 f
b100110 h
b10101 t
11
#69400000
b100111 9
01
#69410000
b11010 H
b11010 a
b11011 g
b11100 f
b110010000 j
b100111 h
b10000 &
b10000 U
b100111 W
b101000 %
b101000 V
b10101 t
11
#69420000
b101000 9
01
#69430000
b1100100 `
b10001 &
b10001 U
b101000 W
b101001 %
b101001 V
b11011 H
b11011 a
b11100 g
b11001000000 o
b11101 f
b101000 h
b10101 t
11
#69440000
b101001 9
01
#69450000
b11100 H
b11100 a
b1100100 C
b1100100 q
b1100100 E
b1100100 p
b11101 g
b11110 f
b100101100 b
b101001 h
b10010 &
b10010 U
b101001 W
b101010 %
b101010 V
b10101 t
11
#69460000
b101010 9
01
#69470000
b1100100 '
b1100100 T
b1100100 (
b1100100 S
b10011 &
b10011 U
b101010 W
b101011 %
b101011 V
b11101 H
b11101 a
b11110 g
b100101100 c
b11111 f
b1100100 b
b101010 h
b10101 t
11
#69480000
b101011 9
01
#69490000
b11110 H
b11110 a
b100101100 G
b100101100 d
1F
b11111 g
b1100100 c
b100000 f
b101011 h
b10100 &
b10100 U
b101011 W
b101100 %
b101100 V
b10101 t
11
#69500000
b101100 9
01
#69510000
b1 ,
b1 O
b11110 $
b11110 [
b1000000000000000000000000000000 +
b1000000000000000000000000000000 P
b10101 &
b10101 U
b101100 W
b101101 %
b101101 V
b11111 H
b11111 a
b1100100 G
b1100100 d
0F
b100000 g
b100001 f
b1001011000 k
b101100 h
b10101 t
11
#69520000
b101101 9
01
#69530000
b1110000 `
b100000 H
b100000 a
b100001 g
b11100001000 o
b100010 f
b101101 h
b10110 &
b10110 U
b101101 W
b101110 %
b101110 V
b10101 t
11
#69540000
b101110 9
01
#69550000
b10111 &
b10111 U
b101110 W
b101111 %
b101111 V
b100001 H
b100001 a
b1110000 C
b1110000 q
b1110000 E
b1110000 p
b100010 g
b100011 f
b101110 h
b10101 t
11
#69560000
b101111 9
01
#69570000
b100010 H
b100010 a
b100011 g
b100100 f
b101111 h
b1110000 '
b1110000 T
b1110000 (
b1110000 S
b11000 &
b11000 U
b101111 W
b110000 %
b110000 V
b10101 t
11
#69580000
b110000 9
01
#69590000
b11001 &
b11001 U
b110000 W
b110001 %
b110001 V
b100011 H
b100011 a
b100100 g
b100101 f
b1001011000 l
b110010000 k
b110000 h
b10101 t
11
#69600000
b110001 9
01
#69610000
b100100 H
b100100 a
b100101 g
b100110 f
b110001 h
b11010 &
b11010 U
b110001 W
b110010 %
b110010 V
b10101 t
11
#69620000
b110010 9
01
#69630000
b11011 &
b11011 U
b110010 W
b110011 %
b110011 V
b100101 H
b100101 a
b100110 g
b100111 f
b110010 h
b10101 t
11
#69640000
b110011 9
01
#69650000
b100110 H
b100110 a
b100111 g
b101000 f
b110011 h
b11100 &
b11100 U
b110011 W
b110100 %
b110100 V
b10101 t
11
#69660000
b110100 9
01
#69670000
b11101 &
b11101 U
b110100 W
b110101 %
b110101 V
b100111 H
b100111 a
b101000 g
b101001 f
b110010000 l
b110100 h
b10101 t
11
#69680000
b110101 9
01
#69690000
b1100100 `
b101000 H
b101000 a
b101001 g
b11001000000 o
b101010 f
b110101 h
b11110 &
b11110 U
b110101 W
b110110 %
b110110 V
b10101 t
11
#69700000
b110110 9
01
#69710000
b11111 &
b11111 U
b110110 W
b110111 %
b110111 V
b101001 H
b101001 a
b1100100 C
b1100100 q
b1100100 E
b1100100 p
b101010 g
b101011 f
b110110 h
b10101 t
11
#69720000
b110111 9
01
#69730000
b101010 H
b101010 a
b101011 g
b101100 f
b110111 h
b1100100 '
b1100100 T
b1100100 (
b1100100 S
b100000 &
b100000 U
b110111 W
b111000 %
b111000 V
b10101 t
11
#69740000
b111000 9
01
#69750000
b100001 &
b100001 U
b111000 W
b111001 %
b111001 V
b101011 H
b101011 a
b101100 g
b101101 f
b111000 h
b10101 t
11
#69760000
b111001 9
01
#69770000
b101100 H
b101100 a
b101101 g
b101110 f
b111001 h
b100010 &
b100010 U
b111001 W
b111010 %
b111010 V
b10101 t
11
#69780000
b111010 9
01
#69790000
b100011 &
b100011 U
b111010 W
b111011 %
b111011 V
b101101 H
b101101 a
b101110 g
b101111 f
b111010 h
b10101 t
11
#69800000
b111011 9
01
#69810000
b101110 H
b101110 a
b101111 g
b110000 f
b111011 h
b100100 &
b100100 U
b111011 W
b111100 %
b111100 V
b10101 t
11
#69820000
b111100 9
01
#69830000
b100101 &
b100101 U
b111100 W
b111101 %
b111101 V
b101111 H
b101111 a
b110000 g
b110001 f
b111100 h
b10101 t
11
#69840000
b111101 9
01
#69850000
b110000 H
b110000 a
b110001 g
b110010 f
b111101 h
b100110 &
b100110 U
b111101 W
b111110 %
b111110 V
b10101 t
11
#69860000
b111110 9
01
#69870000
b100111 &
b100111 U
b111110 W
b111111 %
b111111 V
b110001 H
b110001 a
b110010 g
b110011 f
b111110 h
b10101 t
11
#69880000
b111111 9
01
#69890000
b110010 H
b110010 a
b110011 g
b110100 f
b111111 h
b101000 &
b101000 U
b111111 W
b1000000 %
b1000000 V
b10101 t
11
#69900000
b1000000 9
01
#69910000
b101001 &
b101001 U
b1000000 W
b1000001 %
b1000001 V
b110011 H
b110011 a
b110100 g
b110101 f
b1000000 h
b10101 t
11
#69920000
b1000001 9
01
#69930000
b110100 H
b110100 a
b110101 g
b110110 f
b1000001 h
b101010 &
b101010 U
b1000001 W
b1000010 %
b1000010 V
b10101 t
11
#69940000
b1000010 9
01
#69950000
b101011 &
b101011 U
b1000010 W
b1000011 %
b1000011 V
b110101 H
b110101 a
b110110 g
b110111 f
b1000010 h
b10101 t
11
#69960000
b1000011 9
01
#69970000
b110110 H
b110110 a
b110111 g
b111000 f
b1000011 h
b101100 &
b101100 U
b1000011 W
b1000100 %
b1000100 V
b10101 t
11
#69980000
b1000100 9
01
#69990000
b101101 &
b101101 U
b1000100 W
b1000101 %
b1000101 V
b110111 H
b110111 a
b111000 g
b111001 f
b1000100 h
b10101 t
11
#70000000
b1000101 9
01
#70010000
b111000 H
b111000 a
b111001 g
b111010 f
b1000101 h
b101110 &
b101110 U
b1000101 W
b1000110 %
b1000110 V
b10101 t
11
#70020000
b1000110 9
01
#70030000
b101111 &
b101111 U
b1000110 W
b1000111 %
b1000111 V
b111001 H
b111001 a
b111010 g
b111011 f
b1000110 h
b10101 t
11
#70040000
b1000111 9
01
#70050000
b111010 H
b111010 a
b111011 g
b111100 f
b1000111 h
b110000 &
b110000 U
b1000111 W
b1001000 %
b1001000 V
b10101 t
11
#70060000
b1001000 9
01
#70070000
b110001 &
b110001 U
b1001000 W
b1001001 %
b1001001 V
b111011 H
b111011 a
b111100 g
b111101 f
b1001000 h
b10101 t
11
#70080000
b1001001 9
01
#70090000
b111100 H
b111100 a
b111101 g
b111110 f
b1001001 h
b110010 &
b110010 U
b1001001 W
b1001010 %
b1001010 V
b10101 t
11
#70100000
b1001010 9
01
#70110000
b110011 &
b110011 U
b1001010 W
b1001011 %
b1001011 V
b111101 H
b111101 a
b111110 g
b111111 f
b1001010 h
b10101 t
11
#70120000
b1001011 9
01
#70130000
b111110 H
b111110 a
b111111 g
b1000000 f
b1001011 h
b110100 &
b110100 U
b1001011 W
b1001100 %
b1001100 V
b10101 t
11
#70140000
b1001100 9
01
#70150000
b110101 &
b110101 U
b1001100 W
b1001101 %
b1001101 V
b111111 H
b111111 a
b1000000 g
b1000001 f
b1001100 h
b10101 t
11
#70160000
b1001101 9
01
#70170000
b1000000 H
b1000000 a
b1000001 g
b1000010 f
b1001101 h
b110110 &
b110110 U
b1001101 W
b1001110 %
b1001110 V
b10101 t
11
#70180000
b1001110 9
01
#70190000
b110111 &
b110111 U
b1001110 W
b1001111 %
b1001111 V
b1000001 H
b1000001 a
b1000010 g
b1000011 f
b1001110 h
b10101 t
11
#70200000
b1001111 9
01
#70210000
b1000010 H
b1000010 a
b1000011 g
b1000100 f
b1001111 h
b111000 &
b111000 U
b1001111 W
b1010000 %
b1010000 V
b10101 t
11
#70220000
b1010000 9
01
#70230000
b111001 &
b111001 U
b1010000 W
b1010001 %
b1010001 V
b1000011 H
b1000011 a
b1000100 g
b1000101 f
b1010000 h
b10101 t
11
#70240000
b1010001 9
01
#70250000
b1000100 H
b1000100 a
b1000101 g
b1000110 f
b1010001 h
b111010 &
b111010 U
b1010001 W
b1010010 %
b1010010 V
b10101 t
11
#70260000
b1010010 9
01
#70270000
b111011 &
b111011 U
b1010010 W
b1010011 %
b1010011 V
b1000101 H
b1000101 a
b1000110 g
b1000111 f
b1010010 h
b10101 t
11
#70280000
b1010011 9
01
#70290000
b1000110 H
b1000110 a
b1000111 g
b1001000 f
b1010011 h
b111100 &
b111100 U
b1010011 W
b1010100 %
b1010100 V
b10101 t
11
#70300000
b1010100 9
01
#70310000
b111101 &
b111101 U
b1010100 W
b1010101 %
b1010101 V
b1000111 H
b1000111 a
b1001000 g
b1001001 f
b1010100 h
b10101 t
11
#70320000
b1010101 9
01
#70330000
b1001000 H
b1001000 a
b1001001 g
b1001010 f
b1010101 h
b111110 &
b111110 U
b1010101 W
b1010110 %
b1010110 V
b10101 t
11
#70340000
b1010110 9
01
#70350000
b111111 &
b111111 U
b1010110 W
b1010111 %
b1010111 V
b1001001 H
b1001001 a
b1001010 g
b1001011 f
b1010110 h
b10101 t
11
#70360000
b1010111 9
01
#70370000
b1001010 H
b1001010 a
b1001011 g
b1001100 f
b1010111 h
b1000000 &
b1000000 U
b1010111 W
b1011000 %
b1011000 V
b10101 t
11
#70380000
b1011000 9
01
#70390000
b1000001 &
b1000001 U
b1011000 W
b1011001 %
b1011001 V
b1001011 H
b1001011 a
b1001100 g
b1001101 f
b1011000 h
b10101 t
11
#70400000
b1011001 9
01
#70410000
b1001100 H
b1001100 a
b1001101 g
b1001110 f
b1011001 h
b1000010 &
b1000010 U
b1011001 W
b1011010 %
b1011010 V
b10101 t
11
#70420000
b1011010 9
01
#70430000
b1000011 &
b1000011 U
b1011010 W
b1011011 %
b1011011 V
b1001101 H
b1001101 a
b1001110 g
b1001111 f
b1011010 h
b10101 t
11
#70440000
b1011011 9
01
#70450000
b1001110 H
b1001110 a
b1001111 g
b1010000 f
b1011011 h
b1000100 &
b1000100 U
b1011011 W
b1011100 %
b1011100 V
b10101 t
11
#70460000
b1011100 9
01
#70470000
b1000101 &
b1000101 U
b1011100 W
b1011101 %
b1011101 V
b1001111 H
b1001111 a
b1010000 g
b1010001 f
b1011100 h
b10101 t
11
#70480000
b1011101 9
01
#70490000
b1010000 H
b1010000 a
b1010001 g
b1010010 f
b1011101 h
b1000110 &
b1000110 U
b1011101 W
b1011110 %
b1011110 V
b10101 t
11
#70500000
b1011110 9
01
#70510000
b1000111 &
b1000111 U
b1011110 W
b1011111 %
b1011111 V
b1010001 H
b1010001 a
b1010010 g
b1010011 f
b1011110 h
b10101 t
11
#70520000
b1011111 9
01
#70530000
b1010010 H
b1010010 a
b1010011 g
b1010100 f
b1011111 h
b1001000 &
b1001000 U
b1011111 W
b1100000 %
b1100000 V
b10101 t
11
#70540000
b1100000 9
01
#70550000
b1001001 &
b1001001 U
b1100000 W
b1100001 %
b1100001 V
b1010011 H
b1010011 a
b1010100 g
b1010101 f
b1100000 h
b10101 t
11
#70560000
b1100001 9
01
#70570000
b1010100 H
b1010100 a
b1010101 g
b1010110 f
b1100001 h
b1001010 &
b1001010 U
b1100001 W
b1100010 %
b1100010 V
b10101 t
11
#70580000
b1100010 9
01
#70590000
b1001011 &
b1001011 U
b1100010 W
b1100011 %
b1100011 V
b1010101 H
b1010101 a
b1010110 g
b1010111 f
b1100010 h
b10101 t
11
#70600000
b1100011 9
01
#70610000
b1010110 H
b1010110 a
b1010111 g
b1011000 f
b1100011 h
b1001100 &
b1001100 U
b1100011 W
b1100100 %
b1100100 V
b10101 t
11
#70620000
b1100100 9
01
#70630000
0B
b1001101 &
b1001101 U
b11 Z
b1100101 %
b1100101 V
b1010111 H
b1010111 a
b1011000 g
b1011001 f
b1100100 h
b10101 t
11
#70640000
b1100101 9
01
#70650000
b1011000 H
b1011000 a
b1011001 g
0r
b1001110 &
b1001110 U
b1100110 %
b1100110 V
11
#70660000
b1100110 9
01
#70670000
b1001111 &
b1001111 U
b1100111 %
b1100111 V
b1011001 H
b1011001 a
0s
11
#70680000
b1100111 9
01
#70690000
0D
b1010000 &
b1010000 U
1*
0-
b0 Z
b1101000 %
b1101000 V
11
#70700000
b10001 >
b1 v
b1000000000000000000000000000000 2
b1101000 9
01
#70710000
11
#70720000
01
#70730000
11
#70740000
01
#70750000
11
#70760000
01
#70770000
11
#70780000
01
#70790000
11
#70800000
01
#70810000
11
#70820000
01
#70830000
11
#70840000
01
#70850000
11
#70860000
b1 w
b1 ;
01
#70870000
11
#70880000
b10001 4
13
b10 7
b10 A
01
#70890000
11
#70900000
18
01
#70910000
1?
1-
b1 Z
b0 %
b0 V
b0 W
b0 '
b0 T
b0 (
b0 S
b1111111111111111 $
b1111111111111111 [
b0 +
b0 P
b0 &
b0 U
b0 ,
b0 O
0*
b10010 )
b10010 Q
10
1Y
11
#70920000
b0 9
03
b0 7
b0 A
08
01
#70930000
b0 `
1B
0?
b0 H
b0 a
b0 G
b0 d
b0 E
b0 p
b0 C
b0 q
b0 o
b0 g
b0 c
b0 f
b0 b
b0 l
b0 k
b0 j
b0 i
b0 h
b0 e
b10 Z
b1 %
b1 V
0Y
b10101 t
11
#70940000
b1 9
01
#70950000
0B
b10 R
b1 W
b10 %
b10 V
b1 h
b1 e
b10101 t
11
#70960000
b10 9
01
#70970000
b1 R
b11 %
b11 V
11
#70980000
b11 9
01
#70990000
1B
b0 R
b100 %
b100 V
11
#71000000
b100 9
01
#71010000
0B
b10 h
b10 e
b10 R
b10 W
b101 %
b101 V
b10101 t
11
#71020000
b101 9
01
#71030000
b1 R
b110 %
b110 V
11
#71040000
b110 9
01
#71050000
1B
b0 R
b111 %
b111 V
11
#71060000
b111 9
01
#71070000
0B
b10 R
b11 W
b1000 %
b1000 V
b11 h
b11 e
b10101 t
11
#71080000
b1000 9
01
#71090000
b1 R
b1001 %
b1001 V
11
#71100000
b1001 9
01
#71110000
1B
b0 R
b1010 %
b1010 V
11
#71120000
b1010 9
01
#71130000
0B
b100 h
b100 e
b10 R
b100 W
b1011 %
b1011 V
b10101 t
11
#71140000
b1011 9
01
#71150000
b1 R
b1100 %
b1100 V
11
#71160000
b1100 9
01
#71170000
1B
b0 R
b1101 %
b1101 V
11
#71180000
b1101 9
01
#71190000
0B
b10 R
b101 W
b1110 %
b1110 V
b101 h
b101 e
b10101 t
11
#71200000
b1110 9
01
#71210000
b1 R
b1111 %
b1111 V
11
#71220000
b1111 9
01
#71230000
1B
b0 R
b10000 %
b10000 V
11
#71240000
b10000 9
01
#71250000
0B
b110 h
b110 e
b10 R
b110 W
b10001 %
b10001 V
b10101 t
11
#71260000
b10001 9
01
#71270000
b1 R
b10010 %
b10010 V
11
#71280000
b10010 9
01
#71290000
1B
b0 R
b10011 %
b10011 V
11
#71300000
b10011 9
01
#71310000
0B
b10 R
b111 W
b10100 %
b10100 V
b111 h
b111 e
b10101 t
11
#71320000
b10100 9
01
#71330000
b1 R
b10101 %
b10101 V
11
#71340000
b10101 9
01
#71350000
1B
b0 R
b10110 %
b10110 V
11
#71360000
b10110 9
01
#71370000
0B
b1000 h
b1000 e
b10 R
b1000 W
b10111 %
b10111 V
b10101 t
11
#71380000
b10111 9
01
#71390000
b1 R
b11000 %
b11000 V
11
#71400000
b11000 9
01
#71410000
1B
b0 R
b11001 %
b11001 V
11
#71420000
b11001 9
01
#71430000
0B
b10 R
b1001 W
b11010 %
b11010 V
b1001 h
b1001 e
b10101 t
11
#71440000
b11010 9
01
#71450000
b1 R
b11011 %
b11011 V
11
#71460000
b11011 9
01
#71470000
1B
b0 R
b11100 %
b11100 V
11
#71480000
b11100 9
01
#71490000
0B
b1010 h
b1010 e
b10 R
b1010 W
b11101 %
b11101 V
b10101 t
11
#71500000
b11101 9
01
#71510000
b1 R
b11110 %
b11110 V
11
#71520000
b11110 9
01
#71530000
1B
b0 R
b11111 %
b11111 V
11
#71540000
b11111 9
01
#71550000
0B
b10 R
b1011 W
b100000 %
b100000 V
b1011 h
b1011 e
b10101 t
11
#71560000
b100000 9
01
#71570000
b1 R
b100001 %
b100001 V
11
#71580000
b100001 9
01
#71590000
1B
b0 R
b100010 %
b100010 V
11
#71600000
b100010 9
01
#71610000
0B
b1100 h
b1100 e
b10 R
b1100 W
b100011 %
b100011 V
b10101 t
11
#71620000
b100011 9
01
#71630000
b1 R
b100100 %
b100100 V
11
#71640000
b100100 9
01
#71650000
1B
b0 R
b100101 %
b100101 V
11
#71660000
b100101 9
01
#71670000
0B
b10 R
b1101 W
b100110 %
b100110 V
b1101 h
b1101 e
b10101 t
11
#71680000
b100110 9
01
#71690000
b1 R
b100111 %
b100111 V
11
#71700000
b100111 9
01
#71710000
1B
b0 R
b101000 %
b101000 V
11
#71720000
b101000 9
01
#71730000
0B
b1110 h
b1110 e
b10 R
b1110 W
b101001 %
b101001 V
b10101 t
11
#71740000
b101001 9
01
#71750000
b1 R
b101010 %
b101010 V
11
#71760000
b101010 9
01
#71770000
1B
b0 R
b101011 %
b101011 V
11
#71780000
b101011 9
01
#71790000
0B
b10 R
b1111 W
b101100 %
b101100 V
b1111 h
b1111 e
b10101 t
11
#71800000
b101100 9
01
#71810000
b1 R
b101101 %
b101101 V
11
#71820000
b101101 9
01
#71830000
1B
b0 R
b101110 %
b101110 V
11
#71840000
b101110 9
01
#71850000
0B
b10000 h
b10000 e
b10 R
b10000 W
b101111 %
b101111 V
b10101 t
11
#71860000
b101111 9
01
#71870000
b1 R
b110000 %
b110000 V
11
#71880000
b110000 9
01
#71890000
1B
b0 R
b110001 %
b110001 V
11
#71900000
b110001 9
01
#71910000
0B
b10 R
b10001 W
b110010 %
b110010 V
b10001 h
b10001 e
b10101 t
11
#71920000
b110010 9
01
#71930000
b1 R
b110011 %
b110011 V
11
#71940000
b110011 9
01
#71950000
1B
b0 R
b110100 %
b110100 V
11
#71960000
b110100 9
01
#71970000
0B
b10010 h
b10010 e
b10 R
b10010 W
b110101 %
b110101 V
b10101 t
11
#71980000
b110101 9
01
#71990000
b1 R
b110110 %
b110110 V
11
#72000000
b110110 9
01
#72010000
1B
b0 R
b110111 %
b110111 V
11
#72020000
b110111 9
01
#72030000
0B
b10 R
b10011 W
b111000 %
b111000 V
b10011 h
b10011 e
b10101 t
11
#72040000
b111000 9
01
#72050000
b1 R
b111001 %
b111001 V
11
#72060000
b111001 9
01
#72070000
1B
b0 R
b111010 %
b111010 V
11
#72080000
b111010 9
01
#72090000
0B
b10100 h
b10100 e
b10 R
b10100 W
b111011 %
b111011 V
b10101 t
11
#72100000
b111011 9
01
#72110000
b1 R
b111100 %
b111100 V
11
#72120000
b111100 9
01
#72130000
1B
b0 R
b111101 %
b111101 V
11
#72140000
b111101 9
01
#72150000
0B
b10 R
b10101 W
b111110 %
b111110 V
b1010 f
b1100100 b
b110010000 l
b110010000 k
b110010000 j
b110010000 i
b10101 h
b10101 e
1r
b10101 t
11
#72160000
b111110 9
01
#72170000
b1100100 `
b1010 g
b1100100 c
b11001000000 o
1s
0r
b1 R
b111111 %
b111111 V
11
#72180000
b111111 9
01
#72190000
1B
b0 R
b1000000 %
b1000000 V
b1010 H
b1010 a
b1100100 G
b1100100 d
b1100100 C
b1100100 q
b1100100 E
b1100100 p
1D
0s
11
#72200000
b1000000 9
01
#72210000
0B
0D
b1011 f
b10110 h
1r
b1100100 '
b1100100 T
b1100100 (
b1100100 S
b1 &
b1 U
b10 R
b10110 W
b1000001 %
b1000001 V
b10101 t
11
#72220000
b1000001 9
01
#72230000
b1 R
b1000010 %
b1000010 V
b1011 g
1s
0r
11
#72240000
b1000010 9
01
#72250000
1B
b1011 H
b1011 a
1D
0s
b0 R
b1000011 %
b1000011 V
11
#72260000
b1000011 9
01
#72270000
0B
b10 &
b10 U
b10 R
b10111 W
b1000100 %
b1000100 V
0D
b1100 f
b10111 h
1r
b10101 t
11
#72280000
b1000100 9
01
#72290000
b1100 g
1s
0r
b1 R
b1000101 %
b1000101 V
11
#72300000
b1000101 9
01
#72310000
1B
b0 R
b1000110 %
b1000110 V
b1100 H
b1100 a
1D
0s
11
#72320000
b1000110 9
01
#72330000
0B
0D
b1101 f
b11000 h
1r
b11 &
b11 U
b10 R
b11000 W
b1000111 %
b1000111 V
b10101 t
11
#72340000
b1000111 9
01
#72350000
b1 R
b1001000 %
b1001000 V
b1101 g
1s
0r
11
#72360000
b1001000 9
01
#72370000
1B
b1101 H
b1101 a
1D
0s
b0 R
b1001001 %
b1001001 V
11
#72380000
b1001001 9
01
#72390000
0B
b100 &
b100 U
b10 R
b11001 W
b1001010 %
b1001010 V
0D
b1110 f
b11001 h
1r
b10101 t
11
#72400000
b1001010 9
01
#72410000
b1110 g
1s
0r
b1 R
b1001011 %
b1001011 V
11
#72420000
b1001011 9
01
#72430000
1B
b0 R
b1001100 %
b1001100 V
b1110 H
b1110 a
1D
0s
11
#72440000
b1001100 9
01
#72450000
0B
0D
b1111 f
b11010 h
1r
b101 &
b101 U
b10 R
b11010 W
b1001101 %
b1001101 V
b10101 t
11
#72460000
b1001101 9
01
#72470000
b1 R
b1001110 %
b1001110 V
b1111 g
1s
0r
11
#72480000
b1001110 9
01
#72490000
1B
b1111 H
b1111 a
1D
0s
b0 R
b1001111 %
b1001111 V
11
#72500000
b1001111 9
01
#72510000
0B
b110 &
b110 U
b10 R
b11011 W
b1010000 %
b1010000 V
0D
b10000 f
b11011 h
1r
b10101 t
11
#72520000
b1010000 9
01
#72530000
b10000 g
1s
0r
b1 R
b1010001 %
b1010001 V
11
#72540000
b1010001 9
01
#72550000
1B
b0 R
b1010010 %
b1010010 V
b10000 H
b10000 a
1D
0s
11
#72560000
b1010010 9
01
#72570000
0B
0D
b10001 f
b11100 h
1r
b111 &
b111 U
b10 R
b11100 W
b1010011 %
b1010011 V
b10101 t
11
#72580000
b1010011 9
01
#72590000
b1 R
b1010100 %
b1010100 V
b10001 g
1s
0r
11
#72600000
b1010100 9
01
#72610000
1B
b10001 H
b10001 a
1D
0s
b0 R
b1010101 %
b1010101 V
11
#72620000
b1010101 9
01
#72630000
0B
b1000 &
b1000 U
b10 R
b11101 W
b1010110 %
b1010110 V
0D
b10010 f
b11101 h
1r
b10101 t
11
#72640000
b1010110 9
01
#72650000
b10010 g
1s
0r
b1 R
b1010111 %
b1010111 V
11
#72660000
b1010111 9
01
#72670000
1B
b0 R
b1011000 %
b1011000 V
b10010 H
b10010 a
1D
0s
11
#72680000
b1011000 9
01
#72690000
0B
b100101100 X
b100101100 ^
0D
b10011 f
b11110 h
1r
b1001 &
b1001 U
b10 R
b11110 W
b1011001 %
b1011001 V
b10101 t
11
#72700000
b1011001 9
01
#72710000
b1 R
b1011010 %
b1011010 V
b10011 g
1s
0r
11
#72720000
b1011010 9
01
#72730000
1B
b10011 H
b10011 a
1D
0s
b0 R
b1011011 %
b1011011 V
11
#72740000
b1011011 9
01
#72750000
0B
b1100100 X
b1100100 ^
b1010 &
b1010 U
b10 R
b11111 W
b1011100 %
b1011100 V
0D
b10100 f
b1001011000 i
b11111 h
1r
b10101 t
11
#72760000
b1011100 9
01
#72770000
b1110000 `
b10100 g
b11100001000 o
1s
0r
b1 R
b1011101 %
b1011101 V
11
#72780000
b1011101 9
01
#72790000
1B
b0 R
b1011110 %
b1011110 V
b10100 H
b10100 a
b1110000 C
b1110000 q
b1110000 E
b1110000 p
1D
0s
11
#72800000
b1011110 9
01
#72810000
0B
0D
b10101 f
b100000 h
1r
b1110000 '
b1110000 T
b1110000 (
b1110000 S
b1011 &
b1011 U
b10 R
b100000 W
b1011111 %
b1011111 V
b10101 t
11
#72820000
b1011111 9
01
#72830000
b1 R
b1100000 %
b1100000 V
b10101 g
1s
0r
11
#72840000
b1100000 9
01
#72850000
1B
b10101 H
b10101 a
1D
0s
b0 R
b1100001 %
b1100001 V
11
#72860000
b1100001 9
01
#72870000
0B
b1100 &
b1100 U
b10 R
b100001 W
b1100010 %
b1100010 V
0D
b10110 f
b100001 h
1r
b10101 t
11
#72880000
b1100010 9
01
#72890000
b10110 g
1s
0r
b1 R
b1100011 %
b1100011 V
11
#72900000
b1100011 9
01
#72910000
1B
b0 R
b1100100 %
b1100100 V
b10110 H
b10110 a
1D
0s
11
#72920000
b1100100 9
01
#72930000
0B
0D
b10111 f
b100010 h
1r
b1101 &
b1101 U
b10 R
b100010 W
b1100101 %
b1100101 V
b10101 t
11
#72940000
b1100101 9
01
#72950000
b1 R
b1100110 %
b1100110 V
b10111 g
1s
0r
11
#72960000
b1100110 9
01
#72970000
1B
b10111 H
b10111 a
1D
0s
b0 R
b1100111 %
b1100111 V
11
#72980000
b1100111 9
01
#72990000
0B
b1110 &
b1110 U
b10 R
b100011 W
b1101000 %
b1101000 V
0D
b11000 f
b1001011000 j
b110010000 i
b100011 h
1r
b10101 t
11
#73000000
b1101000 9
01
#73010000
b11000 g
1s
0r
b1 R
b1101001 %
b1101001 V
11
#73020000
b1101001 9
01
#73030000
1B
b0 R
b1101010 %
b1101010 V
b11000 H
b11000 a
1D
0s
11
#73040000
b1101010 9
01
#73050000
0B
0D
b11001 f
b100100 h
1r
b1111 &
b1111 U
b10 R
b100100 W
b1101011 %
b1101011 V
b10101 t
11
#73060000
b1101011 9
01
#73070000
b1 R
b1101100 %
b1101100 V
b11001 g
1s
0r
11
#73080000
b1101100 9
01
#73090000
1B
b11001 H
b11001 a
1D
0s
b0 R
b1101101 %
b1101101 V
11
#73100000
b1101101 9
01
#73110000
0B
b10000 &
b10000 U
b10 R
b100101 W
b1101110 %
b1101110 V
0D
b11010 f
b100101 h
1r
b10101 t
11
#73120000
b1101110 9
01
#73130000
b11010 g
1s
0r
b1 R
b1101111 %
b1101111 V
11
#73140000
b1101111 9
01
#73150000
1B
b0 R
b1110000 %
b1110000 V
b11010 H
b11010 a
1D
0s
11
#73160000
b1110000 9
01
#73170000
0B
0D
b11011 f
b100110 h
1r
b10001 &
b10001 U
b10 R
b100110 W
b1110001 %
b1110001 V
b10101 t
11
#73180000
b1110001 9
01
#73190000
b1 R
b1110010 %
b1110010 V
b11011 g
1s
0r
11
#73200000
b1110010 9
01
#73210000
1B
b11011 H
b11011 a
1D
0s
b0 R
b1110011 %
b1110011 V
11
#73220000
b1110011 9
01
#73230000
0B
b10010 &
b10010 U
b10 R
b100111 W
b1110100 %
b1110100 V
0D
b11100 f
b110010000 j
b100111 h
1r
b10101 t
11
#73240000
b1110100 9
01
#73250000
b1100100 `
b11100 g
b11001000000 o
1s
0r
b1 R
b1110101 %
b1110101 V
11
#73260000
b1110101 9
01
#73270000
1B
b0 R
b1110110 %
b1110110 V
b11100 H
b11100 a
b1100100 C
b1100100 q
b1100100 E
b1100100 p
1D
0s
11
#73280000
b1110110 9
01
#73290000
0B
0D
b11101 f
b101000 h
1r
b1100100 '
b1100100 T
b1100100 (
b1100100 S
b10011 &
b10011 U
b10 R
b101000 W
b1110111 %
b1110111 V
b10101 t
11
#73300000
b1110111 9
01
#73310000
b1 R
b1111000 %
b1111000 V
b11101 g
1s
0r
11
#73320000
b1111000 9
01
#73330000
1B
b11101 H
b11101 a
1D
0s
b0 R
b1111001 %
b1111001 V
11
#73340000
b1111001 9
01
#73350000
0B
b10100 &
b10100 U
b10 R
b101001 W
b1111010 %
b1111010 V
0D
b11110 f
b100101100 b
b101001 h
1r
b10101 t
11
#73360000
b1111010 9
01
#73370000
b11110 g
b100101100 c
1s
0r
b1 R
b1111011 %
b1111011 V
11
#73380000
b1111011 9
01
#73390000
1B
b0 R
b1111100 %
b1111100 V
b11110 H
b11110 a
b100101100 G
b100101100 d
1F
1D
0s
11
#73400000
b1111100 9
01
#73410000
0B
0F
0D
b11111 f
b1100100 b
b101010 h
1r
b1 ,
b1 O
b11110 $
b11110 [
b1000000000000000000000000000000 +
b1000000000000000000000000000000 P
b10101 &
b10101 U
b10 R
b101010 W
b1111101 %
b1111101 V
b10101 t
11
#73420000
b1111101 9
01
#73430000
b1 R
b1111110 %
b1111110 V
b11111 g
b1100100 c
1s
0r
11
#73440000
b1111110 9
01
#73450000
1B
b11111 H
b11111 a
b1100100 G
b1100100 d
1D
0s
b0 R
b1111111 %
b1111111 V
11
#73460000
b1111111 9
01
#73470000
0B
b10110 &
b10110 U
b10 R
b101011 W
b10000000 %
b10000000 V
0D
b100000 f
b101011 h
1r
b10101 t
11
#73480000
b10000000 9
01
#73490000
b100000 g
1s
0r
b1 R
b10000001 %
b10000001 V
11
#73500000
b10000001 9
01
#73510000
1B
b0 R
b10000010 %
b10000010 V
b100000 H
b100000 a
1D
0s
11
#73520000
b10000010 9
01
#73530000
0B
0D
b100001 f
b1001011000 k
b101100 h
1r
b10111 &
b10111 U
b10 R
b101100 W
b10000011 %
b10000011 V
b10101 t
11
#73540000
b10000011 9
01
#73550000
b1110000 `
b1 R
b10000100 %
b10000100 V
b100001 g
b11100001000 o
1s
0r
11
#73560000
b10000100 9
01
#73570000
1B
b100001 H
b100001 a
b1110000 C
b1110000 q
b1110000 E
b1110000 p
1D
0s
b0 R
b10000101 %
b10000101 V
11
#73580000
b10000101 9
01
#73590000
0B
b1110000 '
b1110000 T
b1110000 (
b1110000 S
b11000 &
b11000 U
b10 R
b101101 W
b10000110 %
b10000110 V
0D
b100010 f
b101101 h
1r
b10101 t
11
#73600000
b10000110 9
01
#73610000
b100010 g
1s
0r
b1 R
b10000111 %
b10000111 V
11
#73620000
b10000111 9
01
#73630000
1B
b0 R
b10001000 %
b10001000 V
b100010 H
b100010 a
1D
0s
11
#73640000
b10001000 9
01
#73650000
0B
0D
b100011 f
b101110 h
1r
b11001 &
b11001 U
b10 R
b101110 W
b10001001 %
b10001001 V
b10101 t
11
#73660000
b10001001 9
01
#73670000
b1 R
b10001010 %
b10001010 V
b100011 g
1s
0r
11
#73680000
b10001010 9
01
#73690000
1B
b100011 H
b100011 a
1D
0s
b0 R
b10001011 %
b10001011 V
11
#73700000
b10001011 9
01
#73710000
0B
b11010 &
b11010 U
b10 R
b101111 W
b10001100 %
b10001100 V
0D
b100100 f
b101111 h
1r
b10101 t
11
#73720000
b10001100 9
01
#73730000
b100100 g
1s
0r
b1 R
b10001101 %
b10001101 V
11
#73740000
b10001101 9
01
#73750000
1B
b0 R
b10001110 %
b10001110 V
b100100 H
b100100 a
1D
0s
11
#73760000
b10001110 9
01
#73770000
0B
0D
b100101 f
b1001011000 l
b110010000 k
b110000 h
1r
b11011 &
b11011 U
b10 R
b110000 W
b10001111 %
b10001111 V
b10101 t
11
#73780000
b10001111 9
01
#73790000
b1 R
b10010000 %
b10010000 V
b100101 g
1s
0r
11
#73800000
b10010000 9
01
#73810000
1B
b100101 H
b100101 a
1D
0s
b0 R
b10010001 %
b10010001 V
11
#73820000
b10010001 9
01
#73830000
0B
b11100 &
b11100 U
b10 R
b110001 W
b10010010 %
b10010010 V
0D
b100110 f
b110001 h
1r
b10101 t
11
#73840000
b10010010 9
01
#73850000
b100110 g
1s
0r
b1 R
b10010011 %
b10010011 V
11
#73860000
b10010011 9
01
#73870000
1B
b0 R
b10010100 %
b10010100 V
b100110 H
b100110 a
1D
0s
11
#73880000
b10010100 9
01
#73890000
0B
0D
b100111 f
b110010 h
1r
b11101 &
b11101 U
b10 R
b110010 W
b10010101 %
b10010101 V
b10101 t
11
#73900000
b10010101 9
01
#73910000
b1 R
b10010110 %
b10010110 V
b100111 g
1s
0r
11
#73920000
b10010110 9
01
#73930000
1B
b100111 H
b100111 a
1D
0s
b0 R
b10010111 %
b10010111 V
11
#73940000
b10010111 9
01
#73950000
0B
b11110 &
b11110 U
b10 R
b110011 W
b10011000 %
b10011000 V
0D
b101000 f
b110011 h
1r
b10101 t
11
#73960000
b10011000 9
01
#73970000
b101000 g
1s
0r
b1 R
b10011001 %
b10011001 V
11
#73980000
b10011001 9
01
#73990000
1B
b0 R
b10011010 %
b10011010 V
b101000 H
b101000 a
1D
0s
11
#74000000
b10011010 9
01
#74010000
0B
0D
b101001 f
b110010000 l
b110100 h
1r
b11111 &
b11111 U
b10 R
b110100 W
b10011011 %
b10011011 V
b10101 t
11
#74020000
b10011011 9
01
#74030000
b1100100 `
b1 R
b10011100 %
b10011100 V
b101001 g
b11001000000 o
1s
0r
11
#74040000
b10011100 9
01
#74050000
1B
b101001 H
b101001 a
b1100100 C
b1100100 q
b1100100 E
b1100100 p
1D
0s
b0 R
b10011101 %
b10011101 V
11
#74060000
b10011101 9
01
#74070000
0B
b1100100 '
b1100100 T
b1100100 (
b1100100 S
b100000 &
b100000 U
b10 R
b110101 W
b10011110 %
b10011110 V
0D
b101010 f
b110101 h
1r
b10101 t
11
#74080000
b10011110 9
01
#74090000
b101010 g
1s
0r
b1 R
b10011111 %
b10011111 V
11
#74100000
b10011111 9
01
#74110000
1B
b0 R
b10100000 %
b10100000 V
b101010 H
b101010 a
1D
0s
11
#74120000
b10100000 9
01
#74130000
0B
0D
b101011 f
b110110 h
1r
b100001 &
b100001 U
b10 R
b110110 W
b10100001 %
b10100001 V
b10101 t
11
#74140000
b10100001 9
01
#74150000
b1 R
b10100010 %
b10100010 V
b101011 g
1s
0r
11
#74160000
b10100010 9
01
#74170000
1B
b101011 H
b101011 a
1D
0s
b0 R
b10100011 %
b10100011 V
11
#74180000
b10100011 9
01
#74190000
0B
b100010 &
b100010 U
b10 R
b110111 W
b10100100 %
b10100100 V
0D
b101100 f
b110111 h
1r
b10101 t
11
#74200000
b10100100 9
01
#74210000
b101100 g
1s
0r
b1 R
b10100101 %
b10100101 V
11
#74220000
b10100101 9
01
#74230000
1B
b0 R
b10100110 %
b10100110 V
b101100 H
b101100 a
1D
0s
11
#74240000
b10100110 9
01
#74250000
0B
0D
b101101 f
b111000 h
1r
b100011 &
b100011 U
b10 R
b111000 W
b10100111 %
b10100111 V
b10101 t
11
#74260000
b10100111 9
01
#74270000
b1 R
b10101000 %
b10101000 V
b101101 g
1s
0r
11
#74280000
b10101000 9
01
#74290000
1B
b101101 H
b101101 a
1D
0s
b0 R
b10101001 %
b10101001 V
11
#74300000
b10101001 9
01
#74310000
0B
b100100 &
b100100 U
b10 R
b111001 W
b10101010 %
b10101010 V
0D
b101110 f
b111001 h
1r
b10101 t
11
#74320000
b10101010 9
01
#74330000
b101110 g
1s
0r
b1 R
b10101011 %
b10101011 V
11
#74340000
b10101011 9
01
#74350000
1B
b0 R
b10101100 %
b10101100 V
b101110 H
b101110 a
1D
0s
11
#74360000
b10101100 9
01
#74370000
0B
0D
b101111 f
b111010 h
1r
b100101 &
b100101 U
b10 R
b111010 W
b10101101 %
b10101101 V
b10101 t
11
#74380000
b10101101 9
01
#74390000
b1 R
b10101110 %
b10101110 V
b101111 g
1s
0r
11
#74400000
b10101110 9
01
#74410000
1B
b101111 H
b101111 a
1D
0s
b0 R
b10101111 %
b10101111 V
11
#74420000
b10101111 9
01
#74430000
0B
b100110 &
b100110 U
b10 R
b111011 W
b10110000 %
b10110000 V
0D
b110000 f
b111011 h
1r
b10101 t
11
#74440000
b10110000 9
01
#74450000
b110000 g
1s
0r
b1 R
b10110001 %
b10110001 V
11
#74460000
b10110001 9
01
#74470000
1B
b0 R
b10110010 %
b10110010 V
b110000 H
b110000 a
1D
0s
11
#74480000
b10110010 9
01
#74490000
0B
0D
b110001 f
b111100 h
1r
b100111 &
b100111 U
b10 R
b111100 W
b10110011 %
b10110011 V
b10101 t
11
#74500000
b10110011 9
01
#74510000
b1 R
b10110100 %
b10110100 V
b110001 g
1s
0r
11
#74520000
b10110100 9
01
#74530000
1B
b110001 H
b110001 a
1D
0s
b0 R
b10110101 %
b10110101 V
11
#74540000
b10110101 9
01
#74550000
0B
b101000 &
b101000 U
b10 R
b111101 W
b10110110 %
b10110110 V
0D
b110010 f
b111101 h
1r
b10101 t
11
#74560000
b10110110 9
01
#74570000
b110010 g
1s
0r
b1 R
b10110111 %
b10110111 V
11
#74580000
b10110111 9
01
#74590000
1B
b0 R
b10111000 %
b10111000 V
b110010 H
b110010 a
1D
0s
11
#74600000
b10111000 9
01
#74610000
0B
0D
b110011 f
b111110 h
1r
b101001 &
b101001 U
b10 R
b111110 W
b10111001 %
b10111001 V
b10101 t
11
#74620000
b10111001 9
01
#74630000
b1 R
b10111010 %
b10111010 V
b110011 g
1s
0r
11
#74640000
b10111010 9
01
#74650000
1B
b110011 H
b110011 a
1D
0s
b0 R
b10111011 %
b10111011 V
11
#74660000
b10111011 9
01
#74670000
0B
b101010 &
b101010 U
b10 R
b111111 W
b10111100 %
b10111100 V
0D
b110100 f
b111111 h
1r
b10101 t
11
#74680000
b10111100 9
01
#74690000
b110100 g
1s
0r
b1 R
b10111101 %
b10111101 V
11
#74700000
b10111101 9
01
#74710000
1B
b0 R
b10111110 %
b10111110 V
b110100 H
b110100 a
1D
0s
11
#74720000
b10111110 9
01
#74730000
0B
0D
b110101 f
b1000000 h
1r
b101011 &
b101011 U
b10 R
b1000000 W
b10111111 %
b10111111 V
b10101 t
11
#74740000
b10111111 9
01
#74750000
b1 R
b11000000 %
b11000000 V
b110101 g
1s
0r
11
#74760000
b11000000 9
01
#74770000
1B
b110101 H
b110101 a
1D
0s
b0 R
b11000001 %
b11000001 V
11
#74780000
b11000001 9
01
#74790000
0B
b101100 &
b101100 U
b10 R
b1000001 W
b11000010 %
b11000010 V
0D
b110110 f
b1000001 h
1r
b10101 t
11
#74800000
b11000010 9
01
#74810000
b110110 g
1s
0r
b1 R
b11000011 %
b11000011 V
11
#74820000
b11000011 9
01
#74830000
1B
b0 R
b11000100 %
b11000100 V
b110110 H
b110110 a
1D
0s
11
#74840000
b11000100 9
01
#74850000
0B
0D
b110111 f
b1000010 h
1r
b101101 &
b101101 U
b10 R
b1000010 W
b11000101 %
b11000101 V
b10101 t
11
#74860000
b11000101 9
01
#74870000
b1 R
b11000110 %
b11000110 V
b110111 g
1s
0r
11
#74880000
b11000110 9
01
#74890000
1B
b110111 H
b110111 a
1D
0s
b0 R
b11000111 %
b11000111 V
11
#74900000
b11000111 9
01
#74910000
0B
b101110 &
b101110 U
b10 R
b1000011 W
b11001000 %
b11001000 V
0D
b111000 f
b1000011 h
1r
b10101 t
11
#74920000
b11001000 9
01
#74930000
b111000 g
1s
0r
b1 R
b11001001 %
b11001001 V
11
#74940000
b11001001 9
01
#74950000
1B
b0 R
b11001010 %
b11001010 V
b111000 H
b111000 a
1D
0s
11
#74960000
b11001010 9
01
#74970000
0B
0D
b111001 f
b1000100 h
1r
b101111 &
b101111 U
b10 R
b1000100 W
b11001011 %
b11001011 V
b10101 t
11
#74980000
b11001011 9
01
#74990000
b1 R
b11001100 %
b11001100 V
b111001 g
1s
0r
11
#75000000
b11001100 9
01
#75010000
1B
b111001 H
b111001 a
1D
0s
b0 R
b11001101 %
b11001101 V
11
#75020000
b11001101 9
01
#75030000
0B
b110000 &
b110000 U
b10 R
b1000101 W
b11001110 %
b11001110 V
0D
b111010 f
b1000101 h
1r
b10101 t
11
#75040000
b11001110 9
01
#75050000
b111010 g
1s
0r
b1 R
b11001111 %
b11001111 V
11
#75060000
b11001111 9
01
#75070000
1B
b0 R
b11010000 %
b11010000 V
b111010 H
b111010 a
1D
0s
11
#75080000
b11010000 9
01
#75090000
0B
0D
b111011 f
b1000110 h
1r
b110001 &
b110001 U
b10 R
b1000110 W
b11010001 %
b11010001 V
b10101 t
11
#75100000
b11010001 9
01
#75110000
b1 R
b11010010 %
b11010010 V
b111011 g
1s
0r
11
#75120000
b11010010 9
01
#75130000
1B
b111011 H
b111011 a
1D
0s
b0 R
b11010011 %
b11010011 V
11
#75140000
b11010011 9
01
#75150000
0B
b110010 &
b110010 U
b10 R
b1000111 W
b11010100 %
b11010100 V
0D
b111100 f
b1000111 h
1r
b10101 t
11
#75160000
b11010100 9
01
#75170000
b111100 g
1s
0r
b1 R
b11010101 %
b11010101 V
11
#75180000
b11010101 9
01
#75190000
1B
b0 R
b11010110 %
b11010110 V
b111100 H
b111100 a
1D
0s
11
#75200000
b11010110 9
01
#75210000
0B
0D
b111101 f
b1001000 h
1r
b110011 &
b110011 U
b10 R
b1001000 W
b11010111 %
b11010111 V
b10101 t
11
#75220000
b11010111 9
01
#75230000
b1 R
b11011000 %
b11011000 V
b111101 g
1s
0r
11
#75240000
b11011000 9
01
#75250000
1B
b111101 H
b111101 a
1D
0s
b0 R
b11011001 %
b11011001 V
11
#75260000
b11011001 9
01
#75270000
0B
b110100 &
b110100 U
b10 R
b1001001 W
b11011010 %
b11011010 V
0D
b111110 f
b1001001 h
1r
b10101 t
11
#75280000
b11011010 9
01
#75290000
b111110 g
1s
0r
b1 R
b11011011 %
b11011011 V
11
#75300000
b11011011 9
01
#75310000
1B
b0 R
b11011100 %
b11011100 V
b111110 H
b111110 a
1D
0s
11
#75320000
b11011100 9
01
#75330000
0B
0D
b111111 f
b1001010 h
1r
b110101 &
b110101 U
b10 R
b1001010 W
b11011101 %
b11011101 V
b10101 t
11
#75340000
b11011101 9
01
#75350000
b1 R
b11011110 %
b11011110 V
b111111 g
1s
0r
11
#75360000
b11011110 9
01
#75370000
1B
b111111 H
b111111 a
1D
0s
b0 R
b11011111 %
b11011111 V
11
#75380000
b11011111 9
01
#75390000
0B
b110110 &
b110110 U
b10 R
b1001011 W
b11100000 %
b11100000 V
0D
b1000000 f
b1001011 h
1r
b10101 t
11
#75400000
b11100000 9
01
#75410000
b1000000 g
1s
0r
b1 R
b11100001 %
b11100001 V
11
#75420000
b11100001 9
01
#75430000
1B
b0 R
b11100010 %
b11100010 V
b1000000 H
b1000000 a
1D
0s
11
#75440000
b11100010 9
01
#75450000
0B
0D
b1000001 f
b1001100 h
1r
b110111 &
b110111 U
b10 R
b1001100 W
b11100011 %
b11100011 V
b10101 t
11
#75460000
b11100011 9
01
#75470000
b1 R
b11100100 %
b11100100 V
b1000001 g
1s
0r
11
#75480000
b11100100 9
01
#75490000
1B
b1000001 H
b1000001 a
1D
0s
b0 R
b11100101 %
b11100101 V
11
#75500000
b11100101 9
01
#75510000
0B
b111000 &
b111000 U
b10 R
b1001101 W
b11100110 %
b11100110 V
0D
b1000010 f
b1001101 h
1r
b10101 t
11
#75520000
b11100110 9
01
#75530000
b1000010 g
1s
0r
b1 R
b11100111 %
b11100111 V
11
#75540000
b11100111 9
01
#75550000
1B
b0 R
b11101000 %
b11101000 V
b1000010 H
b1000010 a
1D
0s
11
#75560000
b11101000 9
01
#75570000
0B
0D
b1000011 f
b1001110 h
1r
b111001 &
b111001 U
b10 R
b1001110 W
b11101001 %
b11101001 V
b10101 t
11
#75580000
b11101001 9
01
#75590000
b1 R
b11101010 %
b11101010 V
b1000011 g
1s
0r
11
#75600000
b11101010 9
01
#75610000
1B
b1000011 H
b1000011 a
1D
0s
b0 R
b11101011 %
b11101011 V
11
#75620000
b11101011 9
01
#75630000
0B
b111010 &
b111010 U
b10 R
b1001111 W
b11101100 %
b11101100 V
0D
b1000100 f
b1001111 h
1r
b10101 t
11
#75640000
b11101100 9
01
#75650000
b1000100 g
1s
0r
b1 R
b11101101 %
b11101101 V
11
#75660000
b11101101 9
01
#75670000
1B
b0 R
b11101110 %
b11101110 V
b1000100 H
b1000100 a
1D
0s
11
#75680000
b11101110 9
01
#75690000
0B
0D
b1000101 f
b1010000 h
1r
b111011 &
b111011 U
b10 R
b1010000 W
b11101111 %
b11101111 V
b10101 t
11
#75700000
b11101111 9
01
#75710000
b1 R
b11110000 %
b11110000 V
b1000101 g
1s
0r
11
#75720000
b11110000 9
01
#75730000
1B
b1000101 H
b1000101 a
1D
0s
b0 R
b11110001 %
b11110001 V
11
#75740000
b11110001 9
01
#75750000
0B
b111100 &
b111100 U
b10 R
b1010001 W
b11110010 %
b11110010 V
0D
b1000110 f
b1010001 h
1r
b10101 t
11
#75760000
b11110010 9
01
#75770000
b1000110 g
1s
0r
b1 R
b11110011 %
b11110011 V
11
#75780000
b11110011 9
01
#75790000
1B
b0 R
b11110100 %
b11110100 V
b1000110 H
b1000110 a
1D
0s
11
#75800000
b11110100 9
01
#75810000
0B
0D
b1000111 f
b1010010 h
1r
b111101 &
b111101 U
b10 R
b1010010 W
b11110101 %
b11110101 V
b10101 t
11
#75820000
b11110101 9
01
#75830000
b1 R
b11110110 %
b11110110 V
b1000111 g
1s
0r
11
#75840000
b11110110 9
01
#75850000
1B
b1000111 H
b1000111 a
1D
0s
b0 R
b11110111 %
b11110111 V
11
#75860000
b11110111 9
01
#75870000
0B
b111110 &
b111110 U
b10 R
b1010011 W
b11111000 %
b11111000 V
0D
b1001000 f
b1010011 h
1r
b10101 t
11
#75880000
b11111000 9
01
#75890000
b1001000 g
1s
0r
b1 R
b11111001 %
b11111001 V
11
#75900000
b11111001 9
01
#75910000
1B
b0 R
b11111010 %
b11111010 V
b1001000 H
b1001000 a
1D
0s
11
#75920000
b11111010 9
01
#75930000
0B
0D
b1001001 f
b1010100 h
1r
b111111 &
b111111 U
b10 R
b1010100 W
b11111011 %
b11111011 V
b10101 t
11
#75940000
b11111011 9
01
#75950000
b1 R
b11111100 %
b11111100 V
b1001001 g
1s
0r
11
#75960000
b11111100 9
01
#75970000
1B
b1001001 H
b1001001 a
1D
0s
b0 R
b11111101 %
b11111101 V
11
#75980000
b11111101 9
01
#75990000
0B
b1000000 &
b1000000 U
b10 R
b1010101 W
b11111110 %
b11111110 V
0D
b1001010 f
b1010101 h
1r
b10101 t
11
#76000000
b11111110 9
01
#76010000
b1001010 g
1s
0r
b1 R
b11111111 %
b11111111 V
11
#76020000
b11111111 9
01
#76030000
1B
b0 R
b100000000 %
b100000000 V
b1001010 H
b1001010 a
1D
0s
11
#76040000
b100000000 9
01
#76050000
0B
0D
b1001011 f
b1010110 h
1r
b1000001 &
b1000001 U
b10 R
b1010110 W
b100000001 %
b100000001 V
b10101 t
11
#76060000
b100000001 9
01
#76070000
b1 R
b100000010 %
b100000010 V
b1001011 g
1s
0r
11
#76080000
b100000010 9
01
#76090000
1B
b1001011 H
b1001011 a
1D
0s
b0 R
b100000011 %
b100000011 V
11
#76100000
b100000011 9
01
#76110000
0B
b1000010 &
b1000010 U
b10 R
b1010111 W
b100000100 %
b100000100 V
0D
b1001100 f
b1010111 h
1r
b10101 t
11
#76120000
b100000100 9
01
#76130000
b1001100 g
1s
0r
b1 R
b100000101 %
b100000101 V
11
#76140000
b100000101 9
01
#76150000
1B
b0 R
b100000110 %
b100000110 V
b1001100 H
b1001100 a
1D
0s
11
#76160000
b100000110 9
01
#76170000
0B
0D
b1001101 f
b1011000 h
1r
b1000011 &
b1000011 U
b10 R
b1011000 W
b100000111 %
b100000111 V
b10101 t
11
#76180000
b100000111 9
01
#76190000
b1 R
b100001000 %
b100001000 V
b1001101 g
1s
0r
11
#76200000
b100001000 9
01
#76210000
1B
b1001101 H
b1001101 a
1D
0s
b0 R
b100001001 %
b100001001 V
11
#76220000
b100001001 9
01
#76230000
0B
b1000100 &
b1000100 U
b10 R
b1011001 W
b100001010 %
b100001010 V
0D
b1001110 f
b1011001 h
1r
b10101 t
11
#76240000
b100001010 9
01
#76250000
b1001110 g
1s
0r
b1 R
b100001011 %
b100001011 V
11
#76260000
b100001011 9
01
#76270000
1B
b0 R
b100001100 %
b100001100 V
b1001110 H
b1001110 a
1D
0s
11
#76280000
b100001100 9
01
#76290000
0B
0D
b1001111 f
b1011010 h
1r
b1000101 &
b1000101 U
b10 R
b1011010 W
b100001101 %
b100001101 V
b10101 t
11
#76300000
b100001101 9
01
#76310000
b1 R
b100001110 %
b100001110 V
b1001111 g
1s
0r
11
#76320000
b100001110 9
01
#76330000
1B
b1001111 H
b1001111 a
1D
0s
b0 R
b100001111 %
b100001111 V
11
#76340000
b100001111 9
01
#76350000
0B
b1000110 &
b1000110 U
b10 R
b1011011 W
b100010000 %
b100010000 V
0D
b1010000 f
b1011011 h
1r
b10101 t
11
#76360000
b100010000 9
01
#76370000
b1010000 g
1s
0r
b1 R
b100010001 %
b100010001 V
11
#76380000
b100010001 9
01
#76390000
1B
b0 R
b100010010 %
b100010010 V
b1010000 H
b1010000 a
1D
0s
11
#76400000
b100010010 9
01
#76410000
0B
0D
b1010001 f
b1011100 h
1r
b1000111 &
b1000111 U
b10 R
b1011100 W
b100010011 %
b100010011 V
b10101 t
11
#76420000
b100010011 9
01
#76430000
b1 R
b100010100 %
b100010100 V
b1010001 g
1s
0r
11
#76440000
b100010100 9
01
#76450000
1B
b1010001 H
b1010001 a
1D
0s
b0 R
b100010101 %
b100010101 V
11
#76460000
b100010101 9
01
#76470000
0B
b1001000 &
b1001000 U
b10 R
b1011101 W
b100010110 %
b100010110 V
0D
b1010010 f
b1011101 h
1r
b10101 t
11
#76480000
b100010110 9
01
#76490000
b1010010 g
1s
0r
b1 R
b100010111 %
b100010111 V
11
#76500000
b100010111 9
01
#76510000
1B
b0 R
b100011000 %
b100011000 V
b1010010 H
b1010010 a
1D
0s
11
#76520000
b100011000 9
01
#76530000
0B
0D
b1010011 f
b1011110 h
1r
b1001001 &
b1001001 U
b10 R
b1011110 W
b100011001 %
b100011001 V
b10101 t
11
#76540000
b100011001 9
01
#76550000
b1 R
b100011010 %
b100011010 V
b1010011 g
1s
0r
11
#76560000
b100011010 9
01
#76570000
1B
b1010011 H
b1010011 a
1D
0s
b0 R
b100011011 %
b100011011 V
11
#76580000
b100011011 9
01
#76590000
0B
b1001010 &
b1001010 U
b10 R
b1011111 W
b100011100 %
b100011100 V
0D
b1010100 f
b1011111 h
1r
b10101 t
11
#76600000
b100011100 9
01
#76610000
b1010100 g
1s
0r
b1 R
b100011101 %
b100011101 V
11
#76620000
b100011101 9
01
#76630000
1B
b0 R
b100011110 %
b100011110 V
b1010100 H
b1010100 a
1D
0s
11
#76640000
b100011110 9
01
#76650000
0B
0D
b1010101 f
b1100000 h
1r
b1001011 &
b1001011 U
b10 R
b1100000 W
b100011111 %
b100011111 V
b10101 t
11
#76660000
b100011111 9
01
#76670000
b1 R
b100100000 %
b100100000 V
b1010101 g
1s
0r
11
#76680000
b100100000 9
01
#76690000
1B
b1010101 H
b1010101 a
1D
0s
b0 R
b100100001 %
b100100001 V
11
#76700000
b100100001 9
01
#76710000
0B
b1001100 &
b1001100 U
b10 R
b1100001 W
b100100010 %
b100100010 V
0D
b1010110 f
b1100001 h
1r
b10101 t
11
#76720000
b100100010 9
01
#76730000
b1010110 g
1s
0r
b1 R
b100100011 %
b100100011 V
11
#76740000
b100100011 9
01
#76750000
1B
b0 R
b100100100 %
b100100100 V
b1010110 H
b1010110 a
1D
0s
11
#76760000
b100100100 9
01
#76770000
0B
0D
b1010111 f
b1100010 h
1r
b1001101 &
b1001101 U
b10 R
b1100010 W
b100100101 %
b100100101 V
b10101 t
11
#76780000
b100100101 9
01
#76790000
b1 R
b100100110 %
b100100110 V
b1010111 g
1s
0r
11
#76800000
b100100110 9
01
#76810000
1B
b1010111 H
b1010111 a
1D
0s
b0 R
b100100111 %
b100100111 V
11
#76820000
b100100111 9
01
#76830000
0B
b1001110 &
b1001110 U
b10 R
b1100011 W
b100101000 %
b100101000 V
0D
b1011000 f
b1100011 h
1r
b10101 t
11
#76840000
b100101000 9
01
#76850000
b1011000 g
1s
0r
b1 R
b100101001 %
b100101001 V
11
#76860000
b100101001 9
01
#76870000
1B
b0 R
b100101010 %
b100101010 V
b1011000 H
b1011000 a
1D
0s
11
#76880000
b100101010 9
01
#76890000
0B
0D
b1011001 f
b1100100 h
1r
b1001111 &
b1001111 U
b10 R
b11 Z
b100101011 %
b100101011 V
b10101 t
11
#76900000
b100101011 9
01
#76910000
b100101100 %
b100101100 V
b1011001 g
1s
0r
11
#76920000
b100101100 9
01
#76930000
b1011001 H
b1011001 a
1D
0s
b100101101 %
b100101101 V
11
#76940000
b100101101 9
01
#76950000
b1010000 &
b1010000 U
1*
0-
b0 Z
b100101110 %
b100101110 V
0D
11
#76960000
b10010 >
b1000000000000000000000000000000 2
b100101110 9
01
#76970000
11
#76980000
01
#76990000
11
#77000000
01
#77010000
11
#77020000
01
#77030000
11
#77040000
01
#77050000
11
#77060000
01
#77070000
11
#77080000
01
#77090000
11
#77100000
01
#77110000
11
#77120000
b0 w
b1 u
b1 =
b0 ;
01
#77130000
11
#77140000
b10010 4
b1 6
b1 @
b10 7
b10 A
01
#77150000
11
#77160000
18
01
#77170000
1?
1-
b1 Z
b0 %
b0 V
b0 R
b0 W
b0 '
b0 T
b0 (
b0 S
b1111111111111111 $
b1111111111111111 [
b0 +
b0 P
b0 &
b0 U
b0 ,
b0 O
0*
b10011 )
b10011 Q
00
b1 /
b1 M
b1 _
1Y
11
#77180000
b0 9
b0 6
b0 @
b0 7
b0 A
08
01
#77190000
1B
0?
b0 `
b10 Z
b1 %
b1 V
0Y
b0 H
b0 a
b0 G
b0 d
b0 E
b0 p
b0 C
b0 q
b0 o
b0 g
b0 c
b0 f
b0 b
b0 l
b0 k
b0 j
b0 i
b0 h
b0 e
b10101 t
11
#77200000
b1 9
01
#77210000
b1 h
b1 e
b1 W
b10 %
b10 V
b10101 t
11
#77220000
b10 9
01
#77230000
b10 W
b11 %
b11 V
b10 h
b10 e
b10101 t
11
#77240000
b11 9
01
#77250000
b11 h
b11 e
b11 W
b100 %
b100 V
b10101 t
11
#77260000
b100 9
01
#77270000
b100 W
b101 %
b101 V
b100 h
b100 e
b10101 t
11
#77280000
b101 9
01
#77290000
b101 h
b101 e
b101 W
b110 %
b110 V
b10101 t
11
#77300000
b110 9
01
#77310000
b110 W
b111 %
b111 V
b110 h
b110 e
b10101 t
11
#77320000
b111 9
01
#77330000
b111 h
b111 e
b111 W
b1000 %
b1000 V
b10101 t
11
#77340000
b1000 9
01
#77350000
b1000 W
b1001 %
b1001 V
b1000 h
b1000 e
b10101 t
11
#77360000
b1001 9
01
#77370000
b1001 h
b1001 e
b1001 W
b1010 %
b1010 V
b10101 t
11
#77380000
b1010 9
01
#77390000
b1010 W
b1011 %
b1011 V
b1010 h
b1010 e
b10101 t
11
#77400000
b1011 9
01
#77410000
b1011 h
b1011 e
b1011 W
b1100 %
b1100 V
b10101 t
11
#77420000
b1100 9
01
#77430000
b1100 W
b1101 %
b1101 V
b1100 h
b1100 e
b10101 t
11
#77440000
b1101 9
01
#77450000
b1101 h
b1101 e
b1101 W
b1110 %
b1110 V
b10101 t
11
#77460000
b1110 9
01
#77470000
b1110 W
b1111 %
b1111 V
b1110 h
b1110 e
b10101 t
11
#77480000
b1111 9
01
#77490000
b1111 h
b1111 e
b1111 W
b10000 %
b10000 V
b10101 t
11
#77500000
b10000 9
01
#77510000
b10000 W
b10001 %
b10001 V
b10000 h
b10000 e
b10101 t
11
#77520000
b10001 9
01
#77530000
b10001 h
b10001 e
b10001 W
b10010 %
b10010 V
b10101 t
11
#77540000
b10010 9
01
#77550000
b10010 W
b10011 %
b10011 V
b10010 h
b10010 e
b10101 t
11
#77560000
b10011 9
01
#77570000
b10011 h
b10011 e
b10011 W
b10100 %
b10100 V
b10101 t
11
#77580000
b10100 9
01
#77590000
b10100 W
b10101 %
b10101 V
b10100 h
b10100 e
b10101 t
11
#77600000
b10101 9
01
#77610000
b1 m
b1010 f
b1100100 b
b110010000 l
b110010000 k
b110010000 j
b110010000 i
b10101 h
b10101 e
1r
b10101 W
b10110 %
b10110 V
b10101 t
11
#77620000
b10110 9
01
#77630000
b11001000 `
b10110 W
b10111 %
b10111 V
b1 n
b1010 g
b1100100 c
b11001000000 o
1s
b1011 f
b10110 h
b10101 t
11
#77640000
b10111 9
01
#77650000
b1010 H
b1010 a
b1100100 G
b1100100 d
b11001000 C
b11001000 q
b11001000 E
b11001000 p
1D
b1011 g
b1100 f
b10111 h
b10111 W
b11000 %
b11000 V
b10101 t
11
#77660000
b11000 9
01
#77670000
b11001000 '
b11001000 T
b11001000 (
b11001000 S
b1 &
b1 U
b11000 W
b11001 %
b11001 V
b1011 H
b1011 a
b1100 g
b1101 f
b11000 h
b10101 t
11
#77680000
b11001 9
01
#77690000
b1100 H
b1100 a
b1101 g
b1110 f
b11001 h
b10 &
b10 U
b11001 W
b11010 %
b11010 V
b10101 t
11
#77700000
b11010 9
01
#77710000
b11 &
b11 U
b11010 W
b11011 %
b11011 V
b1101 H
b1101 a
b1110 g
b1111 f
b11010 h
b10101 t
11
#77720000
b11011 9
01
#77730000
b1110 H
b1110 a
b1111 g
b10000 f
b11011 h
b100 &
b100 U
b11011 W
b11100 %
b11100 V
b10101 t
11
#77740000
b11100 9
01
#77750000
b101 &
b101 U
b11100 W
b11101 %
b11101 V
b1111 H
b1111 a
b10000 g
b10001 f
b11100 h
b10101 t
11
#77760000
b11101 9
01
#77770000
b10000 H
b10000 a
b10001 g
b10010 f
b11101 h
b110 &
b110 U
b11101 W
b11110 %
b11110 V
b10101 t
11
#77780000
b11110 9
01
#77790000
b100101100 X
b100101100 ^
b111 &
b111 U
b11110 W
b11111 %
b11111 V
b10001 H
b10001 a
b10010 g
b10011 f
b11110 h
b10101 t
11
#77800000
b11111 9
01
#77810000
b1100100 X
b1100100 ^
b10010 H
b10010 a
b10011 g
b10100 f
b1001011000 i
b11111 h
b1000 &
b1000 U
b11111 W
b100000 %
b100000 V
b10101 t
11
#77820000
b100000 9
01
#77830000
b11100000 `
b1001 &
b1001 U
b100000 W
b100001 %
b100001 V
b10011 H
b10011 a
b10100 g
b11100001000 o
b10101 f
b100000 h
b10101 t
11
#77840000
b100001 9
01
#77850000
b10100 H
b10100 a
b11100000 C
b11100000 q
b11100000 E
b11100000 p
b10101 g
b10110 f
b100001 h
b1010 &
b1010 U
b100001 W
b100010 %
b100010 V
b10101 t
11
#77860000
b100010 9
01
#77870000
b11100000 '
b11100000 T
b11100000 (
b11100000 S
b1011 &
b1011 U
b100010 W
b100011 %
b100011 V
b10101 H
b10101 a
b10110 g
b10111 f
b100010 h
b10101 t
11
#77880000
b100011 9
01
#77890000
b10110 H
b10110 a
b10111 g
b11000 f
b1001011000 j
b110010000 i
b100011 h
b1100 &
b1100 U
b100011 W
b100100 %
b100100 V
b10101 t
11
#77900000
b100100 9
01
#77910000
b1101 &
b1101 U
b100100 W
b100101 %
b100101 V
b10111 H
b10111 a
b11000 g
b11001 f
b100100 h
b10101 t
11
#77920000
b100101 9
01
#77930000
b11000 H
b11000 a
b11001 g
b11010 f
b100101 h
b1110 &
b1110 U
b100101 W
b100110 %
b100110 V
b10101 t
11
#77940000
b100110 9
01
#77950000
b1111 &
b1111 U
b100110 W
b100111 %
b100111 V
b11001 H
b11001 a
b11010 g
b11011 f
b100110 h
b10101 t
11
#77960000
b100111 9
01
#77970000
b11010 H
b11010 a
b11011 g
b11100 f
b110010000 j
b100111 h
b10000 &
b10000 U
b100111 W
b101000 %
b101000 V
b10101 t
11
#77980000
b101000 9
01
#77990000
b11001000 `
b10001 &
b10001 U
b101000 W
b101001 %
b101001 V
b11011 H
b11011 a
b11100 g
b11001000000 o
b11101 f
b101000 h
b10101 t
11
#78000000
b101001 9
01
#78010000
b11100 H
b11100 a
b11001000 C
b11001000 q
b11001000 E
b11001000 p
b11101 g
b11110 f
b100101100 b
b101001 h
b10010 &
b10010 U
b101001 W
b101010 %
b101010 V
b10101 t
11
#78020000
b101010 9
01
#78030000
b11001000 '
b11001000 T
b11001000 (
b11001000 S
b10011 &
b10011 U
b101010 W
b101011 %
b101011 V
b11101 H
b11101 a
b11110 g
b100101100 c
b11111 f
b1100100 b
b101010 h
b10101 t
11
#78040000
b101011 9
01
#78050000
b11110 H
b11110 a
b100101100 G
b100101100 d
1F
b11111 g
b1100100 c
b100000 f
b101011 h
b10100 &
b10100 U
b101011 W
b101100 %
b101100 V
b10101 t
11
#78060000
b101100 9
01
#78070000
b1 ,
b1 O
b11110 $
b11110 [
b1000000000000000000000000000000 +
b1000000000000000000000000000000 P
b10101 &
b10101 U
b101100 W
b101101 %
b101101 V
b11111 H
b11111 a
b1100100 G
b1100100 d
0F
b100000 g
b100001 f
b1001011000 k
b101100 h
b10101 t
11
#78080000
b101101 9
01
#78090000
b11100000 `
b100000 H
b100000 a
b100001 g
b11100001000 o
b100010 f
b101101 h
b10110 &
b10110 U
b101101 W
b101110 %
b101110 V
b10101 t
11
#78100000
b101110 9
01
#78110000
b10111 &
b10111 U
b101110 W
b101111 %
b101111 V
b100001 H
b100001 a
b11100000 C
b11100000 q
b11100000 E
b11100000 p
b100010 g
b100011 f
b101110 h
b10101 t
11
#78120000
b101111 9
01
#78130000
b100010 H
b100010 a
b100011 g
b100100 f
b101111 h
b11100000 '
b11100000 T
b11100000 (
b11100000 S
b11000 &
b11000 U
b101111 W
b110000 %
b110000 V
b10101 t
11
#78140000
b110000 9
01
#78150000
b11001 &
b11001 U
b110000 W
b110001 %
b110001 V
b100011 H
b100011 a
b100100 g
b100101 f
b1001011000 l
b110010000 k
b110000 h
b10101 t
11
#78160000
b110001 9
01
#78170000
b100100 H
b100100 a
b100101 g
b100110 f
b110001 h
b11010 &
b11010 U
b110001 W
b110010 %
b110010 V
b10101 t
11
#78180000
b110010 9
01
#78190000
b11011 &
b11011 U
b110010 W
b110011 %
b110011 V
b100101 H
b100101 a
b100110 g
b100111 f
b110010 h
b10101 t
11
#78200000
b110011 9
01
#78210000
b100110 H
b100110 a
b100111 g
b101000 f
b110011 h
b11100 &
b11100 U
b110011 W
b110100 %
b110100 V
b10101 t
11
#78220000
b110100 9
01
#78230000
b11101 &
b11101 U
b110100 W
b110101 %
b110101 V
b100111 H
b100111 a
b101000 g
b101001 f
b110010000 l
b110100 h
b10101 t
11
#78240000
b110101 9
01
#78250000
b11001000 `
b101000 H
b101000 a
b101001 g
b11001000000 o
b101010 f
b110101 h
b11110 &
b11110 U
b110101 W
b110110 %
b110110 V
b10101 t
11
#78260000
b110110 9
01
#78270000
b11111 &
b11111 U
b110110 W
b110111 %
b110111 V
b101001 H
b101001 a
b11001000 C
b11001000 q
b11001000 E
b11001000 p
b101010 g
b101011 f
b110110 h
b10101 t
11
#78280000
b110111 9
01
#78290000
b101010 H
b101010 a
b101011 g
b101100 f
b110111 h
b11001000 '
b11001000 T
b11001000 (
b11001000 S
b100000 &
b100000 U
b110111 W
b111000 %
b111000 V
b10101 t
11
#78300000
b111000 9
01
#78310000
b100001 &
b100001 U
b111000 W
b111001 %
b111001 V
b101011 H
b101011 a
b101100 g
b101101 f
b111000 h
b10101 t
11
#78320000
b111001 9
01
#78330000
b101100 H
b101100 a
b101101 g
b101110 f
b111001 h
b100010 &
b100010 U
b111001 W
b111010 %
b111010 V
b10101 t
11
#78340000
b111010 9
01
#78350000
b100011 &
b100011 U
b111010 W
b111011 %
b111011 V
b101101 H
b101101 a
b101110 g
b101111 f
b111010 h
b10101 t
11
#78360000
b111011 9
01
#78370000
b101110 H
b101110 a
b101111 g
b110000 f
b111011 h
b100100 &
b100100 U
b111011 W
b111100 %
b111100 V
b10101 t
11
#78380000
b111100 9
01
#78390000
b100101 &
b100101 U
b111100 W
b111101 %
b111101 V
b101111 H
b101111 a
b110000 g
b110001 f
b111100 h
b10101 t
11
#78400000
b111101 9
01
#78410000
b110000 H
b110000 a
b110001 g
b110010 f
b111101 h
b100110 &
b100110 U
b111101 W
b111110 %
b111110 V
b10101 t
11
#78420000
b111110 9
01
#78430000
b100111 &
b100111 U
b111110 W
b111111 %
b111111 V
b110001 H
b110001 a
b110010 g
b110011 f
b111110 h
b10101 t
11
#78440000
b111111 9
01
#78450000
b110010 H
b110010 a
b110011 g
b110100 f
b111111 h
b101000 &
b101000 U
b111111 W
b1000000 %
b1000000 V
b10101 t
11
#78460000
b1000000 9
01
#78470000
b101001 &
b101001 U
b1000000 W
b1000001 %
b1000001 V
b110011 H
b110011 a
b110100 g
b110101 f
b1000000 h
b10101 t
11
#78480000
b1000001 9
01
#78490000
b110100 H
b110100 a
b110101 g
b110110 f
b1000001 h
b101010 &
b101010 U
b1000001 W
b1000010 %
b1000010 V
b10101 t
11
#78500000
b1000010 9
01
#78510000
b101011 &
b101011 U
b1000010 W
b1000011 %
b1000011 V
b110101 H
b110101 a
b110110 g
b110111 f
b1000010 h
b10101 t
11
#78520000
b1000011 9
01
#78530000
b110110 H
b110110 a
b110111 g
b111000 f
b1000011 h
b101100 &
b101100 U
b1000011 W
b1000100 %
b1000100 V
b10101 t
11
#78540000
b1000100 9
01
#78550000
b101101 &
b101101 U
b1000100 W
b1000101 %
b1000101 V
b110111 H
b110111 a
b111000 g
b111001 f
b1000100 h
b10101 t
11
#78560000
b1000101 9
01
#78570000
b111000 H
b111000 a
b111001 g
b111010 f
b1000101 h
b101110 &
b101110 U
b1000101 W
b1000110 %
b1000110 V
b10101 t
11
#78580000
b1000110 9
01
#78590000
b101111 &
b101111 U
b1000110 W
b1000111 %
b1000111 V
b111001 H
b111001 a
b111010 g
b111011 f
b1000110 h
b10101 t
11
#78600000
b1000111 9
01
#78610000
b111010 H
b111010 a
b111011 g
b111100 f
b1000111 h
b110000 &
b110000 U
b1000111 W
b1001000 %
b1001000 V
b10101 t
11
#78620000
b1001000 9
01
#78630000
b110001 &
b110001 U
b1001000 W
b1001001 %
b1001001 V
b111011 H
b111011 a
b111100 g
b111101 f
b1001000 h
b10101 t
11
#78640000
b1001001 9
01
#78650000
b111100 H
b111100 a
b111101 g
b111110 f
b1001001 h
b110010 &
b110010 U
b1001001 W
b1001010 %
b1001010 V
b10101 t
11
#78660000
b1001010 9
01
#78670000
b110011 &
b110011 U
b1001010 W
b1001011 %
b1001011 V
b111101 H
b111101 a
b111110 g
b111111 f
b1001010 h
b10101 t
11
#78680000
b1001011 9
01
#78690000
b111110 H
b111110 a
b111111 g
b1000000 f
b1001011 h
b110100 &
b110100 U
b1001011 W
b1001100 %
b1001100 V
b10101 t
11
#78700000
b1001100 9
01
#78710000
b110101 &
b110101 U
b1001100 W
b1001101 %
b1001101 V
b111111 H
b111111 a
b1000000 g
b1000001 f
b1001100 h
b10101 t
11
#78720000
b1001101 9
01
#78730000
b1000000 H
b1000000 a
b1000001 g
b1000010 f
b1001101 h
b110110 &
b110110 U
b1001101 W
b1001110 %
b1001110 V
b10101 t
11
#78740000
b1001110 9
01
#78750000
b110111 &
b110111 U
b1001110 W
b1001111 %
b1001111 V
b1000001 H
b1000001 a
b1000010 g
b1000011 f
b1001110 h
b10101 t
11
#78760000
b1001111 9
01
#78770000
b1000010 H
b1000010 a
b1000011 g
b1000100 f
b1001111 h
b111000 &
b111000 U
b1001111 W
b1010000 %
b1010000 V
b10101 t
11
#78780000
b1010000 9
01
#78790000
b111001 &
b111001 U
b1010000 W
b1010001 %
b1010001 V
b1000011 H
b1000011 a
b1000100 g
b1000101 f
b1010000 h
b10101 t
11
#78800000
b1010001 9
01
#78810000
b1000100 H
b1000100 a
b1000101 g
b1000110 f
b1010001 h
b111010 &
b111010 U
b1010001 W
b1010010 %
b1010010 V
b10101 t
11
#78820000
b1010010 9
01
#78830000
b111011 &
b111011 U
b1010010 W
b1010011 %
b1010011 V
b1000101 H
b1000101 a
b1000110 g
b1000111 f
b1010010 h
b10101 t
11
#78840000
b1010011 9
01
#78850000
b1000110 H
b1000110 a
b1000111 g
b1001000 f
b1010011 h
b111100 &
b111100 U
b1010011 W
b1010100 %
b1010100 V
b10101 t
11
#78860000
b1010100 9
01
#78870000
b111101 &
b111101 U
b1010100 W
b1010101 %
b1010101 V
b1000111 H
b1000111 a
b1001000 g
b1001001 f
b1010100 h
b10101 t
11
#78880000
b1010101 9
01
#78890000
b1001000 H
b1001000 a
b1001001 g
b1001010 f
b1010101 h
b111110 &
b111110 U
b1010101 W
b1010110 %
b1010110 V
b10101 t
11
#78900000
b1010110 9
01
#78910000
b111111 &
b111111 U
b1010110 W
b1010111 %
b1010111 V
b1001001 H
b1001001 a
b1001010 g
b1001011 f
b1010110 h
b10101 t
11
#78920000
b1010111 9
01
#78930000
b1001010 H
b1001010 a
b1001011 g
b1001100 f
b1010111 h
b1000000 &
b1000000 U
b1010111 W
b1011000 %
b1011000 V
b10101 t
11
#78940000
b1011000 9
01
#78950000
b1000001 &
b1000001 U
b1011000 W
b1011001 %
b1011001 V
b1001011 H
b1001011 a
b1001100 g
b1001101 f
b1011000 h
b10101 t
11
#78960000
b1011001 9
01
#78970000
b1001100 H
b1001100 a
b1001101 g
b1001110 f
b1011001 h
b1000010 &
b1000010 U
b1011001 W
b1011010 %
b1011010 V
b10101 t
11
#78980000
b1011010 9
01
#78990000
b1000011 &
b1000011 U
b1011010 W
b1011011 %
b1011011 V
b1001101 H
b1001101 a
b1001110 g
b1001111 f
b1011010 h
b10101 t
11
#79000000
b1011011 9
01
#79010000
b1001110 H
b1001110 a
b1001111 g
b1010000 f
b1011011 h
b1000100 &
b1000100 U
b1011011 W
b1011100 %
b1011100 V
b10101 t
11
#79020000
b1011100 9
01
#79030000
b1000101 &
b1000101 U
b1011100 W
b1011101 %
b1011101 V
b1001111 H
b1001111 a
b1010000 g
b1010001 f
b1011100 h
b10101 t
11
#79040000
b1011101 9
01
#79050000
b1010000 H
b1010000 a
b1010001 g
b1010010 f
b1011101 h
b1000110 &
b1000110 U
b1011101 W
b1011110 %
b1011110 V
b10101 t
11
#79060000
b1011110 9
01
#79070000
b1000111 &
b1000111 U
b1011110 W
b1011111 %
b1011111 V
b1010001 H
b1010001 a
b1010010 g
b1010011 f
b1011110 h
b10101 t
11
#79080000
b1011111 9
01
#79090000
b1010010 H
b1010010 a
b1010011 g
b1010100 f
b1011111 h
b1001000 &
b1001000 U
b1011111 W
b1100000 %
b1100000 V
b10101 t
11
#79100000
b1100000 9
01
#79110000
b1001001 &
b1001001 U
b1100000 W
b1100001 %
b1100001 V
b1010011 H
b1010011 a
b1010100 g
b1010101 f
b1100000 h
b10101 t
11
#79120000
b1100001 9
01
#79130000
b1010100 H
b1010100 a
b1010101 g
b1010110 f
b1100001 h
b1001010 &
b1001010 U
b1100001 W
b1100010 %
b1100010 V
b10101 t
11
#79140000
b1100010 9
01
#79150000
b1001011 &
b1001011 U
b1100010 W
b1100011 %
b1100011 V
b1010101 H
b1010101 a
b1010110 g
b1010111 f
b1100010 h
b10101 t
11
#79160000
b1100011 9
01
#79170000
b1010110 H
b1010110 a
b1010111 g
b1011000 f
b1100011 h
b1001100 &
b1001100 U
b1100011 W
b1100100 %
b1100100 V
b10101 t
11
#79180000
b1100100 9
01
#79190000
0B
b1001101 &
b1001101 U
b11 Z
b1100101 %
b1100101 V
b1010111 H
b1010111 a
b1011000 g
b1011001 f
b1100100 h
b10101 t
11
#79200000
b1100101 9
01
#79210000
b1011000 H
b1011000 a
b1011001 g
0r
b1001110 &
b1001110 U
b1100110 %
b1100110 V
11
#79220000
b1100110 9
01
#79230000
b1001111 &
b1001111 U
b1100111 %
b1100111 V
b1011001 H
b1011001 a
0s
11
#79240000
b1100111 9
01
#79250000
0D
b1010000 &
b1010000 U
1*
0-
b0 Z
b1101000 %
b1101000 V
11
#79260000
b10011 >
b1000000000000000000000000000000 2
b1101000 9
01
#79270000
11
#79280000
01
#79290000
11
#79300000
01
#79310000
11
#79320000
01
#79330000
11
#79340000
01
#79350000
11
#79360000
01
#79370000
11
#79380000
01
#79390000
11
#79400000
01
#79410000
11
#79420000
b1 w
b1 ;
01
#79430000
11
#79440000
b10011 4
13
b1 6
b1 @
b10 7
b10 A
01
#79450000
11
#79460000
18
01
#79470000
1?
1-
b1 Z
b0 %
b0 V
b0 W
b0 '
b0 T
b0 (
b0 S
b1111111111111111 $
b1111111111111111 [
b0 +
b0 P
b0 &
b0 U
b0 ,
b0 O
0*
b10100 )
b10100 Q
10
1Y
11
#79480000
b0 9
03
b0 6
b0 @
b0 7
b0 A
08
01
#79490000
1B
0?
b0 H
b0 a
b0 G
b0 d
b0 E
b0 p
b0 C
b0 q
b0 o
b0 `
b0 n
b0 g
b0 c
b0 m
b0 f
b0 b
b0 l
b0 k
b0 j
b0 i
b0 h
b0 e
b10 Z
b1 %
b1 V
0Y
b10101 t
11
#79500000
b1 9
01
#79510000
0B
b10 R
b1 W
b10 %
b10 V
b1 h
b1 e
b10101 t
11
#79520000
b10 9
01
#79530000
b1 R
b11 %
b11 V
11
#79540000
b11 9
01
#79550000
1B
b0 R
b100 %
b100 V
11
#79560000
b100 9
01
#79570000
0B
b10 h
b10 e
b10 R
b10 W
b101 %
b101 V
b10101 t
11
#79580000
b101 9
01
#79590000
b1 R
b110 %
b110 V
11
#79600000
b110 9
01
#79610000
1B
b0 R
b111 %
b111 V
11
#79620000
b111 9
01
#79630000
0B
b10 R
b11 W
b1000 %
b1000 V
b11 h
b11 e
b10101 t
11
#79640000
b1000 9
01
#79650000
b1 R
b1001 %
b1001 V
11
#79660000
b1001 9
01
#79670000
1B
b0 R
b1010 %
b1010 V
11
#79680000
b1010 9
01
#79690000
0B
b100 h
b100 e
b10 R
b100 W
b1011 %
b1011 V
b10101 t
11
#79700000
b1011 9
01
#79710000
b1 R
b1100 %
b1100 V
11
#79720000
b1100 9
01
#79730000
1B
b0 R
b1101 %
b1101 V
11
#79740000
b1101 9
01
#79750000
0B
b10 R
b101 W
b1110 %
b1110 V
b101 h
b101 e
b10101 t
11
#79760000
b1110 9
01
#79770000
b1 R
b1111 %
b1111 V
11
#79780000
b1111 9
01
#79790000
1B
b0 R
b10000 %
b10000 V
11
#79800000
b10000 9
01
#79810000
0B
b110 h
b110 e
b10 R
b110 W
b10001 %
b10001 V
b10101 t
11
#79820000
b10001 9
01
#79830000
b1 R
b10010 %
b10010 V
11
#79840000
b10010 9
01
#79850000
1B
b0 R
b10011 %
b10011 V
11
#79860000
b10011 9
01
#79870000
0B
b10 R
b111 W
b10100 %
b10100 V
b111 h
b111 e
b10101 t
11
#79880000
b10100 9
01
#79890000
b1 R
b10101 %
b10101 V
11
#79900000
b10101 9
01
#79910000
1B
b0 R
b10110 %
b10110 V
11
#79920000
b10110 9
01
#79930000
0B
b1000 h
b1000 e
b10 R
b1000 W
b10111 %
b10111 V
b10101 t
11
#79940000
b10111 9
01
#79950000
b1 R
b11000 %
b11000 V
11
#79960000
b11000 9
01
#79970000
1B
b0 R
b11001 %
b11001 V
11
#79980000
b11001 9
01
#79990000
0B
b10 R
b1001 W
b11010 %
b11010 V
b1001 h
b1001 e
b10101 t
11
#80000000
b11010 9
01
#80010000
b1 R
b11011 %
b11011 V
11
#80020000
b11011 9
01
#80030000
1B
b0 R
b11100 %
b11100 V
11
#80040000
b11100 9
01
#80050000
0B
b1010 h
b1010 e
b10 R
b1010 W
b11101 %
b11101 V
b10101 t
11
#80060000
b11101 9
01
#80070000
b1 R
b11110 %
b11110 V
11
#80080000
b11110 9
01
#80090000
1B
b0 R
b11111 %
b11111 V
11
#80100000
b11111 9
01
#80110000
0B
b10 R
b1011 W
b100000 %
b100000 V
b1011 h
b1011 e
b10101 t
11
#80120000
b100000 9
01
#80130000
b1 R
b100001 %
b100001 V
11
#80140000
b100001 9
01
#80150000
1B
b0 R
b100010 %
b100010 V
11
#80160000
b100010 9
01
#80170000
0B
b1100 h
b1100 e
b10 R
b1100 W
b100011 %
b100011 V
b10101 t
11
#80180000
b100011 9
01
#80190000
b1 R
b100100 %
b100100 V
11
#80200000
b100100 9
01
#80210000
1B
b0 R
b100101 %
b100101 V
11
#80220000
b100101 9
01
#80230000
0B
b10 R
b1101 W
b100110 %
b100110 V
b1101 h
b1101 e
b10101 t
11
#80240000
b100110 9
01
#80250000
b1 R
b100111 %
b100111 V
11
#80260000
b100111 9
01
#80270000
1B
b0 R
b101000 %
b101000 V
11
#80280000
b101000 9
01
#80290000
0B
b1110 h
b1110 e
b10 R
b1110 W
b101001 %
b101001 V
b10101 t
11
#80300000
b101001 9
01
#80310000
b1 R
b101010 %
b101010 V
11
#80320000
b101010 9
01
#80330000
1B
b0 R
b101011 %
b101011 V
11
#80340000
b101011 9
01
#80350000
0B
b10 R
b1111 W
b101100 %
b101100 V
b1111 h
b1111 e
b10101 t
11
#80360000
b101100 9
01
#80370000
b1 R
b101101 %
b101101 V
11
#80380000
b101101 9
01
#80390000
1B
b0 R
b101110 %
b101110 V
11
#80400000
b101110 9
01
#80410000
0B
b10000 h
b10000 e
b10 R
b10000 W
b101111 %
b101111 V
b10101 t
11
#80420000
b101111 9
01
#80430000
b1 R
b110000 %
b110000 V
11
#80440000
b110000 9
01
#80450000
1B
b0 R
b110001 %
b110001 V
11
#80460000
b110001 9
01
#80470000
0B
b10 R
b10001 W
b110010 %
b110010 V
b10001 h
b10001 e
b10101 t
11
#80480000
b110010 9
01
#80490000
b1 R
b110011 %
b110011 V
11
#80500000
b110011 9
01
#80510000
1B
b0 R
b110100 %
b110100 V
11
#80520000
b110100 9
01
#80530000
0B
b10010 h
b10010 e
b10 R
b10010 W
b110101 %
b110101 V
b10101 t
11
#80540000
b110101 9
01
#80550000
b1 R
b110110 %
b110110 V
11
#80560000
b110110 9
01
#80570000
1B
b0 R
b110111 %
b110111 V
11
#80580000
b110111 9
01
#80590000
0B
b10 R
b10011 W
b111000 %
b111000 V
b10011 h
b10011 e
b10101 t
11
#80600000
b111000 9
01
#80610000
b1 R
b111001 %
b111001 V
11
#80620000
b111001 9
01
#80630000
1B
b0 R
b111010 %
b111010 V
11
#80640000
b111010 9
01
#80650000
0B
b10100 h
b10100 e
b10 R
b10100 W
b111011 %
b111011 V
b10101 t
11
#80660000
b111011 9
01
#80670000
b1 R
b111100 %
b111100 V
11
#80680000
b111100 9
01
#80690000
1B
b0 R
b111101 %
b111101 V
11
#80700000
b111101 9
01
#80710000
0B
b10 R
b10101 W
b111110 %
b111110 V
b1 m
b1010 f
b1100100 b
b110010000 l
b110010000 k
b110010000 j
b110010000 i
b10101 h
b10101 e
1r
b10101 t
11
#80720000
b111110 9
01
#80730000
b11001000 `
b1 n
b1010 g
b1100100 c
b11001000000 o
1s
0r
b1 R
b111111 %
b111111 V
11
#80740000
b111111 9
01
#80750000
1B
b0 R
b1000000 %
b1000000 V
b1010 H
b1010 a
b1100100 G
b1100100 d
b11001000 C
b11001000 q
b11001000 E
b11001000 p
1D
0s
11
#80760000
b1000000 9
01
#80770000
0B
0D
b1011 f
b10110 h
1r
b11001000 '
b11001000 T
b11001000 (
b11001000 S
b1 &
b1 U
b10 R
b10110 W
b1000001 %
b1000001 V
b10101 t
11
#80780000
b1000001 9
01
#80790000
b1 R
b1000010 %
b1000010 V
b1011 g
1s
0r
11
#80800000
b1000010 9
01
#80810000
1B
b1011 H
b1011 a
1D
0s
b0 R
b1000011 %
b1000011 V
11
#80820000
b1000011 9
01
#80830000
0B
b10 &
b10 U
b10 R
b10111 W
b1000100 %
b1000100 V
0D
b1100 f
b10111 h
1r
b10101 t
11
#80840000
b1000100 9
01
#80850000
b1100 g
1s
0r
b1 R
b1000101 %
b1000101 V
11
#80860000
b1000101 9
01
#80870000
1B
b0 R
b1000110 %
b1000110 V
b1100 H
b1100 a
1D
0s
11
#80880000
b1000110 9
01
#80890000
0B
0D
b1101 f
b11000 h
1r
b11 &
b11 U
b10 R
b11000 W
b1000111 %
b1000111 V
b10101 t
11
#80900000
b1000111 9
01
#80910000
b1 R
b1001000 %
b1001000 V
b1101 g
1s
0r
11
#80920000
b1001000 9
01
#80930000
1B
b1101 H
b1101 a
1D
0s
b0 R
b1001001 %
b1001001 V
11
#80940000
b1001001 9
01
#80950000
0B
b100 &
b100 U
b10 R
b11001 W
b1001010 %
b1001010 V
0D
b1110 f
b11001 h
1r
b10101 t
11
#80960000
b1001010 9
01
#80970000
b1110 g
1s
0r
b1 R
b1001011 %
b1001011 V
11
#80980000
b1001011 9
01
#80990000
1B
b0 R
b1001100 %
b1001100 V
b1110 H
b1110 a
1D
0s
11
#81000000
b1001100 9
01
#81010000
0B
0D
b1111 f
b11010 h
1r
b101 &
b101 U
b10 R
b11010 W
b1001101 %
b1001101 V
b10101 t
11
#81020000
b1001101 9
01
#81030000
b1 R
b1001110 %
b1001110 V
b1111 g
1s
0r
11
#81040000
b1001110 9
01
#81050000
1B
b1111 H
b1111 a
1D
0s
b0 R
b1001111 %
b1001111 V
11
#81060000
b1001111 9
01
#81070000
0B
b110 &
b110 U
b10 R
b11011 W
b1010000 %
b1010000 V
0D
b10000 f
b11011 h
1r
b10101 t
11
#81080000
b1010000 9
01
#81090000
b10000 g
1s
0r
b1 R
b1010001 %
b1010001 V
11
#81100000
b1010001 9
01
#81110000
1B
b0 R
b1010010 %
b1010010 V
b10000 H
b10000 a
1D
0s
11
#81120000
b1010010 9
01
#81130000
0B
0D
b10001 f
b11100 h
1r
b111 &
b111 U
b10 R
b11100 W
b1010011 %
b1010011 V
b10101 t
11
#81140000
b1010011 9
01
#81150000
b1 R
b1010100 %
b1010100 V
b10001 g
1s
0r
11
#81160000
b1010100 9
01
#81170000
1B
b10001 H
b10001 a
1D
0s
b0 R
b1010101 %
b1010101 V
11
#81180000
b1010101 9
01
#81190000
0B
b1000 &
b1000 U
b10 R
b11101 W
b1010110 %
b1010110 V
0D
b10010 f
b11101 h
1r
b10101 t
11
#81200000
b1010110 9
01
#81210000
b10010 g
1s
0r
b1 R
b1010111 %
b1010111 V
11
#81220000
b1010111 9
01
#81230000
1B
b0 R
b1011000 %
b1011000 V
b10010 H
b10010 a
1D
0s
11
#81240000
b1011000 9
01
#81250000
0B
b100101100 X
b100101100 ^
0D
b10011 f
b11110 h
1r
b1001 &
b1001 U
b10 R
b11110 W
b1011001 %
b1011001 V
b10101 t
11
#81260000
b1011001 9
01
#81270000
b1 R
b1011010 %
b1011010 V
b10011 g
1s
0r
11
#81280000
b1011010 9
01
#81290000
1B
b10011 H
b10011 a
1D
0s
b0 R
b1011011 %
b1011011 V
11
#81300000
b1011011 9
01
#81310000
0B
b1100100 X
b1100100 ^
b1010 &
b1010 U
b10 R
b11111 W
b1011100 %
b1011100 V
0D
b10100 f
b1001011000 i
b11111 h
1r
b10101 t
11
#81320000
b1011100 9
01
#81330000
b11100000 `
b10100 g
b11100001000 o
1s
0r
b1 R
b1011101 %
b1011101 V
11
#81340000
b1011101 9
01
#81350000
1B
b0 R
b1011110 %
b1011110 V
b10100 H
b10100 a
b11100000 C
b11100000 q
b11100000 E
b11100000 p
1D
0s
11
#81360000
b1011110 9
01
#81370000
0B
0D
b10101 f
b100000 h
1r
b11100000 '
b11100000 T
b11100000 (
b11100000 S
b1011 &
b1011 U
b10 R
b100000 W
b1011111 %
b1011111 V
b10101 t
11
#81380000
b1011111 9
01
#81390000
b1 R
b1100000 %
b1100000 V
b10101 g
1s
0r
11
#81400000
b1100000 9
01
#81410000
1B
b10101 H
b10101 a
1D
0s
b0 R
b1100001 %
b1100001 V
11
#81420000
b1100001 9
01
#81430000
0B
b1100 &
b1100 U
b10 R
b100001 W
b1100010 %
b1100010 V
0D
b10110 f
b100001 h
1r
b10101 t
11
#81440000
b1100010 9
01
#81450000
b10110 g
1s
0r
b1 R
b1100011 %
b1100011 V
11
#81460000
b1100011 9
01
#81470000
1B
b0 R
b1100100 %
b1100100 V
b10110 H
b10110 a
1D
0s
11
#81480000
b1100100 9
01
#81490000
0B
0D
b10111 f
b100010 h
1r
b1101 &
b1101 U
b10 R
b100010 W
b1100101 %
b1100101 V
b10101 t
11
#81500000
b1100101 9
01
#81510000
b1 R
b1100110 %
b1100110 V
b10111 g
1s
0r
11
#81520000
b1100110 9
01
#81530000
1B
b10111 H
b10111 a
1D
0s
b0 R
b1100111 %
b1100111 V
11
#81540000
b1100111 9
01
#81550000
0B
b1110 &
b1110 U
b10 R
b100011 W
b1101000 %
b1101000 V
0D
b11000 f
b1001011000 j
b110010000 i
b100011 h
1r
b10101 t
11
#81560000
b1101000 9
01
#81570000
b11000 g
1s
0r
b1 R
b1101001 %
b1101001 V
11
#81580000
b1101001 9
01
#81590000
1B
b0 R
b1101010 %
b1101010 V
b11000 H
b11000 a
1D
0s
11
#81600000
b1101010 9
01
#81610000
0B
0D
b11001 f
b100100 h
1r
b1111 &
b1111 U
b10 R
b100100 W
b1101011 %
b1101011 V
b10101 t
11
#81620000
b1101011 9
01
#81630000
b1 R
b1101100 %
b1101100 V
b11001 g
1s
0r
11
#81640000
b1101100 9
01
#81650000
1B
b11001 H
b11001 a
1D
0s
b0 R
b1101101 %
b1101101 V
11
#81660000
b1101101 9
01
#81670000
0B
b10000 &
b10000 U
b10 R
b100101 W
b1101110 %
b1101110 V
0D
b11010 f
b100101 h
1r
b10101 t
11
#81680000
b1101110 9
01
#81690000
b11010 g
1s
0r
b1 R
b1101111 %
b1101111 V
11
#81700000
b1101111 9
01
#81710000
1B
b0 R
b1110000 %
b1110000 V
b11010 H
b11010 a
1D
0s
11
#81720000
b1110000 9
01
#81730000
0B
0D
b11011 f
b100110 h
1r
b10001 &
b10001 U
b10 R
b100110 W
b1110001 %
b1110001 V
b10101 t
11
#81740000
b1110001 9
01
#81750000
b1 R
b1110010 %
b1110010 V
b11011 g
1s
0r
11
#81760000
b1110010 9
01
#81770000
1B
b11011 H
b11011 a
1D
0s
b0 R
b1110011 %
b1110011 V
11
#81780000
b1110011 9
01
#81790000
0B
b10010 &
b10010 U
b10 R
b100111 W
b1110100 %
b1110100 V
0D
b11100 f
b110010000 j
b100111 h
1r
b10101 t
11
#81800000
b1110100 9
01
#81810000
b11001000 `
b11100 g
b11001000000 o
1s
0r
b1 R
b1110101 %
b1110101 V
11
#81820000
b1110101 9
01
#81830000
1B
b0 R
b1110110 %
b1110110 V
b11100 H
b11100 a
b11001000 C
b11001000 q
b11001000 E
b11001000 p
1D
0s
11
#81840000
b1110110 9
01
#81850000
0B
0D
b11101 f
b101000 h
1r
b11001000 '
b11001000 T
b11001000 (
b11001000 S
b10011 &
b10011 U
b10 R
b101000 W
b1110111 %
b1110111 V
b10101 t
11
#81860000
b1110111 9
01
#81870000
b1 R
b1111000 %
b1111000 V
b11101 g
1s
0r
11
#81880000
b1111000 9
01
#81890000
1B
b11101 H
b11101 a
1D
0s
b0 R
b1111001 %
b1111001 V
11
#81900000
b1111001 9
01
#81910000
0B
b10100 &
b10100 U
b10 R
b101001 W
b1111010 %
b1111010 V
0D
b11110 f
b100101100 b
b101001 h
1r
b10101 t
11
#81920000
b1111010 9
01
#81930000
b11110 g
b100101100 c
1s
0r
b1 R
b1111011 %
b1111011 V
11
#81940000
b1111011 9
01
#81950000
1B
b0 R
b1111100 %
b1111100 V
b11110 H
b11110 a
b100101100 G
b100101100 d
1F
1D
0s
11
#81960000
b1111100 9
01
#81970000
0B
0F
0D
b11111 f
b1100100 b
b101010 h
1r
b1 ,
b1 O
b11110 $
b11110 [
b1000000000000000000000000000000 +
b1000000000000000000000000000000 P
b10101 &
b10101 U
b10 R
b101010 W
b1111101 %
b1111101 V
b10101 t
11
#81980000
b1111101 9
01
#81990000
b1 R
b1111110 %
b1111110 V
b11111 g
b1100100 c
1s
0r
11
#82000000
b1111110 9
01
#82010000
1B
b11111 H
b11111 a
b1100100 G
b1100100 d
1D
0s
b0 R
b1111111 %
b1111111 V
11
#82020000
b1111111 9
01
#82030000
0B
b10110 &
b10110 U
b10 R
b101011 W
b10000000 %
b10000000 V
0D
b100000 f
b101011 h
1r
b10101 t
11
#82040000
b10000000 9
01
#82050000
b100000 g
1s
0r
b1 R
b10000001 %
b10000001 V
11
#82060000
b10000001 9
01
#82070000
1B
b0 R
b10000010 %
b10000010 V
b100000 H
b100000 a
1D
0s
11
#82080000
b10000010 9
01
#82090000
0B
0D
b100001 f
b1001011000 k
b101100 h
1r
b10111 &
b10111 U
b10 R
b101100 W
b10000011 %
b10000011 V
b10101 t
11
#82100000
b10000011 9
01
#82110000
b11100000 `
b1 R
b10000100 %
b10000100 V
b100001 g
b11100001000 o
1s
0r
11
#82120000
b10000100 9
01
#82130000
1B
b100001 H
b100001 a
b11100000 C
b11100000 q
b11100000 E
b11100000 p
1D
0s
b0 R
b10000101 %
b10000101 V
11
#82140000
b10000101 9
01
#82150000
0B
b11100000 '
b11100000 T
b11100000 (
b11100000 S
b11000 &
b11000 U
b10 R
b101101 W
b10000110 %
b10000110 V
0D
b100010 f
b101101 h
1r
b10101 t
11
#82160000
b10000110 9
01
#82170000
b100010 g
1s
0r
b1 R
b10000111 %
b10000111 V
11
#82180000
b10000111 9
01
#82190000
1B
b0 R
b10001000 %
b10001000 V
b100010 H
b100010 a
1D
0s
11
#82200000
b10001000 9
01
#82210000
0B
0D
b100011 f
b101110 h
1r
b11001 &
b11001 U
b10 R
b101110 W
b10001001 %
b10001001 V
b10101 t
11
#82220000
b10001001 9
01
#82230000
b1 R
b10001010 %
b10001010 V
b100011 g
1s
0r
11
#82240000
b10001010 9
01
#82250000
1B
b100011 H
b100011 a
1D
0s
b0 R
b10001011 %
b10001011 V
11
#82260000
b10001011 9
01
#82270000
0B
b11010 &
b11010 U
b10 R
b101111 W
b10001100 %
b10001100 V
0D
b100100 f
b101111 h
1r
b10101 t
11
#82280000
b10001100 9
01
#82290000
b100100 g
1s
0r
b1 R
b10001101 %
b10001101 V
11
#82300000
b10001101 9
01
#82310000
1B
b0 R
b10001110 %
b10001110 V
b100100 H
b100100 a
1D
0s
11
#82320000
b10001110 9
01
#82330000
0B
0D
b100101 f
b1001011000 l
b110010000 k
b110000 h
1r
b11011 &
b11011 U
b10 R
b110000 W
b10001111 %
b10001111 V
b10101 t
11
#82340000
b10001111 9
01
#82350000
b1 R
b10010000 %
b10010000 V
b100101 g
1s
0r
11
#82360000
b10010000 9
01
#82370000
1B
b100101 H
b100101 a
1D
0s
b0 R
b10010001 %
b10010001 V
11
#82380000
b10010001 9
01
#82390000
0B
b11100 &
b11100 U
b10 R
b110001 W
b10010010 %
b10010010 V
0D
b100110 f
b110001 h
1r
b10101 t
11
#82400000
b10010010 9
01
#82410000
b100110 g
1s
0r
b1 R
b10010011 %
b10010011 V
11
#82420000
b10010011 9
01
#82430000
1B
b0 R
b10010100 %
b10010100 V
b100110 H
b100110 a
1D
0s
11
#82440000
b10010100 9
01
#82450000
0B
0D
b100111 f
b110010 h
1r
b11101 &
b11101 U
b10 R
b110010 W
b10010101 %
b10010101 V
b10101 t
11
#82460000
b10010101 9
01
#82470000
b1 R
b10010110 %
b10010110 V
b100111 g
1s
0r
11
#82480000
b10010110 9
01
#82490000
1B
b100111 H
b100111 a
1D
0s
b0 R
b10010111 %
b10010111 V
11
#82500000
b10010111 9
01
#82510000
0B
b11110 &
b11110 U
b10 R
b110011 W
b10011000 %
b10011000 V
0D
b101000 f
b110011 h
1r
b10101 t
11
#82520000
b10011000 9
01
#82530000
b101000 g
1s
0r
b1 R
b10011001 %
b10011001 V
11
#82540000
b10011001 9
01
#82550000
1B
b0 R
b10011010 %
b10011010 V
b101000 H
b101000 a
1D
0s
11
#82560000
b10011010 9
01
#82570000
0B
0D
b101001 f
b110010000 l
b110100 h
1r
b11111 &
b11111 U
b10 R
b110100 W
b10011011 %
b10011011 V
b10101 t
11
#82580000
b10011011 9
01
#82590000
b11001000 `
b1 R
b10011100 %
b10011100 V
b101001 g
b11001000000 o
1s
0r
11
#82600000
b10011100 9
01
#82610000
1B
b101001 H
b101001 a
b11001000 C
b11001000 q
b11001000 E
b11001000 p
1D
0s
b0 R
b10011101 %
b10011101 V
11
#82620000
b10011101 9
01
#82630000
0B
b11001000 '
b11001000 T
b11001000 (
b11001000 S
b100000 &
b100000 U
b10 R
b110101 W
b10011110 %
b10011110 V
0D
b101010 f
b110101 h
1r
b10101 t
11
#82640000
b10011110 9
01
#82650000
b101010 g
1s
0r
b1 R
b10011111 %
b10011111 V
11
#82660000
b10011111 9
01
#82670000
1B
b0 R
b10100000 %
b10100000 V
b101010 H
b101010 a
1D
0s
11
#82680000
b10100000 9
01
#82690000
0B
0D
b101011 f
b110110 h
1r
b100001 &
b100001 U
b10 R
b110110 W
b10100001 %
b10100001 V
b10101 t
11
#82700000
b10100001 9
01
#82710000
b1 R
b10100010 %
b10100010 V
b101011 g
1s
0r
11
#82720000
b10100010 9
01
#82730000
1B
b101011 H
b101011 a
1D
0s
b0 R
b10100011 %
b10100011 V
11
#82740000
b10100011 9
01
#82750000
0B
b100010 &
b100010 U
b10 R
b110111 W
b10100100 %
b10100100 V
0D
b101100 f
b110111 h
1r
b10101 t
11
#82760000
b10100100 9
01
#82770000
b101100 g
1s
0r
b1 R
b10100101 %
b10100101 V
11
#82780000
b10100101 9
01
#82790000
1B
b0 R
b10100110 %
b10100110 V
b101100 H
b101100 a
1D
0s
11
#82800000
b10100110 9
01
#82810000
0B
0D
b101101 f
b111000 h
1r
b100011 &
b100011 U
b10 R
b111000 W
b10100111 %
b10100111 V
b10101 t
11
#82820000
b10100111 9
01
#82830000
b1 R
b10101000 %
b10101000 V
b101101 g
1s
0r
11
#82840000
b10101000 9
01
#82850000
1B
b101101 H
b101101 a
1D
0s
b0 R
b10101001 %
b10101001 V
11
#82860000
b10101001 9
01
#82870000
0B
b100100 &
b100100 U
b10 R
b111001 W
b10101010 %
b10101010 V
0D
b101110 f
b111001 h
1r
b10101 t
11
#82880000
b10101010 9
01
#82890000
b101110 g
1s
0r
b1 R
b10101011 %
b10101011 V
11
#82900000
b10101011 9
01
#82910000
1B
b0 R
b10101100 %
b10101100 V
b101110 H
b101110 a
1D
0s
11
#82920000
b10101100 9
01
#82930000
0B
0D
b101111 f
b111010 h
1r
b100101 &
b100101 U
b10 R
b111010 W
b10101101 %
b10101101 V
b10101 t
11
#82940000
b10101101 9
01
#82950000
b1 R
b10101110 %
b10101110 V
b101111 g
1s
0r
11
#82960000
b10101110 9
01
#82970000
1B
b101111 H
b101111 a
1D
0s
b0 R
b10101111 %
b10101111 V
11
#82980000
b10101111 9
01
#82990000
0B
b100110 &
b100110 U
b10 R
b111011 W
b10110000 %
b10110000 V
0D
b110000 f
b111011 h
1r
b10101 t
11
#83000000
b10110000 9
01
#83010000
b110000 g
1s
0r
b1 R
b10110001 %
b10110001 V
11
#83020000
b10110001 9
01
#83030000
1B
b0 R
b10110010 %
b10110010 V
b110000 H
b110000 a
1D
0s
11
#83040000
b10110010 9
01
#83050000
0B
0D
b110001 f
b111100 h
1r
b100111 &
b100111 U
b10 R
b111100 W
b10110011 %
b10110011 V
b10101 t
11
#83060000
b10110011 9
01
#83070000
b1 R
b10110100 %
b10110100 V
b110001 g
1s
0r
11
#83080000
b10110100 9
01
#83090000
1B
b110001 H
b110001 a
1D
0s
b0 R
b10110101 %
b10110101 V
11
#83100000
b10110101 9
01
#83110000
0B
b101000 &
b101000 U
b10 R
b111101 W
b10110110 %
b10110110 V
0D
b110010 f
b111101 h
1r
b10101 t
11
#83120000
b10110110 9
01
#83130000
b110010 g
1s
0r
b1 R
b10110111 %
b10110111 V
11
#83140000
b10110111 9
01
#83150000
1B
b0 R
b10111000 %
b10111000 V
b110010 H
b110010 a
1D
0s
11
#83160000
b10111000 9
01
#83170000
0B
0D
b110011 f
b111110 h
1r
b101001 &
b101001 U
b10 R
b111110 W
b10111001 %
b10111001 V
b10101 t
11
#83180000
b10111001 9
01
#83190000
b1 R
b10111010 %
b10111010 V
b110011 g
1s
0r
11
#83200000
b10111010 9
01
#83210000
1B
b110011 H
b110011 a
1D
0s
b0 R
b10111011 %
b10111011 V
11
#83220000
b10111011 9
01
#83230000
0B
b101010 &
b101010 U
b10 R
b111111 W
b10111100 %
b10111100 V
0D
b110100 f
b111111 h
1r
b10101 t
11
#83240000
b10111100 9
01
#83250000
b110100 g
1s
0r
b1 R
b10111101 %
b10111101 V
11
#83260000
b10111101 9
01
#83270000
1B
b0 R
b10111110 %
b10111110 V
b110100 H
b110100 a
1D
0s
11
#83280000
b10111110 9
01
#83290000
0B
0D
b110101 f
b1000000 h
1r
b101011 &
b101011 U
b10 R
b1000000 W
b10111111 %
b10111111 V
b10101 t
11
#83300000
b10111111 9
01
#83310000
b1 R
b11000000 %
b11000000 V
b110101 g
1s
0r
11
#83320000
b11000000 9
01
#83330000
1B
b110101 H
b110101 a
1D
0s
b0 R
b11000001 %
b11000001 V
11
#83340000
b11000001 9
01
#83350000
0B
b101100 &
b101100 U
b10 R
b1000001 W
b11000010 %
b11000010 V
0D
b110110 f
b1000001 h
1r
b10101 t
11
#83360000
b11000010 9
01
#83370000
b110110 g
1s
0r
b1 R
b11000011 %
b11000011 V
11
#83380000
b11000011 9
01
#83390000
1B
b0 R
b11000100 %
b11000100 V
b110110 H
b110110 a
1D
0s
11
#83400000
b11000100 9
01
#83410000
0B
0D
b110111 f
b1000010 h
1r
b101101 &
b101101 U
b10 R
b1000010 W
b11000101 %
b11000101 V
b10101 t
11
#83420000
b11000101 9
01
#83430000
b1 R
b11000110 %
b11000110 V
b110111 g
1s
0r
11
#83440000
b11000110 9
01
#83450000
1B
b110111 H
b110111 a
1D
0s
b0 R
b11000111 %
b11000111 V
11
#83460000
b11000111 9
01
#83470000
0B
b101110 &
b101110 U
b10 R
b1000011 W
b11001000 %
b11001000 V
0D
b111000 f
b1000011 h
1r
b10101 t
11
#83480000
b11001000 9
01
#83490000
b111000 g
1s
0r
b1 R
b11001001 %
b11001001 V
11
#83500000
b11001001 9
01
#83510000
1B
b0 R
b11001010 %
b11001010 V
b111000 H
b111000 a
1D
0s
11
#83520000
b11001010 9
01
#83530000
0B
0D
b111001 f
b1000100 h
1r
b101111 &
b101111 U
b10 R
b1000100 W
b11001011 %
b11001011 V
b10101 t
11
#83540000
b11001011 9
01
#83550000
b1 R
b11001100 %
b11001100 V
b111001 g
1s
0r
11
#83560000
b11001100 9
01
#83570000
1B
b111001 H
b111001 a
1D
0s
b0 R
b11001101 %
b11001101 V
11
#83580000
b11001101 9
01
#83590000
0B
b110000 &
b110000 U
b10 R
b1000101 W
b11001110 %
b11001110 V
0D
b111010 f
b1000101 h
1r
b10101 t
11
#83600000
b11001110 9
01
#83610000
b111010 g
1s
0r
b1 R
b11001111 %
b11001111 V
11
#83620000
b11001111 9
01
#83630000
1B
b0 R
b11010000 %
b11010000 V
b111010 H
b111010 a
1D
0s
11
#83640000
b11010000 9
01
#83650000
0B
0D
b111011 f
b1000110 h
1r
b110001 &
b110001 U
b10 R
b1000110 W
b11010001 %
b11010001 V
b10101 t
11
#83660000
b11010001 9
01
#83670000
b1 R
b11010010 %
b11010010 V
b111011 g
1s
0r
11
#83680000
b11010010 9
01
#83690000
1B
b111011 H
b111011 a
1D
0s
b0 R
b11010011 %
b11010011 V
11
#83700000
b11010011 9
01
#83710000
0B
b110010 &
b110010 U
b10 R
b1000111 W
b11010100 %
b11010100 V
0D
b111100 f
b1000111 h
1r
b10101 t
11
#83720000
b11010100 9
01
#83730000
b111100 g
1s
0r
b1 R
b11010101 %
b11010101 V
11
#83740000
b11010101 9
01
#83750000
1B
b0 R
b11010110 %
b11010110 V
b111100 H
b111100 a
1D
0s
11
#83760000
b11010110 9
01
#83770000
0B
0D
b111101 f
b1001000 h
1r
b110011 &
b110011 U
b10 R
b1001000 W
b11010111 %
b11010111 V
b10101 t
11
#83780000
b11010111 9
01
#83790000
b1 R
b11011000 %
b11011000 V
b111101 g
1s
0r
11
#83800000
b11011000 9
01
#83810000
1B
b111101 H
b111101 a
1D
0s
b0 R
b11011001 %
b11011001 V
11
#83820000
b11011001 9
01
#83830000
0B
b110100 &
b110100 U
b10 R
b1001001 W
b11011010 %
b11011010 V
0D
b111110 f
b1001001 h
1r
b10101 t
11
#83840000
b11011010 9
01
#83850000
b111110 g
1s
0r
b1 R
b11011011 %
b11011011 V
11
#83860000
b11011011 9
01
#83870000
1B
b0 R
b11011100 %
b11011100 V
b111110 H
b111110 a
1D
0s
11
#83880000
b11011100 9
01
#83890000
0B
0D
b111111 f
b1001010 h
1r
b110101 &
b110101 U
b10 R
b1001010 W
b11011101 %
b11011101 V
b10101 t
11
#83900000
b11011101 9
01
#83910000
b1 R
b11011110 %
b11011110 V
b111111 g
1s
0r
11
#83920000
b11011110 9
01
#83930000
1B
b111111 H
b111111 a
1D
0s
b0 R
b11011111 %
b11011111 V
11
#83940000
b11011111 9
01
#83950000
0B
b110110 &
b110110 U
b10 R
b1001011 W
b11100000 %
b11100000 V
0D
b1000000 f
b1001011 h
1r
b10101 t
11
#83960000
b11100000 9
01
#83970000
b1000000 g
1s
0r
b1 R
b11100001 %
b11100001 V
11
#83980000
b11100001 9
01
#83990000
1B
b0 R
b11100010 %
b11100010 V
b1000000 H
b1000000 a
1D
0s
11
#84000000
b11100010 9
01
#84010000
0B
0D
b1000001 f
b1001100 h
1r
b110111 &
b110111 U
b10 R
b1001100 W
b11100011 %
b11100011 V
b10101 t
11
#84020000
b11100011 9
01
#84030000
b1 R
b11100100 %
b11100100 V
b1000001 g
1s
0r
11
#84040000
b11100100 9
01
#84050000
1B
b1000001 H
b1000001 a
1D
0s
b0 R
b11100101 %
b11100101 V
11
#84060000
b11100101 9
01
#84070000
0B
b111000 &
b111000 U
b10 R
b1001101 W
b11100110 %
b11100110 V
0D
b1000010 f
b1001101 h
1r
b10101 t
11
#84080000
b11100110 9
01
#84090000
b1000010 g
1s
0r
b1 R
b11100111 %
b11100111 V
11
#84100000
b11100111 9
01
#84110000
1B
b0 R
b11101000 %
b11101000 V
b1000010 H
b1000010 a
1D
0s
11
#84120000
b11101000 9
01
#84130000
0B
0D
b1000011 f
b1001110 h
1r
b111001 &
b111001 U
b10 R
b1001110 W
b11101001 %
b11101001 V
b10101 t
11
#84140000
b11101001 9
01
#84150000
b1 R
b11101010 %
b11101010 V
b1000011 g
1s
0r
11
#84160000
b11101010 9
01
#84170000
1B
b1000011 H
b1000011 a
1D
0s
b0 R
b11101011 %
b11101011 V
11
#84180000
b11101011 9
01
#84190000
0B
b111010 &
b111010 U
b10 R
b1001111 W
b11101100 %
b11101100 V
0D
b1000100 f
b1001111 h
1r
b10101 t
11
#84200000
b11101100 9
01
#84210000
b1000100 g
1s
0r
b1 R
b11101101 %
b11101101 V
11
#84220000
b11101101 9
01
#84230000
1B
b0 R
b11101110 %
b11101110 V
b1000100 H
b1000100 a
1D
0s
11
#84240000
b11101110 9
01
#84250000
0B
0D
b1000101 f
b1010000 h
1r
b111011 &
b111011 U
b10 R
b1010000 W
b11101111 %
b11101111 V
b10101 t
11
#84260000
b11101111 9
01
#84270000
b1 R
b11110000 %
b11110000 V
b1000101 g
1s
0r
11
#84280000
b11110000 9
01
#84290000
1B
b1000101 H
b1000101 a
1D
0s
b0 R
b11110001 %
b11110001 V
11
#84300000
b11110001 9
01
#84310000
0B
b111100 &
b111100 U
b10 R
b1010001 W
b11110010 %
b11110010 V
0D
b1000110 f
b1010001 h
1r
b10101 t
11
#84320000
b11110010 9
01
#84330000
b1000110 g
1s
0r
b1 R
b11110011 %
b11110011 V
11
#84340000
b11110011 9
01
#84350000
1B
b0 R
b11110100 %
b11110100 V
b1000110 H
b1000110 a
1D
0s
11
#84360000
b11110100 9
01
#84370000
0B
0D
b1000111 f
b1010010 h
1r
b111101 &
b111101 U
b10 R
b1010010 W
b11110101 %
b11110101 V
b10101 t
11
#84380000
b11110101 9
01
#84390000
b1 R
b11110110 %
b11110110 V
b1000111 g
1s
0r
11
#84400000
b11110110 9
01
#84410000
1B
b1000111 H
b1000111 a
1D
0s
b0 R
b11110111 %
b11110111 V
11
#84420000
b11110111 9
01
#84430000
0B
b111110 &
b111110 U
b10 R
b1010011 W
b11111000 %
b11111000 V
0D
b1001000 f
b1010011 h
1r
b10101 t
11
#84440000
b11111000 9
01
#84450000
b1001000 g
1s
0r
b1 R
b11111001 %
b11111001 V
11
#84460000
b11111001 9
01
#84470000
1B
b0 R
b11111010 %
b11111010 V
b1001000 H
b1001000 a
1D
0s
11
#84480000
b11111010 9
01
#84490000
0B
0D
b1001001 f
b1010100 h
1r
b111111 &
b111111 U
b10 R
b1010100 W
b11111011 %
b11111011 V
b10101 t
11
#84500000
b11111011 9
01
#84510000
b1 R
b11111100 %
b11111100 V
b1001001 g
1s
0r
11
#84520000
b11111100 9
01
#84530000
1B
b1001001 H
b1001001 a
1D
0s
b0 R
b11111101 %
b11111101 V
11
#84540000
b11111101 9
01
#84550000
0B
b1000000 &
b1000000 U
b10 R
b1010101 W
b11111110 %
b11111110 V
0D
b1001010 f
b1010101 h
1r
b10101 t
11
#84560000
b11111110 9
01
#84570000
b1001010 g
1s
0r
b1 R
b11111111 %
b11111111 V
11
#84580000
b11111111 9
01
#84590000
1B
b0 R
b100000000 %
b100000000 V
b1001010 H
b1001010 a
1D
0s
11
#84600000
b100000000 9
01
#84610000
0B
0D
b1001011 f
b1010110 h
1r
b1000001 &
b1000001 U
b10 R
b1010110 W
b100000001 %
b100000001 V
b10101 t
11
#84620000
b100000001 9
01
#84630000
b1 R
b100000010 %
b100000010 V
b1001011 g
1s
0r
11
#84640000
b100000010 9
01
#84650000
1B
b1001011 H
b1001011 a
1D
0s
b0 R
b100000011 %
b100000011 V
11
#84660000
b100000011 9
01
#84670000
0B
b1000010 &
b1000010 U
b10 R
b1010111 W
b100000100 %
b100000100 V
0D
b1001100 f
b1010111 h
1r
b10101 t
11
#84680000
b100000100 9
01
#84690000
b1001100 g
1s
0r
b1 R
b100000101 %
b100000101 V
11
#84700000
b100000101 9
01
#84710000
1B
b0 R
b100000110 %
b100000110 V
b1001100 H
b1001100 a
1D
0s
11
#84720000
b100000110 9
01
#84730000
0B
0D
b1001101 f
b1011000 h
1r
b1000011 &
b1000011 U
b10 R
b1011000 W
b100000111 %
b100000111 V
b10101 t
11
#84740000
b100000111 9
01
#84750000
b1 R
b100001000 %
b100001000 V
b1001101 g
1s
0r
11
#84760000
b100001000 9
01
#84770000
1B
b1001101 H
b1001101 a
1D
0s
b0 R
b100001001 %
b100001001 V
11
#84780000
b100001001 9
01
#84790000
0B
b1000100 &
b1000100 U
b10 R
b1011001 W
b100001010 %
b100001010 V
0D
b1001110 f
b1011001 h
1r
b10101 t
11
#84800000
b100001010 9
01
#84810000
b1001110 g
1s
0r
b1 R
b100001011 %
b100001011 V
11
#84820000
b100001011 9
01
#84830000
1B
b0 R
b100001100 %
b100001100 V
b1001110 H
b1001110 a
1D
0s
11
#84840000
b100001100 9
01
#84850000
0B
0D
b1001111 f
b1011010 h
1r
b1000101 &
b1000101 U
b10 R
b1011010 W
b100001101 %
b100001101 V
b10101 t
11
#84860000
b100001101 9
01
#84870000
b1 R
b100001110 %
b100001110 V
b1001111 g
1s
0r
11
#84880000
b100001110 9
01
#84890000
1B
b1001111 H
b1001111 a
1D
0s
b0 R
b100001111 %
b100001111 V
11
#84900000
b100001111 9
01
#84910000
0B
b1000110 &
b1000110 U
b10 R
b1011011 W
b100010000 %
b100010000 V
0D
b1010000 f
b1011011 h
1r
b10101 t
11
#84920000
b100010000 9
01
#84930000
b1010000 g
1s
0r
b1 R
b100010001 %
b100010001 V
11
#84940000
b100010001 9
01
#84950000
1B
b0 R
b100010010 %
b100010010 V
b1010000 H
b1010000 a
1D
0s
11
#84960000
b100010010 9
01
#84970000
0B
0D
b1010001 f
b1011100 h
1r
b1000111 &
b1000111 U
b10 R
b1011100 W
b100010011 %
b100010011 V
b10101 t
11
#84980000
b100010011 9
01
#84990000
b1 R
b100010100 %
b100010100 V
b1010001 g
1s
0r
11
#85000000
b100010100 9
01
#85010000
1B
b1010001 H
b1010001 a
1D
0s
b0 R
b100010101 %
b100010101 V
11
#85020000
b100010101 9
01
#85030000
0B
b1001000 &
b1001000 U
b10 R
b1011101 W
b100010110 %
b100010110 V
0D
b1010010 f
b1011101 h
1r
b10101 t
11
#85040000
b100010110 9
01
#85050000
b1010010 g
1s
0r
b1 R
b100010111 %
b100010111 V
11
#85060000
b100010111 9
01
#85070000
1B
b0 R
b100011000 %
b100011000 V
b1010010 H
b1010010 a
1D
0s
11
#85080000
b100011000 9
01
#85090000
0B
0D
b1010011 f
b1011110 h
1r
b1001001 &
b1001001 U
b10 R
b1011110 W
b100011001 %
b100011001 V
b10101 t
11
#85100000
b100011001 9
01
#85110000
b1 R
b100011010 %
b100011010 V
b1010011 g
1s
0r
11
#85120000
b100011010 9
01
#85130000
1B
b1010011 H
b1010011 a
1D
0s
b0 R
b100011011 %
b100011011 V
11
#85140000
b100011011 9
01
#85150000
0B
b1001010 &
b1001010 U
b10 R
b1011111 W
b100011100 %
b100011100 V
0D
b1010100 f
b1011111 h
1r
b10101 t
11
#85160000
b100011100 9
01
#85170000
b1010100 g
1s
0r
b1 R
b100011101 %
b100011101 V
11
#85180000
b100011101 9
01
#85190000
1B
b0 R
b100011110 %
b100011110 V
b1010100 H
b1010100 a
1D
0s
11
#85200000
b100011110 9
01
#85210000
0B
0D
b1010101 f
b1100000 h
1r
b1001011 &
b1001011 U
b10 R
b1100000 W
b100011111 %
b100011111 V
b10101 t
11
#85220000
b100011111 9
01
#85230000
b1 R
b100100000 %
b100100000 V
b1010101 g
1s
0r
11
#85240000
b100100000 9
01
#85250000
1B
b1010101 H
b1010101 a
1D
0s
b0 R
b100100001 %
b100100001 V
11
#85260000
b100100001 9
01
#85270000
0B
b1001100 &
b1001100 U
b10 R
b1100001 W
b100100010 %
b100100010 V
0D
b1010110 f
b1100001 h
1r
b10101 t
11
#85280000
b100100010 9
01
#85290000
b1010110 g
1s
0r
b1 R
b100100011 %
b100100011 V
11
#85300000
b100100011 9
01
#85310000
1B
b0 R
b100100100 %
b100100100 V
b1010110 H
b1010110 a
1D
0s
11
#85320000
b100100100 9
01
#85330000
0B
0D
b1010111 f
b1100010 h
1r
b1001101 &
b1001101 U
b10 R
b1100010 W
b100100101 %
b100100101 V
b10101 t
11
#85340000
b100100101 9
01
#85350000
b1 R
b100100110 %
b100100110 V
b1010111 g
1s
0r
11
#85360000
b100100110 9
01
#85370000
1B
b1010111 H
b1010111 a
1D
0s
b0 R
b100100111 %
b100100111 V
11
#85380000
b100100111 9
01
#85390000
0B
b1001110 &
b1001110 U
b10 R
b1100011 W
b100101000 %
b100101000 V
0D
b1011000 f
b1100011 h
1r
b10101 t
11
#85400000
b100101000 9
01
#85410000
b1011000 g
1s
0r
b1 R
b100101001 %
b100101001 V
11
#85420000
b100101001 9
01
#85430000
1B
b0 R
b100101010 %
b100101010 V
b1011000 H
b1011000 a
1D
0s
11
#85440000
b100101010 9
01
#85450000
0B
0D
b1011001 f
b1100100 h
1r
b1001111 &
b1001111 U
b10 R
b11 Z
b100101011 %
b100101011 V
b10101 t
11
#85460000
b100101011 9
01
#85470000
b100101100 %
b100101100 V
b1011001 g
1s
0r
11
#85480000
b100101100 9
01
#85490000
b1011001 H
b1011001 a
1D
0s
b100101101 %
b100101101 V
11
#85500000
b100101101 9
01
#85510000
b1010000 &
b1010000 U
1*
0-
b0 Z
b100101110 %
b100101110 V
0D
11
#85520000
b10100 >
b1000000000000000000000000000000 2
b100101110 9
01
#85530000
11
#85540000
01
#85550000
11
#85560000
01
#85570000
11
#85580000
01
#85590000
11
#85600000
01
#85610000
11
#85620000
01
#85630000
11
#85640000
01
#85650000
11
#85660000
01
#85670000
11
#85680000
b0 w
b10 u
b10 =
b0 ;
01
#85690000
11
#85700000
b10100 4
b10 6
b10 @
b10 7
b10 A
01
#85710000
11
#85720000
18
01
#85730000
1?
1-
b1 Z
b0 %
b0 V
b0 R
b0 W
b0 '
b0 T
b0 (
b0 S
b1111111111111111 $
b1111111111111111 [
b0 +
b0 P
b0 &
b0 U
b0 ,
b0 O
0*
b10101 )
b10101 Q
00
b10 /
b10 M
b10 _
1Y
11
#85740000
b0 9
b0 6
b0 @
b0 7
b0 A
08
01
#85750000
1B
0?
b10 Z
b1 %
b1 V
0Y
b0 H
b0 a
b0 G
b0 d
b0 E
b0 p
b0 C
b0 q
b0 o
b0 `
b0 n
b0 g
b0 c
b0 m
b0 f
b0 b
b0 l
b0 k
b0 j
b0 i
b0 h
b0 e
b10101 t
11
#85760000
b1 9
01
#85770000
b1 h
b1 e
b1 W
b10 %
b10 V
b10101 t
11
#85780000
b10 9
01
#85790000
b10 W
b11 %
b11 V
b10 h
b10 e
b10101 t
11
#85800000
b11 9
01
#85810000
b11 h
b11 e
b11 W
b100 %
b100 V
b10101 t
11
#85820000
b100 9
01
#85830000
b100 W
b101 %
b101 V
b100 h
b100 e
b10101 t
11
#85840000
b101 9
01
#85850000
b101 h
b101 e
b101 W
b110 %
b110 V
b10101 t
11
#85860000
b110 9
01
#85870000
b110 W
b111 %
b111 V
b110 h
b110 e
b10101 t
11
#85880000
b111 9
01
#85890000
b111 h
b111 e
b111 W
b1000 %
b1000 V
b10101 t
11
#85900000
b1000 9
01
#85910000
b1000 W
b1001 %
b1001 V
b1000 h
b1000 e
b10101 t
11
#85920000
b1001 9
01
#85930000
b1001 h
b1001 e
b1001 W
b1010 %
b1010 V
b10101 t
11
#85940000
b1010 9
01
#85950000
b1010 W
b1011 %
b1011 V
b1010 h
b1010 e
b10101 t
11
#85960000
b1011 9
01
#85970000
b1011 h
b1011 e
b1011 W
b1100 %
b1100 V
b10101 t
11
#85980000
b1100 9
01
#85990000
b1100 W
b1101 %
b1101 V
b1100 h
b1100 e
b10101 t
11
#86000000
b1101 9
01
#86010000
b1101 h
b1101 e
b1101 W
b1110 %
b1110 V
b10101 t
11
#86020000
b1110 9
01
#86030000
b1110 W
b1111 %
b1111 V
b1110 h
b1110 e
b10101 t
11
#86040000
b1111 9
01
#86050000
b1111 h
b1111 e
b1111 W
b10000 %
b10000 V
b10101 t
11
#86060000
b10000 9
01
#86070000
b10000 W
b10001 %
b10001 V
b10000 h
b10000 e
b10101 t
11
#86080000
b10001 9
01
#86090000
b10001 h
b10001 e
b10001 W
b10010 %
b10010 V
b10101 t
11
#86100000
b10010 9
01
#86110000
b10010 W
b10011 %
b10011 V
b10010 h
b10010 e
b10101 t
11
#86120000
b10011 9
01
#86130000
b10011 h
b10011 e
b10011 W
b10100 %
b10100 V
b10101 t
11
#86140000
b10100 9
01
#86150000
b10100 W
b10101 %
b10101 V
b10100 h
b10100 e
b10101 t
11
#86160000
b10101 9
01
#86170000
b10 m
b1010 f
b1100100 b
b110010000 l
b110010000 k
b110010000 j
b110010000 i
b10101 h
b10101 e
1r
b10101 W
b10110 %
b10110 V
b10101 t
11
#86180000
b10110 9
01
#86190000
b110010000 `
b10110 W
b10111 %
b10111 V
b10 n
b1010 g
b1100100 c
b11001000000 o
1s
b1011 f
b10110 h
b10101 t
11
#86200000
b10111 9
01
#86210000
b1010 H
b1010 a
b1100100 G
b1100100 d
b110010000 C
b110010000 q
b110010000 E
b110010000 p
1D
b1011 g
b1100 f
b10111 h
b10111 W
b11000 %
b11000 V
b10101 t
11
#86220000
b11000 9
01
#86230000
b110010000 '
b110010000 T
b110010000 (
b110010000 S
b1 &
b1 U
b11000 W
b11001 %
b11001 V
b1011 H
b1011 a
b1100 g
b1101 f
b11000 h
b10101 t
11
#86240000
b11001 9
01
#86250000
b1100 H
b1100 a
b1101 g
b1110 f
b11001 h
b10 &
b10 U
b11001 W
b11010 %
b11010 V
b10101 t
11
#86260000
b11010 9
01
#86270000
b11 &
b11 U
b11010 W
b11011 %
b11011 V
b1101 H
b1101 a
b1110 g
b1111 f
b11010 h
b10101 t
11
#86280000
b11011 9
01
#86290000
b1110 H
b1110 a
b1111 g
b10000 f
b11011 h
b100 &
b100 U
b11011 W
b11100 %
b11100 V
b10101 t
11
#86300000
b11100 9
01
#86310000
b101 &
b101 U
b11100 W
b11101 %
b11101 V
b1111 H
b1111 a
b10000 g
b10001 f
b11100 h
b10101 t
11
#86320000
b11101 9
01
#86330000
b10000 H
b10000 a
b10001 g
b10010 f
b11101 h
b110 &
b110 U
b11101 W
b11110 %
b11110 V
b10101 t
11
#86340000
b11110 9
01
#86350000
b100101100 X
b100101100 ^
b111 &
b111 U
b11110 W
b11111 %
b11111 V
b10001 H
b10001 a
b10010 g
b10011 f
b11110 h
b10101 t
11
#86360000
b11111 9
01
#86370000
b1100100 X
b1100100 ^
b10010 H
b10010 a
b10011 g
b10100 f
b1001011000 i
b11111 h
b1000 &
b1000 U
b11111 W
b100000 %
b100000 V
b10101 t
11
#86380000
b100000 9
01
#86390000
b111000000 `
b1001 &
b1001 U
b100000 W
b100001 %
b100001 V
b10011 H
b10011 a
b10100 g
b11100001000 o
b10101 f
b100000 h
b10101 t
11
#86400000
b100001 9
01
#86410000
b10100 H
b10100 a
b111000000 C
b111000000 q
b111000000 E
b111000000 p
b10101 g
b10110 f
b100001 h
b1010 &
b1010 U
b100001 W
b100010 %
b100010 V
b10101 t
11
#86420000
b100010 9
01
#86430000
b111000000 '
b111000000 T
b111000000 (
b111000000 S
b1011 &
b1011 U
b100010 W
b100011 %
b100011 V
b10101 H
b10101 a
b10110 g
b10111 f
b100010 h
b10101 t
11
#86440000
b100011 9
01
#86450000
b10110 H
b10110 a
b10111 g
b11000 f
b1001011000 j
b110010000 i
b100011 h
b1100 &
b1100 U
b100011 W
b100100 %
b100100 V
b10101 t
11
#86460000
b100100 9
01
#86470000
b1101 &
b1101 U
b100100 W
b100101 %
b100101 V
b10111 H
b10111 a
b11000 g
b11001 f
b100100 h
b10101 t
11
#86480000
b100101 9
01
#86490000
b11000 H
b11000 a
b11001 g
b11010 f
b100101 h
b1110 &
b1110 U
b100101 W
b100110 %
b100110 V
b10101 t
11
#86500000
b100110 9
01
#86510000
b1111 &
b1111 U
b100110 W
b100111 %
b100111 V
b11001 H
b11001 a
b11010 g
b11011 f
b100110 h
b10101 t
11
#86520000
b100111 9
01
#86530000
b11010 H
b11010 a
b11011 g
b11100 f
b110010000 j
b100111 h
b10000 &
b10000 U
b100111 W
b101000 %
b101000 V
b10101 t
11
#86540000
b101000 9
01
#86550000
b110010000 `
b10001 &
b10001 U
b101000 W
b101001 %
b101001 V
b11011 H
b11011 a
b11100 g
b11001000000 o
b11101 f
b101000 h
b10101 t
11
#86560000
b101001 9
01
#86570000
b11100 H
b11100 a
b110010000 C
b110010000 q
b110010000 E
b110010000 p
b11101 g
b11110 f
b100101100 b
b101001 h
b10010 &
b10010 U
b101001 W
b101010 %
b101010 V
b10101 t
11
#86580000
b101010 9
01
#86590000
b110010000 '
b110010000 T
b110010000 (
b110010000 S
b10011 &
b10011 U
b101010 W
b101011 %
b101011 V
b11101 H
b11101 a
b11110 g
b100101100 c
b11111 f
b1100100 b
b101010 h
b10101 t
11
#86600000
b101011 9
01
#86610000
b11110 H
b11110 a
b100101100 G
b100101100 d
b11111 g
b1100100 c
b100000 f
b101011 h
b10100 &
b10100 U
b101011 W
b101100 %
b101100 V
b10101 t
11
#86620000
b101100 9
01
#86630000
b10101 &
b10101 U
b101100 W
b101101 %
b101101 V
b11111 H
b11111 a
b1100100 G
b1100100 d
b100000 g
b100001 f
b1001011000 k
b101100 h
b10101 t
11
#86640000
b101101 9
01
#86650000
b111000000 `
b100000 H
b100000 a
b100001 g
b11100001000 o
b100010 f
b101101 h
b10110 &
b10110 U
b101101 W
b101110 %
b101110 V
b10101 t
11
#86660000
b101110 9
01
#86670000
b10111 &
b10111 U
b101110 W
b101111 %
b101111 V
b100001 H
b100001 a
b111000000 C
b111000000 q
b111000000 E
b111000000 p
b100010 g
b100011 f
b101110 h
b10101 t
11
#86680000
b101111 9
01
#86690000
b100010 H
b100010 a
b100011 g
b100100 f
b101111 h
b111000000 '
b111000000 T
b111000000 (
b111000000 S
b11000 &
b11000 U
b101111 W
b110000 %
b110000 V
b10101 t
11
#86700000
b110000 9
01
#86710000
b11001 &
b11001 U
b110000 W
b110001 %
b110001 V
b100011 H
b100011 a
b100100 g
b100101 f
b1001011000 l
b110010000 k
b110000 h
b10101 t
11
#86720000
b110001 9
01
#86730000
b100100 H
b100100 a
b100101 g
b100110 f
b110001 h
b11010 &
b11010 U
b110001 W
b110010 %
b110010 V
b10101 t
11
#86740000
b110010 9
01
#86750000
b11011 &
b11011 U
b110010 W
b110011 %
b110011 V
b100101 H
b100101 a
b100110 g
b100111 f
b110010 h
b10101 t
11
#86760000
b110011 9
01
#86770000
b100110 H
b100110 a
b100111 g
b101000 f
b110011 h
b11100 &
b11100 U
b110011 W
b110100 %
b110100 V
b10101 t
11
#86780000
b110100 9
01
#86790000
b11101 &
b11101 U
b110100 W
b110101 %
b110101 V
b100111 H
b100111 a
b101000 g
b101001 f
b110010000 l
b110100 h
b10101 t
11
#86800000
b110101 9
01
#86810000
b110010000 `
b101000 H
b101000 a
b101001 g
b11001000000 o
b101010 f
b110101 h
b11110 &
b11110 U
b110101 W
b110110 %
b110110 V
b10101 t
11
#86820000
b110110 9
01
#86830000
b11111 &
b11111 U
b110110 W
b110111 %
b110111 V
b101001 H
b101001 a
b110010000 C
b110010000 q
b110010000 E
b110010000 p
b101010 g
b101011 f
b110110 h
b10101 t
11
#86840000
b110111 9
01
#86850000
b101010 H
b101010 a
b101011 g
b101100 f
b110111 h
b110010000 '
b110010000 T
b110010000 (
b110010000 S
b100000 &
b100000 U
b110111 W
b111000 %
b111000 V
b10101 t
11
#86860000
b111000 9
01
#86870000
b100001 &
b100001 U
b111000 W
b111001 %
b111001 V
b101011 H
b101011 a
b101100 g
b101101 f
b111000 h
b10101 t
11
#86880000
b111001 9
01
#86890000
b101100 H
b101100 a
b101101 g
b101110 f
b111001 h
b100010 &
b100010 U
b111001 W
b111010 %
b111010 V
b10101 t
11
#86900000
b111010 9
01
#86910000
b100011 &
b100011 U
b111010 W
b111011 %
b111011 V
b101101 H
b101101 a
b101110 g
b101111 f
b111010 h
b10101 t
11
#86920000
b111011 9
01
#86930000
b101110 H
b101110 a
b101111 g
b110000 f
b111011 h
b100100 &
b100100 U
b111011 W
b111100 %
b111100 V
b10101 t
11
#86940000
b111100 9
01
#86950000
b100101 &
b100101 U
b111100 W
b111101 %
b111101 V
b101111 H
b101111 a
b110000 g
b110001 f
b111100 h
b10101 t
11
#86960000
b111101 9
01
#86970000
b110000 H
b110000 a
b110001 g
b110010 f
b111101 h
b100110 &
b100110 U
b111101 W
b111110 %
b111110 V
b10101 t
11
#86980000
b111110 9
01
#86990000
b100111 &
b100111 U
b111110 W
b111111 %
b111111 V
b110001 H
b110001 a
b110010 g
b110011 f
b111110 h
b10101 t
11
#87000000
b111111 9
01
#87010000
b110010 H
b110010 a
b110011 g
b110100 f
b111111 h
b101000 &
b101000 U
b111111 W
b1000000 %
b1000000 V
b10101 t
11
#87020000
b1000000 9
01
#87030000
b101001 &
b101001 U
b1000000 W
b1000001 %
b1000001 V
b110011 H
b110011 a
b110100 g
b110101 f
b1000000 h
b10101 t
11
#87040000
b1000001 9
01
#87050000
b110100 H
b110100 a
b110101 g
b110110 f
b1000001 h
b101010 &
b101010 U
b1000001 W
b1000010 %
b1000010 V
b10101 t
11
#87060000
b1000010 9
01
#87070000
b101011 &
b101011 U
b1000010 W
b1000011 %
b1000011 V
b110101 H
b110101 a
b110110 g
b110111 f
b1000010 h
b10101 t
11
#87080000
b1000011 9
01
#87090000
b110110 H
b110110 a
b110111 g
b111000 f
b1000011 h
b101100 &
b101100 U
b1000011 W
b1000100 %
b1000100 V
b10101 t
11
#87100000
b1000100 9
01
#87110000
b101101 &
b101101 U
b1000100 W
b1000101 %
b1000101 V
b110111 H
b110111 a
b111000 g
b111001 f
b1000100 h
b10101 t
11
#87120000
b1000101 9
01
#87130000
b111000 H
b111000 a
b111001 g
b111010 f
b1000101 h
b101110 &
b101110 U
b1000101 W
b1000110 %
b1000110 V
b10101 t
11
#87140000
b1000110 9
01
#87150000
b101111 &
b101111 U
b1000110 W
b1000111 %
b1000111 V
b111001 H
b111001 a
b111010 g
b111011 f
b1000110 h
b10101 t
11
#87160000
b1000111 9
01
#87170000
b111010 H
b111010 a
b111011 g
b111100 f
b1000111 h
b110000 &
b110000 U
b1000111 W
b1001000 %
b1001000 V
b10101 t
11
#87180000
b1001000 9
01
#87190000
b110001 &
b110001 U
b1001000 W
b1001001 %
b1001001 V
b111011 H
b111011 a
b111100 g
b111101 f
b1001000 h
b10101 t
11
#87200000
b1001001 9
01
#87210000
b111100 H
b111100 a
b111101 g
b111110 f
b1001001 h
b110010 &
b110010 U
b1001001 W
b1001010 %
b1001010 V
b10101 t
11
#87220000
b1001010 9
01
#87230000
b110011 &
b110011 U
b1001010 W
b1001011 %
b1001011 V
b111101 H
b111101 a
b111110 g
b111111 f
b1001010 h
b10101 t
11
#87240000
b1001011 9
01
#87250000
b111110 H
b111110 a
b111111 g
b1000000 f
b1001011 h
b110100 &
b110100 U
b1001011 W
b1001100 %
b1001100 V
b10101 t
11
#87260000
b1001100 9
01
#87270000
b110101 &
b110101 U
b1001100 W
b1001101 %
b1001101 V
b111111 H
b111111 a
b1000000 g
b1000001 f
b1001100 h
b10101 t
11
#87280000
b1001101 9
01
#87290000
b1000000 H
b1000000 a
b1000001 g
b1000010 f
b1001101 h
b110110 &
b110110 U
b1001101 W
b1001110 %
b1001110 V
b10101 t
11
#87300000
b1001110 9
01
#87310000
b110111 &
b110111 U
b1001110 W
b1001111 %
b1001111 V
b1000001 H
b1000001 a
b1000010 g
b1000011 f
b1001110 h
b10101 t
11
#87320000
b1001111 9
01
#87330000
b1000010 H
b1000010 a
b1000011 g
b1000100 f
b1001111 h
b111000 &
b111000 U
b1001111 W
b1010000 %
b1010000 V
b10101 t
11
#87340000
b1010000 9
01
#87350000
b111001 &
b111001 U
b1010000 W
b1010001 %
b1010001 V
b1000011 H
b1000011 a
b1000100 g
b1000101 f
b1010000 h
b10101 t
11
#87360000
b1010001 9
01
#87370000
b1000100 H
b1000100 a
b1000101 g
b1000110 f
b1010001 h
b111010 &
b111010 U
b1010001 W
b1010010 %
b1010010 V
b10101 t
11
#87380000
b1010010 9
01
#87390000
b111011 &
b111011 U
b1010010 W
b1010011 %
b1010011 V
b1000101 H
b1000101 a
b1000110 g
b1000111 f
b1010010 h
b10101 t
11
#87400000
b1010011 9
01
#87410000
b1000110 H
b1000110 a
b1000111 g
b1001000 f
b1010011 h
b111100 &
b111100 U
b1010011 W
b1010100 %
b1010100 V
b10101 t
11
#87420000
b1010100 9
01
#87430000
b111101 &
b111101 U
b1010100 W
b1010101 %
b1010101 V
b1000111 H
b1000111 a
b1001000 g
b1001001 f
b1010100 h
b10101 t
11
#87440000
b1010101 9
01
#87450000
b1001000 H
b1001000 a
b1001001 g
b1001010 f
b1010101 h
b111110 &
b111110 U
b1010101 W
b1010110 %
b1010110 V
b10101 t
11
#87460000
b1010110 9
01
#87470000
b111111 &
b111111 U
b1010110 W
b1010111 %
b1010111 V
b1001001 H
b1001001 a
b1001010 g
b1001011 f
b1010110 h
b10101 t
11
#87480000
b1010111 9
01
#87490000
b1001010 H
b1001010 a
b1001011 g
b1001100 f
b1010111 h
b1000000 &
b1000000 U
b1010111 W
b1011000 %
b1011000 V
b10101 t
11
#87500000
b1011000 9
01
#87510000
b1000001 &
b1000001 U
b1011000 W
b1011001 %
b1011001 V
b1001011 H
b1001011 a
b1001100 g
b1001101 f
b1011000 h
b10101 t
11
#87520000
b1011001 9
01
#87530000
b1001100 H
b1001100 a
b1001101 g
b1001110 f
b1011001 h
b1000010 &
b1000010 U
b1011001 W
b1011010 %
b1011010 V
b10101 t
11
#87540000
b1011010 9
01
#87550000
b1000011 &
b1000011 U
b1011010 W
b1011011 %
b1011011 V
b1001101 H
b1001101 a
b1001110 g
b1001111 f
b1011010 h
b10101 t
11
#87560000
b1011011 9
01
#87570000
b1001110 H
b1001110 a
b1001111 g
b1010000 f
b1011011 h
b1000100 &
b1000100 U
b1011011 W
b1011100 %
b1011100 V
b10101 t
11
#87580000
b1011100 9
01
#87590000
b1000101 &
b1000101 U
b1011100 W
b1011101 %
b1011101 V
b1001111 H
b1001111 a
b1010000 g
b1010001 f
b1011100 h
b10101 t
11
#87600000
b1011101 9
01
#87610000
b1010000 H
b1010000 a
b1010001 g
b1010010 f
b1011101 h
b1000110 &
b1000110 U
b1011101 W
b1011110 %
b1011110 V
b10101 t
11
#87620000
b1011110 9
01
#87630000
b1000111 &
b1000111 U
b1011110 W
b1011111 %
b1011111 V
b1010001 H
b1010001 a
b1010010 g
b1010011 f
b1011110 h
b10101 t
11
#87640000
b1011111 9
01
#87650000
b1010010 H
b1010010 a
b1010011 g
b1010100 f
b1011111 h
b1001000 &
b1001000 U
b1011111 W
b1100000 %
b1100000 V
b10101 t
11
#87660000
b1100000 9
01
#87670000
b1001001 &
b1001001 U
b1100000 W
b1100001 %
b1100001 V
b1010011 H
b1010011 a
b1010100 g
b1010101 f
b1100000 h
b10101 t
11
#87680000
b1100001 9
01
#87690000
b1010100 H
b1010100 a
b1010101 g
b1010110 f
b1100001 h
b1001010 &
b1001010 U
b1100001 W
b1100010 %
b1100010 V
b10101 t
11
#87700000
b1100010 9
01
#87710000
b1001011 &
b1001011 U
b1100010 W
b1100011 %
b1100011 V
b1010101 H
b1010101 a
b1010110 g
b1010111 f
b1100010 h
b10101 t
11
#87720000
b1100011 9
01
#87730000
b1010110 H
b1010110 a
b1010111 g
b1011000 f
b1100011 h
b1001100 &
b1001100 U
b1100011 W
b1100100 %
b1100100 V
b10101 t
11
#87740000
b1100100 9
01
#87750000
0B
b1001101 &
b1001101 U
b11 Z
b1100101 %
b1100101 V
b1010111 H
b1010111 a
b1011000 g
b1011001 f
b1100100 h
b10101 t
11
#87760000
b1100101 9
01
#87770000
b1011000 H
b1011000 a
b1011001 g
0r
b1001110 &
b1001110 U
b1100110 %
b1100110 V
11
#87780000
b1100110 9
01
#87790000
b1001111 &
b1001111 U
b1100111 %
b1100111 V
b1011001 H
b1011001 a
0s
11
#87800000
b1100111 9
01
#87810000
0D
b1010000 &
b1010000 U
1*
0-
b0 Z
b1101000 %
b1101000 V
11
#87820000
b10101 >
b0 v
b0 2
b1101000 9
01
#87830000
11
#87840000
01
#87850000
11
#87860000
01
#87870000
11
#87880000
01
#87890000
11
#87900000
01
#87910000
11
#87920000
01
#87930000
11
#87940000
01
#87950000
11
#87960000
01
#87970000
11
#87980000
b1 w
b1 ;
01
#87990000
11
#88000000
b10101 4
13
b10 6
b10 @
b10 7
b10 A
01
#88010000
11
#88020000
18
01
#88030000
1?
1-
b1 Z
b0 %
b0 V
b0 W
b0 '
b0 T
b0 (
b0 S
b0 &
b0 U
0*
b10110 )
b10110 Q
10
1Y
11
#88040000
b0 9
03
b0 6
b0 @
b0 7
b0 A
08
01
#88050000
1B
0?
b0 H
b0 a
b0 G
b0 d
b0 E
b0 p
b0 C
b0 q
b0 o
b0 `
b0 n
b0 g
b0 c
b0 m
b0 f
b0 b
b0 l
b0 k
b0 j
b0 i
b0 h
b0 e
b10 Z
b1 %
b1 V
0Y
b10101 t
11
#88060000
b1 9
01
#88070000
0B
b10 R
b1 W
b10 %
b10 V
b1 h
b1 e
b10101 t
11
#88080000
b10 9
01
#88090000
b1 R
b11 %
b11 V
11
#88100000
b11 9
01
#88110000
1B
b0 R
b100 %
b100 V
11
#88120000
b100 9
01
#88130000
0B
b10 h
b10 e
b10 R
b10 W
b101 %
b101 V
b10101 t
11
#88140000
b101 9
01
#88150000
b1 R
b110 %
b110 V
11
#88160000
b110 9
01
#88170000
1B
b0 R
b111 %
b111 V
11
#88180000
b111 9
01
#88190000
0B
b10 R
b11 W
b1000 %
b1000 V
b11 h
b11 e
b10101 t
11
#88200000
b1000 9
01
#88210000
b1 R
b1001 %
b1001 V
11
#88220000
b1001 9
01
#88230000
1B
b0 R
b1010 %
b1010 V
11
#88240000
b1010 9
01
#88250000
0B
b100 h
b100 e
b10 R
b100 W
b1011 %
b1011 V
b10101 t
11
#88260000
b1011 9
01
#88270000
b1 R
b1100 %
b1100 V
11
#88280000
b1100 9
01
#88290000
1B
b0 R
b1101 %
b1101 V
11
#88300000
b1101 9
01
#88310000
0B
b10 R
b101 W
b1110 %
b1110 V
b101 h
b101 e
b10101 t
11
#88320000
b1110 9
01
#88330000
b1 R
b1111 %
b1111 V
11
#88340000
b1111 9
01
#88350000
1B
b0 R
b10000 %
b10000 V
11
#88360000
b10000 9
01
#88370000
0B
b110 h
b110 e
b10 R
b110 W
b10001 %
b10001 V
b10101 t
11
#88380000
b10001 9
01
#88390000
b1 R
b10010 %
b10010 V
11
#88400000
b10010 9
01
#88410000
1B
b0 R
b10011 %
b10011 V
11
#88420000
b10011 9
01
#88430000
0B
b10 R
b111 W
b10100 %
b10100 V
b111 h
b111 e
b10101 t
11
#88440000
b10100 9
01
#88450000
b1 R
b10101 %
b10101 V
11
#88460000
b10101 9
01
#88470000
1B
b0 R
b10110 %
b10110 V
11
#88480000
b10110 9
01
#88490000
0B
b1000 h
b1000 e
b10 R
b1000 W
b10111 %
b10111 V
b10101 t
11
#88500000
b10111 9
01
#88510000
b1 R
b11000 %
b11000 V
11
#88520000
b11000 9
01
#88530000
1B
b0 R
b11001 %
b11001 V
11
#88540000
b11001 9
01
#88550000
0B
b10 R
b1001 W
b11010 %
b11010 V
b1001 h
b1001 e
b10101 t
11
#88560000
b11010 9
01
#88570000
b1 R
b11011 %
b11011 V
11
#88580000
b11011 9
01
#88590000
1B
b0 R
b11100 %
b11100 V
11
#88600000
b11100 9
01
#88610000
0B
b1010 h
b1010 e
b10 R
b1010 W
b11101 %
b11101 V
b10101 t
11
#88620000
b11101 9
01
#88630000
b1 R
b11110 %
b11110 V
11
#88640000
b11110 9
01
#88650000
1B
b0 R
b11111 %
b11111 V
11
#88660000
b11111 9
01
#88670000
0B
b10 R
b1011 W
b100000 %
b100000 V
b1011 h
b1011 e
b10101 t
11
#88680000
b100000 9
01
#88690000
b1 R
b100001 %
b100001 V
11
#88700000
b100001 9
01
#88710000
1B
b0 R
b100010 %
b100010 V
11
#88720000
b100010 9
01
#88730000
0B
b1100 h
b1100 e
b10 R
b1100 W
b100011 %
b100011 V
b10101 t
11
#88740000
b100011 9
01
#88750000
b1 R
b100100 %
b100100 V
11
#88760000
b100100 9
01
#88770000
1B
b0 R
b100101 %
b100101 V
11
#88780000
b100101 9
01
#88790000
0B
b10 R
b1101 W
b100110 %
b100110 V
b1101 h
b1101 e
b10101 t
11
#88800000
b100110 9
01
#88810000
b1 R
b100111 %
b100111 V
11
#88820000
b100111 9
01
#88830000
1B
b0 R
b101000 %
b101000 V
11
#88840000
b101000 9
01
#88850000
0B
b1110 h
b1110 e
b10 R
b1110 W
b101001 %
b101001 V
b10101 t
11
#88860000
b101001 9
01
#88870000
b1 R
b101010 %
b101010 V
11
#88880000
b101010 9
01
#88890000
1B
b0 R
b101011 %
b101011 V
11
#88900000
b101011 9
01
#88910000
0B
b10 R
b1111 W
b101100 %
b101100 V
b1111 h
b1111 e
b10101 t
11
#88920000
b101100 9
01
#88930000
b1 R
b101101 %
b101101 V
11
#88940000
b101101 9
01
#88950000
1B
b0 R
b101110 %
b101110 V
11
#88960000
b101110 9
01
#88970000
0B
b10000 h
b10000 e
b10 R
b10000 W
b101111 %
b101111 V
b10101 t
11
#88980000
b101111 9
01
#88990000
b1 R
b110000 %
b110000 V
11
#89000000
b110000 9
01
#89010000
1B
b0 R
b110001 %
b110001 V
11
#89020000
b110001 9
01
#89030000
0B
b10 R
b10001 W
b110010 %
b110010 V
b10001 h
b10001 e
b10101 t
11
#89040000
b110010 9
01
#89050000
b1 R
b110011 %
b110011 V
11
#89060000
b110011 9
01
#89070000
1B
b0 R
b110100 %
b110100 V
11
#89080000
b110100 9
01
#89090000
0B
b10010 h
b10010 e
b10 R
b10010 W
b110101 %
b110101 V
b10101 t
11
#89100000
b110101 9
01
#89110000
b1 R
b110110 %
b110110 V
11
#89120000
b110110 9
01
#89130000
1B
b0 R
b110111 %
b110111 V
11
#89140000
b110111 9
01
#89150000
0B
b10 R
b10011 W
b111000 %
b111000 V
b10011 h
b10011 e
b10101 t
11
#89160000
b111000 9
01
#89170000
b1 R
b111001 %
b111001 V
11
#89180000
b111001 9
01
#89190000
1B
b0 R
b111010 %
b111010 V
11
#89200000
b111010 9
01
#89210000
0B
b10100 h
b10100 e
b10 R
b10100 W
b111011 %
b111011 V
b10101 t
11
#89220000
b111011 9
01
#89230000
b1 R
b111100 %
b111100 V
11
#89240000
b111100 9
01
#89250000
1B
b0 R
b111101 %
b111101 V
11
#89260000
b111101 9
01
#89270000
0B
b10 R
b10101 W
b111110 %
b111110 V
b10 m
b1010 f
b1100100 b
b110010000 l
b110010000 k
b110010000 j
b110010000 i
b10101 h
b10101 e
1r
b10101 t
11
#89280000
b111110 9
01
#89290000
b110010000 `
b10 n
b1010 g
b1100100 c
b11001000000 o
1s
0r
b1 R
b111111 %
b111111 V
11
#89300000
b111111 9
01
#89310000
1B
b0 R
b1000000 %
b1000000 V
b1010 H
b1010 a
b1100100 G
b1100100 d
b110010000 C
b110010000 q
b110010000 E
b110010000 p
1D
0s
11
#89320000
b1000000 9
01
#89330000
0B
0D
b1011 f
b10110 h
1r
b110010000 '
b110010000 T
b110010000 (
b110010000 S
b1 &
b1 U
b10 R
b10110 W
b1000001 %
b1000001 V
b10101 t
11
#89340000
b1000001 9
01
#89350000
b1 R
b1000010 %
b1000010 V
b1011 g
1s
0r
11
#89360000
b1000010 9
01
#89370000
1B
b1011 H
b1011 a
1D
0s
b0 R
b1000011 %
b1000011 V
11
#89380000
b1000011 9
01
#89390000
0B
b10 &
b10 U
b10 R
b10111 W
b1000100 %
b1000100 V
0D
b1100 f
b10111 h
1r
b10101 t
11
#89400000
b1000100 9
01
#89410000
b1100 g
1s
0r
b1 R
b1000101 %
b1000101 V
11
#89420000
b1000101 9
01
#89430000
1B
b0 R
b1000110 %
b1000110 V
b1100 H
b1100 a
1D
0s
11
#89440000
b1000110 9
01
#89450000
0B
0D
b1101 f
b11000 h
1r
b11 &
b11 U
b10 R
b11000 W
b1000111 %
b1000111 V
b10101 t
11
#89460000
b1000111 9
01
#89470000
b1 R
b1001000 %
b1001000 V
b1101 g
1s
0r
11
#89480000
b1001000 9
01
#89490000
1B
b1101 H
b1101 a
1D
0s
b0 R
b1001001 %
b1001001 V
11
#89500000
b1001001 9
01
#89510000
0B
b100 &
b100 U
b10 R
b11001 W
b1001010 %
b1001010 V
0D
b1110 f
b11001 h
1r
b10101 t
11
#89520000
b1001010 9
01
#89530000
b1110 g
1s
0r
b1 R
b1001011 %
b1001011 V
11
#89540000
b1001011 9
01
#89550000
1B
b0 R
b1001100 %
b1001100 V
b1110 H
b1110 a
1D
0s
11
#89560000
b1001100 9
01
#89570000
0B
0D
b1111 f
b11010 h
1r
b101 &
b101 U
b10 R
b11010 W
b1001101 %
b1001101 V
b10101 t
11
#89580000
b1001101 9
01
#89590000
b1 R
b1001110 %
b1001110 V
b1111 g
1s
0r
11
#89600000
b1001110 9
01
#89610000
1B
b1111 H
b1111 a
1D
0s
b0 R
b1001111 %
b1001111 V
11
#89620000
b1001111 9
01
#89630000
0B
b110 &
b110 U
b10 R
b11011 W
b1010000 %
b1010000 V
0D
b10000 f
b11011 h
1r
b10101 t
11
#89640000
b1010000 9
01
#89650000
b10000 g
1s
0r
b1 R
b1010001 %
b1010001 V
11
#89660000
b1010001 9
01
#89670000
1B
b0 R
b1010010 %
b1010010 V
b10000 H
b10000 a
1D
0s
11
#89680000
b1010010 9
01
#89690000
0B
0D
b10001 f
b11100 h
1r
b111 &
b111 U
b10 R
b11100 W
b1010011 %
b1010011 V
b10101 t
11
#89700000
b1010011 9
01
#89710000
b1 R
b1010100 %
b1010100 V
b10001 g
1s
0r
11
#89720000
b1010100 9
01
#89730000
1B
b10001 H
b10001 a
1D
0s
b0 R
b1010101 %
b1010101 V
11
#89740000
b1010101 9
01
#89750000
0B
b1000 &
b1000 U
b10 R
b11101 W
b1010110 %
b1010110 V
0D
b10010 f
b11101 h
1r
b10101 t
11
#89760000
b1010110 9
01
#89770000
b10010 g
1s
0r
b1 R
b1010111 %
b1010111 V
11
#89780000
b1010111 9
01
#89790000
1B
b0 R
b1011000 %
b1011000 V
b10010 H
b10010 a
1D
0s
11
#89800000
b1011000 9
01
#89810000
0B
b100101100 X
b100101100 ^
0D
b10011 f
b11110 h
1r
b1001 &
b1001 U
b10 R
b11110 W
b1011001 %
b1011001 V
b10101 t
11
#89820000
b1011001 9
01
#89830000
b1 R
b1011010 %
b1011010 V
b10011 g
1s
0r
11
#89840000
b1011010 9
01
#89850000
1B
b10011 H
b10011 a
1D
0s
b0 R
b1011011 %
b1011011 V
11
#89860000
b1011011 9
01
#89870000
0B
b1100100 X
b1100100 ^
b1010 &
b1010 U
b10 R
b11111 W
b1011100 %
b1011100 V
0D
b10100 f
b1001011000 i
b11111 h
1r
b10101 t
11
#89880000
b1011100 9
01
#89890000
b111000000 `
b10100 g
b11100001000 o
1s
0r
b1 R
b1011101 %
b1011101 V
11
#89900000
b1011101 9
01
#89910000
1B
b0 R
b1011110 %
b1011110 V
b10100 H
b10100 a
b111000000 C
b111000000 q
b111000000 E
b111000000 p
1D
0s
11
#89920000
b1011110 9
01
#89930000
0B
0D
b10101 f
b100000 h
1r
b111000000 '
b111000000 T
b111000000 (
b111000000 S
b1011 &
b1011 U
b10 R
b100000 W
b1011111 %
b1011111 V
b10101 t
11
#89940000
b1011111 9
01
#89950000
b1 R
b1100000 %
b1100000 V
b10101 g
1s
0r
11
#89960000
b1100000 9
01
#89970000
1B
b10101 H
b10101 a
1D
0s
b0 R
b1100001 %
b1100001 V
11
#89980000
b1100001 9
01
#89990000
0B
b1100 &
b1100 U
b10 R
b100001 W
b1100010 %
b1100010 V
0D
b10110 f
b100001 h
1r
b10101 t
11
#90000000
b1100010 9
01
#90010000
b10110 g
1s
0r
b1 R
b1100011 %
b1100011 V
11
#90020000
b1100011 9
01
#90030000
1B
b0 R
b1100100 %
b1100100 V
b10110 H
b10110 a
1D
0s
11
#90040000
b1100100 9
01
#90050000
0B
0D
b10111 f
b100010 h
1r
b1101 &
b1101 U
b10 R
b100010 W
b1100101 %
b1100101 V
b10101 t
11
#90060000
b1100101 9
01
#90070000
b1 R
b1100110 %
b1100110 V
b10111 g
1s
0r
11
#90080000
b1100110 9
01
#90090000
1B
b10111 H
b10111 a
1D
0s
b0 R
b1100111 %
b1100111 V
11
#90100000
b1100111 9
01
#90110000
0B
b1110 &
b1110 U
b10 R
b100011 W
b1101000 %
b1101000 V
0D
b11000 f
b1001011000 j
b110010000 i
b100011 h
1r
b10101 t
11
#90120000
b1101000 9
01
#90130000
b11000 g
1s
0r
b1 R
b1101001 %
b1101001 V
11
#90140000
b1101001 9
01
#90150000
1B
b0 R
b1101010 %
b1101010 V
b11000 H
b11000 a
1D
0s
11
#90160000
b1101010 9
01
#90170000
0B
0D
b11001 f
b100100 h
1r
b1111 &
b1111 U
b10 R
b100100 W
b1101011 %
b1101011 V
b10101 t
11
#90180000
b1101011 9
01
#90190000
b1 R
b1101100 %
b1101100 V
b11001 g
1s
0r
11
#90200000
b1101100 9
01
#90210000
1B
b11001 H
b11001 a
1D
0s
b0 R
b1101101 %
b1101101 V
11
#90220000
b1101101 9
01
#90230000
0B
b10000 &
b10000 U
b10 R
b100101 W
b1101110 %
b1101110 V
0D
b11010 f
b100101 h
1r
b10101 t
11
#90240000
b1101110 9
01
#90250000
b11010 g
1s
0r
b1 R
b1101111 %
b1101111 V
11
#90260000
b1101111 9
01
#90270000
1B
b0 R
b1110000 %
b1110000 V
b11010 H
b11010 a
1D
0s
11
#90280000
b1110000 9
01
#90290000
0B
0D
b11011 f
b100110 h
1r
b10001 &
b10001 U
b10 R
b100110 W
b1110001 %
b1110001 V
b10101 t
11
#90300000
b1110001 9
01
#90310000
b1 R
b1110010 %
b1110010 V
b11011 g
1s
0r
11
#90320000
b1110010 9
01
#90330000
1B
b11011 H
b11011 a
1D
0s
b0 R
b1110011 %
b1110011 V
11
#90340000
b1110011 9
01
#90350000
0B
b10010 &
b10010 U
b10 R
b100111 W
b1110100 %
b1110100 V
0D
b11100 f
b110010000 j
b100111 h
1r
b10101 t
11
#90360000
b1110100 9
01
#90370000
b110010000 `
b11100 g
b11001000000 o
1s
0r
b1 R
b1110101 %
b1110101 V
11
#90380000
b1110101 9
01
#90390000
1B
b0 R
b1110110 %
b1110110 V
b11100 H
b11100 a
b110010000 C
b110010000 q
b110010000 E
b110010000 p
1D
0s
11
#90400000
b1110110 9
01
#90410000
0B
0D
b11101 f
b101000 h
1r
b110010000 '
b110010000 T
b110010000 (
b110010000 S
b10011 &
b10011 U
b10 R
b101000 W
b1110111 %
b1110111 V
b10101 t
11
#90420000
b1110111 9
01
#90430000
b1 R
b1111000 %
b1111000 V
b11101 g
1s
0r
11
#90440000
b1111000 9
01
#90450000
1B
b11101 H
b11101 a
1D
0s
b0 R
b1111001 %
b1111001 V
11
#90460000
b1111001 9
01
#90470000
0B
b10100 &
b10100 U
b10 R
b101001 W
b1111010 %
b1111010 V
0D
b11110 f
b100101100 b
b101001 h
1r
b10101 t
11
#90480000
b1111010 9
01
#90490000
b11110 g
b100101100 c
1s
0r
b1 R
b1111011 %
b1111011 V
11
#90500000
b1111011 9
01
#90510000
1B
b0 R
b1111100 %
b1111100 V
b11110 H
b11110 a
b100101100 G
b100101100 d
1D
0s
11
#90520000
b1111100 9
01
#90530000
0B
0D
b11111 f
b1100100 b
b101010 h
1r
b10101 &
b10101 U
b10 R
b101010 W
b1111101 %
b1111101 V
b10101 t
11
#90540000
b1111101 9
01
#90550000
b1 R
b1111110 %
b1111110 V
b11111 g
b1100100 c
1s
0r
11
#90560000
b1111110 9
01
#90570000
1B
b11111 H
b11111 a
b1100100 G
b1100100 d
1D
0s
b0 R
b1111111 %
b1111111 V
11
#90580000
b1111111 9
01
#90590000
0B
b10110 &
b10110 U
b10 R
b101011 W
b10000000 %
b10000000 V
0D
b100000 f
b101011 h
1r
b10101 t
11
#90600000
b10000000 9
01
#90610000
b100000 g
1s
0r
b1 R
b10000001 %
b10000001 V
11
#90620000
b10000001 9
01
#90630000
1B
b0 R
b10000010 %
b10000010 V
b100000 H
b100000 a
1D
0s
11
#90640000
b10000010 9
01
#90650000
0B
0D
b100001 f
b1001011000 k
b101100 h
1r
b10111 &
b10111 U
b10 R
b101100 W
b10000011 %
b10000011 V
b10101 t
11
#90660000
b10000011 9
01
#90670000
b111000000 `
b1 R
b10000100 %
b10000100 V
b100001 g
b11100001000 o
1s
0r
11
#90680000
b10000100 9
01
#90690000
1B
b100001 H
b100001 a
b111000000 C
b111000000 q
b111000000 E
b111000000 p
1D
0s
b0 R
b10000101 %
b10000101 V
11
#90700000
b10000101 9
01
#90710000
0B
b111000000 '
b111000000 T
b111000000 (
b111000000 S
b11000 &
b11000 U
b10 R
b101101 W
b10000110 %
b10000110 V
0D
b100010 f
b101101 h
1r
b10101 t
11
#90720000
b10000110 9
01
#90730000
b100010 g
1s
0r
b1 R
b10000111 %
b10000111 V
11
#90740000
b10000111 9
01
#90750000
1B
b0 R
b10001000 %
b10001000 V
b100010 H
b100010 a
1D
0s
11
#90760000
b10001000 9
01
#90770000
0B
0D
b100011 f
b101110 h
1r
b11001 &
b11001 U
b10 R
b101110 W
b10001001 %
b10001001 V
b10101 t
11
#90780000
b10001001 9
01
#90790000
b1 R
b10001010 %
b10001010 V
b100011 g
1s
0r
11
#90800000
b10001010 9
01
#90810000
1B
b100011 H
b100011 a
1D
0s
b0 R
b10001011 %
b10001011 V
11
#90820000
b10001011 9
01
#90830000
0B
b11010 &
b11010 U
b10 R
b101111 W
b10001100 %
b10001100 V
0D
b100100 f
b101111 h
1r
b10101 t
11
#90840000
b10001100 9
01
#90850000
b100100 g
1s
0r
b1 R
b10001101 %
b10001101 V
11
#90860000
b10001101 9
01
#90870000
1B
b0 R
b10001110 %
b10001110 V
b100100 H
b100100 a
1D
0s
11
#90880000
b10001110 9
01
#90890000
0B
0D
b100101 f
b1001011000 l
b110010000 k
b110000 h
1r
b11011 &
b11011 U
b10 R
b110000 W
b10001111 %
b10001111 V
b10101 t
11
#90900000
b10001111 9
01
#90910000
b1 R
b10010000 %
b10010000 V
b100101 g
1s
0r
11
#90920000
b10010000 9
01
#90930000
1B
b100101 H
b100101 a
1D
0s
b0 R
b10010001 %
b10010001 V
11
#90940000
b10010001 9
01
#90950000
0B
b11100 &
b11100 U
b10 R
b110001 W
b10010010 %
b10010010 V
0D
b100110 f
b110001 h
1r
b10101 t
11
#90960000
b10010010 9
01
#90970000
b100110 g
1s
0r
b1 R
b10010011 %
b10010011 V
11
#90980000
b10010011 9
01
#90990000
1B
b0 R
b10010100 %
b10010100 V
b100110 H
b100110 a
1D
0s
11
#91000000
b10010100 9
01
#91010000
0B
0D
b100111 f
b110010 h
1r
b11101 &
b11101 U
b10 R
b110010 W
b10010101 %
b10010101 V
b10101 t
11
#91020000
b10010101 9
01
#91030000
b1 R
b10010110 %
b10010110 V
b100111 g
1s
0r
11
#91040000
b10010110 9
01
#91050000
1B
b100111 H
b100111 a
1D
0s
b0 R
b10010111 %
b10010111 V
11
#91060000
b10010111 9
01
#91070000
0B
b11110 &
b11110 U
b10 R
b110011 W
b10011000 %
b10011000 V
0D
b101000 f
b110011 h
1r
b10101 t
11
#91080000
b10011000 9
01
#91090000
b101000 g
1s
0r
b1 R
b10011001 %
b10011001 V
11
#91100000
b10011001 9
01
#91110000
1B
b0 R
b10011010 %
b10011010 V
b101000 H
b101000 a
1D
0s
11
#91120000
b10011010 9
01
#91130000
0B
0D
b101001 f
b110010000 l
b110100 h
1r
b11111 &
b11111 U
b10 R
b110100 W
b10011011 %
b10011011 V
b10101 t
11
#91140000
b10011011 9
01
#91150000
b110010000 `
b1 R
b10011100 %
b10011100 V
b101001 g
b11001000000 o
1s
0r
11
#91160000
b10011100 9
01
#91170000
1B
b101001 H
b101001 a
b110010000 C
b110010000 q
b110010000 E
b110010000 p
1D
0s
b0 R
b10011101 %
b10011101 V
11
#91180000
b10011101 9
01
#91190000
0B
b110010000 '
b110010000 T
b110010000 (
b110010000 S
b100000 &
b100000 U
b10 R
b110101 W
b10011110 %
b10011110 V
0D
b101010 f
b110101 h
1r
b10101 t
11
#91200000
b10011110 9
01
#91210000
b101010 g
1s
0r
b1 R
b10011111 %
b10011111 V
11
#91220000
b10011111 9
01
#91230000
1B
b0 R
b10100000 %
b10100000 V
b101010 H
b101010 a
1D
0s
11
#91240000
b10100000 9
01
#91250000
0B
0D
b101011 f
b110110 h
1r
b100001 &
b100001 U
b10 R
b110110 W
b10100001 %
b10100001 V
b10101 t
11
#91260000
b10100001 9
01
#91270000
b1 R
b10100010 %
b10100010 V
b101011 g
1s
0r
11
#91280000
b10100010 9
01
#91290000
1B
b101011 H
b101011 a
1D
0s
b0 R
b10100011 %
b10100011 V
11
#91300000
b10100011 9
01
#91310000
0B
b100010 &
b100010 U
b10 R
b110111 W
b10100100 %
b10100100 V
0D
b101100 f
b110111 h
1r
b10101 t
11
#91320000
b10100100 9
01
#91330000
b101100 g
1s
0r
b1 R
b10100101 %
b10100101 V
11
#91340000
b10100101 9
01
#91350000
1B
b0 R
b10100110 %
b10100110 V
b101100 H
b101100 a
1D
0s
11
#91360000
b10100110 9
01
#91370000
0B
0D
b101101 f
b111000 h
1r
b100011 &
b100011 U
b10 R
b111000 W
b10100111 %
b10100111 V
b10101 t
11
#91380000
b10100111 9
01
#91390000
b1 R
b10101000 %
b10101000 V
b101101 g
1s
0r
11
#91400000
b10101000 9
01
#91410000
1B
b101101 H
b101101 a
1D
0s
b0 R
b10101001 %
b10101001 V
11
#91420000
b10101001 9
01
#91430000
0B
b100100 &
b100100 U
b10 R
b111001 W
b10101010 %
b10101010 V
0D
b101110 f
b111001 h
1r
b10101 t
11
#91440000
b10101010 9
01
#91450000
b101110 g
1s
0r
b1 R
b10101011 %
b10101011 V
11
#91460000
b10101011 9
01
#91470000
1B
b0 R
b10101100 %
b10101100 V
b101110 H
b101110 a
1D
0s
11
#91480000
b10101100 9
01
#91490000
0B
0D
b101111 f
b111010 h
1r
b100101 &
b100101 U
b10 R
b111010 W
b10101101 %
b10101101 V
b10101 t
11
#91500000
b10101101 9
01
#91510000
b1 R
b10101110 %
b10101110 V
b101111 g
1s
0r
11
#91520000
b10101110 9
01
#91530000
1B
b101111 H
b101111 a
1D
0s
b0 R
b10101111 %
b10101111 V
11
#91540000
b10101111 9
01
#91550000
0B
b100110 &
b100110 U
b10 R
b111011 W
b10110000 %
b10110000 V
0D
b110000 f
b111011 h
1r
b10101 t
11
#91560000
b10110000 9
01
#91570000
b110000 g
1s
0r
b1 R
b10110001 %
b10110001 V
11
#91580000
b10110001 9
01
#91590000
1B
b0 R
b10110010 %
b10110010 V
b110000 H
b110000 a
1D
0s
11
#91600000
b10110010 9
01
#91610000
0B
0D
b110001 f
b111100 h
1r
b100111 &
b100111 U
b10 R
b111100 W
b10110011 %
b10110011 V
b10101 t
11
#91620000
b10110011 9
01
#91630000
b1 R
b10110100 %
b10110100 V
b110001 g
1s
0r
11
#91640000
b10110100 9
01
#91650000
1B
b110001 H
b110001 a
1D
0s
b0 R
b10110101 %
b10110101 V
11
#91660000
b10110101 9
01
#91670000
0B
b101000 &
b101000 U
b10 R
b111101 W
b10110110 %
b10110110 V
0D
b110010 f
b111101 h
1r
b10101 t
11
#91680000
b10110110 9
01
#91690000
b110010 g
1s
0r
b1 R
b10110111 %
b10110111 V
11
#91700000
b10110111 9
01
#91710000
1B
b0 R
b10111000 %
b10111000 V
b110010 H
b110010 a
1D
0s
11
#91720000
b10111000 9
01
#91730000
0B
0D
b110011 f
b111110 h
1r
b101001 &
b101001 U
b10 R
b111110 W
b10111001 %
b10111001 V
b10101 t
11
#91740000
b10111001 9
01
#91750000
b1 R
b10111010 %
b10111010 V
b110011 g
1s
0r
11
#91760000
b10111010 9
01
#91770000
1B
b110011 H
b110011 a
1D
0s
b0 R
b10111011 %
b10111011 V
11
#91780000
b10111011 9
01
#91790000
0B
b101010 &
b101010 U
b10 R
b111111 W
b10111100 %
b10111100 V
0D
b110100 f
b111111 h
1r
b10101 t
11
#91800000
b10111100 9
01
#91810000
b110100 g
1s
0r
b1 R
b10111101 %
b10111101 V
11
#91820000
b10111101 9
01
#91830000
1B
b0 R
b10111110 %
b10111110 V
b110100 H
b110100 a
1D
0s
11
#91840000
b10111110 9
01
#91850000
0B
0D
b110101 f
b1000000 h
1r
b101011 &
b101011 U
b10 R
b1000000 W
b10111111 %
b10111111 V
b10101 t
11
#91860000
b10111111 9
01
#91870000
b1 R
b11000000 %
b11000000 V
b110101 g
1s
0r
11
#91880000
b11000000 9
01
#91890000
1B
b110101 H
b110101 a
1D
0s
b0 R
b11000001 %
b11000001 V
11
#91900000
b11000001 9
01
#91910000
0B
b101100 &
b101100 U
b10 R
b1000001 W
b11000010 %
b11000010 V
0D
b110110 f
b1000001 h
1r
b10101 t
11
#91920000
b11000010 9
01
#91930000
b110110 g
1s
0r
b1 R
b11000011 %
b11000011 V
11
#91940000
b11000011 9
01
#91950000
1B
b0 R
b11000100 %
b11000100 V
b110110 H
b110110 a
1D
0s
11
#91960000
b11000100 9
01
#91970000
0B
0D
b110111 f
b1000010 h
1r
b101101 &
b101101 U
b10 R
b1000010 W
b11000101 %
b11000101 V
b10101 t
11
#91980000
b11000101 9
01
#91990000
b1 R
b11000110 %
b11000110 V
b110111 g
1s
0r
11
#92000000
b11000110 9
01
#92010000
1B
b110111 H
b110111 a
1D
0s
b0 R
b11000111 %
b11000111 V
11
#92020000
b11000111 9
01
#92030000
0B
b101110 &
b101110 U
b10 R
b1000011 W
b11001000 %
b11001000 V
0D
b111000 f
b1000011 h
1r
b10101 t
11
#92040000
b11001000 9
01
#92050000
b111000 g
1s
0r
b1 R
b11001001 %
b11001001 V
11
#92060000
b11001001 9
01
#92070000
1B
b0 R
b11001010 %
b11001010 V
b111000 H
b111000 a
1D
0s
11
#92080000
b11001010 9
01
#92090000
0B
0D
b111001 f
b1000100 h
1r
b101111 &
b101111 U
b10 R
b1000100 W
b11001011 %
b11001011 V
b10101 t
11
#92100000
b11001011 9
01
#92110000
b1 R
b11001100 %
b11001100 V
b111001 g
1s
0r
11
#92120000
b11001100 9
01
#92130000
1B
b111001 H
b111001 a
1D
0s
b0 R
b11001101 %
b11001101 V
11
#92140000
b11001101 9
01
#92150000
0B
b110000 &
b110000 U
b10 R
b1000101 W
b11001110 %
b11001110 V
0D
b111010 f
b1000101 h
1r
b10101 t
11
#92160000
b11001110 9
01
#92170000
b111010 g
1s
0r
b1 R
b11001111 %
b11001111 V
11
#92180000
b11001111 9
01
#92190000
1B
b0 R
b11010000 %
b11010000 V
b111010 H
b111010 a
1D
0s
11
#92200000
b11010000 9
01
#92210000
0B
0D
b111011 f
b1000110 h
1r
b110001 &
b110001 U
b10 R
b1000110 W
b11010001 %
b11010001 V
b10101 t
11
#92220000
b11010001 9
01
#92230000
b1 R
b11010010 %
b11010010 V
b111011 g
1s
0r
11
#92240000
b11010010 9
01
#92250000
1B
b111011 H
b111011 a
1D
0s
b0 R
b11010011 %
b11010011 V
11
#92260000
b11010011 9
01
#92270000
0B
b110010 &
b110010 U
b10 R
b1000111 W
b11010100 %
b11010100 V
0D
b111100 f
b1000111 h
1r
b10101 t
11
#92280000
b11010100 9
01
#92290000
b111100 g
1s
0r
b1 R
b11010101 %
b11010101 V
11
#92300000
b11010101 9
01
#92310000
1B
b0 R
b11010110 %
b11010110 V
b111100 H
b111100 a
1D
0s
11
#92320000
b11010110 9
01
#92330000
0B
0D
b111101 f
b1001000 h
1r
b110011 &
b110011 U
b10 R
b1001000 W
b11010111 %
b11010111 V
b10101 t
11
#92340000
b11010111 9
01
#92350000
b1 R
b11011000 %
b11011000 V
b111101 g
1s
0r
11
#92360000
b11011000 9
01
#92370000
1B
b111101 H
b111101 a
1D
0s
b0 R
b11011001 %
b11011001 V
11
#92380000
b11011001 9
01
#92390000
0B
b110100 &
b110100 U
b10 R
b1001001 W
b11011010 %
b11011010 V
0D
b111110 f
b1001001 h
1r
b10101 t
11
#92400000
b11011010 9
01
#92410000
b111110 g
1s
0r
b1 R
b11011011 %
b11011011 V
11
#92420000
b11011011 9
01
#92430000
1B
b0 R
b11011100 %
b11011100 V
b111110 H
b111110 a
1D
0s
11
#92440000
b11011100 9
01
#92450000
0B
0D
b111111 f
b1001010 h
1r
b110101 &
b110101 U
b10 R
b1001010 W
b11011101 %
b11011101 V
b10101 t
11
#92460000
b11011101 9
01
#92470000
b1 R
b11011110 %
b11011110 V
b111111 g
1s
0r
11
#92480000
b11011110 9
01
#92490000
1B
b111111 H
b111111 a
1D
0s
b0 R
b11011111 %
b11011111 V
11
#92500000
b11011111 9
01
#92510000
0B
b110110 &
b110110 U
b10 R
b1001011 W
b11100000 %
b11100000 V
0D
b1000000 f
b1001011 h
1r
b10101 t
11
#92520000
b11100000 9
01
#92530000
b1000000 g
1s
0r
b1 R
b11100001 %
b11100001 V
11
#92540000
b11100001 9
01
#92550000
1B
b0 R
b11100010 %
b11100010 V
b1000000 H
b1000000 a
1D
0s
11
#92560000
b11100010 9
01
#92570000
0B
0D
b1000001 f
b1001100 h
1r
b110111 &
b110111 U
b10 R
b1001100 W
b11100011 %
b11100011 V
b10101 t
11
#92580000
b11100011 9
01
#92590000
b1 R
b11100100 %
b11100100 V
b1000001 g
1s
0r
11
#92600000
b11100100 9
01
#92610000
1B
b1000001 H
b1000001 a
1D
0s
b0 R
b11100101 %
b11100101 V
11
#92620000
b11100101 9
01
#92630000
0B
b111000 &
b111000 U
b10 R
b1001101 W
b11100110 %
b11100110 V
0D
b1000010 f
b1001101 h
1r
b10101 t
11
#92640000
b11100110 9
01
#92650000
b1000010 g
1s
0r
b1 R
b11100111 %
b11100111 V
11
#92660000
b11100111 9
01
#92670000
1B
b0 R
b11101000 %
b11101000 V
b1000010 H
b1000010 a
1D
0s
11
#92680000
b11101000 9
01
#92690000
0B
0D
b1000011 f
b1001110 h
1r
b111001 &
b111001 U
b10 R
b1001110 W
b11101001 %
b11101001 V
b10101 t
11
#92700000
b11101001 9
01
#92710000
b1 R
b11101010 %
b11101010 V
b1000011 g
1s
0r
11
#92720000
b11101010 9
01
#92730000
1B
b1000011 H
b1000011 a
1D
0s
b0 R
b11101011 %
b11101011 V
11
#92740000
b11101011 9
01
#92750000
0B
b111010 &
b111010 U
b10 R
b1001111 W
b11101100 %
b11101100 V
0D
b1000100 f
b1001111 h
1r
b10101 t
11
#92760000
b11101100 9
01
#92770000
b1000100 g
1s
0r
b1 R
b11101101 %
b11101101 V
11
#92780000
b11101101 9
01
#92790000
1B
b0 R
b11101110 %
b11101110 V
b1000100 H
b1000100 a
1D
0s
11
#92800000
b11101110 9
01
#92810000
0B
0D
b1000101 f
b1010000 h
1r
b111011 &
b111011 U
b10 R
b1010000 W
b11101111 %
b11101111 V
b10101 t
11
#92820000
b11101111 9
01
#92830000
b1 R
b11110000 %
b11110000 V
b1000101 g
1s
0r
11
#92840000
b11110000 9
01
#92850000
1B
b1000101 H
b1000101 a
1D
0s
b0 R
b11110001 %
b11110001 V
11
#92860000
b11110001 9
01
#92870000
0B
b111100 &
b111100 U
b10 R
b1010001 W
b11110010 %
b11110010 V
0D
b1000110 f
b1010001 h
1r
b10101 t
11
#92880000
b11110010 9
01
#92890000
b1000110 g
1s
0r
b1 R
b11110011 %
b11110011 V
11
#92900000
b11110011 9
01
#92910000
1B
b0 R
b11110100 %
b11110100 V
b1000110 H
b1000110 a
1D
0s
11
#92920000
b11110100 9
01
#92930000
0B
0D
b1000111 f
b1010010 h
1r
b111101 &
b111101 U
b10 R
b1010010 W
b11110101 %
b11110101 V
b10101 t
11
#92940000
b11110101 9
01
#92950000
b1 R
b11110110 %
b11110110 V
b1000111 g
1s
0r
11
#92960000
b11110110 9
01
#92970000
1B
b1000111 H
b1000111 a
1D
0s
b0 R
b11110111 %
b11110111 V
11
#92980000
b11110111 9
01
#92990000
0B
b111110 &
b111110 U
b10 R
b1010011 W
b11111000 %
b11111000 V
0D
b1001000 f
b1010011 h
1r
b10101 t
11
#93000000
b11111000 9
01
#93010000
b1001000 g
1s
0r
b1 R
b11111001 %
b11111001 V
11
#93020000
b11111001 9
01
#93030000
1B
b0 R
b11111010 %
b11111010 V
b1001000 H
b1001000 a
1D
0s
11
#93040000
b11111010 9
01
#93050000
0B
0D
b1001001 f
b1010100 h
1r
b111111 &
b111111 U
b10 R
b1010100 W
b11111011 %
b11111011 V
b10101 t
11
#93060000
b11111011 9
01
#93070000
b1 R
b11111100 %
b11111100 V
b1001001 g
1s
0r
11
#93080000
b11111100 9
01
#93090000
1B
b1001001 H
b1001001 a
1D
0s
b0 R
b11111101 %
b11111101 V
11
#93100000
b11111101 9
01
#93110000
0B
b1000000 &
b1000000 U
b10 R
b1010101 W
b11111110 %
b11111110 V
0D
b1001010 f
b1010101 h
1r
b10101 t
11
#93120000
b11111110 9
01
#93130000
b1001010 g
1s
0r
b1 R
b11111111 %
b11111111 V
11
#93140000
b11111111 9
01
#93150000
1B
b0 R
b100000000 %
b100000000 V
b1001010 H
b1001010 a
1D
0s
11
#93160000
b100000000 9
01
#93170000
0B
0D
b1001011 f
b1010110 h
1r
b1000001 &
b1000001 U
b10 R
b1010110 W
b100000001 %
b100000001 V
b10101 t
11
#93180000
b100000001 9
01
#93190000
b1 R
b100000010 %
b100000010 V
b1001011 g
1s
0r
11
#93200000
b100000010 9
01
#93210000
1B
b1001011 H
b1001011 a
1D
0s
b0 R
b100000011 %
b100000011 V
11
#93220000
b100000011 9
01
#93230000
0B
b1000010 &
b1000010 U
b10 R
b1010111 W
b100000100 %
b100000100 V
0D
b1001100 f
b1010111 h
1r
b10101 t
11
#93240000
b100000100 9
01
#93250000
b1001100 g
1s
0r
b1 R
b100000101 %
b100000101 V
11
#93260000
b100000101 9
01
#93270000
1B
b0 R
b100000110 %
b100000110 V
b1001100 H
b1001100 a
1D
0s
11
#93280000
b100000110 9
01
#93290000
0B
0D
b1001101 f
b1011000 h
1r
b1000011 &
b1000011 U
b10 R
b1011000 W
b100000111 %
b100000111 V
b10101 t
11
#93300000
b100000111 9
01
#93310000
b1 R
b100001000 %
b100001000 V
b1001101 g
1s
0r
11
#93320000
b100001000 9
01
#93330000
1B
b1001101 H
b1001101 a
1D
0s
b0 R
b100001001 %
b100001001 V
11
#93340000
b100001001 9
01
#93350000
0B
b1000100 &
b1000100 U
b10 R
b1011001 W
b100001010 %
b100001010 V
0D
b1001110 f
b1011001 h
1r
b10101 t
11
#93360000
b100001010 9
01
#93370000
b1001110 g
1s
0r
b1 R
b100001011 %
b100001011 V
11
#93380000
b100001011 9
01
#93390000
1B
b0 R
b100001100 %
b100001100 V
b1001110 H
b1001110 a
1D
0s
11
#93400000
b100001100 9
01
#93410000
0B
0D
b1001111 f
b1011010 h
1r
b1000101 &
b1000101 U
b10 R
b1011010 W
b100001101 %
b100001101 V
b10101 t
11
#93420000
b100001101 9
01
#93430000
b1 R
b100001110 %
b100001110 V
b1001111 g
1s
0r
11
#93440000
b100001110 9
01
#93450000
1B
b1001111 H
b1001111 a
1D
0s
b0 R
b100001111 %
b100001111 V
11
#93460000
b100001111 9
01
#93470000
0B
b1000110 &
b1000110 U
b10 R
b1011011 W
b100010000 %
b100010000 V
0D
b1010000 f
b1011011 h
1r
b10101 t
11
#93480000
b100010000 9
01
#93490000
b1010000 g
1s
0r
b1 R
b100010001 %
b100010001 V
11
#93500000
b100010001 9
01
#93510000
1B
b0 R
b100010010 %
b100010010 V
b1010000 H
b1010000 a
1D
0s
11
#93520000
b100010010 9
01
#93530000
0B
0D
b1010001 f
b1011100 h
1r
b1000111 &
b1000111 U
b10 R
b1011100 W
b100010011 %
b100010011 V
b10101 t
11
#93540000
b100010011 9
01
#93550000
b1 R
b100010100 %
b100010100 V
b1010001 g
1s
0r
11
#93560000
b100010100 9
01
#93570000
1B
b1010001 H
b1010001 a
1D
0s
b0 R
b100010101 %
b100010101 V
11
#93580000
b100010101 9
01
#93590000
0B
b1001000 &
b1001000 U
b10 R
b1011101 W
b100010110 %
b100010110 V
0D
b1010010 f
b1011101 h
1r
b10101 t
11
#93600000
b100010110 9
01
#93610000
b1010010 g
1s
0r
b1 R
b100010111 %
b100010111 V
11
#93620000
b100010111 9
01
#93630000
1B
b0 R
b100011000 %
b100011000 V
b1010010 H
b1010010 a
1D
0s
11
#93640000
b100011000 9
01
#93650000
0B
0D
b1010011 f
b1011110 h
1r
b1001001 &
b1001001 U
b10 R
b1011110 W
b100011001 %
b100011001 V
b10101 t
11
#93660000
b100011001 9
01
#93670000
b1 R
b100011010 %
b100011010 V
b1010011 g
1s
0r
11
#93680000
b100011010 9
01
#93690000
1B
b1010011 H
b1010011 a
1D
0s
b0 R
b100011011 %
b100011011 V
11
#93700000
b100011011 9
01
#93710000
0B
b1001010 &
b1001010 U
b10 R
b1011111 W
b100011100 %
b100011100 V
0D
b1010100 f
b1011111 h
1r
b10101 t
11
#93720000
b100011100 9
01
#93730000
b1010100 g
1s
0r
b1 R
b100011101 %
b100011101 V
11
#93740000
b100011101 9
01
#93750000
1B
b0 R
b100011110 %
b100011110 V
b1010100 H
b1010100 a
1D
0s
11
#93760000
b100011110 9
01
#93770000
0B
0D
b1010101 f
b1100000 h
1r
b1001011 &
b1001011 U
b10 R
b1100000 W
b100011111 %
b100011111 V
b10101 t
11
#93780000
b100011111 9
01
#93790000
b1 R
b100100000 %
b100100000 V
b1010101 g
1s
0r
11
#93800000
b100100000 9
01
#93810000
1B
b1010101 H
b1010101 a
1D
0s
b0 R
b100100001 %
b100100001 V
11
#93820000
b100100001 9
01
#93830000
0B
b1001100 &
b1001100 U
b10 R
b1100001 W
b100100010 %
b100100010 V
0D
b1010110 f
b1100001 h
1r
b10101 t
11
#93840000
b100100010 9
01
#93850000
b1010110 g
1s
0r
b1 R
b100100011 %
b100100011 V
11
#93860000
b100100011 9
01
#93870000
1B
b0 R
b100100100 %
b100100100 V
b1010110 H
b1010110 a
1D
0s
11
#93880000
b100100100 9
01
#93890000
0B
0D
b1010111 f
b1100010 h
1r
b1001101 &
b1001101 U
b10 R
b1100010 W
b100100101 %
b100100101 V
b10101 t
11
#93900000
b100100101 9
01
#93910000
b1 R
b100100110 %
b100100110 V
b1010111 g
1s
0r
11
#93920000
b100100110 9
01
#93930000
1B
b1010111 H
b1010111 a
1D
0s
b0 R
b100100111 %
b100100111 V
11
#93940000
b100100111 9
01
#93950000
0B
b1001110 &
b1001110 U
b10 R
b1100011 W
b100101000 %
b100101000 V
0D
b1011000 f
b1100011 h
1r
b10101 t
11
#93960000
b100101000 9
01
#93970000
b1011000 g
1s
0r
b1 R
b100101001 %
b100101001 V
11
#93980000
b100101001 9
01
#93990000
1B
b0 R
b100101010 %
b100101010 V
b1011000 H
b1011000 a
1D
0s
11
#94000000
b100101010 9
01
#94010000
0B
0D
b1011001 f
b1100100 h
1r
b1001111 &
b1001111 U
b10 R
b11 Z
b100101011 %
b100101011 V
b10101 t
11
#94020000
b100101011 9
01
#94030000
b100101100 %
b100101100 V
b1011001 g
1s
0r
11
#94040000
b100101100 9
01
#94050000
b1011001 H
b1011001 a
1D
0s
b100101101 %
b100101101 V
11
#94060000
b100101101 9
01
#94070000
b1010000 &
b1010000 U
1*
0-
b0 Z
b100101110 %
b100101110 V
0D
11
#94080000
b10110 >
b100101110 9
01
#94090000
11
#94100000
01
#94110000
11
#94120000
01
#94130000
11
#94140000
01
#94150000
11
#94160000
01
#94170000
11
#94180000
01
#94190000
11
#94200000
01
#94210000
11
#94220000
01
#94230000
11
#94240000
b0 w
b11 u
b11 =
b0 ;
01
#94250000
11
#94260000
b10110 4
b11 6
b11 @
b10 7
b10 A
01
#94270000
11
#94280000
18
01
#94290000
1?
1-
b1 Z
b0 %
b0 V
b0 R
b0 W
b0 '
b0 T
b0 (
b0 S
b0 &
b0 U
0*
b10111 )
b10111 Q
00
b11 /
b11 M
b11 _
1Y
11
#94300000
b0 9
b0 6
b0 @
b0 7
b0 A
08
01
#94310000
1B
0?
b10 Z
b1 %
b1 V
0Y
b0 H
b0 a
b0 G
b0 d
b0 E
b0 p
b0 C
b0 q
b0 o
b0 `
b0 n
b0 g
b0 c
b0 m
b0 f
b0 b
b0 l
b0 k
b0 j
b0 i
b0 h
b0 e
b10101 t
11
#94320000
b1 9
01
#94330000
b1 h
b1 e
b1 W
b10 %
b10 V
b10101 t
11
#94340000
b10 9
01
#94350000
b10 W
b11 %
b11 V
b10 h
b10 e
b10101 t
11
#94360000
b11 9
01
#94370000
b11 h
b11 e
b11 W
b100 %
b100 V
b10101 t
11
#94380000
b100 9
01
#94390000
b100 W
b101 %
b101 V
b100 h
b100 e
b10101 t
11
#94400000
b101 9
01
#94410000
b101 h
b101 e
b101 W
b110 %
b110 V
b10101 t
11
#94420000
b110 9
01
#94430000
b110 W
b111 %
b111 V
b110 h
b110 e
b10101 t
11
#94440000
b111 9
01
#94450000
b111 h
b111 e
b111 W
b1000 %
b1000 V
b10101 t
11
#94460000
b1000 9
01
#94470000
b1000 W
b1001 %
b1001 V
b1000 h
b1000 e
b10101 t
11
#94480000
b1001 9
01
#94490000
b1001 h
b1001 e
b1001 W
b1010 %
b1010 V
b10101 t
11
#94500000
b1010 9
01
#94510000
b1010 W
b1011 %
b1011 V
b1010 h
b1010 e
b10101 t
11
#94520000
b1011 9
01
#94530000
b1011 h
b1011 e
b1011 W
b1100 %
b1100 V
b10101 t
11
#94540000
b1100 9
01
#94550000
b1100 W
b1101 %
b1101 V
b1100 h
b1100 e
b10101 t
11
#94560000
b1101 9
01
#94570000
b1101 h
b1101 e
b1101 W
b1110 %
b1110 V
b10101 t
11
#94580000
b1110 9
01
#94590000
b1110 W
b1111 %
b1111 V
b1110 h
b1110 e
b10101 t
11
#94600000
b1111 9
01
#94610000
b1111 h
b1111 e
b1111 W
b10000 %
b10000 V
b10101 t
11
#94620000
b10000 9
01
#94630000
b10000 W
b10001 %
b10001 V
b10000 h
b10000 e
b10101 t
11
#94640000
b10001 9
01
#94650000
b10001 h
b10001 e
b10001 W
b10010 %
b10010 V
b10101 t
11
#94660000
b10010 9
01
#94670000
b10010 W
b10011 %
b10011 V
b10010 h
b10010 e
b10101 t
11
#94680000
b10011 9
01
#94690000
b10011 h
b10011 e
b10011 W
b10100 %
b10100 V
b10101 t
11
#94700000
b10100 9
01
#94710000
b10100 W
b10101 %
b10101 V
b10100 h
b10100 e
b10101 t
11
#94720000
b10101 9
01
#94730000
b11 m
b1010 f
b1100100 b
b110010000 l
b110010000 k
b110010000 j
b110010000 i
b10101 h
b10101 e
1r
b10101 W
b10110 %
b10110 V
b10101 t
11
#94740000
b10110 9
01
#94750000
b1100100000 `
b10110 W
b10111 %
b10111 V
b11 n
b1010 g
b1100100 c
b11001000000 o
1s
b1011 f
b10110 h
b10101 t
11
#94760000
b10111 9
01
#94770000
b1010 H
b1010 a
b1100100 G
b1100100 d
b1100100000 C
b1100100000 q
b1100100000 E
b1100100000 p
1D
b1011 g
b1100 f
b10111 h
b10111 W
b11000 %
b11000 V
b10101 t
11
#94780000
b11000 9
01
#94790000
b1100100000 '
b1100100000 T
b1100100000 (
b1100100000 S
b1 &
b1 U
b11000 W
b11001 %
b11001 V
b1011 H
b1011 a
b1100 g
b1101 f
b11000 h
b10101 t
11
#94800000
b11001 9
01
#94810000
b1100 H
b1100 a
b1101 g
b1110 f
b11001 h
b10 &
b10 U
b11001 W
b11010 %
b11010 V
b10101 t
11
#94820000
b11010 9
01
#94830000
b11 &
b11 U
b11010 W
b11011 %
b11011 V
b1101 H
b1101 a
b1110 g
b1111 f
b11010 h
b10101 t
11
#94840000
b11011 9
01
#94850000
b1110 H
b1110 a
b1111 g
b10000 f
b11011 h
b100 &
b100 U
b11011 W
b11100 %
b11100 V
b10101 t
11
#94860000
b11100 9
01
#94870000
b101 &
b101 U
b11100 W
b11101 %
b11101 V
b1111 H
b1111 a
b10000 g
b10001 f
b11100 h
b10101 t
11
#94880000
b11101 9
01
#94890000
b10000 H
b10000 a
b10001 g
b10010 f
b11101 h
b110 &
b110 U
b11101 W
b11110 %
b11110 V
b10101 t
11
#94900000
b11110 9
01
#94910000
b100101100 X
b100101100 ^
b111 &
b111 U
b11110 W
b11111 %
b11111 V
b10001 H
b10001 a
b10010 g
b10011 f
b11110 h
b10101 t
11
#94920000
b11111 9
01
#94930000
b1100100 X
b1100100 ^
b10010 H
b10010 a
b10011 g
b10100 f
b1001011000 i
b11111 h
b1000 &
b1000 U
b11111 W
b100000 %
b100000 V
b10101 t
11
#94940000
b100000 9
01
#94950000
b1110000000 `
b1001 &
b1001 U
b100000 W
b100001 %
b100001 V
b10011 H
b10011 a
b10100 g
b11100001000 o
b10101 f
b100000 h
b10101 t
11
#94960000
b100001 9
01
#94970000
b10100 H
b10100 a
b1110000000 C
b1110000000 q
b1110000000 E
b1110000000 p
b10101 g
b10110 f
b100001 h
b1010 &
b1010 U
b100001 W
b100010 %
b100010 V
b10101 t
11
#94980000
b100010 9
01
#94990000
b1110000000 '
b1110000000 T
b1110000000 (
b1110000000 S
b1011 &
b1011 U
b100010 W
b100011 %
b100011 V
b10101 H
b10101 a
b10110 g
b10111 f
b100010 h
b10101 t
11
#95000000
b100011 9
01
#95010000
b10110 H
b10110 a
b10111 g
b11000 f
b1001011000 j
b110010000 i
b100011 h
b1100 &
b1100 U
b100011 W
b100100 %
b100100 V
b10101 t
11
#95020000
b100100 9
01
#95030000
b1101 &
b1101 U
b100100 W
b100101 %
b100101 V
b10111 H
b10111 a
b11000 g
b11001 f
b100100 h
b10101 t
11
#95040000
b100101 9
01
#95050000
b11000 H
b11000 a
b11001 g
b11010 f
b100101 h
b1110 &
b1110 U
b100101 W
b100110 %
b100110 V
b10101 t
11
#95060000
b100110 9
01
#95070000
b1111 &
b1111 U
b100110 W
b100111 %
b100111 V
b11001 H
b11001 a
b11010 g
b11011 f
b100110 h
b10101 t
11
#95080000
b100111 9
01
#95090000
b11010 H
b11010 a
b11011 g
b11100 f
b110010000 j
b100111 h
b10000 &
b10000 U
b100111 W
b101000 %
b101000 V
b10101 t
11
#95100000
b101000 9
01
#95110000
b1100100000 `
b10001 &
b10001 U
b101000 W
b101001 %
b101001 V
b11011 H
b11011 a
b11100 g
b11001000000 o
b11101 f
b101000 h
b10101 t
11
#95120000
b101001 9
01
#95130000
b11100 H
b11100 a
b1100100000 C
b1100100000 q
b1100100000 E
b1100100000 p
b11101 g
b11110 f
b100101100 b
b101001 h
b10010 &
b10010 U
b101001 W
b101010 %
b101010 V
b10101 t
11
#95140000
b101010 9
01
#95150000
b1100100000 '
b1100100000 T
b1100100000 (
b1100100000 S
b10011 &
b10011 U
b101010 W
b101011 %
b101011 V
b11101 H
b11101 a
b11110 g
b100101100 c
b11111 f
b1100100 b
b101010 h
b10101 t
11
#95160000
b101011 9
01
#95170000
b11110 H
b11110 a
b100101100 G
b100101100 d
b11111 g
b1100100 c
b100000 f
b101011 h
b10100 &
b10100 U
b101011 W
b101100 %
b101100 V
b10101 t
11
#95180000
b101100 9
01
#95190000
b10101 &
b10101 U
b101100 W
b101101 %
b101101 V
b11111 H
b11111 a
b1100100 G
b1100100 d
b100000 g
b100001 f
b1001011000 k
b101100 h
b10101 t
11
#95200000
b101101 9
01
#95210000
b1110000000 `
b100000 H
b100000 a
b100001 g
b11100001000 o
b100010 f
b101101 h
b10110 &
b10110 U
b101101 W
b101110 %
b101110 V
b10101 t
11
#95220000
b101110 9
01
#95230000
b10111 &
b10111 U
b101110 W
b101111 %
b101111 V
b100001 H
b100001 a
b1110000000 C
b1110000000 q
b1110000000 E
b1110000000 p
b100010 g
b100011 f
b101110 h
b10101 t
11
#95240000
b101111 9
01
#95250000
b100010 H
b100010 a
b100011 g
b100100 f
b101111 h
b1110000000 '
b1110000000 T
b1110000000 (
b1110000000 S
b11000 &
b11000 U
b101111 W
b110000 %
b110000 V
b10101 t
11
#95260000
b110000 9
01
#95270000
b11001 &
b11001 U
b110000 W
b110001 %
b110001 V
b100011 H
b100011 a
b100100 g
b100101 f
b1001011000 l
b110010000 k
b110000 h
b10101 t
11
#95280000
b110001 9
01
#95290000
b100100 H
b100100 a
b100101 g
b100110 f
b110001 h
b11010 &
b11010 U
b110001 W
b110010 %
b110010 V
b10101 t
11
#95300000
b110010 9
01
#95310000
b11011 &
b11011 U
b110010 W
b110011 %
b110011 V
b100101 H
b100101 a
b100110 g
b100111 f
b110010 h
b10101 t
11
#95320000
b110011 9
01
#95330000
b100110 H
b100110 a
b100111 g
b101000 f
b110011 h
b11100 &
b11100 U
b110011 W
b110100 %
b110100 V
b10101 t
11
#95340000
b110100 9
01
#95350000
b11101 &
b11101 U
b110100 W
b110101 %
b110101 V
b100111 H
b100111 a
b101000 g
b101001 f
b110010000 l
b110100 h
b10101 t
11
#95360000
b110101 9
01
#95370000
b1100100000 `
b101000 H
b101000 a
b101001 g
b11001000000 o
b101010 f
b110101 h
b11110 &
b11110 U
b110101 W
b110110 %
b110110 V
b10101 t
11
#95380000
b110110 9
01
#95390000
b11111 &
b11111 U
b110110 W
b110111 %
b110111 V
b101001 H
b101001 a
b1100100000 C
b1100100000 q
b1100100000 E
b1100100000 p
b101010 g
b101011 f
b110110 h
b10101 t
11
#95400000
b110111 9
01
#95410000
b101010 H
b101010 a
b101011 g
b101100 f
b110111 h
b1100100000 '
b1100100000 T
b1100100000 (
b1100100000 S
b100000 &
b100000 U
b110111 W
b111000 %
b111000 V
b10101 t
11
#95420000
b111000 9
01
#95430000
b100001 &
b100001 U
b111000 W
b111001 %
b111001 V
b101011 H
b101011 a
b101100 g
b101101 f
b111000 h
b10101 t
11
#95440000
b111001 9
01
#95450000
b101100 H
b101100 a
b101101 g
b101110 f
b111001 h
b100010 &
b100010 U
b111001 W
b111010 %
b111010 V
b10101 t
11
#95460000
b111010 9
01
#95470000
b100011 &
b100011 U
b111010 W
b111011 %
b111011 V
b101101 H
b101101 a
b101110 g
b101111 f
b111010 h
b10101 t
11
#95480000
b111011 9
01
#95490000
b101110 H
b101110 a
b101111 g
b110000 f
b111011 h
b100100 &
b100100 U
b111011 W
b111100 %
b111100 V
b10101 t
11
#95500000
b111100 9
01
#95510000
b100101 &
b100101 U
b111100 W
b111101 %
b111101 V
b101111 H
b101111 a
b110000 g
b110001 f
b111100 h
b10101 t
11
#95520000
b111101 9
01
#95530000
b110000 H
b110000 a
b110001 g
b110010 f
b111101 h
b100110 &
b100110 U
b111101 W
b111110 %
b111110 V
b10101 t
11
#95540000
b111110 9
01
#95550000
b100111 &
b100111 U
b111110 W
b111111 %
b111111 V
b110001 H
b110001 a
b110010 g
b110011 f
b111110 h
b10101 t
11
#95560000
b111111 9
01
#95570000
b110010 H
b110010 a
b110011 g
b110100 f
b111111 h
b101000 &
b101000 U
b111111 W
b1000000 %
b1000000 V
b10101 t
11
#95580000
b1000000 9
01
#95590000
b101001 &
b101001 U
b1000000 W
b1000001 %
b1000001 V
b110011 H
b110011 a
b110100 g
b110101 f
b1000000 h
b10101 t
11
#95600000
b1000001 9
01
#95610000
b110100 H
b110100 a
b110101 g
b110110 f
b1000001 h
b101010 &
b101010 U
b1000001 W
b1000010 %
b1000010 V
b10101 t
11
#95620000
b1000010 9
01
#95630000
b101011 &
b101011 U
b1000010 W
b1000011 %
b1000011 V
b110101 H
b110101 a
b110110 g
b110111 f
b1000010 h
b10101 t
11
#95640000
b1000011 9
01
#95650000
b110110 H
b110110 a
b110111 g
b111000 f
b1000011 h
b101100 &
b101100 U
b1000011 W
b1000100 %
b1000100 V
b10101 t
11
#95660000
b1000100 9
01
#95670000
b101101 &
b101101 U
b1000100 W
b1000101 %
b1000101 V
b110111 H
b110111 a
b111000 g
b111001 f
b1000100 h
b10101 t
11
#95680000
b1000101 9
01
#95690000
b111000 H
b111000 a
b111001 g
b111010 f
b1000101 h
b101110 &
b101110 U
b1000101 W
b1000110 %
b1000110 V
b10101 t
11
#95700000
b1000110 9
01
#95710000
b101111 &
b101111 U
b1000110 W
b1000111 %
b1000111 V
b111001 H
b111001 a
b111010 g
b111011 f
b1000110 h
b10101 t
11
#95720000
b1000111 9
01
#95730000
b111010 H
b111010 a
b111011 g
b111100 f
b1000111 h
b110000 &
b110000 U
b1000111 W
b1001000 %
b1001000 V
b10101 t
11
#95740000
b1001000 9
01
#95750000
b110001 &
b110001 U
b1001000 W
b1001001 %
b1001001 V
b111011 H
b111011 a
b111100 g
b111101 f
b1001000 h
b10101 t
11
#95760000
b1001001 9
01
#95770000
b111100 H
b111100 a
b111101 g
b111110 f
b1001001 h
b110010 &
b110010 U
b1001001 W
b1001010 %
b1001010 V
b10101 t
11
#95780000
b1001010 9
01
#95790000
b110011 &
b110011 U
b1001010 W
b1001011 %
b1001011 V
b111101 H
b111101 a
b111110 g
b111111 f
b1001010 h
b10101 t
11
#95800000
b1001011 9
01
#95810000
b111110 H
b111110 a
b111111 g
b1000000 f
b1001011 h
b110100 &
b110100 U
b1001011 W
b1001100 %
b1001100 V
b10101 t
11
#95820000
b1001100 9
01
#95830000
b110101 &
b110101 U
b1001100 W
b1001101 %
b1001101 V
b111111 H
b111111 a
b1000000 g
b1000001 f
b1001100 h
b10101 t
11
#95840000
b1001101 9
01
#95850000
b1000000 H
b1000000 a
b1000001 g
b1000010 f
b1001101 h
b110110 &
b110110 U
b1001101 W
b1001110 %
b1001110 V
b10101 t
11
#95860000
b1001110 9
01
#95870000
b110111 &
b110111 U
b1001110 W
b1001111 %
b1001111 V
b1000001 H
b1000001 a
b1000010 g
b1000011 f
b1001110 h
b10101 t
11
#95880000
b1001111 9
01
#95890000
b1000010 H
b1000010 a
b1000011 g
b1000100 f
b1001111 h
b111000 &
b111000 U
b1001111 W
b1010000 %
b1010000 V
b10101 t
11
#95900000
b1010000 9
01
#95910000
b111001 &
b111001 U
b1010000 W
b1010001 %
b1010001 V
b1000011 H
b1000011 a
b1000100 g
b1000101 f
b1010000 h
b10101 t
11
#95920000
b1010001 9
01
#95930000
b1000100 H
b1000100 a
b1000101 g
b1000110 f
b1010001 h
b111010 &
b111010 U
b1010001 W
b1010010 %
b1010010 V
b10101 t
11
#95940000
b1010010 9
01
#95950000
b111011 &
b111011 U
b1010010 W
b1010011 %
b1010011 V
b1000101 H
b1000101 a
b1000110 g
b1000111 f
b1010010 h
b10101 t
11
#95960000
b1010011 9
01
#95970000
b1000110 H
b1000110 a
b1000111 g
b1001000 f
b1010011 h
b111100 &
b111100 U
b1010011 W
b1010100 %
b1010100 V
b10101 t
11
#95980000
b1010100 9
01
#95990000
b111101 &
b111101 U
b1010100 W
b1010101 %
b1010101 V
b1000111 H
b1000111 a
b1001000 g
b1001001 f
b1010100 h
b10101 t
11
#96000000
b1010101 9
01
#96010000
b1001000 H
b1001000 a
b1001001 g
b1001010 f
b1010101 h
b111110 &
b111110 U
b1010101 W
b1010110 %
b1010110 V
b10101 t
11
#96020000
b1010110 9
01
#96030000
b111111 &
b111111 U
b1010110 W
b1010111 %
b1010111 V
b1001001 H
b1001001 a
b1001010 g
b1001011 f
b1010110 h
b10101 t
11
#96040000
b1010111 9
01
#96050000
b1001010 H
b1001010 a
b1001011 g
b1001100 f
b1010111 h
b1000000 &
b1000000 U
b1010111 W
b1011000 %
b1011000 V
b10101 t
11
#96060000
b1011000 9
01
#96070000
b1000001 &
b1000001 U
b1011000 W
b1011001 %
b1011001 V
b1001011 H
b1001011 a
b1001100 g
b1001101 f
b1011000 h
b10101 t
11
#96080000
b1011001 9
01
#96090000
b1001100 H
b1001100 a
b1001101 g
b1001110 f
b1011001 h
b1000010 &
b1000010 U
b1011001 W
b1011010 %
b1011010 V
b10101 t
11
#96100000
b1011010 9
01
#96110000
b1000011 &
b1000011 U
b1011010 W
b1011011 %
b1011011 V
b1001101 H
b1001101 a
b1001110 g
b1001111 f
b1011010 h
b10101 t
11
#96120000
b1011011 9
01
#96130000
b1001110 H
b1001110 a
b1001111 g
b1010000 f
b1011011 h
b1000100 &
b1000100 U
b1011011 W
b1011100 %
b1011100 V
b10101 t
11
#96140000
b1011100 9
01
#96150000
b1000101 &
b1000101 U
b1011100 W
b1011101 %
b1011101 V
b1001111 H
b1001111 a
b1010000 g
b1010001 f
b1011100 h
b10101 t
11
#96160000
b1011101 9
01
#96170000
b1010000 H
b1010000 a
b1010001 g
b1010010 f
b1011101 h
b1000110 &
b1000110 U
b1011101 W
b1011110 %
b1011110 V
b10101 t
11
#96180000
b1011110 9
01
#96190000
b1000111 &
b1000111 U
b1011110 W
b1011111 %
b1011111 V
b1010001 H
b1010001 a
b1010010 g
b1010011 f
b1011110 h
b10101 t
11
#96200000
b1011111 9
01
#96210000
b1010010 H
b1010010 a
b1010011 g
b1010100 f
b1011111 h
b1001000 &
b1001000 U
b1011111 W
b1100000 %
b1100000 V
b10101 t
11
#96220000
b1100000 9
01
#96230000
b1001001 &
b1001001 U
b1100000 W
b1100001 %
b1100001 V
b1010011 H
b1010011 a
b1010100 g
b1010101 f
b1100000 h
b10101 t
11
#96240000
b1100001 9
01
#96250000
b1010100 H
b1010100 a
b1010101 g
b1010110 f
b1100001 h
b1001010 &
b1001010 U
b1100001 W
b1100010 %
b1100010 V
b10101 t
11
#96260000
b1100010 9
01
#96270000
b1001011 &
b1001011 U
b1100010 W
b1100011 %
b1100011 V
b1010101 H
b1010101 a
b1010110 g
b1010111 f
b1100010 h
b10101 t
11
#96280000
b1100011 9
01
#96290000
b1010110 H
b1010110 a
b1010111 g
b1011000 f
b1100011 h
b1001100 &
b1001100 U
b1100011 W
b1100100 %
b1100100 V
b10101 t
11
#96300000
b1100100 9
01
#96310000
0B
b1001101 &
b1001101 U
b11 Z
b1100101 %
b1100101 V
b1010111 H
b1010111 a
b1011000 g
b1011001 f
b1100100 h
b10101 t
11
#96320000
b1100101 9
01
#96330000
b1011000 H
b1011000 a
b1011001 g
0r
b1001110 &
b1001110 U
b1100110 %
b1100110 V
11
#96340000
b1100110 9
01
#96350000
b1001111 &
b1001111 U
b1100111 %
b1100111 V
b1011001 H
b1011001 a
0s
11
#96360000
b1100111 9
01
#96370000
0D
b1010000 &
b1010000 U
1*
0-
b0 Z
b1101000 %
b1101000 V
11
#96380000
b10111 >
b1101000 9
01
#96390000
11
#96400000
01
#96410000
11
#96420000
01
#96430000
11
#96440000
01
#96450000
11
#96460000
01
#96470000
11
#96480000
01
#96490000
11
#96500000
01
#96510000
11
#96520000
01
#96530000
11
#96540000
b1 w
b1 ;
01
#96550000
11
#96560000
b10111 4
13
b11 6
b11 @
b10 7
b10 A
01
#96570000
11
#96580000
18
01
#96590000
1?
1-
b1 Z
b0 %
b0 V
b0 W
b0 '
b0 T
b0 (
b0 S
b0 &
b0 U
0*
b11000 )
b11000 Q
10
1Y
11
#96600000
b0 9
03
b0 6
b0 @
b0 7
b0 A
08
01
#96610000
1B
0?
b0 H
b0 a
b0 G
b0 d
b0 E
b0 p
b0 C
b0 q
b0 o
b0 `
b0 n
b0 g
b0 c
b0 m
b0 f
b0 b
b0 l
b0 k
b0 j
b0 i
b0 h
b0 e
b10 Z
b1 %
b1 V
0Y
b10101 t
11
#96620000
b1 9
01
#96630000
0B
b10 R
b1 W
b10 %
b10 V
b1 h
b1 e
b10101 t
11
#96640000
b10 9
01
#96650000
b1 R
b11 %
b11 V
11
#96660000
b11 9
01
#96670000
1B
b0 R
b100 %
b100 V
11
#96680000
b100 9
01
#96690000
0B
b10 h
b10 e
b10 R
b10 W
b101 %
b101 V
b10101 t
11
#96700000
b101 9
01
#96710000
b1 R
b110 %
b110 V
11
#96720000
b110 9
01
#96730000
1B
b0 R
b111 %
b111 V
11
#96740000
b111 9
01
#96750000
0B
b10 R
b11 W
b1000 %
b1000 V
b11 h
b11 e
b10101 t
11
#96760000
b1000 9
01
#96770000
b1 R
b1001 %
b1001 V
11
#96780000
b1001 9
01
#96790000
1B
b0 R
b1010 %
b1010 V
11
#96800000
b1010 9
01
#96810000
0B
b100 h
b100 e
b10 R
b100 W
b1011 %
b1011 V
b10101 t
11
#96820000
b1011 9
01
#96830000
b1 R
b1100 %
b1100 V
11
#96840000
b1100 9
01
#96850000
1B
b0 R
b1101 %
b1101 V
11
#96860000
b1101 9
01
#96870000
0B
b10 R
b101 W
b1110 %
b1110 V
b101 h
b101 e
b10101 t
11
#96880000
b1110 9
01
#96890000
b1 R
b1111 %
b1111 V
11
#96900000
b1111 9
01
#96910000
1B
b0 R
b10000 %
b10000 V
11
#96920000
b10000 9
01
#96930000
0B
b110 h
b110 e
b10 R
b110 W
b10001 %
b10001 V
b10101 t
11
#96940000
b10001 9
01
#96950000
b1 R
b10010 %
b10010 V
11
#96960000
b10010 9
01
#96970000
1B
b0 R
b10011 %
b10011 V
11
#96980000
b10011 9
01
#96990000
0B
b10 R
b111 W
b10100 %
b10100 V
b111 h
b111 e
b10101 t
11
#97000000
b10100 9
01
#97010000
b1 R
b10101 %
b10101 V
11
#97020000
b10101 9
01
#97030000
1B
b0 R
b10110 %
b10110 V
11
#97040000
b10110 9
01
#97050000
0B
b1000 h
b1000 e
b10 R
b1000 W
b10111 %
b10111 V
b10101 t
11
#97060000
b10111 9
01
#97070000
b1 R
b11000 %
b11000 V
11
#97080000
b11000 9
01
#97090000
1B
b0 R
b11001 %
b11001 V
11
#97100000
b11001 9
01
#97110000
0B
b10 R
b1001 W
b11010 %
b11010 V
b1001 h
b1001 e
b10101 t
11
#97120000
b11010 9
01
#97130000
b1 R
b11011 %
b11011 V
11
#97140000
b11011 9
01
#97150000
1B
b0 R
b11100 %
b11100 V
11
#97160000
b11100 9
01
#97170000
0B
b1010 h
b1010 e
b10 R
b1010 W
b11101 %
b11101 V
b10101 t
11
#97180000
b11101 9
01
#97190000
b1 R
b11110 %
b11110 V
11
#97200000
b11110 9
01
#97210000
1B
b0 R
b11111 %
b11111 V
11
#97220000
b11111 9
01
#97230000
0B
b10 R
b1011 W
b100000 %
b100000 V
b1011 h
b1011 e
b10101 t
11
#97240000
b100000 9
01
#97250000
b1 R
b100001 %
b100001 V
11
#97260000
b100001 9
01
#97270000
1B
b0 R
b100010 %
b100010 V
11
#97280000
b100010 9
01
#97290000
0B
b1100 h
b1100 e
b10 R
b1100 W
b100011 %
b100011 V
b10101 t
11
#97300000
b100011 9
01
#97310000
b1 R
b100100 %
b100100 V
11
#97320000
b100100 9
01
#97330000
1B
b0 R
b100101 %
b100101 V
11
#97340000
b100101 9
01
#97350000
0B
b10 R
b1101 W
b100110 %
b100110 V
b1101 h
b1101 e
b10101 t
11
#97360000
b100110 9
01
#97370000
b1 R
b100111 %
b100111 V
11
#97380000
b100111 9
01
#97390000
1B
b0 R
b101000 %
b101000 V
11
#97400000
b101000 9
01
#97410000
0B
b1110 h
b1110 e
b10 R
b1110 W
b101001 %
b101001 V
b10101 t
11
#97420000
b101001 9
01
#97430000
b1 R
b101010 %
b101010 V
11
#97440000
b101010 9
01
#97450000
1B
b0 R
b101011 %
b101011 V
11
#97460000
b101011 9
01
#97470000
0B
b10 R
b1111 W
b101100 %
b101100 V
b1111 h
b1111 e
b10101 t
11
#97480000
b101100 9
01
#97490000
b1 R
b101101 %
b101101 V
11
#97500000
b101101 9
01
#97510000
1B
b0 R
b101110 %
b101110 V
11
#97520000
b101110 9
01
#97530000
0B
b10000 h
b10000 e
b10 R
b10000 W
b101111 %
b101111 V
b10101 t
11
#97540000
b101111 9
01
#97550000
b1 R
b110000 %
b110000 V
11
#97560000
b110000 9
01
#97570000
1B
b0 R
b110001 %
b110001 V
11
#97580000
b110001 9
01
#97590000
0B
b10 R
b10001 W
b110010 %
b110010 V
b10001 h
b10001 e
b10101 t
11
#97600000
b110010 9
01
#97610000
b1 R
b110011 %
b110011 V
11
#97620000
b110011 9
01
#97630000
1B
b0 R
b110100 %
b110100 V
11
#97640000
b110100 9
01
#97650000
0B
b10010 h
b10010 e
b10 R
b10010 W
b110101 %
b110101 V
b10101 t
11
#97660000
b110101 9
01
#97670000
b1 R
b110110 %
b110110 V
11
#97680000
b110110 9
01
#97690000
1B
b0 R
b110111 %
b110111 V
11
#97700000
b110111 9
01
#97710000
0B
b10 R
b10011 W
b111000 %
b111000 V
b10011 h
b10011 e
b10101 t
11
#97720000
b111000 9
01
#97730000
b1 R
b111001 %
b111001 V
11
#97740000
b111001 9
01
#97750000
1B
b0 R
b111010 %
b111010 V
11
#97760000
b111010 9
01
#97770000
0B
b10100 h
b10100 e
b10 R
b10100 W
b111011 %
b111011 V
b10101 t
11
#97780000
b111011 9
01
#97790000
b1 R
b111100 %
b111100 V
11
#97800000
b111100 9
01
#97810000
1B
b0 R
b111101 %
b111101 V
11
#97820000
b111101 9
01
#97830000
0B
b10 R
b10101 W
b111110 %
b111110 V
b11 m
b1010 f
b1100100 b
b110010000 l
b110010000 k
b110010000 j
b110010000 i
b10101 h
b10101 e
1r
b10101 t
11
#97840000
b111110 9
01
#97850000
b1100100000 `
b11 n
b1010 g
b1100100 c
b11001000000 o
1s
0r
b1 R
b111111 %
b111111 V
11
#97860000
b111111 9
01
#97870000
1B
b0 R
b1000000 %
b1000000 V
b1010 H
b1010 a
b1100100 G
b1100100 d
b1100100000 C
b1100100000 q
b1100100000 E
b1100100000 p
1D
0s
11
#97880000
b1000000 9
01
#97890000
0B
0D
b1011 f
b10110 h
1r
b1100100000 '
b1100100000 T
b1100100000 (
b1100100000 S
b1 &
b1 U
b10 R
b10110 W
b1000001 %
b1000001 V
b10101 t
11
#97900000
b1000001 9
01
#97910000
b1 R
b1000010 %
b1000010 V
b1011 g
1s
0r
11
#97920000
b1000010 9
01
#97930000
1B
b1011 H
b1011 a
1D
0s
b0 R
b1000011 %
b1000011 V
11
#97940000
b1000011 9
01
#97950000
0B
b10 &
b10 U
b10 R
b10111 W
b1000100 %
b1000100 V
0D
b1100 f
b10111 h
1r
b10101 t
11
#97960000
b1000100 9
01
#97970000
b1100 g
1s
0r
b1 R
b1000101 %
b1000101 V
11
#97980000
b1000101 9
01
#97990000
1B
b0 R
b1000110 %
b1000110 V
b1100 H
b1100 a
1D
0s
11
#98000000
b1000110 9
01
#98010000
0B
0D
b1101 f
b11000 h
1r
b11 &
b11 U
b10 R
b11000 W
b1000111 %
b1000111 V
b10101 t
11
#98020000
b1000111 9
01
#98030000
b1 R
b1001000 %
b1001000 V
b1101 g
1s
0r
11
#98040000
b1001000 9
01
#98050000
1B
b1101 H
b1101 a
1D
0s
b0 R
b1001001 %
b1001001 V
11
#98060000
b1001001 9
01
#98070000
0B
b100 &
b100 U
b10 R
b11001 W
b1001010 %
b1001010 V
0D
b1110 f
b11001 h
1r
b10101 t
11
#98080000
b1001010 9
01
#98090000
b1110 g
1s
0r
b1 R
b1001011 %
b1001011 V
11
#98100000
b1001011 9
01
#98110000
1B
b0 R
b1001100 %
b1001100 V
b1110 H
b1110 a
1D
0s
11
#98120000
b1001100 9
01
#98130000
0B
0D
b1111 f
b11010 h
1r
b101 &
b101 U
b10 R
b11010 W
b1001101 %
b1001101 V
b10101 t
11
#98140000
b1001101 9
01
#98150000
b1 R
b1001110 %
b1001110 V
b1111 g
1s
0r
11
#98160000
b1001110 9
01
#98170000
1B
b1111 H
b1111 a
1D
0s
b0 R
b1001111 %
b1001111 V
11
#98180000
b1001111 9
01
#98190000
0B
b110 &
b110 U
b10 R
b11011 W
b1010000 %
b1010000 V
0D
b10000 f
b11011 h
1r
b10101 t
11
#98200000
b1010000 9
01
#98210000
b10000 g
1s
0r
b1 R
b1010001 %
b1010001 V
11
#98220000
b1010001 9
01
#98230000
1B
b0 R
b1010010 %
b1010010 V
b10000 H
b10000 a
1D
0s
11
#98240000
b1010010 9
01
#98250000
0B
0D
b10001 f
b11100 h
1r
b111 &
b111 U
b10 R
b11100 W
b1010011 %
b1010011 V
b10101 t
11
#98260000
b1010011 9
01
#98270000
b1 R
b1010100 %
b1010100 V
b10001 g
1s
0r
11
#98280000
b1010100 9
01
#98290000
1B
b10001 H
b10001 a
1D
0s
b0 R
b1010101 %
b1010101 V
11
#98300000
b1010101 9
01
#98310000
0B
b1000 &
b1000 U
b10 R
b11101 W
b1010110 %
b1010110 V
0D
b10010 f
b11101 h
1r
b10101 t
11
#98320000
b1010110 9
01
#98330000
b10010 g
1s
0r
b1 R
b1010111 %
b1010111 V
11
#98340000
b1010111 9
01
#98350000
1B
b0 R
b1011000 %
b1011000 V
b10010 H
b10010 a
1D
0s
11
#98360000
b1011000 9
01
#98370000
0B
b100101100 X
b100101100 ^
0D
b10011 f
b11110 h
1r
b1001 &
b1001 U
b10 R
b11110 W
b1011001 %
b1011001 V
b10101 t
11
#98380000
b1011001 9
01
#98390000
b1 R
b1011010 %
b1011010 V
b10011 g
1s
0r
11
#98400000
b1011010 9
01
#98410000
1B
b10011 H
b10011 a
1D
0s
b0 R
b1011011 %
b1011011 V
11
#98420000
b1011011 9
01
#98430000
0B
b1100100 X
b1100100 ^
b1010 &
b1010 U
b10 R
b11111 W
b1011100 %
b1011100 V
0D
b10100 f
b1001011000 i
b11111 h
1r
b10101 t
11
#98440000
b1011100 9
01
#98450000
b1110000000 `
b10100 g
b11100001000 o
1s
0r
b1 R
b1011101 %
b1011101 V
11
#98460000
b1011101 9
01
#98470000
1B
b0 R
b1011110 %
b1011110 V
b10100 H
b10100 a
b1110000000 C
b1110000000 q
b1110000000 E
b1110000000 p
1D
0s
11
#98480000
b1011110 9
01
#98490000
0B
0D
b10101 f
b100000 h
1r
b1110000000 '
b1110000000 T
b1110000000 (
b1110000000 S
b1011 &
b1011 U
b10 R
b100000 W
b1011111 %
b1011111 V
b10101 t
11
#98500000
b1011111 9
01
#98510000
b1 R
b1100000 %
b1100000 V
b10101 g
1s
0r
11
#98520000
b1100000 9
01
#98530000
1B
b10101 H
b10101 a
1D
0s
b0 R
b1100001 %
b1100001 V
11
#98540000
b1100001 9
01
#98550000
0B
b1100 &
b1100 U
b10 R
b100001 W
b1100010 %
b1100010 V
0D
b10110 f
b100001 h
1r
b10101 t
11
#98560000
b1100010 9
01
#98570000
b10110 g
1s
0r
b1 R
b1100011 %
b1100011 V
11
#98580000
b1100011 9
01
#98590000
1B
b0 R
b1100100 %
b1100100 V
b10110 H
b10110 a
1D
0s
11
#98600000
b1100100 9
01
#98610000
0B
0D
b10111 f
b100010 h
1r
b1101 &
b1101 U
b10 R
b100010 W
b1100101 %
b1100101 V
b10101 t
11
#98620000
b1100101 9
01
#98630000
b1 R
b1100110 %
b1100110 V
b10111 g
1s
0r
11
#98640000
b1100110 9
01
#98650000
1B
b10111 H
b10111 a
1D
0s
b0 R
b1100111 %
b1100111 V
11
#98660000
b1100111 9
01
#98670000
0B
b1110 &
b1110 U
b10 R
b100011 W
b1101000 %
b1101000 V
0D
b11000 f
b1001011000 j
b110010000 i
b100011 h
1r
b10101 t
11
#98680000
b1101000 9
01
#98690000
b11000 g
1s
0r
b1 R
b1101001 %
b1101001 V
11
#98700000
b1101001 9
01
#98710000
1B
b0 R
b1101010 %
b1101010 V
b11000 H
b11000 a
1D
0s
11
#98720000
b1101010 9
01
#98730000
0B
0D
b11001 f
b100100 h
1r
b1111 &
b1111 U
b10 R
b100100 W
b1101011 %
b1101011 V
b10101 t
11
#98740000
b1101011 9
01
#98750000
b1 R
b1101100 %
b1101100 V
b11001 g
1s
0r
11
#98760000
b1101100 9
01
#98770000
1B
b11001 H
b11001 a
1D
0s
b0 R
b1101101 %
b1101101 V
11
#98780000
b1101101 9
01
#98790000
0B
b10000 &
b10000 U
b10 R
b100101 W
b1101110 %
b1101110 V
0D
b11010 f
b100101 h
1r
b10101 t
11
#98800000
b1101110 9
01
#98810000
b11010 g
1s
0r
b1 R
b1101111 %
b1101111 V
11
#98820000
b1101111 9
01
#98830000
1B
b0 R
b1110000 %
b1110000 V
b11010 H
b11010 a
1D
0s
11
#98840000
b1110000 9
01
#98850000
0B
0D
b11011 f
b100110 h
1r
b10001 &
b10001 U
b10 R
b100110 W
b1110001 %
b1110001 V
b10101 t
11
#98860000
b1110001 9
01
#98870000
b1 R
b1110010 %
b1110010 V
b11011 g
1s
0r
11
#98880000
b1110010 9
01
#98890000
1B
b11011 H
b11011 a
1D
0s
b0 R
b1110011 %
b1110011 V
11
#98900000
b1110011 9
01
#98910000
0B
b10010 &
b10010 U
b10 R
b100111 W
b1110100 %
b1110100 V
0D
b11100 f
b110010000 j
b100111 h
1r
b10101 t
11
#98920000
b1110100 9
01
#98930000
b1100100000 `
b11100 g
b11001000000 o
1s
0r
b1 R
b1110101 %
b1110101 V
11
#98940000
b1110101 9
01
#98950000
1B
b0 R
b1110110 %
b1110110 V
b11100 H
b11100 a
b1100100000 C
b1100100000 q
b1100100000 E
b1100100000 p
1D
0s
11
#98960000
b1110110 9
01
#98970000
0B
0D
b11101 f
b101000 h
1r
b1100100000 '
b1100100000 T
b1100100000 (
b1100100000 S
b10011 &
b10011 U
b10 R
b101000 W
b1110111 %
b1110111 V
b10101 t
11
#98980000
b1110111 9
01
#98990000
b1 R
b1111000 %
b1111000 V
b11101 g
1s
0r
11
#99000000
b1111000 9
01
#99010000
1B
b11101 H
b11101 a
1D
0s
b0 R
b1111001 %
b1111001 V
11
#99020000
b1111001 9
01
#99030000
0B
b10100 &
b10100 U
b10 R
b101001 W
b1111010 %
b1111010 V
0D
b11110 f
b100101100 b
b101001 h
1r
b10101 t
11
#99040000
b1111010 9
01
#99050000
b11110 g
b100101100 c
1s
0r
b1 R
b1111011 %
b1111011 V
11
#99060000
b1111011 9
01
#99070000
1B
b0 R
b1111100 %
b1111100 V
b11110 H
b11110 a
b100101100 G
b100101100 d
1D
0s
11
#99080000
b1111100 9
01
#99090000
0B
0D
b11111 f
b1100100 b
b101010 h
1r
b10101 &
b10101 U
b10 R
b101010 W
b1111101 %
b1111101 V
b10101 t
11
#99100000
b1111101 9
01
#99110000
b1 R
b1111110 %
b1111110 V
b11111 g
b1100100 c
1s
0r
11
#99120000
b1111110 9
01
#99130000
1B
b11111 H
b11111 a
b1100100 G
b1100100 d
1D
0s
b0 R
b1111111 %
b1111111 V
11
#99140000
b1111111 9
01
#99150000
0B
b10110 &
b10110 U
b10 R
b101011 W
b10000000 %
b10000000 V
0D
b100000 f
b101011 h
1r
b10101 t
11
#99160000
b10000000 9
01
#99170000
b100000 g
1s
0r
b1 R
b10000001 %
b10000001 V
11
#99180000
b10000001 9
01
#99190000
1B
b0 R
b10000010 %
b10000010 V
b100000 H
b100000 a
1D
0s
11
#99200000
b10000010 9
01
#99210000
0B
0D
b100001 f
b1001011000 k
b101100 h
1r
b10111 &
b10111 U
b10 R
b101100 W
b10000011 %
b10000011 V
b10101 t
11
#99220000
b10000011 9
01
#99230000
b1110000000 `
b1 R
b10000100 %
b10000100 V
b100001 g
b11100001000 o
1s
0r
11
#99240000
b10000100 9
01
#99250000
1B
b100001 H
b100001 a
b1110000000 C
b1110000000 q
b1110000000 E
b1110000000 p
1D
0s
b0 R
b10000101 %
b10000101 V
11
#99260000
b10000101 9
01
#99270000
0B
b1110000000 '
b1110000000 T
b1110000000 (
b1110000000 S
b11000 &
b11000 U
b10 R
b101101 W
b10000110 %
b10000110 V
0D
b100010 f
b101101 h
1r
b10101 t
11
#99280000
b10000110 9
01
#99290000
b100010 g
1s
0r
b1 R
b10000111 %
b10000111 V
11
#99300000
b10000111 9
01
#99310000
1B
b0 R
b10001000 %
b10001000 V
b100010 H
b100010 a
1D
0s
11
#99320000
b10001000 9
01
#99330000
0B
0D
b100011 f
b101110 h
1r
b11001 &
b11001 U
b10 R
b101110 W
b10001001 %
b10001001 V
b10101 t
11
#99340000
b10001001 9
01
#99350000
b1 R
b10001010 %
b10001010 V
b100011 g
1s
0r
11
#99360000
b10001010 9
01
#99370000
1B
b100011 H
b100011 a
1D
0s
b0 R
b10001011 %
b10001011 V
11
#99380000
b10001011 9
01
#99390000
0B
b11010 &
b11010 U
b10 R
b101111 W
b10001100 %
b10001100 V
0D
b100100 f
b101111 h
1r
b10101 t
11
#99400000
b10001100 9
01
#99410000
b100100 g
1s
0r
b1 R
b10001101 %
b10001101 V
11
#99420000
b10001101 9
01
#99430000
1B
b0 R
b10001110 %
b10001110 V
b100100 H
b100100 a
1D
0s
11
#99440000
b10001110 9
01
#99450000
0B
0D
b100101 f
b1001011000 l
b110010000 k
b110000 h
1r
b11011 &
b11011 U
b10 R
b110000 W
b10001111 %
b10001111 V
b10101 t
11
#99460000
b10001111 9
01
#99470000
b1 R
b10010000 %
b10010000 V
b100101 g
1s
0r
11
#99480000
b10010000 9
01
#99490000
1B
b100101 H
b100101 a
1D
0s
b0 R
b10010001 %
b10010001 V
11
#99500000
b10010001 9
01
#99510000
0B
b11100 &
b11100 U
b10 R
b110001 W
b10010010 %
b10010010 V
0D
b100110 f
b110001 h
1r
b10101 t
11
#99520000
b10010010 9
01
#99530000
b100110 g
1s
0r
b1 R
b10010011 %
b10010011 V
11
#99540000
b10010011 9
01
#99550000
1B
b0 R
b10010100 %
b10010100 V
b100110 H
b100110 a
1D
0s
11
#99560000
b10010100 9
01
#99570000
0B
0D
b100111 f
b110010 h
1r
b11101 &
b11101 U
b10 R
b110010 W
b10010101 %
b10010101 V
b10101 t
11
#99580000
b10010101 9
01
#99590000
b1 R
b10010110 %
b10010110 V
b100111 g
1s
0r
11
#99600000
b10010110 9
01
#99610000
1B
b100111 H
b100111 a
1D
0s
b0 R
b10010111 %
b10010111 V
11
#99620000
b10010111 9
01
#99630000
0B
b11110 &
b11110 U
b10 R
b110011 W
b10011000 %
b10011000 V
0D
b101000 f
b110011 h
1r
b10101 t
11
#99640000
b10011000 9
01
#99650000
b101000 g
1s
0r
b1 R
b10011001 %
b10011001 V
11
#99660000
b10011001 9
01
#99670000
1B
b0 R
b10011010 %
b10011010 V
b101000 H
b101000 a
1D
0s
11
#99680000
b10011010 9
01
#99690000
0B
0D
b101001 f
b110010000 l
b110100 h
1r
b11111 &
b11111 U
b10 R
b110100 W
b10011011 %
b10011011 V
b10101 t
11
#99700000
b10011011 9
01
#99710000
b1100100000 `
b1 R
b10011100 %
b10011100 V
b101001 g
b11001000000 o
1s
0r
11
#99720000
b10011100 9
01
#99730000
1B
b101001 H
b101001 a
b1100100000 C
b1100100000 q
b1100100000 E
b1100100000 p
1D
0s
b0 R
b10011101 %
b10011101 V
11
#99740000
b10011101 9
01
#99750000
0B
b1100100000 '
b1100100000 T
b1100100000 (
b1100100000 S
b100000 &
b100000 U
b10 R
b110101 W
b10011110 %
b10011110 V
0D
b101010 f
b110101 h
1r
b10101 t
11
#99760000
b10011110 9
01
#99770000
b101010 g
1s
0r
b1 R
b10011111 %
b10011111 V
11
#99780000
b10011111 9
01
#99790000
1B
b0 R
b10100000 %
b10100000 V
b101010 H
b101010 a
1D
0s
11
#99800000
b10100000 9
01
#99810000
0B
0D
b101011 f
b110110 h
1r
b100001 &
b100001 U
b10 R
b110110 W
b10100001 %
b10100001 V
b10101 t
11
#99820000
b10100001 9
01
#99830000
b1 R
b10100010 %
b10100010 V
b101011 g
1s
0r
11
#99840000
b10100010 9
01
#99850000
1B
b101011 H
b101011 a
1D
0s
b0 R
b10100011 %
b10100011 V
11
#99860000
b10100011 9
01
#99870000
0B
b100010 &
b100010 U
b10 R
b110111 W
b10100100 %
b10100100 V
0D
b101100 f
b110111 h
1r
b10101 t
11
#99880000
b10100100 9
01
#99890000
b101100 g
1s
0r
b1 R
b10100101 %
b10100101 V
11
#99900000
b10100101 9
01
#99910000
1B
b0 R
b10100110 %
b10100110 V
b101100 H
b101100 a
1D
0s
11
#99920000
b10100110 9
01
#99930000
0B
0D
b101101 f
b111000 h
1r
b100011 &
b100011 U
b10 R
b111000 W
b10100111 %
b10100111 V
b10101 t
11
#99940000
b10100111 9
01
#99950000
b1 R
b10101000 %
b10101000 V
b101101 g
1s
0r
11
#99960000
b10101000 9
01
#99970000
1B
b101101 H
b101101 a
1D
0s
b0 R
b10101001 %
b10101001 V
11
#99980000
b10101001 9
01
#99990000
0B
b100100 &
b100100 U
b10 R
b111001 W
b10101010 %
b10101010 V
0D
b101110 f
b111001 h
1r
b10101 t
11
#100000000
b10101010 9
01
#100010000
b101110 g
1s
0r
b1 R
b10101011 %
b10101011 V
11
#100020000
b10101011 9
01
#100030000
1B
b0 R
b10101100 %
b10101100 V
b101110 H
b101110 a
1D
0s
11
#100040000
b10101100 9
01
#100050000
0B
0D
b101111 f
b111010 h
1r
b100101 &
b100101 U
b10 R
b111010 W
b10101101 %
b10101101 V
b10101 t
11
#100060000
b10101101 9
01
#100070000
b1 R
b10101110 %
b10101110 V
b101111 g
1s
0r
11
#100080000
b10101110 9
01
#100090000
1B
b101111 H
b101111 a
1D
0s
b0 R
b10101111 %
b10101111 V
11
#100100000
b10101111 9
01
#100110000
0B
b100110 &
b100110 U
b10 R
b111011 W
b10110000 %
b10110000 V
0D
b110000 f
b111011 h
1r
b10101 t
11
#100120000
b10110000 9
01
#100130000
b110000 g
1s
0r
b1 R
b10110001 %
b10110001 V
11
#100140000
b10110001 9
01
#100150000
1B
b0 R
b10110010 %
b10110010 V
b110000 H
b110000 a
1D
0s
11
#100160000
b10110010 9
01
#100170000
0B
0D
b110001 f
b111100 h
1r
b100111 &
b100111 U
b10 R
b111100 W
b10110011 %
b10110011 V
b10101 t
11
#100180000
b10110011 9
01
#100190000
b1 R
b10110100 %
b10110100 V
b110001 g
1s
0r
11
#100200000
b10110100 9
01
#100210000
1B
b110001 H
b110001 a
1D
0s
b0 R
b10110101 %
b10110101 V
11
#100220000
b10110101 9
01
#100230000
0B
b101000 &
b101000 U
b10 R
b111101 W
b10110110 %
b10110110 V
0D
b110010 f
b111101 h
1r
b10101 t
11
#100240000
b10110110 9
01
#100250000
b110010 g
1s
0r
b1 R
b10110111 %
b10110111 V
11
#100260000
b10110111 9
01
#100270000
1B
b0 R
b10111000 %
b10111000 V
b110010 H
b110010 a
1D
0s
11
#100280000
b10111000 9
01
#100290000
0B
0D
b110011 f
b111110 h
1r
b101001 &
b101001 U
b10 R
b111110 W
b10111001 %
b10111001 V
b10101 t
11
#100300000
b10111001 9
01
#100310000
b1 R
b10111010 %
b10111010 V
b110011 g
1s
0r
11
#100320000
b10111010 9
01
#100330000
1B
b110011 H
b110011 a
1D
0s
b0 R
b10111011 %
b10111011 V
11
#100340000
b10111011 9
01
#100350000
0B
b101010 &
b101010 U
b10 R
b111111 W
b10111100 %
b10111100 V
0D
b110100 f
b111111 h
1r
b10101 t
11
#100360000
b10111100 9
01
#100370000
b110100 g
1s
0r
b1 R
b10111101 %
b10111101 V
11
#100380000
b10111101 9
01
#100390000
1B
b0 R
b10111110 %
b10111110 V
b110100 H
b110100 a
1D
0s
11
#100400000
b10111110 9
01
#100410000
0B
0D
b110101 f
b1000000 h
1r
b101011 &
b101011 U
b10 R
b1000000 W
b10111111 %
b10111111 V
b10101 t
11
#100420000
b10111111 9
01
#100430000
b1 R
b11000000 %
b11000000 V
b110101 g
1s
0r
11
#100440000
b11000000 9
01
#100450000
1B
b110101 H
b110101 a
1D
0s
b0 R
b11000001 %
b11000001 V
11
#100460000
b11000001 9
01
#100470000
0B
b101100 &
b101100 U
b10 R
b1000001 W
b11000010 %
b11000010 V
0D
b110110 f
b1000001 h
1r
b10101 t
11
#100480000
b11000010 9
01
#100490000
b110110 g
1s
0r
b1 R
b11000011 %
b11000011 V
11
#100500000
b11000011 9
01
#100510000
1B
b0 R
b11000100 %
b11000100 V
b110110 H
b110110 a
1D
0s
11
#100520000
b11000100 9
01
#100530000
0B
0D
b110111 f
b1000010 h
1r
b101101 &
b101101 U
b10 R
b1000010 W
b11000101 %
b11000101 V
b10101 t
11
#100540000
b11000101 9
01
#100550000
b1 R
b11000110 %
b11000110 V
b110111 g
1s
0r
11
#100560000
b11000110 9
01
#100570000
1B
b110111 H
b110111 a
1D
0s
b0 R
b11000111 %
b11000111 V
11
#100580000
b11000111 9
01
#100590000
0B
b101110 &
b101110 U
b10 R
b1000011 W
b11001000 %
b11001000 V
0D
b111000 f
b1000011 h
1r
b10101 t
11
#100600000
b11001000 9
01
#100610000
b111000 g
1s
0r
b1 R
b11001001 %
b11001001 V
11
#100620000
b11001001 9
01
#100630000
1B
b0 R
b11001010 %
b11001010 V
b111000 H
b111000 a
1D
0s
11
#100640000
b11001010 9
01
#100650000
0B
0D
b111001 f
b1000100 h
1r
b101111 &
b101111 U
b10 R
b1000100 W
b11001011 %
b11001011 V
b10101 t
11
#100660000
b11001011 9
01
#100670000
b1 R
b11001100 %
b11001100 V
b111001 g
1s
0r
11
#100680000
b11001100 9
01
#100690000
1B
b111001 H
b111001 a
1D
0s
b0 R
b11001101 %
b11001101 V
11
#100700000
b11001101 9
01
#100710000
0B
b110000 &
b110000 U
b10 R
b1000101 W
b11001110 %
b11001110 V
0D
b111010 f
b1000101 h
1r
b10101 t
11
#100720000
b11001110 9
01
#100730000
b111010 g
1s
0r
b1 R
b11001111 %
b11001111 V
11
#100740000
b11001111 9
01
#100750000
1B
b0 R
b11010000 %
b11010000 V
b111010 H
b111010 a
1D
0s
11
#100760000
b11010000 9
01
#100770000
0B
0D
b111011 f
b1000110 h
1r
b110001 &
b110001 U
b10 R
b1000110 W
b11010001 %
b11010001 V
b10101 t
11
#100780000
b11010001 9
01
#100790000
b1 R
b11010010 %
b11010010 V
b111011 g
1s
0r
11
#100800000
b11010010 9
01
#100810000
1B
b111011 H
b111011 a
1D
0s
b0 R
b11010011 %
b11010011 V
11
#100820000
b11010011 9
01
#100830000
0B
b110010 &
b110010 U
b10 R
b1000111 W
b11010100 %
b11010100 V
0D
b111100 f
b1000111 h
1r
b10101 t
11
#100840000
b11010100 9
01
#100850000
b111100 g
1s
0r
b1 R
b11010101 %
b11010101 V
11
#100860000
b11010101 9
01
#100870000
1B
b0 R
b11010110 %
b11010110 V
b111100 H
b111100 a
1D
0s
11
#100880000
b11010110 9
01
#100890000
0B
0D
b111101 f
b1001000 h
1r
b110011 &
b110011 U
b10 R
b1001000 W
b11010111 %
b11010111 V
b10101 t
11
#100900000
b11010111 9
01
#100910000
b1 R
b11011000 %
b11011000 V
b111101 g
1s
0r
11
#100920000
b11011000 9
01
#100930000
1B
b111101 H
b111101 a
1D
0s
b0 R
b11011001 %
b11011001 V
11
#100940000
b11011001 9
01
#100950000
0B
b110100 &
b110100 U
b10 R
b1001001 W
b11011010 %
b11011010 V
0D
b111110 f
b1001001 h
1r
b10101 t
11
#100960000
b11011010 9
01
#100970000
b111110 g
1s
0r
b1 R
b11011011 %
b11011011 V
11
#100980000
b11011011 9
01
#100990000
1B
b0 R
b11011100 %
b11011100 V
b111110 H
b111110 a
1D
0s
11
#101000000
b11011100 9
01
#101010000
0B
0D
b111111 f
b1001010 h
1r
b110101 &
b110101 U
b10 R
b1001010 W
b11011101 %
b11011101 V
b10101 t
11
#101020000
b11011101 9
01
#101030000
b1 R
b11011110 %
b11011110 V
b111111 g
1s
0r
11
#101040000
b11011110 9
01
#101050000
1B
b111111 H
b111111 a
1D
0s
b0 R
b11011111 %
b11011111 V
11
#101060000
b11011111 9
01
#101070000
0B
b110110 &
b110110 U
b10 R
b1001011 W
b11100000 %
b11100000 V
0D
b1000000 f
b1001011 h
1r
b10101 t
11
#101080000
b11100000 9
01
#101090000
b1000000 g
1s
0r
b1 R
b11100001 %
b11100001 V
11
#101100000
b11100001 9
01
#101110000
1B
b0 R
b11100010 %
b11100010 V
b1000000 H
b1000000 a
1D
0s
11
#101120000
b11100010 9
01
#101130000
0B
0D
b1000001 f
b1001100 h
1r
b110111 &
b110111 U
b10 R
b1001100 W
b11100011 %
b11100011 V
b10101 t
11
#101140000
b11100011 9
01
#101150000
b1 R
b11100100 %
b11100100 V
b1000001 g
1s
0r
11
#101160000
b11100100 9
01
#101170000
1B
b1000001 H
b1000001 a
1D
0s
b0 R
b11100101 %
b11100101 V
11
#101180000
b11100101 9
01
#101190000
0B
b111000 &
b111000 U
b10 R
b1001101 W
b11100110 %
b11100110 V
0D
b1000010 f
b1001101 h
1r
b10101 t
11
#101200000
b11100110 9
01
#101210000
b1000010 g
1s
0r
b1 R
b11100111 %
b11100111 V
11
#101220000
b11100111 9
01
#101230000
1B
b0 R
b11101000 %
b11101000 V
b1000010 H
b1000010 a
1D
0s
11
#101240000
b11101000 9
01
#101250000
0B
0D
b1000011 f
b1001110 h
1r
b111001 &
b111001 U
b10 R
b1001110 W
b11101001 %
b11101001 V
b10101 t
11
#101260000
b11101001 9
01
#101270000
b1 R
b11101010 %
b11101010 V
b1000011 g
1s
0r
11
#101280000
b11101010 9
01
#101290000
1B
b1000011 H
b1000011 a
1D
0s
b0 R
b11101011 %
b11101011 V
11
#101300000
b11101011 9
01
#101310000
0B
b111010 &
b111010 U
b10 R
b1001111 W
b11101100 %
b11101100 V
0D
b1000100 f
b1001111 h
1r
b10101 t
11
#101320000
b11101100 9
01
#101330000
b1000100 g
1s
0r
b1 R
b11101101 %
b11101101 V
11
#101340000
b11101101 9
01
#101350000
1B
b0 R
b11101110 %
b11101110 V
b1000100 H
b1000100 a
1D
0s
11
#101360000
b11101110 9
01
#101370000
0B
0D
b1000101 f
b1010000 h
1r
b111011 &
b111011 U
b10 R
b1010000 W
b11101111 %
b11101111 V
b10101 t
11
#101380000
b11101111 9
01
#101390000
b1 R
b11110000 %
b11110000 V
b1000101 g
1s
0r
11
#101400000
b11110000 9
01
#101410000
1B
b1000101 H
b1000101 a
1D
0s
b0 R
b11110001 %
b11110001 V
11
#101420000
b11110001 9
01
#101430000
0B
b111100 &
b111100 U
b10 R
b1010001 W
b11110010 %
b11110010 V
0D
b1000110 f
b1010001 h
1r
b10101 t
11
#101440000
b11110010 9
01
#101450000
b1000110 g
1s
0r
b1 R
b11110011 %
b11110011 V
11
#101460000
b11110011 9
01
#101470000
1B
b0 R
b11110100 %
b11110100 V
b1000110 H
b1000110 a
1D
0s
11
#101480000
b11110100 9
01
#101490000
0B
0D
b1000111 f
b1010010 h
1r
b111101 &
b111101 U
b10 R
b1010010 W
b11110101 %
b11110101 V
b10101 t
11
#101500000
b11110101 9
01
#101510000
b1 R
b11110110 %
b11110110 V
b1000111 g
1s
0r
11
#101520000
b11110110 9
01
#101530000
1B
b1000111 H
b1000111 a
1D
0s
b0 R
b11110111 %
b11110111 V
11
#101540000
b11110111 9
01
#101550000
0B
b111110 &
b111110 U
b10 R
b1010011 W
b11111000 %
b11111000 V
0D
b1001000 f
b1010011 h
1r
b10101 t
11
#101560000
b11111000 9
01
#101570000
b1001000 g
1s
0r
b1 R
b11111001 %
b11111001 V
11
#101580000
b11111001 9
01
#101590000
1B
b0 R
b11111010 %
b11111010 V
b1001000 H
b1001000 a
1D
0s
11
#101600000
b11111010 9
01
#101610000
0B
0D
b1001001 f
b1010100 h
1r
b111111 &
b111111 U
b10 R
b1010100 W
b11111011 %
b11111011 V
b10101 t
11
#101620000
b11111011 9
01
#101630000
b1 R
b11111100 %
b11111100 V
b1001001 g
1s
0r
11
#101640000
b11111100 9
01
#101650000
1B
b1001001 H
b1001001 a
1D
0s
b0 R
b11111101 %
b11111101 V
11
#101660000
b11111101 9
01
#101670000
0B
b1000000 &
b1000000 U
b10 R
b1010101 W
b11111110 %
b11111110 V
0D
b1001010 f
b1010101 h
1r
b10101 t
11
#101680000
b11111110 9
01
#101690000
b1001010 g
1s
0r
b1 R
b11111111 %
b11111111 V
11
#101700000
b11111111 9
01
#101710000
1B
b0 R
b100000000 %
b100000000 V
b1001010 H
b1001010 a
1D
0s
11
#101720000
b100000000 9
01
#101730000
0B
0D
b1001011 f
b1010110 h
1r
b1000001 &
b1000001 U
b10 R
b1010110 W
b100000001 %
b100000001 V
b10101 t
11
#101740000
b100000001 9
01
#101750000
b1 R
b100000010 %
b100000010 V
b1001011 g
1s
0r
11
#101760000
b100000010 9
01
#101770000
1B
b1001011 H
b1001011 a
1D
0s
b0 R
b100000011 %
b100000011 V
11
#101780000
b100000011 9
01
#101790000
0B
b1000010 &
b1000010 U
b10 R
b1010111 W
b100000100 %
b100000100 V
0D
b1001100 f
b1010111 h
1r
b10101 t
11
#101800000
b100000100 9
01
#101810000
b1001100 g
1s
0r
b1 R
b100000101 %
b100000101 V
11
#101820000
b100000101 9
01
#101830000
1B
b0 R
b100000110 %
b100000110 V
b1001100 H
b1001100 a
1D
0s
11
#101840000
b100000110 9
01
#101850000
0B
0D
b1001101 f
b1011000 h
1r
b1000011 &
b1000011 U
b10 R
b1011000 W
b100000111 %
b100000111 V
b10101 t
11
#101860000
b100000111 9
01
#101870000
b1 R
b100001000 %
b100001000 V
b1001101 g
1s
0r
11
#101880000
b100001000 9
01
#101890000
1B
b1001101 H
b1001101 a
1D
0s
b0 R
b100001001 %
b100001001 V
11
#101900000
b100001001 9
01
#101910000
0B
b1000100 &
b1000100 U
b10 R
b1011001 W
b100001010 %
b100001010 V
0D
b1001110 f
b1011001 h
1r
b10101 t
11
#101920000
b100001010 9
01
#101930000
b1001110 g
1s
0r
b1 R
b100001011 %
b100001011 V
11
#101940000
b100001011 9
01
#101950000
1B
b0 R
b100001100 %
b100001100 V
b1001110 H
b1001110 a
1D
0s
11
#101960000
b100001100 9
01
#101970000
0B
0D
b1001111 f
b1011010 h
1r
b1000101 &
b1000101 U
b10 R
b1011010 W
b100001101 %
b100001101 V
b10101 t
11
#101980000
b100001101 9
01
#101990000
b1 R
b100001110 %
b100001110 V
b1001111 g
1s
0r
11
#102000000
b100001110 9
01
#102010000
1B
b1001111 H
b1001111 a
1D
0s
b0 R
b100001111 %
b100001111 V
11
#102020000
b100001111 9
01
#102030000
0B
b1000110 &
b1000110 U
b10 R
b1011011 W
b100010000 %
b100010000 V
0D
b1010000 f
b1011011 h
1r
b10101 t
11
#102040000
b100010000 9
01
#102050000
b1010000 g
1s
0r
b1 R
b100010001 %
b100010001 V
11
#102060000
b100010001 9
01
#102070000
1B
b0 R
b100010010 %
b100010010 V
b1010000 H
b1010000 a
1D
0s
11
#102080000
b100010010 9
01
#102090000
0B
0D
b1010001 f
b1011100 h
1r
b1000111 &
b1000111 U
b10 R
b1011100 W
b100010011 %
b100010011 V
b10101 t
11
#102100000
b100010011 9
01
#102110000
b1 R
b100010100 %
b100010100 V
b1010001 g
1s
0r
11
#102120000
b100010100 9
01
#102130000
1B
b1010001 H
b1010001 a
1D
0s
b0 R
b100010101 %
b100010101 V
11
#102140000
b100010101 9
01
#102150000
0B
b1001000 &
b1001000 U
b10 R
b1011101 W
b100010110 %
b100010110 V
0D
b1010010 f
b1011101 h
1r
b10101 t
11
#102160000
b100010110 9
01
#102170000
b1010010 g
1s
0r
b1 R
b100010111 %
b100010111 V
11
#102180000
b100010111 9
01
#102190000
1B
b0 R
b100011000 %
b100011000 V
b1010010 H
b1010010 a
1D
0s
11
#102200000
b100011000 9
01
#102210000
0B
0D
b1010011 f
b1011110 h
1r
b1001001 &
b1001001 U
b10 R
b1011110 W
b100011001 %
b100011001 V
b10101 t
11
#102220000
b100011001 9
01
#102230000
b1 R
b100011010 %
b100011010 V
b1010011 g
1s
0r
11
#102240000
b100011010 9
01
#102250000
1B
b1010011 H
b1010011 a
1D
0s
b0 R
b100011011 %
b100011011 V
11
#102260000
b100011011 9
01
#102270000
0B
b1001010 &
b1001010 U
b10 R
b1011111 W
b100011100 %
b100011100 V
0D
b1010100 f
b1011111 h
1r
b10101 t
11
#102280000
b100011100 9
01
#102290000
b1010100 g
1s
0r
b1 R
b100011101 %
b100011101 V
11
#102300000
b100011101 9
01
#102310000
1B
b0 R
b100011110 %
b100011110 V
b1010100 H
b1010100 a
1D
0s
11
#102320000
b100011110 9
01
#102330000
0B
0D
b1010101 f
b1100000 h
1r
b1001011 &
b1001011 U
b10 R
b1100000 W
b100011111 %
b100011111 V
b10101 t
11
#102340000
b100011111 9
01
#102350000
b1 R
b100100000 %
b100100000 V
b1010101 g
1s
0r
11
#102360000
b100100000 9
01
#102370000
1B
b1010101 H
b1010101 a
1D
0s
b0 R
b100100001 %
b100100001 V
11
#102380000
b100100001 9
01
#102390000
0B
b1001100 &
b1001100 U
b10 R
b1100001 W
b100100010 %
b100100010 V
0D
b1010110 f
b1100001 h
1r
b10101 t
11
#102400000
b100100010 9
01
#102410000
b1010110 g
1s
0r
b1 R
b100100011 %
b100100011 V
11
#102420000
b100100011 9
01
#102430000
1B
b0 R
b100100100 %
b100100100 V
b1010110 H
b1010110 a
1D
0s
11
#102440000
b100100100 9
01
#102450000
0B
0D
b1010111 f
b1100010 h
1r
b1001101 &
b1001101 U
b10 R
b1100010 W
b100100101 %
b100100101 V
b10101 t
11
#102460000
b100100101 9
01
#102470000
b1 R
b100100110 %
b100100110 V
b1010111 g
1s
0r
11
#102480000
b100100110 9
01
#102490000
1B
b1010111 H
b1010111 a
1D
0s
b0 R
b100100111 %
b100100111 V
11
#102500000
b100100111 9
01
#102510000
0B
b1001110 &
b1001110 U
b10 R
b1100011 W
b100101000 %
b100101000 V
0D
b1011000 f
b1100011 h
1r
b10101 t
11
#102520000
b100101000 9
01
#102530000
b1011000 g
1s
0r
b1 R
b100101001 %
b100101001 V
11
#102540000
b100101001 9
01
#102550000
1B
b0 R
b100101010 %
b100101010 V
b1011000 H
b1011000 a
1D
0s
11
#102560000
b100101010 9
01
#102570000
0B
0D
b1011001 f
b1100100 h
1r
b1001111 &
b1001111 U
b10 R
b11 Z
b100101011 %
b100101011 V
b10101 t
11
#102580000
b100101011 9
01
#102590000
b100101100 %
b100101100 V
b1011001 g
1s
0r
11
#102600000
b100101100 9
01
#102610000
b1011001 H
b1011001 a
1D
0s
b100101101 %
b100101101 V
11
#102620000
b100101101 9
01
#102630000
b1010000 &
b1010000 U
1*
0-
b0 Z
b100101110 %
b100101110 V
0D
11
#102640000
b11000 >
b100101110 9
01
#102650000
11
#102660000
01
#102670000
11
#102680000
01
#102690000
11
#102700000
01
#102710000
11
#102720000
01
#102730000
11
#102740000
01
#102750000
11
#102760000
01
#102770000
11
#102780000
01
#102790000
11
#102800000
b0 w
b0 u
b11 x
b11 <
b0 =
b0 ;
01
#102810000
11
#102820000
b11000 4
b11 7
b11 A
01
#102830000
11
#102840000
18
01
#102850000
1?
b100111000100000 X
b100111000100000 ^
1-
b1 Z
b0 %
b0 V
b0 R
b0 W
b0 '
b0 T
b0 (
b0 S
b0 &
b0 U
0*
b11001 )
b11001 Q
00
b0 /
b0 M
b0 _
b11 .
b11 N
1Y
11
#102860000
b0 9
b0 7
b0 A
08
01
#102870000
1B
0?
b10 Z
b1 %
b1 V
0Y
b0 H
b0 a
b0 G
b0 d
b0 E
b0 p
b0 C
b0 q
b0 o
b0 `
b0 n
b0 g
b0 c
b0 m
b0 f
b0 b
b0 l
b0 k
b0 j
b0 i
b0 h
b0 e
b10101 t
11
#102880000
b1 9
01
#102890000
b1 h
b1 e
b1 W
b10 %
b10 V
b10101 t
11
#102900000
b10 9
01
#102910000
b10 W
b11 %
b11 V
b10 h
b10 e
b10101 t
11
#102920000
b11 9
01
#102930000
b11 h
b11 e
b11 W
b100 %
b100 V
b10101 t
11
#102940000
b100 9
01
#102950000
b100 W
b101 %
b101 V
b100 h
b100 e
b10101 t
11
#102960000
b101 9
01
#102970000
b101 h
b101 e
b101 W
b110 %
b110 V
b10101 t
11
#102980000
b110 9
01
#102990000
b110 W
b111 %
b111 V
b110 h
b110 e
b10101 t
11
#103000000
b111 9
01
#103010000
b111 h
b111 e
b111 W
b1000 %
b1000 V
b10101 t
11
#103020000
b1000 9
01
#103030000
b1000 W
b1001 %
b1001 V
b1000 h
b1000 e
b10101 t
11
#103040000
b1001 9
01
#103050000
b1001 h
b1001 e
b1001 W
b1010 %
b1010 V
b10101 t
11
#103060000
b1010 9
01
#103070000
b1010 W
b1011 %
b1011 V
b1010 h
b1010 e
b10101 t
11
#103080000
b1011 9
01
#103090000
b1011 h
b1011 e
b1011 W
b1100 %
b1100 V
b10101 t
11
#103100000
b1100 9
01
#103110000
b1100 W
b1101 %
b1101 V
b1100 h
b1100 e
b10101 t
11
#103120000
b1101 9
01
#103130000
b1101 h
b1101 e
b1101 W
b1110 %
b1110 V
b10101 t
11
#103140000
b1110 9
01
#103150000
b1110 W
b1111 %
b1111 V
b1110 h
b1110 e
b10101 t
11
#103160000
b1111 9
01
#103170000
b1111 h
b1111 e
b1111 W
b10000 %
b10000 V
b10101 t
11
#103180000
b10000 9
01
#103190000
b10000 W
b10001 %
b10001 V
b10000 h
b10000 e
b10101 t
11
#103200000
b10001 9
01
#103210000
b10001 h
b10001 e
b10001 W
b10010 %
b10010 V
b10101 t
11
#103220000
b10010 9
01
#103230000
b10010 W
b10011 %
b10011 V
b10010 h
b10010 e
b10101 t
11
#103240000
b10011 9
01
#103250000
b10011 h
b10011 e
b10011 W
b10100 %
b10100 V
b10101 t
11
#103260000
b10100 9
01
#103270000
b10100 W
b10101 %
b10101 V
b10100 h
b10100 e
b10101 t
11
#103280000
b10101 9
01
#103290000
b1010 f
b100111000100000 b
b10011100010000000 l
b10011100010000000 k
b10011100010000000 j
b10011100010000000 i
b10101 h
b10101 e
1r
b10101 W
b10110 %
b10110 V
b10101 t
11
#103300000
b10110 9
01
#103310000
b100111000100000 `
b10110 W
b10111 %
b10111 V
b1010 g
b100111000100000 c
b1001110001000000000 o
1s
b1011 f
b10110 h
b10101 t
11
#103320000
b10111 9
01
#103330000
b1010 H
b1010 a
b100111000100000 G
b100111000100000 d
b100111000100000 C
b100111000100000 q
b100111000100000 E
b100111000100000 p
1D
b1011 g
b1100 f
b10111 h
b10111 W
b11000 %
b11000 V
b10101 t
11
#103340000
b11000 9
01
#103350000
b100111000100000 '
b100111000100000 T
b100111000100000 (
b100111000100000 S
b1 &
b1 U
b11000 W
b11001 %
b11001 V
b1011 H
b1011 a
b1100 g
b1101 f
b11000 h
b10101 t
11
#103360000
b11001 9
01
#103370000
b1100 H
b1100 a
b1101 g
b1110 f
b11001 h
b10 &
b10 U
b11001 W
b11010 %
b11010 V
b10101 t
11
#103380000
b11010 9
01
#103390000
b11 &
b11 U
b11010 W
b11011 %
b11011 V
b1101 H
b1101 a
b1110 g
b1111 f
b11010 h
b10101 t
11
#103400000
b11011 9
01
#103410000
b1110 H
b1110 a
b1111 g
b10000 f
b11011 h
b100 &
b100 U
b11011 W
b11100 %
b11100 V
b10101 t
11
#103420000
b11100 9
01
#103430000
b101 &
b101 U
b11100 W
b11101 %
b11101 V
b1111 H
b1111 a
b10000 g
b10001 f
b11100 h
b10101 t
11
#103440000
b11101 9
01
#103450000
b10000 H
b10000 a
b10001 g
b10010 f
b11101 h
b110 &
b110 U
b11101 W
b11110 %
b11110 V
b10101 t
11
#103460000
b11110 9
01
#103470000
b1110101001100000 X
b1110101001100000 ^
b111 &
b111 U
b11110 W
b11111 %
b11111 V
b10001 H
b10001 a
b10010 g
b10011 f
b11110 h
b10101 t
11
#103480000
b11111 9
01
#103490000
b100111000100000 X
b100111000100000 ^
b10010 H
b10010 a
b10011 g
b10100 f
b11101010011000000 i
b11111 h
b1000 &
b1000 U
b11111 W
b100000 %
b100000 V
b10101 t
11
#103500000
b100000 9
01
#103510000
b101011111100100 `
b1001 &
b1001 U
b100000 W
b100001 %
b100001 V
b10011 H
b10011 a
b10100 g
b1010111111001000000 o
b10101 f
b100000 h
b10101 t
11
#103520000
b100001 9
01
#103530000
b10100 H
b10100 a
b101011111100100 C
b101011111100100 q
b101011111100100 E
b101011111100100 p
b10101 g
b10110 f
b100001 h
b1010 &
b1010 U
b100001 W
b100010 %
b100010 V
b10101 t
11
#103540000
b100010 9
01
#103550000
b101011111100100 '
b101011111100100 T
b101011111100100 (
b101011111100100 S
b1011 &
b1011 U
b100010 W
b100011 %
b100011 V
b10101 H
b10101 a
b10110 g
b10111 f
b100010 h
b10101 t
11
#103560000
b100011 9
01
#103570000
b10110 H
b10110 a
b10111 g
b11000 f
b11101010011000000 j
b10011100010000000 i
b100011 h
b1100 &
b1100 U
b100011 W
b100100 %
b100100 V
b10101 t
11
#103580000
b100100 9
01
#103590000
b1101 &
b1101 U
b100100 W
b100101 %
b100101 V
b10111 H
b10111 a
b11000 g
b11001 f
b100100 h
b10101 t
11
#103600000
b100101 9
01
#103610000
b11000 H
b11000 a
b11001 g
b11010 f
b100101 h
b1110 &
b1110 U
b100101 W
b100110 %
b100110 V
b10101 t
11
#103620000
b100110 9
01
#103630000
b1111 &
b1111 U
b100110 W
b100111 %
b100111 V
b11001 H
b11001 a
b11010 g
b11011 f
b100110 h
b10101 t
11
#103640000
b100111 9
01
#103650000
b11010 H
b11010 a
b11011 g
b11100 f
b10011100010000000 j
b100111 h
b10000 &
b10000 U
b100111 W
b101000 %
b101000 V
b10101 t
11
#103660000
b101000 9
01
#103670000
b100111000100000 `
b10001 &
b10001 U
b101000 W
b101001 %
b101001 V
b11011 H
b11011 a
b11100 g
b1001110001000000000 o
b11101 f
b101000 h
b10101 t
11
#103680000
b101001 9
01
#103690000
b11100 H
b11100 a
b100111000100000 C
b100111000100000 q
b100111000100000 E
b100111000100000 p
b11101 g
b11110 f
b1110101001100000 b
b101001 h
b10010 &
b10010 U
b101001 W
b101010 %
b101010 V
b10101 t
11
#103700000
b101010 9
01
#103710000
b100111000100000 '
b100111000100000 T
b100111000100000 (
b100111000100000 S
b10011 &
b10011 U
b101010 W
b101011 %
b101011 V
b11101 H
b11101 a
b11110 g
b1110101001100000 c
b11111 f
b100111000100000 b
b101010 h
b10101 t
11
#103720000
b101011 9
01
#103730000
b11110 H
b11110 a
b1110101001100000 G
b1110101001100000 d
1F
b11111 g
b100111000100000 c
b100000 f
b101011 h
b10100 &
b10100 U
b101011 W
b101100 %
b101100 V
b10101 t
11
#103740000
b101100 9
01
#103750000
b1 ,
b1 O
b11110 $
b11110 [
b1000000000000000000000000000000 +
b1000000000000000000000000000000 P
b10101 &
b10101 U
b101100 W
b101101 %
b101101 V
b11111 H
b11111 a
b100111000100000 G
b100111000100000 d
0F
b100000 g
b100001 f
b11101010011000000 k
b101100 h
b10101 t
11
#103760000
b101101 9
01
#103770000
b101011111100100 `
b100000 H
b100000 a
b100001 g
b1010111111001000000 o
b100010 f
b101101 h
b10110 &
b10110 U
b101101 W
b101110 %
b101110 V
b10101 t
11
#103780000
b101110 9
01
#103790000
b10111 &
b10111 U
b101110 W
b101111 %
b101111 V
b100001 H
b100001 a
b101011111100100 C
b101011111100100 q
b101011111100100 E
b101011111100100 p
b100010 g
b100011 f
b101110 h
b10101 t
11
#103800000
b101111 9
01
#103810000
b100010 H
b100010 a
b100011 g
b100100 f
b101111 h
b101011111100100 '
b101011111100100 T
b101011111100100 (
b101011111100100 S
b11000 &
b11000 U
b101111 W
b110000 %
b110000 V
b10101 t
11
#103820000
b110000 9
01
#103830000
b11001 &
b11001 U
b110000 W
b110001 %
b110001 V
b100011 H
b100011 a
b100100 g
b100101 f
b11101010011000000 l
b10011100010000000 k
b110000 h
b10101 t
11
#103840000
b110001 9
01
#103850000
b100100 H
b100100 a
b100101 g
b100110 f
b110001 h
b11010 &
b11010 U
b110001 W
b110010 %
b110010 V
b10101 t
11
#103860000
b110010 9
01
#103870000
b11011 &
b11011 U
b110010 W
b110011 %
b110011 V
b100101 H
b100101 a
b100110 g
b100111 f
b110010 h
b10101 t
11
#103880000
b110011 9
01
#103890000
b100110 H
b100110 a
b100111 g
b101000 f
b110011 h
b11100 &
b11100 U
b110011 W
b110100 %
b110100 V
b10101 t
11
#103900000
b110100 9
01
#103910000
b11101 &
b11101 U
b110100 W
b110101 %
b110101 V
b100111 H
b100111 a
b101000 g
b101001 f
b10011100010000000 l
b110100 h
b10101 t
11
#103920000
b110101 9
01
#103930000
b100111000100000 `
b101000 H
b101000 a
b101001 g
b1001110001000000000 o
b101010 f
b110101 h
b11110 &
b11110 U
b110101 W
b110110 %
b110110 V
b10101 t
11
#103940000
b110110 9
01
#103950000
b11111 &
b11111 U
b110110 W
b110111 %
b110111 V
b101001 H
b101001 a
b100111000100000 C
b100111000100000 q
b100111000100000 E
b100111000100000 p
b101010 g
b101011 f
b110110 h
b10101 t
11
#103960000
b110111 9
01
#103970000
b101010 H
b101010 a
b101011 g
b101100 f
b110111 h
b100111000100000 '
b100111000100000 T
b100111000100000 (
b100111000100000 S
b100000 &
b100000 U
b110111 W
b111000 %
b111000 V
b10101 t
11
#103980000
b111000 9
01
#103990000
b100001 &
b100001 U
b111000 W
b111001 %
b111001 V
b101011 H
b101011 a
b101100 g
b101101 f
b111000 h
b10101 t
11
#104000000
b111001 9
01
#104010000
b101100 H
b101100 a
b101101 g
b101110 f
b111001 h
b100010 &
b100010 U
b111001 W
b111010 %
b111010 V
b10101 t
11
#104020000
b111010 9
01
#104030000
b100011 &
b100011 U
b111010 W
b111011 %
b111011 V
b101101 H
b101101 a
b101110 g
b101111 f
b111010 h
b10101 t
11
#104040000
b111011 9
01
#104050000
b101110 H
b101110 a
b101111 g
b110000 f
b111011 h
b100100 &
b100100 U
b111011 W
b111100 %
b111100 V
b10101 t
11
#104060000
b111100 9
01
#104070000
b100101 &
b100101 U
b111100 W
b111101 %
b111101 V
b101111 H
b101111 a
b110000 g
b110001 f
b111100 h
b10101 t
11
#104080000
b111101 9
01
#104090000
b110000 H
b110000 a
b110001 g
b110010 f
b111101 h
b100110 &
b100110 U
b111101 W
b111110 %
b111110 V
b10101 t
11
#104100000
b111110 9
01
#104110000
b100111 &
b100111 U
b111110 W
b111111 %
b111111 V
b110001 H
b110001 a
b110010 g
b110011 f
b111110 h
b10101 t
11
#104120000
b111111 9
01
#104130000
b110010 H
b110010 a
b110011 g
b110100 f
b111111 h
b101000 &
b101000 U
b111111 W
b1000000 %
b1000000 V
b10101 t
11
#104140000
b1000000 9
01
#104150000
b101001 &
b101001 U
b1000000 W
b1000001 %
b1000001 V
b110011 H
b110011 a
b110100 g
b110101 f
b1000000 h
b10101 t
11
#104160000
b1000001 9
01
#104170000
b110100 H
b110100 a
b110101 g
b110110 f
b1000001 h
b101010 &
b101010 U
b1000001 W
b1000010 %
b1000010 V
b10101 t
11
#104180000
b1000010 9
01
#104190000
b101011 &
b101011 U
b1000010 W
b1000011 %
b1000011 V
b110101 H
b110101 a
b110110 g
b110111 f
b1000010 h
b10101 t
11
#104200000
b1000011 9
01
#104210000
b110110 H
b110110 a
b110111 g
b111000 f
b1000011 h
b101100 &
b101100 U
b1000011 W
b1000100 %
b1000100 V
b10101 t
11
#104220000
b1000100 9
01
#104230000
b101101 &
b101101 U
b1000100 W
b1000101 %
b1000101 V
b110111 H
b110111 a
b111000 g
b111001 f
b1000100 h
b10101 t
11
#104240000
b1000101 9
01
#104250000
b111000 H
b111000 a
b111001 g
b111010 f
b1000101 h
b101110 &
b101110 U
b1000101 W
b1000110 %
b1000110 V
b10101 t
11
#104260000
b1000110 9
01
#104270000
b101111 &
b101111 U
b1000110 W
b1000111 %
b1000111 V
b111001 H
b111001 a
b111010 g
b111011 f
b1000110 h
b10101 t
11
#104280000
b1000111 9
01
#104290000
b111010 H
b111010 a
b111011 g
b111100 f
b1000111 h
b110000 &
b110000 U
b1000111 W
b1001000 %
b1001000 V
b10101 t
11
#104300000
b1001000 9
01
#104310000
b110001 &
b110001 U
b1001000 W
b1001001 %
b1001001 V
b111011 H
b111011 a
b111100 g
b111101 f
b1001000 h
b10101 t
11
#104320000
b1001001 9
01
#104330000
b111100 H
b111100 a
b111101 g
b111110 f
b1001001 h
b110010 &
b110010 U
b1001001 W
b1001010 %
b1001010 V
b10101 t
11
#104340000
b1001010 9
01
#104350000
b110011 &
b110011 U
b1001010 W
b1001011 %
b1001011 V
b111101 H
b111101 a
b111110 g
b111111 f
b1001010 h
b10101 t
11
#104360000
b1001011 9
01
#104370000
b111110 H
b111110 a
b111111 g
b1000000 f
b1001011 h
b110100 &
b110100 U
b1001011 W
b1001100 %
b1001100 V
b10101 t
11
#104380000
b1001100 9
01
#104390000
b110101 &
b110101 U
b1001100 W
b1001101 %
b1001101 V
b111111 H
b111111 a
b1000000 g
b1000001 f
b1001100 h
b10101 t
11
#104400000
b1001101 9
01
#104410000
b1000000 H
b1000000 a
b1000001 g
b1000010 f
b1001101 h
b110110 &
b110110 U
b1001101 W
b1001110 %
b1001110 V
b10101 t
11
#104420000
b1001110 9
01
#104430000
b110111 &
b110111 U
b1001110 W
b1001111 %
b1001111 V
b1000001 H
b1000001 a
b1000010 g
b1000011 f
b1001110 h
b10101 t
11
#104440000
b1001111 9
01
#104450000
b1000010 H
b1000010 a
b1000011 g
b1000100 f
b1001111 h
b111000 &
b111000 U
b1001111 W
b1010000 %
b1010000 V
b10101 t
11
#104460000
b1010000 9
01
#104470000
b111001 &
b111001 U
b1010000 W
b1010001 %
b1010001 V
b1000011 H
b1000011 a
b1000100 g
b1000101 f
b1010000 h
b10101 t
11
#104480000
b1010001 9
01
#104490000
b1000100 H
b1000100 a
b1000101 g
b1000110 f
b1010001 h
b111010 &
b111010 U
b1010001 W
b1010010 %
b1010010 V
b10101 t
11
#104500000
b1010010 9
01
#104510000
b111011 &
b111011 U
b1010010 W
b1010011 %
b1010011 V
b1000101 H
b1000101 a
b1000110 g
b1000111 f
b1010010 h
b10101 t
11
#104520000
b1010011 9
01
#104530000
b1000110 H
b1000110 a
b1000111 g
b1001000 f
b1010011 h
b111100 &
b111100 U
b1010011 W
b1010100 %
b1010100 V
b10101 t
11
#104540000
b1010100 9
01
#104550000
b111101 &
b111101 U
b1010100 W
b1010101 %
b1010101 V
b1000111 H
b1000111 a
b1001000 g
b1001001 f
b1010100 h
b10101 t
11
#104560000
b1010101 9
01
#104570000
b1001000 H
b1001000 a
b1001001 g
b1001010 f
b1010101 h
b111110 &
b111110 U
b1010101 W
b1010110 %
b1010110 V
b10101 t
11
#104580000
b1010110 9
01
#104590000
b111111 &
b111111 U
b1010110 W
b1010111 %
b1010111 V
b1001001 H
b1001001 a
b1001010 g
b1001011 f
b1010110 h
b10101 t
11
#104600000
b1010111 9
01
#104610000
b1001010 H
b1001010 a
b1001011 g
b1001100 f
b1010111 h
b1000000 &
b1000000 U
b1010111 W
b1011000 %
b1011000 V
b10101 t
11
#104620000
b1011000 9
01
#104630000
b1000001 &
b1000001 U
b1011000 W
b1011001 %
b1011001 V
b1001011 H
b1001011 a
b1001100 g
b1001101 f
b1011000 h
b10101 t
11
#104640000
b1011001 9
01
#104650000
b1001100 H
b1001100 a
b1001101 g
b1001110 f
b1011001 h
b1000010 &
b1000010 U
b1011001 W
b1011010 %
b1011010 V
b10101 t
11
#104660000
b1011010 9
01
#104670000
b1000011 &
b1000011 U
b1011010 W
b1011011 %
b1011011 V
b1001101 H
b1001101 a
b1001110 g
b1001111 f
b1011010 h
b10101 t
11
#104680000
b1011011 9
01
#104690000
b1001110 H
b1001110 a
b1001111 g
b1010000 f
b1011011 h
b1000100 &
b1000100 U
b1011011 W
b1011100 %
b1011100 V
b10101 t
11
#104700000
b1011100 9
01
#104710000
b1000101 &
b1000101 U
b1011100 W
b1011101 %
b1011101 V
b1001111 H
b1001111 a
b1010000 g
b1010001 f
b1011100 h
b10101 t
11
#104720000
b1011101 9
01
#104730000
b1010000 H
b1010000 a
b1010001 g
b1010010 f
b1011101 h
b1000110 &
b1000110 U
b1011101 W
b1011110 %
b1011110 V
b10101 t
11
#104740000
b1011110 9
01
#104750000
b1000111 &
b1000111 U
b1011110 W
b1011111 %
b1011111 V
b1010001 H
b1010001 a
b1010010 g
b1010011 f
b1011110 h
b10101 t
11
#104760000
b1011111 9
01
#104770000
b1010010 H
b1010010 a
b1010011 g
b1010100 f
b1011111 h
b1001000 &
b1001000 U
b1011111 W
b1100000 %
b1100000 V
b10101 t
11
#104780000
b1100000 9
01
#104790000
b1001001 &
b1001001 U
b1100000 W
b1100001 %
b1100001 V
b1010011 H
b1010011 a
b1010100 g
b1010101 f
b1100000 h
b10101 t
11
#104800000
b1100001 9
01
#104810000
b1010100 H
b1010100 a
b1010101 g
b1010110 f
b1100001 h
b1001010 &
b1001010 U
b1100001 W
b1100010 %
b1100010 V
b10101 t
11
#104820000
b1100010 9
01
#104830000
b1001011 &
b1001011 U
b1100010 W
b1100011 %
b1100011 V
b1010101 H
b1010101 a
b1010110 g
b1010111 f
b1100010 h
b10101 t
11
#104840000
b1100011 9
01
#104850000
b1010110 H
b1010110 a
b1010111 g
b1011000 f
b1100011 h
b1001100 &
b1001100 U
b1100011 W
b1100100 %
b1100100 V
b10101 t
11
#104860000
b1100100 9
01
#104870000
0B
b1001101 &
b1001101 U
b11 Z
b1100101 %
b1100101 V
b1010111 H
b1010111 a
b1011000 g
b1011001 f
b1100100 h
b10101 t
11
#104880000
b1100101 9
01
#104890000
b1011000 H
b1011000 a
b1011001 g
0r
b1001110 &
b1001110 U
b1100110 %
b1100110 V
11
#104900000
b1100110 9
01
#104910000
b1001111 &
b1001111 U
b1100111 %
b1100111 V
b1011001 H
b1011001 a
0s
11
#104920000
b1100111 9
01
#104930000
0D
b1010000 &
b1010000 U
1*
0-
b0 Z
b1101000 %
b1101000 V
11
#104940000
b11001 >
b1 v
b1000000000000000000000000000000 2
b1101000 9
01
#104950000
11
#104960000
01
#104970000
11
#104980000
01
#104990000
11
#105000000
01
#105010000
11
#105020000
01
#105030000
11
#105040000
01
#105050000
11
#105060000
01
#105070000
11
#105080000
01
#105090000
11
#105100000
b1 w
b1 ;
01
#105110000
11
#105120000
b11001 4
13
b11 7
b11 A
01
#105130000
11
#105140000
18
01
#105150000
1?
1-
b1 Z
b0 %
b0 V
b0 W
b0 '
b0 T
b0 (
b0 S
b1111111111111111 $
b1111111111111111 [
b0 +
b0 P
b0 &
b0 U
b0 ,
b0 O
0*
b11010 )
b11010 Q
10
1Y
11
#105160000
b0 9
03
b0 7
b0 A
08
01
#105170000
b0 `
1B
0?
b0 H
b0 a
b0 G
b0 d
b0 E
b0 p
b0 C
b0 q
b0 o
b0 g
b0 c
b0 f
b0 b
b0 l
b0 k
b0 j
b0 i
b0 h
b0 e
b10 Z
b1 %
b1 V
0Y
b10101 t
11
#105180000
b1 9
01
#105190000
0B
b10 R
b1 W
b10 %
b10 V
b1 h
b1 e
b10101 t
11
#105200000
b10 9
01
#105210000
b1 R
b11 %
b11 V
11
#105220000
b11 9
01
#105230000
1B
b0 R
b100 %
b100 V
11
#105240000
b100 9
01
#105250000
0B
b10 h
b10 e
b10 R
b10 W
b101 %
b101 V
b10101 t
11
#105260000
b101 9
01
#105270000
b1 R
b110 %
b110 V
11
#105280000
b110 9
01
#105290000
1B
b0 R
b111 %
b111 V
11
#105300000
b111 9
01
#105310000
0B
b10 R
b11 W
b1000 %
b1000 V
b11 h
b11 e
b10101 t
11
#105320000
b1000 9
01
#105330000
b1 R
b1001 %
b1001 V
11
#105340000
b1001 9
01
#105350000
1B
b0 R
b1010 %
b1010 V
11
#105360000
b1010 9
01
#105370000
0B
b100 h
b100 e
b10 R
b100 W
b1011 %
b1011 V
b10101 t
11
#105380000
b1011 9
01
#105390000
b1 R
b1100 %
b1100 V
11
#105400000
b1100 9
01
#105410000
1B
b0 R
b1101 %
b1101 V
11
#105420000
b1101 9
01
#105430000
0B
b10 R
b101 W
b1110 %
b1110 V
b101 h
b101 e
b10101 t
11
#105440000
b1110 9
01
#105450000
b1 R
b1111 %
b1111 V
11
#105460000
b1111 9
01
#105470000
1B
b0 R
b10000 %
b10000 V
11
#105480000
b10000 9
01
#105490000
0B
b110 h
b110 e
b10 R
b110 W
b10001 %
b10001 V
b10101 t
11
#105500000
b10001 9
01
#105510000
b1 R
b10010 %
b10010 V
11
#105520000
b10010 9
01
#105530000
1B
b0 R
b10011 %
b10011 V
11
#105540000
b10011 9
01
#105550000
0B
b10 R
b111 W
b10100 %
b10100 V
b111 h
b111 e
b10101 t
11
#105560000
b10100 9
01
#105570000
b1 R
b10101 %
b10101 V
11
#105580000
b10101 9
01
#105590000
1B
b0 R
b10110 %
b10110 V
11
#105600000
b10110 9
01
#105610000
0B
b1000 h
b1000 e
b10 R
b1000 W
b10111 %
b10111 V
b10101 t
11
#105620000
b10111 9
01
#105630000
b1 R
b11000 %
b11000 V
11
#105640000
b11000 9
01
#105650000
1B
b0 R
b11001 %
b11001 V
11
#105660000
b11001 9
01
#105670000
0B
b10 R
b1001 W
b11010 %
b11010 V
b1001 h
b1001 e
b10101 t
11
#105680000
b11010 9
01
#105690000
b1 R
b11011 %
b11011 V
11
#105700000
b11011 9
01
#105710000
1B
b0 R
b11100 %
b11100 V
11
#105720000
b11100 9
01
#105730000
0B
b1010 h
b1010 e
b10 R
b1010 W
b11101 %
b11101 V
b10101 t
11
#105740000
b11101 9
01
#105750000
b1 R
b11110 %
b11110 V
11
#105760000
b11110 9
01
#105770000
1B
b0 R
b11111 %
b11111 V
11
#105780000
b11111 9
01
#105790000
0B
b10 R
b1011 W
b100000 %
b100000 V
b1011 h
b1011 e
b10101 t
11
#105800000
b100000 9
01
#105810000
b1 R
b100001 %
b100001 V
11
#105820000
b100001 9
01
#105830000
1B
b0 R
b100010 %
b100010 V
11
#105840000
b100010 9
01
#105850000
0B
b1100 h
b1100 e
b10 R
b1100 W
b100011 %
b100011 V
b10101 t
11
#105860000
b100011 9
01
#105870000
b1 R
b100100 %
b100100 V
11
#105880000
b100100 9
01
#105890000
1B
b0 R
b100101 %
b100101 V
11
#105900000
b100101 9
01
#105910000
0B
b10 R
b1101 W
b100110 %
b100110 V
b1101 h
b1101 e
b10101 t
11
#105920000
b100110 9
01
#105930000
b1 R
b100111 %
b100111 V
11
#105940000
b100111 9
01
#105950000
1B
b0 R
b101000 %
b101000 V
11
#105960000
b101000 9
01
#105970000
0B
b1110 h
b1110 e
b10 R
b1110 W
b101001 %
b101001 V
b10101 t
11
#105980000
b101001 9
01
#105990000
b1 R
b101010 %
b101010 V
11
#106000000
b101010 9
01
#106010000
1B
b0 R
b101011 %
b101011 V
11
#106020000
b101011 9
01
#106030000
0B
b10 R
b1111 W
b101100 %
b101100 V
b1111 h
b1111 e
b10101 t
11
#106040000
b101100 9
01
#106050000
b1 R
b101101 %
b101101 V
11
#106060000
b101101 9
01
#106070000
1B
b0 R
b101110 %
b101110 V
11
#106080000
b101110 9
01
#106090000
0B
b10000 h
b10000 e
b10 R
b10000 W
b101111 %
b101111 V
b10101 t
11
#106100000
b101111 9
01
#106110000
b1 R
b110000 %
b110000 V
11
#106120000
b110000 9
01
#106130000
1B
b0 R
b110001 %
b110001 V
11
#106140000
b110001 9
01
#106150000
0B
b10 R
b10001 W
b110010 %
b110010 V
b10001 h
b10001 e
b10101 t
11
#106160000
b110010 9
01
#106170000
b1 R
b110011 %
b110011 V
11
#106180000
b110011 9
01
#106190000
1B
b0 R
b110100 %
b110100 V
11
#106200000
b110100 9
01
#106210000
0B
b10010 h
b10010 e
b10 R
b10010 W
b110101 %
b110101 V
b10101 t
11
#106220000
b110101 9
01
#106230000
b1 R
b110110 %
b110110 V
11
#106240000
b110110 9
01
#106250000
1B
b0 R
b110111 %
b110111 V
11
#106260000
b110111 9
01
#106270000
0B
b10 R
b10011 W
b111000 %
b111000 V
b10011 h
b10011 e
b10101 t
11
#106280000
b111000 9
01
#106290000
b1 R
b111001 %
b111001 V
11
#106300000
b111001 9
01
#106310000
1B
b0 R
b111010 %
b111010 V
11
#106320000
b111010 9
01
#106330000
0B
b10100 h
b10100 e
b10 R
b10100 W
b111011 %
b111011 V
b10101 t
11
#106340000
b111011 9
01
#106350000
b1 R
b111100 %
b111100 V
11
#106360000
b111100 9
01
#106370000
1B
b0 R
b111101 %
b111101 V
11
#106380000
b111101 9
01
#106390000
0B
b10 R
b10101 W
b111110 %
b111110 V
b1010 f
b100111000100000 b
b10011100010000000 l
b10011100010000000 k
b10011100010000000 j
b10011100010000000 i
b10101 h
b10101 e
1r
b10101 t
11
#106400000
b111110 9
01
#106410000
b100111000100000 `
b1010 g
b100111000100000 c
b1001110001000000000 o
1s
0r
b1 R
b111111 %
b111111 V
11
#106420000
b111111 9
01
#106430000
1B
b0 R
b1000000 %
b1000000 V
b1010 H
b1010 a
b100111000100000 G
b100111000100000 d
b100111000100000 C
b100111000100000 q
b100111000100000 E
b100111000100000 p
1D
0s
11
#106440000
b1000000 9
01
#106450000
0B
0D
b1011 f
b10110 h
1r
b100111000100000 '
b100111000100000 T
b100111000100000 (
b100111000100000 S
b1 &
b1 U
b10 R
b10110 W
b1000001 %
b1000001 V
b10101 t
11
#106460000
b1000001 9
01
#106470000
b1 R
b1000010 %
b1000010 V
b1011 g
1s
0r
11
#106480000
b1000010 9
01
#106490000
1B
b1011 H
b1011 a
1D
0s
b0 R
b1000011 %
b1000011 V
11
#106500000
b1000011 9
01
#106510000
0B
b10 &
b10 U
b10 R
b10111 W
b1000100 %
b1000100 V
0D
b1100 f
b10111 h
1r
b10101 t
11
#106520000
b1000100 9
01
#106530000
b1100 g
1s
0r
b1 R
b1000101 %
b1000101 V
11
#106540000
b1000101 9
01
#106550000
1B
b0 R
b1000110 %
b1000110 V
b1100 H
b1100 a
1D
0s
11
#106560000
b1000110 9
01
#106570000
0B
0D
b1101 f
b11000 h
1r
b11 &
b11 U
b10 R
b11000 W
b1000111 %
b1000111 V
b10101 t
11
#106580000
b1000111 9
01
#106590000
b1 R
b1001000 %
b1001000 V
b1101 g
1s
0r
11
#106600000
b1001000 9
01
#106610000
1B
b1101 H
b1101 a
1D
0s
b0 R
b1001001 %
b1001001 V
11
#106620000
b1001001 9
01
#106630000
0B
b100 &
b100 U
b10 R
b11001 W
b1001010 %
b1001010 V
0D
b1110 f
b11001 h
1r
b10101 t
11
#106640000
b1001010 9
01
#106650000
b1110 g
1s
0r
b1 R
b1001011 %
b1001011 V
11
#106660000
b1001011 9
01
#106670000
1B
b0 R
b1001100 %
b1001100 V
b1110 H
b1110 a
1D
0s
11
#106680000
b1001100 9
01
#106690000
0B
0D
b1111 f
b11010 h
1r
b101 &
b101 U
b10 R
b11010 W
b1001101 %
b1001101 V
b10101 t
11
#106700000
b1001101 9
01
#106710000
b1 R
b1001110 %
b1001110 V
b1111 g
1s
0r
11
#106720000
b1001110 9
01
#106730000
1B
b1111 H
b1111 a
1D
0s
b0 R
b1001111 %
b1001111 V
11
#106740000
b1001111 9
01
#106750000
0B
b110 &
b110 U
b10 R
b11011 W
b1010000 %
b1010000 V
0D
b10000 f
b11011 h
1r
b10101 t
11
#106760000
b1010000 9
01
#106770000
b10000 g
1s
0r
b1 R
b1010001 %
b1010001 V
11
#106780000
b1010001 9
01
#106790000
1B
b0 R
b1010010 %
b1010010 V
b10000 H
b10000 a
1D
0s
11
#106800000
b1010010 9
01
#106810000
0B
0D
b10001 f
b11100 h
1r
b111 &
b111 U
b10 R
b11100 W
b1010011 %
b1010011 V
b10101 t
11
#106820000
b1010011 9
01
#106830000
b1 R
b1010100 %
b1010100 V
b10001 g
1s
0r
11
#106840000
b1010100 9
01
#106850000
1B
b10001 H
b10001 a
1D
0s
b0 R
b1010101 %
b1010101 V
11
#106860000
b1010101 9
01
#106870000
0B
b1000 &
b1000 U
b10 R
b11101 W
b1010110 %
b1010110 V
0D
b10010 f
b11101 h
1r
b10101 t
11
#106880000
b1010110 9
01
#106890000
b10010 g
1s
0r
b1 R
b1010111 %
b1010111 V
11
#106900000
b1010111 9
01
#106910000
1B
b0 R
b1011000 %
b1011000 V
b10010 H
b10010 a
1D
0s
11
#106920000
b1011000 9
01
#106930000
0B
b1110101001100000 X
b1110101001100000 ^
0D
b10011 f
b11110 h
1r
b1001 &
b1001 U
b10 R
b11110 W
b1011001 %
b1011001 V
b10101 t
11
#106940000
b1011001 9
01
#106950000
b1 R
b1011010 %
b1011010 V
b10011 g
1s
0r
11
#106960000
b1011010 9
01
#106970000
1B
b10011 H
b10011 a
1D
0s
b0 R
b1011011 %
b1011011 V
11
#106980000
b1011011 9
01
#106990000
0B
b100111000100000 X
b100111000100000 ^
b1010 &
b1010 U
b10 R
b11111 W
b1011100 %
b1011100 V
0D
b10100 f
b11101010011000000 i
b11111 h
1r
b10101 t
11
#107000000
b1011100 9
01
#107010000
b101011111100100 `
b10100 g
b1010111111001000000 o
1s
0r
b1 R
b1011101 %
b1011101 V
11
#107020000
b1011101 9
01
#107030000
1B
b0 R
b1011110 %
b1011110 V
b10100 H
b10100 a
b101011111100100 C
b101011111100100 q
b101011111100100 E
b101011111100100 p
1D
0s
11
#107040000
b1011110 9
01
#107050000
0B
0D
b10101 f
b100000 h
1r
b101011111100100 '
b101011111100100 T
b101011111100100 (
b101011111100100 S
b1011 &
b1011 U
b10 R
b100000 W
b1011111 %
b1011111 V
b10101 t
11
#107060000
b1011111 9
01
#107070000
b1 R
b1100000 %
b1100000 V
b10101 g
1s
0r
11
#107080000
b1100000 9
01
#107090000
1B
b10101 H
b10101 a
1D
0s
b0 R
b1100001 %
b1100001 V
11
#107100000
b1100001 9
01
#107110000
0B
b1100 &
b1100 U
b10 R
b100001 W
b1100010 %
b1100010 V
0D
b10110 f
b100001 h
1r
b10101 t
11
#107120000
b1100010 9
01
#107130000
b10110 g
1s
0r
b1 R
b1100011 %
b1100011 V
11
#107140000
b1100011 9
01
#107150000
1B
b0 R
b1100100 %
b1100100 V
b10110 H
b10110 a
1D
0s
11
#107160000
b1100100 9
01
#107170000
0B
0D
b10111 f
b100010 h
1r
b1101 &
b1101 U
b10 R
b100010 W
b1100101 %
b1100101 V
b10101 t
11
#107180000
b1100101 9
01
#107190000
b1 R
b1100110 %
b1100110 V
b10111 g
1s
0r
11
#107200000
b1100110 9
01
#107210000
1B
b10111 H
b10111 a
1D
0s
b0 R
b1100111 %
b1100111 V
11
#107220000
b1100111 9
01
#107230000
0B
b1110 &
b1110 U
b10 R
b100011 W
b1101000 %
b1101000 V
0D
b11000 f
b11101010011000000 j
b10011100010000000 i
b100011 h
1r
b10101 t
11
#107240000
b1101000 9
01
#107250000
b11000 g
1s
0r
b1 R
b1101001 %
b1101001 V
11
#107260000
b1101001 9
01
#107270000
1B
b0 R
b1101010 %
b1101010 V
b11000 H
b11000 a
1D
0s
11
#107280000
b1101010 9
01
#107290000
0B
0D
b11001 f
b100100 h
1r
b1111 &
b1111 U
b10 R
b100100 W
b1101011 %
b1101011 V
b10101 t
11
#107300000
b1101011 9
01
#107310000
b1 R
b1101100 %
b1101100 V
b11001 g
1s
0r
11
#107320000
b1101100 9
01
#107330000
1B
b11001 H
b11001 a
1D
0s
b0 R
b1101101 %
b1101101 V
11
#107340000
b1101101 9
01
#107350000
0B
b10000 &
b10000 U
b10 R
b100101 W
b1101110 %
b1101110 V
0D
b11010 f
b100101 h
1r
b10101 t
11
#107360000
b1101110 9
01
#107370000
b11010 g
1s
0r
b1 R
b1101111 %
b1101111 V
11
#107380000
b1101111 9
01
#107390000
1B
b0 R
b1110000 %
b1110000 V
b11010 H
b11010 a
1D
0s
11
#107400000
b1110000 9
01
#107410000
0B
0D
b11011 f
b100110 h
1r
b10001 &
b10001 U
b10 R
b100110 W
b1110001 %
b1110001 V
b10101 t
11
#107420000
b1110001 9
01
#107430000
b1 R
b1110010 %
b1110010 V
b11011 g
1s
0r
11
#107440000
b1110010 9
01
#107450000
1B
b11011 H
b11011 a
1D
0s
b0 R
b1110011 %
b1110011 V
11
#107460000
b1110011 9
01
#107470000
0B
b10010 &
b10010 U
b10 R
b100111 W
b1110100 %
b1110100 V
0D
b11100 f
b10011100010000000 j
b100111 h
1r
b10101 t
11
#107480000
b1110100 9
01
#107490000
b100111000100000 `
b11100 g
b1001110001000000000 o
1s
0r
b1 R
b1110101 %
b1110101 V
11
#107500000
b1110101 9
01
#107510000
1B
b0 R
b1110110 %
b1110110 V
b11100 H
b11100 a
b100111000100000 C
b100111000100000 q
b100111000100000 E
b100111000100000 p
1D
0s
11
#107520000
b1110110 9
01
#107530000
0B
0D
b11101 f
b101000 h
1r
b100111000100000 '
b100111000100000 T
b100111000100000 (
b100111000100000 S
b10011 &
b10011 U
b10 R
b101000 W
b1110111 %
b1110111 V
b10101 t
11
#107540000
b1110111 9
01
#107550000
b1 R
b1111000 %
b1111000 V
b11101 g
1s
0r
11
#107560000
b1111000 9
01
#107570000
1B
b11101 H
b11101 a
1D
0s
b0 R
b1111001 %
b1111001 V
11
#107580000
b1111001 9
01
#107590000
0B
b10100 &
b10100 U
b10 R
b101001 W
b1111010 %
b1111010 V
0D
b11110 f
b1110101001100000 b
b101001 h
1r
b10101 t
11
#107600000
b1111010 9
01
#107610000
b11110 g
b1110101001100000 c
1s
0r
b1 R
b1111011 %
b1111011 V
11
#107620000
b1111011 9
01
#107630000
1B
b0 R
b1111100 %
b1111100 V
b11110 H
b11110 a
b1110101001100000 G
b1110101001100000 d
1F
1D
0s
11
#107640000
b1111100 9
01
#107650000
0B
0F
0D
b11111 f
b100111000100000 b
b101010 h
1r
b1 ,
b1 O
b11110 $
b11110 [
b1000000000000000000000000000000 +
b1000000000000000000000000000000 P
b10101 &
b10101 U
b10 R
b101010 W
b1111101 %
b1111101 V
b10101 t
11
#107660000
b1111101 9
01
#107670000
b1 R
b1111110 %
b1111110 V
b11111 g
b100111000100000 c
1s
0r
11
#107680000
b1111110 9
01
#107690000
1B
b11111 H
b11111 a
b100111000100000 G
b100111000100000 d
1D
0s
b0 R
b1111111 %
b1111111 V
11
#107700000
b1111111 9
01
#107710000
0B
b10110 &
b10110 U
b10 R
b101011 W
b10000000 %
b10000000 V
0D
b100000 f
b101011 h
1r
b10101 t
11
#107720000
b10000000 9
01
#107730000
b100000 g
1s
0r
b1 R
b10000001 %
b10000001 V
11
#107740000
b10000001 9
01
#107750000
1B
b0 R
b10000010 %
b10000010 V
b100000 H
b100000 a
1D
0s
11
#107760000
b10000010 9
01
#107770000
0B
0D
b100001 f
b11101010011000000 k
b101100 h
1r
b10111 &
b10111 U
b10 R
b101100 W
b10000011 %
b10000011 V
b10101 t
11
#107780000
b10000011 9
01
#107790000
b101011111100100 `
b1 R
b10000100 %
b10000100 V
b100001 g
b1010111111001000000 o
1s
0r
11
#107800000
b10000100 9
01
#107810000
1B
b100001 H
b100001 a
b101011111100100 C
b101011111100100 q
b101011111100100 E
b101011111100100 p
1D
0s
b0 R
b10000101 %
b10000101 V
11
#107820000
b10000101 9
01
#107830000
0B
b101011111100100 '
b101011111100100 T
b101011111100100 (
b101011111100100 S
b11000 &
b11000 U
b10 R
b101101 W
b10000110 %
b10000110 V
0D
b100010 f
b101101 h
1r
b10101 t
11
#107840000
b10000110 9
01
#107850000
b100010 g
1s
0r
b1 R
b10000111 %
b10000111 V
11
#107860000
b10000111 9
01
#107870000
1B
b0 R
b10001000 %
b10001000 V
b100010 H
b100010 a
1D
0s
11
#107880000
b10001000 9
01
#107890000
0B
0D
b100011 f
b101110 h
1r
b11001 &
b11001 U
b10 R
b101110 W
b10001001 %
b10001001 V
b10101 t
11
#107900000
b10001001 9
01
#107910000
b1 R
b10001010 %
b10001010 V
b100011 g
1s
0r
11
#107920000
b10001010 9
01
#107930000
1B
b100011 H
b100011 a
1D
0s
b0 R
b10001011 %
b10001011 V
11
#107940000
b10001011 9
01
#107950000
0B
b11010 &
b11010 U
b10 R
b101111 W
b10001100 %
b10001100 V
0D
b100100 f
b101111 h
1r
b10101 t
11
#107960000
b10001100 9
01
#107970000
b100100 g
1s
0r
b1 R
b10001101 %
b10001101 V
11
#107980000
b10001101 9
01
#107990000
1B
b0 R
b10001110 %
b10001110 V
b100100 H
b100100 a
1D
0s
11
#108000000
b10001110 9
01
#108010000
0B
0D
b100101 f
b11101010011000000 l
b10011100010000000 k
b110000 h
1r
b11011 &
b11011 U
b10 R
b110000 W
b10001111 %
b10001111 V
b10101 t
11
#108020000
b10001111 9
01
#108030000
b1 R
b10010000 %
b10010000 V
b100101 g
1s
0r
11
#108040000
b10010000 9
01
#108050000
1B
b100101 H
b100101 a
1D
0s
b0 R
b10010001 %
b10010001 V
11
#108060000
b10010001 9
01
#108070000
0B
b11100 &
b11100 U
b10 R
b110001 W
b10010010 %
b10010010 V
0D
b100110 f
b110001 h
1r
b10101 t
11
#108080000
b10010010 9
01
#108090000
b100110 g
1s
0r
b1 R
b10010011 %
b10010011 V
11
#108100000
b10010011 9
01
#108110000
1B
b0 R
b10010100 %
b10010100 V
b100110 H
b100110 a
1D
0s
11
#108120000
b10010100 9
01
#108130000
0B
0D
b100111 f
b110010 h
1r
b11101 &
b11101 U
b10 R
b110010 W
b10010101 %
b10010101 V
b10101 t
11
#108140000
b10010101 9
01
#108150000
b1 R
b10010110 %
b10010110 V
b100111 g
1s
0r
11
#108160000
b10010110 9
01
#108170000
1B
b100111 H
b100111 a
1D
0s
b0 R
b10010111 %
b10010111 V
11
#108180000
b10010111 9
01
#108190000
0B
b11110 &
b11110 U
b10 R
b110011 W
b10011000 %
b10011000 V
0D
b101000 f
b110011 h
1r
b10101 t
11
#108200000
b10011000 9
01
#108210000
b101000 g
1s
0r
b1 R
b10011001 %
b10011001 V
11
#108220000
b10011001 9
01
#108230000
1B
b0 R
b10011010 %
b10011010 V
b101000 H
b101000 a
1D
0s
11
#108240000
b10011010 9
01
#108250000
0B
0D
b101001 f
b10011100010000000 l
b110100 h
1r
b11111 &
b11111 U
b10 R
b110100 W
b10011011 %
b10011011 V
b10101 t
11
#108260000
b10011011 9
01
#108270000
b100111000100000 `
b1 R
b10011100 %
b10011100 V
b101001 g
b1001110001000000000 o
1s
0r
11
#108280000
b10011100 9
01
#108290000
1B
b101001 H
b101001 a
b100111000100000 C
b100111000100000 q
b100111000100000 E
b100111000100000 p
1D
0s
b0 R
b10011101 %
b10011101 V
11
#108300000
b10011101 9
01
#108310000
0B
b100111000100000 '
b100111000100000 T
b100111000100000 (
b100111000100000 S
b100000 &
b100000 U
b10 R
b110101 W
b10011110 %
b10011110 V
0D
b101010 f
b110101 h
1r
b10101 t
11
#108320000
b10011110 9
01
#108330000
b101010 g
1s
0r
b1 R
b10011111 %
b10011111 V
11
#108340000
b10011111 9
01
#108350000
1B
b0 R
b10100000 %
b10100000 V
b101010 H
b101010 a
1D
0s
11
#108360000
b10100000 9
01
#108370000
0B
0D
b101011 f
b110110 h
1r
b100001 &
b100001 U
b10 R
b110110 W
b10100001 %
b10100001 V
b10101 t
11
#108380000
b10100001 9
01
#108390000
b1 R
b10100010 %
b10100010 V
b101011 g
1s
0r
11
#108400000
b10100010 9
01
#108410000
1B
b101011 H
b101011 a
1D
0s
b0 R
b10100011 %
b10100011 V
11
#108420000
b10100011 9
01
#108430000
0B
b100010 &
b100010 U
b10 R
b110111 W
b10100100 %
b10100100 V
0D
b101100 f
b110111 h
1r
b10101 t
11
#108440000
b10100100 9
01
#108450000
b101100 g
1s
0r
b1 R
b10100101 %
b10100101 V
11
#108460000
b10100101 9
01
#108470000
1B
b0 R
b10100110 %
b10100110 V
b101100 H
b101100 a
1D
0s
11
#108480000
b10100110 9
01
#108490000
0B
0D
b101101 f
b111000 h
1r
b100011 &
b100011 U
b10 R
b111000 W
b10100111 %
b10100111 V
b10101 t
11
#108500000
b10100111 9
01
#108510000
b1 R
b10101000 %
b10101000 V
b101101 g
1s
0r
11
#108520000
b10101000 9
01
#108530000
1B
b101101 H
b101101 a
1D
0s
b0 R
b10101001 %
b10101001 V
11
#108540000
b10101001 9
01
#108550000
0B
b100100 &
b100100 U
b10 R
b111001 W
b10101010 %
b10101010 V
0D
b101110 f
b111001 h
1r
b10101 t
11
#108560000
b10101010 9
01
#108570000
b101110 g
1s
0r
b1 R
b10101011 %
b10101011 V
11
#108580000
b10101011 9
01
#108590000
1B
b0 R
b10101100 %
b10101100 V
b101110 H
b101110 a
1D
0s
11
#108600000
b10101100 9
01
#108610000
0B
0D
b101111 f
b111010 h
1r
b100101 &
b100101 U
b10 R
b111010 W
b10101101 %
b10101101 V
b10101 t
11
#108620000
b10101101 9
01
#108630000
b1 R
b10101110 %
b10101110 V
b101111 g
1s
0r
11
#108640000
b10101110 9
01
#108650000
1B
b101111 H
b101111 a
1D
0s
b0 R
b10101111 %
b10101111 V
11
#108660000
b10101111 9
01
#108670000
0B
b100110 &
b100110 U
b10 R
b111011 W
b10110000 %
b10110000 V
0D
b110000 f
b111011 h
1r
b10101 t
11
#108680000
b10110000 9
01
#108690000
b110000 g
1s
0r
b1 R
b10110001 %
b10110001 V
11
#108700000
b10110001 9
01
#108710000
1B
b0 R
b10110010 %
b10110010 V
b110000 H
b110000 a
1D
0s
11
#108720000
b10110010 9
01
#108730000
0B
0D
b110001 f
b111100 h
1r
b100111 &
b100111 U
b10 R
b111100 W
b10110011 %
b10110011 V
b10101 t
11
#108740000
b10110011 9
01
#108750000
b1 R
b10110100 %
b10110100 V
b110001 g
1s
0r
11
#108760000
b10110100 9
01
#108770000
1B
b110001 H
b110001 a
1D
0s
b0 R
b10110101 %
b10110101 V
11
#108780000
b10110101 9
01
#108790000
0B
b101000 &
b101000 U
b10 R
b111101 W
b10110110 %
b10110110 V
0D
b110010 f
b111101 h
1r
b10101 t
11
#108800000
b10110110 9
01
#108810000
b110010 g
1s
0r
b1 R
b10110111 %
b10110111 V
11
#108820000
b10110111 9
01
#108830000
1B
b0 R
b10111000 %
b10111000 V
b110010 H
b110010 a
1D
0s
11
#108840000
b10111000 9
01
#108850000
0B
0D
b110011 f
b111110 h
1r
b101001 &
b101001 U
b10 R
b111110 W
b10111001 %
b10111001 V
b10101 t
11
#108860000
b10111001 9
01
#108870000
b1 R
b10111010 %
b10111010 V
b110011 g
1s
0r
11
#108880000
b10111010 9
01
#108890000
1B
b110011 H
b110011 a
1D
0s
b0 R
b10111011 %
b10111011 V
11
#108900000
b10111011 9
01
#108910000
0B
b101010 &
b101010 U
b10 R
b111111 W
b10111100 %
b10111100 V
0D
b110100 f
b111111 h
1r
b10101 t
11
#108920000
b10111100 9
01
#108930000
b110100 g
1s
0r
b1 R
b10111101 %
b10111101 V
11
#108940000
b10111101 9
01
#108950000
1B
b0 R
b10111110 %
b10111110 V
b110100 H
b110100 a
1D
0s
11
#108960000
b10111110 9
01
#108970000
0B
0D
b110101 f
b1000000 h
1r
b101011 &
b101011 U
b10 R
b1000000 W
b10111111 %
b10111111 V
b10101 t
11
#108980000
b10111111 9
01
#108990000
b1 R
b11000000 %
b11000000 V
b110101 g
1s
0r
11
#109000000
b11000000 9
01
#109010000
1B
b110101 H
b110101 a
1D
0s
b0 R
b11000001 %
b11000001 V
11
#109020000
b11000001 9
01
#109030000
0B
b101100 &
b101100 U
b10 R
b1000001 W
b11000010 %
b11000010 V
0D
b110110 f
b1000001 h
1r
b10101 t
11
#109040000
b11000010 9
01
#109050000
b110110 g
1s
0r
b1 R
b11000011 %
b11000011 V
11
#109060000
b11000011 9
01
#109070000
1B
b0 R
b11000100 %
b11000100 V
b110110 H
b110110 a
1D
0s
11
#109080000
b11000100 9
01
#109090000
0B
0D
b110111 f
b1000010 h
1r
b101101 &
b101101 U
b10 R
b1000010 W
b11000101 %
b11000101 V
b10101 t
11
#109100000
b11000101 9
01
#109110000
b1 R
b11000110 %
b11000110 V
b110111 g
1s
0r
11
#109120000
b11000110 9
01
#109130000
1B
b110111 H
b110111 a
1D
0s
b0 R
b11000111 %
b11000111 V
11
#109140000
b11000111 9
01
#109150000
0B
b101110 &
b101110 U
b10 R
b1000011 W
b11001000 %
b11001000 V
0D
b111000 f
b1000011 h
1r
b10101 t
11
#109160000
b11001000 9
01
#109170000
b111000 g
1s
0r
b1 R
b11001001 %
b11001001 V
11
#109180000
b11001001 9
01
#109190000
1B
b0 R
b11001010 %
b11001010 V
b111000 H
b111000 a
1D
0s
11
#109200000
b11001010 9
01
#109210000
0B
0D
b111001 f
b1000100 h
1r
b101111 &
b101111 U
b10 R
b1000100 W
b11001011 %
b11001011 V
b10101 t
11
#109220000
b11001011 9
01
#109230000
b1 R
b11001100 %
b11001100 V
b111001 g
1s
0r
11
#109240000
b11001100 9
01
#109250000
1B
b111001 H
b111001 a
1D
0s
b0 R
b11001101 %
b11001101 V
11
#109260000
b11001101 9
01
#109270000
0B
b110000 &
b110000 U
b10 R
b1000101 W
b11001110 %
b11001110 V
0D
b111010 f
b1000101 h
1r
b10101 t
11
#109280000
b11001110 9
01
#109290000
b111010 g
1s
0r
b1 R
b11001111 %
b11001111 V
11
#109300000
b11001111 9
01
#109310000
1B
b0 R
b11010000 %
b11010000 V
b111010 H
b111010 a
1D
0s
11
#109320000
b11010000 9
01
#109330000
0B
0D
b111011 f
b1000110 h
1r
b110001 &
b110001 U
b10 R
b1000110 W
b11010001 %
b11010001 V
b10101 t
11
#109340000
b11010001 9
01
#109350000
b1 R
b11010010 %
b11010010 V
b111011 g
1s
0r
11
#109360000
b11010010 9
01
#109370000
1B
b111011 H
b111011 a
1D
0s
b0 R
b11010011 %
b11010011 V
11
#109380000
b11010011 9
01
#109390000
0B
b110010 &
b110010 U
b10 R
b1000111 W
b11010100 %
b11010100 V
0D
b111100 f
b1000111 h
1r
b10101 t
11
#109400000
b11010100 9
01
#109410000
b111100 g
1s
0r
b1 R
b11010101 %
b11010101 V
11
#109420000
b11010101 9
01
#109430000
1B
b0 R
b11010110 %
b11010110 V
b111100 H
b111100 a
1D
0s
11
#109440000
b11010110 9
01
#109450000
0B
0D
b111101 f
b1001000 h
1r
b110011 &
b110011 U
b10 R
b1001000 W
b11010111 %
b11010111 V
b10101 t
11
#109460000
b11010111 9
01
#109470000
b1 R
b11011000 %
b11011000 V
b111101 g
1s
0r
11
#109480000
b11011000 9
01
#109490000
1B
b111101 H
b111101 a
1D
0s
b0 R
b11011001 %
b11011001 V
11
#109500000
b11011001 9
01
#109510000
0B
b110100 &
b110100 U
b10 R
b1001001 W
b11011010 %
b11011010 V
0D
b111110 f
b1001001 h
1r
b10101 t
11
#109520000
b11011010 9
01
#109530000
b111110 g
1s
0r
b1 R
b11011011 %
b11011011 V
11
#109540000
b11011011 9
01
#109550000
1B
b0 R
b11011100 %
b11011100 V
b111110 H
b111110 a
1D
0s
11
#109560000
b11011100 9
01
#109570000
0B
0D
b111111 f
b1001010 h
1r
b110101 &
b110101 U
b10 R
b1001010 W
b11011101 %
b11011101 V
b10101 t
11
#109580000
b11011101 9
01
#109590000
b1 R
b11011110 %
b11011110 V
b111111 g
1s
0r
11
#109600000
b11011110 9
01
#109610000
1B
b111111 H
b111111 a
1D
0s
b0 R
b11011111 %
b11011111 V
11
#109620000
b11011111 9
01
#109630000
0B
b110110 &
b110110 U
b10 R
b1001011 W
b11100000 %
b11100000 V
0D
b1000000 f
b1001011 h
1r
b10101 t
11
#109640000
b11100000 9
01
#109650000
b1000000 g
1s
0r
b1 R
b11100001 %
b11100001 V
11
#109660000
b11100001 9
01
#109670000
1B
b0 R
b11100010 %
b11100010 V
b1000000 H
b1000000 a
1D
0s
11
#109680000
b11100010 9
01
#109690000
0B
0D
b1000001 f
b1001100 h
1r
b110111 &
b110111 U
b10 R
b1001100 W
b11100011 %
b11100011 V
b10101 t
11
#109700000
b11100011 9
01
#109710000
b1 R
b11100100 %
b11100100 V
b1000001 g
1s
0r
11
#109720000
b11100100 9
01
#109730000
1B
b1000001 H
b1000001 a
1D
0s
b0 R
b11100101 %
b11100101 V
11
#109740000
b11100101 9
01
#109750000
0B
b111000 &
b111000 U
b10 R
b1001101 W
b11100110 %
b11100110 V
0D
b1000010 f
b1001101 h
1r
b10101 t
11
#109760000
b11100110 9
01
#109770000
b1000010 g
1s
0r
b1 R
b11100111 %
b11100111 V
11
#109780000
b11100111 9
01
#109790000
1B
b0 R
b11101000 %
b11101000 V
b1000010 H
b1000010 a
1D
0s
11
#109800000
b11101000 9
01
#109810000
0B
0D
b1000011 f
b1001110 h
1r
b111001 &
b111001 U
b10 R
b1001110 W
b11101001 %
b11101001 V
b10101 t
11
#109820000
b11101001 9
01
#109830000
b1 R
b11101010 %
b11101010 V
b1000011 g
1s
0r
11
#109840000
b11101010 9
01
#109850000
1B
b1000011 H
b1000011 a
1D
0s
b0 R
b11101011 %
b11101011 V
11
#109860000
b11101011 9
01
#109870000
0B
b111010 &
b111010 U
b10 R
b1001111 W
b11101100 %
b11101100 V
0D
b1000100 f
b1001111 h
1r
b10101 t
11
#109880000
b11101100 9
01
#109890000
b1000100 g
1s
0r
b1 R
b11101101 %
b11101101 V
11
#109900000
b11101101 9
01
#109910000
1B
b0 R
b11101110 %
b11101110 V
b1000100 H
b1000100 a
1D
0s
11
#109920000
b11101110 9
01
#109930000
0B
0D
b1000101 f
b1010000 h
1r
b111011 &
b111011 U
b10 R
b1010000 W
b11101111 %
b11101111 V
b10101 t
11
#109940000
b11101111 9
01
#109950000
b1 R
b11110000 %
b11110000 V
b1000101 g
1s
0r
11
#109960000
b11110000 9
01
#109970000
1B
b1000101 H
b1000101 a
1D
0s
b0 R
b11110001 %
b11110001 V
11
#109980000
b11110001 9
01
#109990000
0B
b111100 &
b111100 U
b10 R
b1010001 W
b11110010 %
b11110010 V
0D
b1000110 f
b1010001 h
1r
b10101 t
11
#110000000
b11110010 9
01
#110010000
b1000110 g
1s
0r
b1 R
b11110011 %
b11110011 V
11
#110020000
b11110011 9
01
#110030000
1B
b0 R
b11110100 %
b11110100 V
b1000110 H
b1000110 a
1D
0s
11
#110040000
b11110100 9
01
#110050000
0B
0D
b1000111 f
b1010010 h
1r
b111101 &
b111101 U
b10 R
b1010010 W
b11110101 %
b11110101 V
b10101 t
11
#110060000
b11110101 9
01
#110070000
b1 R
b11110110 %
b11110110 V
b1000111 g
1s
0r
11
#110080000
b11110110 9
01
#110090000
1B
b1000111 H
b1000111 a
1D
0s
b0 R
b11110111 %
b11110111 V
11
#110100000
b11110111 9
01
#110110000
0B
b111110 &
b111110 U
b10 R
b1010011 W
b11111000 %
b11111000 V
0D
b1001000 f
b1010011 h
1r
b10101 t
11
#110120000
b11111000 9
01
#110130000
b1001000 g
1s
0r
b1 R
b11111001 %
b11111001 V
11
#110140000
b11111001 9
01
#110150000
1B
b0 R
b11111010 %
b11111010 V
b1001000 H
b1001000 a
1D
0s
11
#110160000
b11111010 9
01
#110170000
0B
0D
b1001001 f
b1010100 h
1r
b111111 &
b111111 U
b10 R
b1010100 W
b11111011 %
b11111011 V
b10101 t
11
#110180000
b11111011 9
01
#110190000
b1 R
b11111100 %
b11111100 V
b1001001 g
1s
0r
11
#110200000
b11111100 9
01
#110210000
1B
b1001001 H
b1001001 a
1D
0s
b0 R
b11111101 %
b11111101 V
11
#110220000
b11111101 9
01
#110230000
0B
b1000000 &
b1000000 U
b10 R
b1010101 W
b11111110 %
b11111110 V
0D
b1001010 f
b1010101 h
1r
b10101 t
11
#110240000
b11111110 9
01
#110250000
b1001010 g
1s
0r
b1 R
b11111111 %
b11111111 V
11
#110260000
b11111111 9
01
#110270000
1B
b0 R
b100000000 %
b100000000 V
b1001010 H
b1001010 a
1D
0s
11
#110280000
b100000000 9
01
#110290000
0B
0D
b1001011 f
b1010110 h
1r
b1000001 &
b1000001 U
b10 R
b1010110 W
b100000001 %
b100000001 V
b10101 t
11
#110300000
b100000001 9
01
#110310000
b1 R
b100000010 %
b100000010 V
b1001011 g
1s
0r
11
#110320000
b100000010 9
01
#110330000
1B
b1001011 H
b1001011 a
1D
0s
b0 R
b100000011 %
b100000011 V
11
#110340000
b100000011 9
01
#110350000
0B
b1000010 &
b1000010 U
b10 R
b1010111 W
b100000100 %
b100000100 V
0D
b1001100 f
b1010111 h
1r
b10101 t
11
#110360000
b100000100 9
01
#110370000
b1001100 g
1s
0r
b1 R
b100000101 %
b100000101 V
11
#110380000
b100000101 9
01
#110390000
1B
b0 R
b100000110 %
b100000110 V
b1001100 H
b1001100 a
1D
0s
11
#110400000
b100000110 9
01
#110410000
0B
0D
b1001101 f
b1011000 h
1r
b1000011 &
b1000011 U
b10 R
b1011000 W
b100000111 %
b100000111 V
b10101 t
11
#110420000
b100000111 9
01
#110430000
b1 R
b100001000 %
b100001000 V
b1001101 g
1s
0r
11
#110440000
b100001000 9
01
#110450000
1B
b1001101 H
b1001101 a
1D
0s
b0 R
b100001001 %
b100001001 V
11
#110460000
b100001001 9
01
#110470000
0B
b1000100 &
b1000100 U
b10 R
b1011001 W
b100001010 %
b100001010 V
0D
b1001110 f
b1011001 h
1r
b10101 t
11
#110480000
b100001010 9
01
#110490000
b1001110 g
1s
0r
b1 R
b100001011 %
b100001011 V
11
#110500000
b100001011 9
01
#110510000
1B
b0 R
b100001100 %
b100001100 V
b1001110 H
b1001110 a
1D
0s
11
#110520000
b100001100 9
01
#110530000
0B
0D
b1001111 f
b1011010 h
1r
b1000101 &
b1000101 U
b10 R
b1011010 W
b100001101 %
b100001101 V
b10101 t
11
#110540000
b100001101 9
01
#110550000
b1 R
b100001110 %
b100001110 V
b1001111 g
1s
0r
11
#110560000
b100001110 9
01
#110570000
1B
b1001111 H
b1001111 a
1D
0s
b0 R
b100001111 %
b100001111 V
11
#110580000
b100001111 9
01
#110590000
0B
b1000110 &
b1000110 U
b10 R
b1011011 W
b100010000 %
b100010000 V
0D
b1010000 f
b1011011 h
1r
b10101 t
11
#110600000
b100010000 9
01
#110610000
b1010000 g
1s
0r
b1 R
b100010001 %
b100010001 V
11
#110620000
b100010001 9
01
#110630000
1B
b0 R
b100010010 %
b100010010 V
b1010000 H
b1010000 a
1D
0s
11
#110640000
b100010010 9
01
#110650000
0B
0D
b1010001 f
b1011100 h
1r
b1000111 &
b1000111 U
b10 R
b1011100 W
b100010011 %
b100010011 V
b10101 t
11
#110660000
b100010011 9
01
#110670000
b1 R
b100010100 %
b100010100 V
b1010001 g
1s
0r
11
#110680000
b100010100 9
01
#110690000
1B
b1010001 H
b1010001 a
1D
0s
b0 R
b100010101 %
b100010101 V
11
#110700000
b100010101 9
01
#110710000
0B
b1001000 &
b1001000 U
b10 R
b1011101 W
b100010110 %
b100010110 V
0D
b1010010 f
b1011101 h
1r
b10101 t
11
#110720000
b100010110 9
01
#110730000
b1010010 g
1s
0r
b1 R
b100010111 %
b100010111 V
11
#110740000
b100010111 9
01
#110750000
1B
b0 R
b100011000 %
b100011000 V
b1010010 H
b1010010 a
1D
0s
11
#110760000
b100011000 9
01
#110770000
0B
0D
b1010011 f
b1011110 h
1r
b1001001 &
b1001001 U
b10 R
b1011110 W
b100011001 %
b100011001 V
b10101 t
11
#110780000
b100011001 9
01
#110790000
b1 R
b100011010 %
b100011010 V
b1010011 g
1s
0r
11
#110800000
b100011010 9
01
#110810000
1B
b1010011 H
b1010011 a
1D
0s
b0 R
b100011011 %
b100011011 V
11
#110820000
b100011011 9
01
#110830000
0B
b1001010 &
b1001010 U
b10 R
b1011111 W
b100011100 %
b100011100 V
0D
b1010100 f
b1011111 h
1r
b10101 t
11
#110840000
b100011100 9
01
#110850000
b1010100 g
1s
0r
b1 R
b100011101 %
b100011101 V
11
#110860000
b100011101 9
01
#110870000
1B
b0 R
b100011110 %
b100011110 V
b1010100 H
b1010100 a
1D
0s
11
#110880000
b100011110 9
01
#110890000
0B
0D
b1010101 f
b1100000 h
1r
b1001011 &
b1001011 U
b10 R
b1100000 W
b100011111 %
b100011111 V
b10101 t
11
#110900000
b100011111 9
01
#110910000
b1 R
b100100000 %
b100100000 V
b1010101 g
1s
0r
11
#110920000
b100100000 9
01
#110930000
1B
b1010101 H
b1010101 a
1D
0s
b0 R
b100100001 %
b100100001 V
11
#110940000
b100100001 9
01
#110950000
0B
b1001100 &
b1001100 U
b10 R
b1100001 W
b100100010 %
b100100010 V
0D
b1010110 f
b1100001 h
1r
b10101 t
11
#110960000
b100100010 9
01
#110970000
b1010110 g
1s
0r
b1 R
b100100011 %
b100100011 V
11
#110980000
b100100011 9
01
#110990000
1B
b0 R
b100100100 %
b100100100 V
b1010110 H
b1010110 a
1D
0s
11
#111000000
b100100100 9
01
#111010000
0B
0D
b1010111 f
b1100010 h
1r
b1001101 &
b1001101 U
b10 R
b1100010 W
b100100101 %
b100100101 V
b10101 t
11
#111020000
b100100101 9
01
#111030000
b1 R
b100100110 %
b100100110 V
b1010111 g
1s
0r
11
#111040000
b100100110 9
01
#111050000
1B
b1010111 H
b1010111 a
1D
0s
b0 R
b100100111 %
b100100111 V
11
#111060000
b100100111 9
01
#111070000
0B
b1001110 &
b1001110 U
b10 R
b1100011 W
b100101000 %
b100101000 V
0D
b1011000 f
b1100011 h
1r
b10101 t
11
#111080000
b100101000 9
01
#111090000
b1011000 g
1s
0r
b1 R
b100101001 %
b100101001 V
11
#111100000
b100101001 9
01
#111110000
1B
b0 R
b100101010 %
b100101010 V
b1011000 H
b1011000 a
1D
0s
11
#111120000
b100101010 9
01
#111130000
0B
0D
b1011001 f
b1100100 h
1r
b1001111 &
b1001111 U
b10 R
b11 Z
b100101011 %
b100101011 V
b10101 t
11
#111140000
b100101011 9
01
#111150000
b100101100 %
b100101100 V
b1011001 g
1s
0r
11
#111160000
b100101100 9
01
#111170000
b1011001 H
b1011001 a
1D
0s
b100101101 %
b100101101 V
11
#111180000
b100101101 9
01
#111190000
b1010000 &
b1010000 U
1*
0-
b0 Z
b100101110 %
b100101110 V
0D
11
#111200000
b11010 >
b1000000000000000000000000000000 2
b100101110 9
01
#111210000
11
#111220000
01
#111230000
11
#111240000
01
#111250000
11
#111260000
01
#111270000
11
#111280000
01
#111290000
11
#111300000
01
#111310000
11
#111320000
01
#111330000
11
#111340000
01
#111350000
11
#111360000
b0 w
b1 u
b1 =
b0 ;
01
#111370000
11
#111380000
b11010 4
b1 6
b1 @
b11 7
b11 A
01
#111390000
11
#111400000
18
01
#111410000
1?
1-
b1 Z
b0 %
b0 V
b0 R
b0 W
b0 '
b0 T
b0 (
b0 S
b1111111111111111 $
b1111111111111111 [
b0 +
b0 P
b0 &
b0 U
b0 ,
b0 O
0*
b11011 )
b11011 Q
00
b1 /
b1 M
b1 _
1Y
11
#111420000
b0 9
b0 6
b0 @
b0 7
b0 A
08
01
#111430000
1B
0?
b0 `
b10 Z
b1 %
b1 V
0Y
b0 H
b0 a
b0 G
b0 d
b0 E
b0 p
b0 C
b0 q
b0 o
b0 g
b0 c
b0 f
b0 b
b0 l
b0 k
b0 j
b0 i
b0 h
b0 e
b10101 t
11
#111440000
b1 9
01
#111450000
b1 h
b1 e
b1 W
b10 %
b10 V
b10101 t
11
#111460000
b10 9
01
#111470000
b10 W
b11 %
b11 V
b10 h
b10 e
b10101 t
11
#111480000
b11 9
01
#111490000
b11 h
b11 e
b11 W
b100 %
b100 V
b10101 t
11
#111500000
b100 9
01
#111510000
b100 W
b101 %
b101 V
b100 h
b100 e
b10101 t
11
#111520000
b101 9
01
#111530000
b101 h
b101 e
b101 W
b110 %
b110 V
b10101 t
11
#111540000
b110 9
01
#111550000
b110 W
b111 %
b111 V
b110 h
b110 e
b10101 t
11
#111560000
b111 9
01
#111570000
b111 h
b111 e
b111 W
b1000 %
b1000 V
b10101 t
11
#111580000
b1000 9
01
#111590000
b1000 W
b1001 %
b1001 V
b1000 h
b1000 e
b10101 t
11
#111600000
b1001 9
01
#111610000
b1001 h
b1001 e
b1001 W
b1010 %
b1010 V
b10101 t
11
#111620000
b1010 9
01
#111630000
b1010 W
b1011 %
b1011 V
b1010 h
b1010 e
b10101 t
11
#111640000
b1011 9
01
#111650000
b1011 h
b1011 e
b1011 W
b1100 %
b1100 V
b10101 t
11
#111660000
b1100 9
01
#111670000
b1100 W
b1101 %
b1101 V
b1100 h
b1100 e
b10101 t
11
#111680000
b1101 9
01
#111690000
b1101 h
b1101 e
b1101 W
b1110 %
b1110 V
b10101 t
11
#111700000
b1110 9
01
#111710000
b1110 W
b1111 %
b1111 V
b1110 h
b1110 e
b10101 t
11
#111720000
b1111 9
01
#111730000
b1111 h
b1111 e
b1111 W
b10000 %
b10000 V
b10101 t
11
#111740000
b10000 9
01
#111750000
b10000 W
b10001 %
b10001 V
b10000 h
b10000 e
b10101 t
11
#111760000
b10001 9
01
#111770000
b10001 h
b10001 e
b10001 W
b10010 %
b10010 V
b10101 t
11
#111780000
b10010 9
01
#111790000
b10010 W
b10011 %
b10011 V
b10010 h
b10010 e
b10101 t
11
#111800000
b10011 9
01
#111810000
b10011 h
b10011 e
b10011 W
b10100 %
b10100 V
b10101 t
11
#111820000
b10100 9
01
#111830000
b10100 W
b10101 %
b10101 V
b10100 h
b10100 e
b10101 t
11
#111840000
b10101 9
01
#111850000
b1 m
b1010 f
b100111000100000 b
b10011100010000000 l
b10011100010000000 k
b10011100010000000 j
b10011100010000000 i
b10101 h
b10101 e
1r
b10101 W
b10110 %
b10110 V
b10101 t
11
#111860000
b10110 9
01
#111870000
b1001110001000000 `
b10110 W
b10111 %
b10111 V
b1 n
b1010 g
b100111000100000 c
b1001110001000000000 o
1s
b1011 f
b10110 h
b10101 t
11
#111880000
b10111 9
01
#111890000
b1010 H
b1010 a
b100111000100000 G
b100111000100000 d
b1001110001000000 C
b1001110001000000 q
b1001110001000000 E
b1001110001000000 p
1D
b1011 g
b1100 f
b10111 h
b10111 W
b11000 %
b11000 V
b10101 t
11
#111900000
b11000 9
01
#111910000
b1001110001000000 '
b1001110001000000 T
b1001110001000000 (
b1001110001000000 S
b1 &
b1 U
b11000 W
b11001 %
b11001 V
b1011 H
b1011 a
b1100 g
b1101 f
b11000 h
b10101 t
11
#111920000
b11001 9
01
#111930000
b1100 H
b1100 a
b1101 g
b1110 f
b11001 h
b10 &
b10 U
b11001 W
b11010 %
b11010 V
b10101 t
11
#111940000
b11010 9
01
#111950000
b11 &
b11 U
b11010 W
b11011 %
b11011 V
b1101 H
b1101 a
b1110 g
b1111 f
b11010 h
b10101 t
11
#111960000
b11011 9
01
#111970000
b1110 H
b1110 a
b1111 g
b10000 f
b11011 h
b100 &
b100 U
b11011 W
b11100 %
b11100 V
b10101 t
11
#111980000
b11100 9
01
#111990000
b101 &
b101 U
b11100 W
b11101 %
b11101 V
b1111 H
b1111 a
b10000 g
b10001 f
b11100 h
b10101 t
11
#112000000
b11101 9
01
#112010000
b10000 H
b10000 a
b10001 g
b10010 f
b11101 h
b110 &
b110 U
b11101 W
b11110 %
b11110 V
b10101 t
11
#112020000
b11110 9
01
#112030000
b1110101001100000 X
b1110101001100000 ^
b111 &
b111 U
b11110 W
b11111 %
b11111 V
b10001 H
b10001 a
b10010 g
b10011 f
b11110 h
b10101 t
11
#112040000
b11111 9
01
#112050000
b100111000100000 X
b100111000100000 ^
b10010 H
b10010 a
b10011 g
b10100 f
b11101010011000000 i
b11111 h
b1000 &
b1000 U
b11111 W
b100000 %
b100000 V
b10101 t
11
#112060000
b100000 9
01
#112070000
b1010111111001000 `
b1001 &
b1001 U
b100000 W
b100001 %
b100001 V
b10011 H
b10011 a
b10100 g
b1010111111001000000 o
b10101 f
b100000 h
b10101 t
11
#112080000
b100001 9
01
#112090000
b10100 H
b10100 a
b1010111111001000 C
b1010111111001000 q
b1010111111001000 E
b1010111111001000 p
b10101 g
b10110 f
b100001 h
b1010 &
b1010 U
b100001 W
b100010 %
b100010 V
b10101 t
11
#112100000
b100010 9
01
#112110000
b1010111111001000 '
b1010111111001000 T
b1010111111001000 (
b1010111111001000 S
b1011 &
b1011 U
b100010 W
b100011 %
b100011 V
b10101 H
b10101 a
b10110 g
b10111 f
b100010 h
b10101 t
11
#112120000
b100011 9
01
#112130000
b10110 H
b10110 a
b10111 g
b11000 f
b11101010011000000 j
b10011100010000000 i
b100011 h
b1100 &
b1100 U
b100011 W
b100100 %
b100100 V
b10101 t
11
#112140000
b100100 9
01
#112150000
b1101 &
b1101 U
b100100 W
b100101 %
b100101 V
b10111 H
b10111 a
b11000 g
b11001 f
b100100 h
b10101 t
11
#112160000
b100101 9
01
#112170000
b11000 H
b11000 a
b11001 g
b11010 f
b100101 h
b1110 &
b1110 U
b100101 W
b100110 %
b100110 V
b10101 t
11
#112180000
b100110 9
01
#112190000
b1111 &
b1111 U
b100110 W
b100111 %
b100111 V
b11001 H
b11001 a
b11010 g
b11011 f
b100110 h
b10101 t
11
#112200000
b100111 9
01
#112210000
b11010 H
b11010 a
b11011 g
b11100 f
b10011100010000000 j
b100111 h
b10000 &
b10000 U
b100111 W
b101000 %
b101000 V
b10101 t
11
#112220000
b101000 9
01
#112230000
b1001110001000000 `
b10001 &
b10001 U
b101000 W
b101001 %
b101001 V
b11011 H
b11011 a
b11100 g
b1001110001000000000 o
b11101 f
b101000 h
b10101 t
11
#112240000
b101001 9
01
#112250000
b11100 H
b11100 a
b1001110001000000 C
b1001110001000000 q
b1001110001000000 E
b1001110001000000 p
b11101 g
b11110 f
b1110101001100000 b
b101001 h
b10010 &
b10010 U
b101001 W
b101010 %
b101010 V
b10101 t
11
#112260000
b101010 9
01
#112270000
b1001110001000000 '
b1001110001000000 T
b1001110001000000 (
b1001110001000000 S
b10011 &
b10011 U
b101010 W
b101011 %
b101011 V
b11101 H
b11101 a
b11110 g
b1110101001100000 c
b11111 f
b100111000100000 b
b101010 h
b10101 t
11
#112280000
b101011 9
01
#112290000
b11110 H
b11110 a
b1110101001100000 G
b1110101001100000 d
1F
b11111 g
b100111000100000 c
b100000 f
b101011 h
b10100 &
b10100 U
b101011 W
b101100 %
b101100 V
b10101 t
11
#112300000
b101100 9
01
#112310000
b1 ,
b1 O
b11110 $
b11110 [
b1000000000000000000000000000000 +
b1000000000000000000000000000000 P
b10101 &
b10101 U
b101100 W
b101101 %
b101101 V
b11111 H
b11111 a
b100111000100000 G
b100111000100000 d
0F
b100000 g
b100001 f
b11101010011000000 k
b101100 h
b10101 t
11
#112320000
b101101 9
01
#112330000
b1010111111001000 `
b100000 H
b100000 a
b100001 g
b1010111111001000000 o
b100010 f
b101101 h
b10110 &
b10110 U
b101101 W
b101110 %
b101110 V
b10101 t
11
#112340000
b101110 9
01
#112350000
b10111 &
b10111 U
b101110 W
b101111 %
b101111 V
b100001 H
b100001 a
b1010111111001000 C
b1010111111001000 q
b1010111111001000 E
b1010111111001000 p
b100010 g
b100011 f
b101110 h
b10101 t
11
#112360000
b101111 9
01
#112370000
b100010 H
b100010 a
b100011 g
b100100 f
b101111 h
b1010111111001000 '
b1010111111001000 T
b1010111111001000 (
b1010111111001000 S
b11000 &
b11000 U
b101111 W
b110000 %
b110000 V
b10101 t
11
#112380000
b110000 9
01
#112390000
b11001 &
b11001 U
b110000 W
b110001 %
b110001 V
b100011 H
b100011 a
b100100 g
b100101 f
b11101010011000000 l
b10011100010000000 k
b110000 h
b10101 t
11
#112400000
b110001 9
01
#112410000
b100100 H
b100100 a
b100101 g
b100110 f
b110001 h
b11010 &
b11010 U
b110001 W
b110010 %
b110010 V
b10101 t
11
#112420000
b110010 9
01
#112430000
b11011 &
b11011 U
b110010 W
b110011 %
b110011 V
b100101 H
b100101 a
b100110 g
b100111 f
b110010 h
b10101 t
11
#112440000
b110011 9
01
#112450000
b100110 H
b100110 a
b100111 g
b101000 f
b110011 h
b11100 &
b11100 U
b110011 W
b110100 %
b110100 V
b10101 t
11
#112460000
b110100 9
01
#112470000
b11101 &
b11101 U
b110100 W
b110101 %
b110101 V
b100111 H
b100111 a
b101000 g
b101001 f
b10011100010000000 l
b110100 h
b10101 t
11
#112480000
b110101 9
01
#112490000
b1001110001000000 `
b101000 H
b101000 a
b101001 g
b1001110001000000000 o
b101010 f
b110101 h
b11110 &
b11110 U
b110101 W
b110110 %
b110110 V
b10101 t
11
#112500000
b110110 9
01
#112510000
b11111 &
b11111 U
b110110 W
b110111 %
b110111 V
b101001 H
b101001 a
b1001110001000000 C
b1001110001000000 q
b1001110001000000 E
b1001110001000000 p
b101010 g
b101011 f
b110110 h
b10101 t
11
#112520000
b110111 9
01
#112530000
b101010 H
b101010 a
b101011 g
b101100 f
b110111 h
b1001110001000000 '
b1001110001000000 T
b1001110001000000 (
b1001110001000000 S
b100000 &
b100000 U
b110111 W
b111000 %
b111000 V
b10101 t
11
#112540000
b111000 9
01
#112550000
b100001 &
b100001 U
b111000 W
b111001 %
b111001 V
b101011 H
b101011 a
b101100 g
b101101 f
b111000 h
b10101 t
11
#112560000
b111001 9
01
#112570000
b101100 H
b101100 a
b101101 g
b101110 f
b111001 h
b100010 &
b100010 U
b111001 W
b111010 %
b111010 V
b10101 t
11
#112580000
b111010 9
01
#112590000
b100011 &
b100011 U
b111010 W
b111011 %
b111011 V
b101101 H
b101101 a
b101110 g
b101111 f
b111010 h
b10101 t
11
#112600000
b111011 9
01
#112610000
b101110 H
b101110 a
b101111 g
b110000 f
b111011 h
b100100 &
b100100 U
b111011 W
b111100 %
b111100 V
b10101 t
11
#112620000
b111100 9
01
#112630000
b100101 &
b100101 U
b111100 W
b111101 %
b111101 V
b101111 H
b101111 a
b110000 g
b110001 f
b111100 h
b10101 t
11
#112640000
b111101 9
01
#112650000
b110000 H
b110000 a
b110001 g
b110010 f
b111101 h
b100110 &
b100110 U
b111101 W
b111110 %
b111110 V
b10101 t
11
#112660000
b111110 9
01
#112670000
b100111 &
b100111 U
b111110 W
b111111 %
b111111 V
b110001 H
b110001 a
b110010 g
b110011 f
b111110 h
b10101 t
11
#112680000
b111111 9
01
#112690000
b110010 H
b110010 a
b110011 g
b110100 f
b111111 h
b101000 &
b101000 U
b111111 W
b1000000 %
b1000000 V
b10101 t
11
#112700000
b1000000 9
01
#112710000
b101001 &
b101001 U
b1000000 W
b1000001 %
b1000001 V
b110011 H
b110011 a
b110100 g
b110101 f
b1000000 h
b10101 t
11
#112720000
b1000001 9
01
#112730000
b110100 H
b110100 a
b110101 g
b110110 f
b1000001 h
b101010 &
b101010 U
b1000001 W
b1000010 %
b1000010 V
b10101 t
11
#112740000
b1000010 9
01
#112750000
b101011 &
b101011 U
b1000010 W
b1000011 %
b1000011 V
b110101 H
b110101 a
b110110 g
b110111 f
b1000010 h
b10101 t
11
#112760000
b1000011 9
01
#112770000
b110110 H
b110110 a
b110111 g
b111000 f
b1000011 h
b101100 &
b101100 U
b1000011 W
b1000100 %
b1000100 V
b10101 t
11
#112780000
b1000100 9
01
#112790000
b101101 &
b101101 U
b1000100 W
b1000101 %
b1000101 V
b110111 H
b110111 a
b111000 g
b111001 f
b1000100 h
b10101 t
11
#112800000
b1000101 9
01
#112810000
b111000 H
b111000 a
b111001 g
b111010 f
b1000101 h
b101110 &
b101110 U
b1000101 W
b1000110 %
b1000110 V
b10101 t
11
#112820000
b1000110 9
01
#112830000
b101111 &
b101111 U
b1000110 W
b1000111 %
b1000111 V
b111001 H
b111001 a
b111010 g
b111011 f
b1000110 h
b10101 t
11
#112840000
b1000111 9
01
#112850000
b111010 H
b111010 a
b111011 g
b111100 f
b1000111 h
b110000 &
b110000 U
b1000111 W
b1001000 %
b1001000 V
b10101 t
11
#112860000
b1001000 9
01
#112870000
b110001 &
b110001 U
b1001000 W
b1001001 %
b1001001 V
b111011 H
b111011 a
b111100 g
b111101 f
b1001000 h
b10101 t
11
#112880000
b1001001 9
01
#112890000
b111100 H
b111100 a
b111101 g
b111110 f
b1001001 h
b110010 &
b110010 U
b1001001 W
b1001010 %
b1001010 V
b10101 t
11
#112900000
b1001010 9
01
#112910000
b110011 &
b110011 U
b1001010 W
b1001011 %
b1001011 V
b111101 H
b111101 a
b111110 g
b111111 f
b1001010 h
b10101 t
11
#112920000
b1001011 9
01
#112930000
b111110 H
b111110 a
b111111 g
b1000000 f
b1001011 h
b110100 &
b110100 U
b1001011 W
b1001100 %
b1001100 V
b10101 t
11
#112940000
b1001100 9
01
#112950000
b110101 &
b110101 U
b1001100 W
b1001101 %
b1001101 V
b111111 H
b111111 a
b1000000 g
b1000001 f
b1001100 h
b10101 t
11
#112960000
b1001101 9
01
#112970000
b1000000 H
b1000000 a
b1000001 g
b1000010 f
b1001101 h
b110110 &
b110110 U
b1001101 W
b1001110 %
b1001110 V
b10101 t
11
#112980000
b1001110 9
01
#112990000
b110111 &
b110111 U
b1001110 W
b1001111 %
b1001111 V
b1000001 H
b1000001 a
b1000010 g
b1000011 f
b1001110 h
b10101 t
11
#113000000
b1001111 9
01
#113010000
b1000010 H
b1000010 a
b1000011 g
b1000100 f
b1001111 h
b111000 &
b111000 U
b1001111 W
b1010000 %
b1010000 V
b10101 t
11
#113020000
b1010000 9
01
#113030000
b111001 &
b111001 U
b1010000 W
b1010001 %
b1010001 V
b1000011 H
b1000011 a
b1000100 g
b1000101 f
b1010000 h
b10101 t
11
#113040000
b1010001 9
01
#113050000
b1000100 H
b1000100 a
b1000101 g
b1000110 f
b1010001 h
b111010 &
b111010 U
b1010001 W
b1010010 %
b1010010 V
b10101 t
11
#113060000
b1010010 9
01
#113070000
b111011 &
b111011 U
b1010010 W
b1010011 %
b1010011 V
b1000101 H
b1000101 a
b1000110 g
b1000111 f
b1010010 h
b10101 t
11
#113080000
b1010011 9
01
#113090000
b1000110 H
b1000110 a
b1000111 g
b1001000 f
b1010011 h
b111100 &
b111100 U
b1010011 W
b1010100 %
b1010100 V
b10101 t
11
#113100000
b1010100 9
01
#113110000
b111101 &
b111101 U
b1010100 W
b1010101 %
b1010101 V
b1000111 H
b1000111 a
b1001000 g
b1001001 f
b1010100 h
b10101 t
11
#113120000
b1010101 9
01
#113130000
b1001000 H
b1001000 a
b1001001 g
b1001010 f
b1010101 h
b111110 &
b111110 U
b1010101 W
b1010110 %
b1010110 V
b10101 t
11
#113140000
b1010110 9
01
#113150000
b111111 &
b111111 U
b1010110 W
b1010111 %
b1010111 V
b1001001 H
b1001001 a
b1001010 g
b1001011 f
b1010110 h
b10101 t
11
#113160000
b1010111 9
01
#113170000
b1001010 H
b1001010 a
b1001011 g
b1001100 f
b1010111 h
b1000000 &
b1000000 U
b1010111 W
b1011000 %
b1011000 V
b10101 t
11
#113180000
b1011000 9
01
#113190000
b1000001 &
b1000001 U
b1011000 W
b1011001 %
b1011001 V
b1001011 H
b1001011 a
b1001100 g
b1001101 f
b1011000 h
b10101 t
11
#113200000
b1011001 9
01
#113210000
b1001100 H
b1001100 a
b1001101 g
b1001110 f
b1011001 h
b1000010 &
b1000010 U
b1011001 W
b1011010 %
b1011010 V
b10101 t
11
#113220000
b1011010 9
01
#113230000
b1000011 &
b1000011 U
b1011010 W
b1011011 %
b1011011 V
b1001101 H
b1001101 a
b1001110 g
b1001111 f
b1011010 h
b10101 t
11
#113240000
b1011011 9
01
#113250000
b1001110 H
b1001110 a
b1001111 g
b1010000 f
b1011011 h
b1000100 &
b1000100 U
b1011011 W
b1011100 %
b1011100 V
b10101 t
11
#113260000
b1011100 9
01
#113270000
b1000101 &
b1000101 U
b1011100 W
b1011101 %
b1011101 V
b1001111 H
b1001111 a
b1010000 g
b1010001 f
b1011100 h
b10101 t
11
#113280000
b1011101 9
01
#113290000
b1010000 H
b1010000 a
b1010001 g
b1010010 f
b1011101 h
b1000110 &
b1000110 U
b1011101 W
b1011110 %
b1011110 V
b10101 t
11
#113300000
b1011110 9
01
#113310000
b1000111 &
b1000111 U
b1011110 W
b1011111 %
b1011111 V
b1010001 H
b1010001 a
b1010010 g
b1010011 f
b1011110 h
b10101 t
11
#113320000
b1011111 9
01
#113330000
b1010010 H
b1010010 a
b1010011 g
b1010100 f
b1011111 h
b1001000 &
b1001000 U
b1011111 W
b1100000 %
b1100000 V
b10101 t
11
#113340000
b1100000 9
01
#113350000
b1001001 &
b1001001 U
b1100000 W
b1100001 %
b1100001 V
b1010011 H
b1010011 a
b1010100 g
b1010101 f
b1100000 h
b10101 t
11
#113360000
b1100001 9
01
#113370000
b1010100 H
b1010100 a
b1010101 g
b1010110 f
b1100001 h
b1001010 &
b1001010 U
b1100001 W
b1100010 %
b1100010 V
b10101 t
11
#113380000
b1100010 9
01
#113390000
b1001011 &
b1001011 U
b1100010 W
b1100011 %
b1100011 V
b1010101 H
b1010101 a
b1010110 g
b1010111 f
b1100010 h
b10101 t
11
#113400000
b1100011 9
01
#113410000
b1010110 H
b1010110 a
b1010111 g
b1011000 f
b1100011 h
b1001100 &
b1001100 U
b1100011 W
b1100100 %
b1100100 V
b10101 t
11
#113420000
b1100100 9
01
#113430000
0B
b1001101 &
b1001101 U
b11 Z
b1100101 %
b1100101 V
b1010111 H
b1010111 a
b1011000 g
b1011001 f
b1100100 h
b10101 t
11
#113440000
b1100101 9
01
#113450000
b1011000 H
b1011000 a
b1011001 g
0r
b1001110 &
b1001110 U
b1100110 %
b1100110 V
11
#113460000
b1100110 9
01
#113470000
b1001111 &
b1001111 U
b1100111 %
b1100111 V
b1011001 H
b1011001 a
0s
11
#113480000
b1100111 9
01
#113490000
0D
b1010000 &
b1010000 U
1*
0-
b0 Z
b1101000 %
b1101000 V
11
#113500000
b11011 >
b1000000000000000000000000000000 2
b1101000 9
01
#113510000
11
#113520000
01
#113530000
11
#113540000
01
#113550000
11
#113560000
01
#113570000
11
#113580000
01
#113590000
11
#113600000
01
#113610000
11
#113620000
01
#113630000
11
#113640000
01
#113650000
11
#113660000
b1 w
b1 ;
01
#113670000
11
#113680000
b11011 4
13
b1 6
b1 @
b11 7
b11 A
01
#113690000
11
#113700000
18
01
#113710000
1?
1-
b1 Z
b0 %
b0 V
b0 W
b0 '
b0 T
b0 (
b0 S
b1111111111111111 $
b1111111111111111 [
b0 +
b0 P
b0 &
b0 U
b0 ,
b0 O
0*
b11100 )
b11100 Q
10
1Y
11
#113720000
b0 9
03
b0 6
b0 @
b0 7
b0 A
08
01
#113730000
1B
0?
b0 H
b0 a
b0 G
b0 d
b0 E
b0 p
b0 C
b0 q
b0 o
b0 `
b0 n
b0 g
b0 c
b0 m
b0 f
b0 b
b0 l
b0 k
b0 j
b0 i
b0 h
b0 e
b10 Z
b1 %
b1 V
0Y
b10101 t
11
#113740000
b1 9
01
#113750000
0B
b10 R
b1 W
b10 %
b10 V
b1 h
b1 e
b10101 t
11
#113760000
b10 9
01
#113770000
b1 R
b11 %
b11 V
11
#113780000
b11 9
01
#113790000
1B
b0 R
b100 %
b100 V
11
#113800000
b100 9
01
#113810000
0B
b10 h
b10 e
b10 R
b10 W
b101 %
b101 V
b10101 t
11
#113820000
b101 9
01
#113830000
b1 R
b110 %
b110 V
11
#113840000
b110 9
01
#113850000
1B
b0 R
b111 %
b111 V
11
#113860000
b111 9
01
#113870000
0B
b10 R
b11 W
b1000 %
b1000 V
b11 h
b11 e
b10101 t
11
#113880000
b1000 9
01
#113890000
b1 R
b1001 %
b1001 V
11
#113900000
b1001 9
01
#113910000
1B
b0 R
b1010 %
b1010 V
11
#113920000
b1010 9
01
#113930000
0B
b100 h
b100 e
b10 R
b100 W
b1011 %
b1011 V
b10101 t
11
#113940000
b1011 9
01
#113950000
b1 R
b1100 %
b1100 V
11
#113960000
b1100 9
01
#113970000
1B
b0 R
b1101 %
b1101 V
11
#113980000
b1101 9
01
#113990000
0B
b10 R
b101 W
b1110 %
b1110 V
b101 h
b101 e
b10101 t
11
#114000000
b1110 9
01
#114010000
b1 R
b1111 %
b1111 V
11
#114020000
b1111 9
01
#114030000
1B
b0 R
b10000 %
b10000 V
11
#114040000
b10000 9
01
#114050000
0B
b110 h
b110 e
b10 R
b110 W
b10001 %
b10001 V
b10101 t
11
#114060000
b10001 9
01
#114070000
b1 R
b10010 %
b10010 V
11
#114080000
b10010 9
01
#114090000
1B
b0 R
b10011 %
b10011 V
11
#114100000
b10011 9
01
#114110000
0B
b10 R
b111 W
b10100 %
b10100 V
b111 h
b111 e
b10101 t
11
#114120000
b10100 9
01
#114130000
b1 R
b10101 %
b10101 V
11
#114140000
b10101 9
01
#114150000
1B
b0 R
b10110 %
b10110 V
11
#114160000
b10110 9
01
#114170000
0B
b1000 h
b1000 e
b10 R
b1000 W
b10111 %
b10111 V
b10101 t
11
#114180000
b10111 9
01
#114190000
b1 R
b11000 %
b11000 V
11
#114200000
b11000 9
01
#114210000
1B
b0 R
b11001 %
b11001 V
11
#114220000
b11001 9
01
#114230000
0B
b10 R
b1001 W
b11010 %
b11010 V
b1001 h
b1001 e
b10101 t
11
#114240000
b11010 9
01
#114250000
b1 R
b11011 %
b11011 V
11
#114260000
b11011 9
01
#114270000
1B
b0 R
b11100 %
b11100 V
11
#114280000
b11100 9
01
#114290000
0B
b1010 h
b1010 e
b10 R
b1010 W
b11101 %
b11101 V
b10101 t
11
#114300000
b11101 9
01
#114310000
b1 R
b11110 %
b11110 V
11
#114320000
b11110 9
01
#114330000
1B
b0 R
b11111 %
b11111 V
11
#114340000
b11111 9
01
#114350000
0B
b10 R
b1011 W
b100000 %
b100000 V
b1011 h
b1011 e
b10101 t
11
#114360000
b100000 9
01
#114370000
b1 R
b100001 %
b100001 V
11
#114380000
b100001 9
01
#114390000
1B
b0 R
b100010 %
b100010 V
11
#114400000
b100010 9
01
#114410000
0B
b1100 h
b1100 e
b10 R
b1100 W
b100011 %
b100011 V
b10101 t
11
#114420000
b100011 9
01
#114430000
b1 R
b100100 %
b100100 V
11
#114440000
b100100 9
01
#114450000
1B
b0 R
b100101 %
b100101 V
11
#114460000
b100101 9
01
#114470000
0B
b10 R
b1101 W
b100110 %
b100110 V
b1101 h
b1101 e
b10101 t
11
#114480000
b100110 9
01
#114490000
b1 R
b100111 %
b100111 V
11
#114500000
b100111 9
01
#114510000
1B
b0 R
b101000 %
b101000 V
11
#114520000
b101000 9
01
#114530000
0B
b1110 h
b1110 e
b10 R
b1110 W
b101001 %
b101001 V
b10101 t
11
#114540000
b101001 9
01
#114550000
b1 R
b101010 %
b101010 V
11
#114560000
b101010 9
01
#114570000
1B
b0 R
b101011 %
b101011 V
11
#114580000
b101011 9
01
#114590000
0B
b10 R
b1111 W
b101100 %
b101100 V
b1111 h
b1111 e
b10101 t
11
#114600000
b101100 9
01
#114610000
b1 R
b101101 %
b101101 V
11
#114620000
b101101 9
01
#114630000
1B
b0 R
b101110 %
b101110 V
11
#114640000
b101110 9
01
#114650000
0B
b10000 h
b10000 e
b10 R
b10000 W
b101111 %
b101111 V
b10101 t
11
#114660000
b101111 9
01
#114670000
b1 R
b110000 %
b110000 V
11
#114680000
b110000 9
01
#114690000
1B
b0 R
b110001 %
b110001 V
11
#114700000
b110001 9
01
#114710000
0B
b10 R
b10001 W
b110010 %
b110010 V
b10001 h
b10001 e
b10101 t
11
#114720000
b110010 9
01
#114730000
b1 R
b110011 %
b110011 V
11
#114740000
b110011 9
01
#114750000
1B
b0 R
b110100 %
b110100 V
11
#114760000
b110100 9
01
#114770000
0B
b10010 h
b10010 e
b10 R
b10010 W
b110101 %
b110101 V
b10101 t
11
#114780000
b110101 9
01
#114790000
b1 R
b110110 %
b110110 V
11
#114800000
b110110 9
01
#114810000
1B
b0 R
b110111 %
b110111 V
11
#114820000
b110111 9
01
#114830000
0B
b10 R
b10011 W
b111000 %
b111000 V
b10011 h
b10011 e
b10101 t
11
#114840000
b111000 9
01
#114850000
b1 R
b111001 %
b111001 V
11
#114860000
b111001 9
01
#114870000
1B
b0 R
b111010 %
b111010 V
11
#114880000
b111010 9
01
#114890000
0B
b10100 h
b10100 e
b10 R
b10100 W
b111011 %
b111011 V
b10101 t
11
#114900000
b111011 9
01
#114910000
b1 R
b111100 %
b111100 V
11
#114920000
b111100 9
01
#114930000
1B
b0 R
b111101 %
b111101 V
11
#114940000
b111101 9
01
#114950000
0B
b10 R
b10101 W
b111110 %
b111110 V
b1 m
b1010 f
b100111000100000 b
b10011100010000000 l
b10011100010000000 k
b10011100010000000 j
b10011100010000000 i
b10101 h
b10101 e
1r
b10101 t
11
#114960000
b111110 9
01
#114970000
b1001110001000000 `
b1 n
b1010 g
b100111000100000 c
b1001110001000000000 o
1s
0r
b1 R
b111111 %
b111111 V
11
#114980000
b111111 9
01
#114990000
1B
b0 R
b1000000 %
b1000000 V
b1010 H
b1010 a
b100111000100000 G
b100111000100000 d
b1001110001000000 C
b1001110001000000 q
b1001110001000000 E
b1001110001000000 p
1D
0s
11
#115000000
b1000000 9
01
#115010000
0B
0D
b1011 f
b10110 h
1r
b1001110001000000 '
b1001110001000000 T
b1001110001000000 (
b1001110001000000 S
b1 &
b1 U
b10 R
b10110 W
b1000001 %
b1000001 V
b10101 t
11
#115020000
b1000001 9
01
#115030000
b1 R
b1000010 %
b1000010 V
b1011 g
1s
0r
11
#115040000
b1000010 9
01
#115050000
1B
b1011 H
b1011 a
1D
0s
b0 R
b1000011 %
b1000011 V
11
#115060000
b1000011 9
01
#115070000
0B
b10 &
b10 U
b10 R
b10111 W
b1000100 %
b1000100 V
0D
b1100 f
b10111 h
1r
b10101 t
11
#115080000
b1000100 9
01
#115090000
b1100 g
1s
0r
b1 R
b1000101 %
b1000101 V
11
#115100000
b1000101 9
01
#115110000
1B
b0 R
b1000110 %
b1000110 V
b1100 H
b1100 a
1D
0s
11
#115120000
b1000110 9
01
#115130000
0B
0D
b1101 f
b11000 h
1r
b11 &
b11 U
b10 R
b11000 W
b1000111 %
b1000111 V
b10101 t
11
#115140000
b1000111 9
01
#115150000
b1 R
b1001000 %
b1001000 V
b1101 g
1s
0r
11
#115160000
b1001000 9
01
#115170000
1B
b1101 H
b1101 a
1D
0s
b0 R
b1001001 %
b1001001 V
11
#115180000
b1001001 9
01
#115190000
0B
b100 &
b100 U
b10 R
b11001 W
b1001010 %
b1001010 V
0D
b1110 f
b11001 h
1r
b10101 t
11
#115200000
b1001010 9
01
#115210000
b1110 g
1s
0r
b1 R
b1001011 %
b1001011 V
11
#115220000
b1001011 9
01
#115230000
1B
b0 R
b1001100 %
b1001100 V
b1110 H
b1110 a
1D
0s
11
#115240000
b1001100 9
01
#115250000
0B
0D
b1111 f
b11010 h
1r
b101 &
b101 U
b10 R
b11010 W
b1001101 %
b1001101 V
b10101 t
11
#115260000
b1001101 9
01
#115270000
b1 R
b1001110 %
b1001110 V
b1111 g
1s
0r
11
#115280000
b1001110 9
01
#115290000
1B
b1111 H
b1111 a
1D
0s
b0 R
b1001111 %
b1001111 V
11
#115300000
b1001111 9
01
#115310000
0B
b110 &
b110 U
b10 R
b11011 W
b1010000 %
b1010000 V
0D
b10000 f
b11011 h
1r
b10101 t
11
#115320000
b1010000 9
01
#115330000
b10000 g
1s
0r
b1 R
b1010001 %
b1010001 V
11
#115340000
b1010001 9
01
#115350000
1B
b0 R
b1010010 %
b1010010 V
b10000 H
b10000 a
1D
0s
11
#115360000
b1010010 9
01
#115370000
0B
0D
b10001 f
b11100 h
1r
b111 &
b111 U
b10 R
b11100 W
b1010011 %
b1010011 V
b10101 t
11
#115380000
b1010011 9
01
#115390000
b1 R
b1010100 %
b1010100 V
b10001 g
1s
0r
11
#115400000
b1010100 9
01
#115410000
1B
b10001 H
b10001 a
1D
0s
b0 R
b1010101 %
b1010101 V
11
#115420000
b1010101 9
01
#115430000
0B
b1000 &
b1000 U
b10 R
b11101 W
b1010110 %
b1010110 V
0D
b10010 f
b11101 h
1r
b10101 t
11
#115440000
b1010110 9
01
#115450000
b10010 g
1s
0r
b1 R
b1010111 %
b1010111 V
11
#115460000
b1010111 9
01
#115470000
1B
b0 R
b1011000 %
b1011000 V
b10010 H
b10010 a
1D
0s
11
#115480000
b1011000 9
01
#115490000
0B
b1110101001100000 X
b1110101001100000 ^
0D
b10011 f
b11110 h
1r
b1001 &
b1001 U
b10 R
b11110 W
b1011001 %
b1011001 V
b10101 t
11
#115500000
b1011001 9
01
#115510000
b1 R
b1011010 %
b1011010 V
b10011 g
1s
0r
11
#115520000
b1011010 9
01
#115530000
1B
b10011 H
b10011 a
1D
0s
b0 R
b1011011 %
b1011011 V
11
#115540000
b1011011 9
01
#115550000
0B
b100111000100000 X
b100111000100000 ^
b1010 &
b1010 U
b10 R
b11111 W
b1011100 %
b1011100 V
0D
b10100 f
b11101010011000000 i
b11111 h
1r
b10101 t
11
#115560000
b1011100 9
01
#115570000
b1010111111001000 `
b10100 g
b1010111111001000000 o
1s
0r
b1 R
b1011101 %
b1011101 V
11
#115580000
b1011101 9
01
#115590000
1B
b0 R
b1011110 %
b1011110 V
b10100 H
b10100 a
b1010111111001000 C
b1010111111001000 q
b1010111111001000 E
b1010111111001000 p
1D
0s
11
#115600000
b1011110 9
01
#115610000
0B
0D
b10101 f
b100000 h
1r
b1010111111001000 '
b1010111111001000 T
b1010111111001000 (
b1010111111001000 S
b1011 &
b1011 U
b10 R
b100000 W
b1011111 %
b1011111 V
b10101 t
11
#115620000
b1011111 9
01
#115630000
b1 R
b1100000 %
b1100000 V
b10101 g
1s
0r
11
#115640000
b1100000 9
01
#115650000
1B
b10101 H
b10101 a
1D
0s
b0 R
b1100001 %
b1100001 V
11
#115660000
b1100001 9
01
#115670000
0B
b1100 &
b1100 U
b10 R
b100001 W
b1100010 %
b1100010 V
0D
b10110 f
b100001 h
1r
b10101 t
11
#115680000
b1100010 9
01
#115690000
b10110 g
1s
0r
b1 R
b1100011 %
b1100011 V
11
#115700000
b1100011 9
01
#115710000
1B
b0 R
b1100100 %
b1100100 V
b10110 H
b10110 a
1D
0s
11
#115720000
b1100100 9
01
#115730000
0B
0D
b10111 f
b100010 h
1r
b1101 &
b1101 U
b10 R
b100010 W
b1100101 %
b1100101 V
b10101 t
11
#115740000
b1100101 9
01
#115750000
b1 R
b1100110 %
b1100110 V
b10111 g
1s
0r
11
#115760000
b1100110 9
01
#115770000
1B
b10111 H
b10111 a
1D
0s
b0 R
b1100111 %
b1100111 V
11
#115780000
b1100111 9
01
#115790000
0B
b1110 &
b1110 U
b10 R
b100011 W
b1101000 %
b1101000 V
0D
b11000 f
b11101010011000000 j
b10011100010000000 i
b100011 h
1r
b10101 t
11
#115800000
b1101000 9
01
#115810000
b11000 g
1s
0r
b1 R
b1101001 %
b1101001 V
11
#115820000
b1101001 9
01
#115830000
1B
b0 R
b1101010 %
b1101010 V
b11000 H
b11000 a
1D
0s
11
#115840000
b1101010 9
01
#115850000
0B
0D
b11001 f
b100100 h
1r
b1111 &
b1111 U
b10 R
b100100 W
b1101011 %
b1101011 V
b10101 t
11
#115860000
b1101011 9
01
#115870000
b1 R
b1101100 %
b1101100 V
b11001 g
1s
0r
11
#115880000
b1101100 9
01
#115890000
1B
b11001 H
b11001 a
1D
0s
b0 R
b1101101 %
b1101101 V
11
#115900000
b1101101 9
01
#115910000
0B
b10000 &
b10000 U
b10 R
b100101 W
b1101110 %
b1101110 V
0D
b11010 f
b100101 h
1r
b10101 t
11
#115920000
b1101110 9
01
#115930000
b11010 g
1s
0r
b1 R
b1101111 %
b1101111 V
11
#115940000
b1101111 9
01
#115950000
1B
b0 R
b1110000 %
b1110000 V
b11010 H
b11010 a
1D
0s
11
#115960000
b1110000 9
01
#115970000
0B
0D
b11011 f
b100110 h
1r
b10001 &
b10001 U
b10 R
b100110 W
b1110001 %
b1110001 V
b10101 t
11
#115980000
b1110001 9
01
#115990000
b1 R
b1110010 %
b1110010 V
b11011 g
1s
0r
11
#116000000
b1110010 9
01
#116010000
1B
b11011 H
b11011 a
1D
0s
b0 R
b1110011 %
b1110011 V
11
#116020000
b1110011 9
01
#116030000
0B
b10010 &
b10010 U
b10 R
b100111 W
b1110100 %
b1110100 V
0D
b11100 f
b10011100010000000 j
b100111 h
1r
b10101 t
11
#116040000
b1110100 9
01
#116050000
b1001110001000000 `
b11100 g
b1001110001000000000 o
1s
0r
b1 R
b1110101 %
b1110101 V
11
#116060000
b1110101 9
01
#116070000
1B
b0 R
b1110110 %
b1110110 V
b11100 H
b11100 a
b1001110001000000 C
b1001110001000000 q
b1001110001000000 E
b1001110001000000 p
1D
0s
11
#116080000
b1110110 9
01
#116090000
0B
0D
b11101 f
b101000 h
1r
b1001110001000000 '
b1001110001000000 T
b1001110001000000 (
b1001110001000000 S
b10011 &
b10011 U
b10 R
b101000 W
b1110111 %
b1110111 V
b10101 t
11
#116100000
b1110111 9
01
#116110000
b1 R
b1111000 %
b1111000 V
b11101 g
1s
0r
11
#116120000
b1111000 9
01
#116130000
1B
b11101 H
b11101 a
1D
0s
b0 R
b1111001 %
b1111001 V
11
#116140000
b1111001 9
01
#116150000
0B
b10100 &
b10100 U
b10 R
b101001 W
b1111010 %
b1111010 V
0D
b11110 f
b1110101001100000 b
b101001 h
1r
b10101 t
11
#116160000
b1111010 9
01
#116170000
b11110 g
b1110101001100000 c
1s
0r
b1 R
b1111011 %
b1111011 V
11
#116180000
b1111011 9
01
#116190000
1B
b0 R
b1111100 %
b1111100 V
b11110 H
b11110 a
b1110101001100000 G
b1110101001100000 d
1F
1D
0s
11
#116200000
b1111100 9
01
#116210000
0B
0F
0D
b11111 f
b100111000100000 b
b101010 h
1r
b1 ,
b1 O
b11110 $
b11110 [
b1000000000000000000000000000000 +
b1000000000000000000000000000000 P
b10101 &
b10101 U
b10 R
b101010 W
b1111101 %
b1111101 V
b10101 t
11
#116220000
b1111101 9
01
#116230000
b1 R
b1111110 %
b1111110 V
b11111 g
b100111000100000 c
1s
0r
11
#116240000
b1111110 9
01
#116250000
1B
b11111 H
b11111 a
b100111000100000 G
b100111000100000 d
1D
0s
b0 R
b1111111 %
b1111111 V
11
#116260000
b1111111 9
01
#116270000
0B
b10110 &
b10110 U
b10 R
b101011 W
b10000000 %
b10000000 V
0D
b100000 f
b101011 h
1r
b10101 t
11
#116280000
b10000000 9
01
#116290000
b100000 g
1s
0r
b1 R
b10000001 %
b10000001 V
11
#116300000
b10000001 9
01
#116310000
1B
b0 R
b10000010 %
b10000010 V
b100000 H
b100000 a
1D
0s
11
#116320000
b10000010 9
01
#116330000
0B
0D
b100001 f
b11101010011000000 k
b101100 h
1r
b10111 &
b10111 U
b10 R
b101100 W
b10000011 %
b10000011 V
b10101 t
11
#116340000
b10000011 9
01
#116350000
b1010111111001000 `
b1 R
b10000100 %
b10000100 V
b100001 g
b1010111111001000000 o
1s
0r
11
#116360000
b10000100 9
01
#116370000
1B
b100001 H
b100001 a
b1010111111001000 C
b1010111111001000 q
b1010111111001000 E
b1010111111001000 p
1D
0s
b0 R
b10000101 %
b10000101 V
11
#116380000
b10000101 9
01
#116390000
0B
b1010111111001000 '
b1010111111001000 T
b1010111111001000 (
b1010111111001000 S
b11000 &
b11000 U
b10 R
b101101 W
b10000110 %
b10000110 V
0D
b100010 f
b101101 h
1r
b10101 t
11
#116400000
b10000110 9
01
#116410000
b100010 g
1s
0r
b1 R
b10000111 %
b10000111 V
11
#116420000
b10000111 9
01
#116430000
1B
b0 R
b10001000 %
b10001000 V
b100010 H
b100010 a
1D
0s
11
#116440000
b10001000 9
01
#116450000
0B
0D
b100011 f
b101110 h
1r
b11001 &
b11001 U
b10 R
b101110 W
b10001001 %
b10001001 V
b10101 t
11
#116460000
b10001001 9
01
#116470000
b1 R
b10001010 %
b10001010 V
b100011 g
1s
0r
11
#116480000
b10001010 9
01
#116490000
1B
b100011 H
b100011 a
1D
0s
b0 R
b10001011 %
b10001011 V
11
#116500000
b10001011 9
01
#116510000
0B
b11010 &
b11010 U
b10 R
b101111 W
b10001100 %
b10001100 V
0D
b100100 f
b101111 h
1r
b10101 t
11
#116520000
b10001100 9
01
#116530000
b100100 g
1s
0r
b1 R
b10001101 %
b10001101 V
11
#116540000
b10001101 9
01
#116550000
1B
b0 R
b10001110 %
b10001110 V
b100100 H
b100100 a
1D
0s
11
#116560000
b10001110 9
01
#116570000
0B
0D
b100101 f
b11101010011000000 l
b10011100010000000 k
b110000 h
1r
b11011 &
b11011 U
b10 R
b110000 W
b10001111 %
b10001111 V
b10101 t
11
#116580000
b10001111 9
01
#116590000
b1 R
b10010000 %
b10010000 V
b100101 g
1s
0r
11
#116600000
b10010000 9
01
#116610000
1B
b100101 H
b100101 a
1D
0s
b0 R
b10010001 %
b10010001 V
11
#116620000
b10010001 9
01
#116630000
0B
b11100 &
b11100 U
b10 R
b110001 W
b10010010 %
b10010010 V
0D
b100110 f
b110001 h
1r
b10101 t
11
#116640000
b10010010 9
01
#116650000
b100110 g
1s
0r
b1 R
b10010011 %
b10010011 V
11
#116660000
b10010011 9
01
#116670000
1B
b0 R
b10010100 %
b10010100 V
b100110 H
b100110 a
1D
0s
11
#116680000
b10010100 9
01
#116690000
0B
0D
b100111 f
b110010 h
1r
b11101 &
b11101 U
b10 R
b110010 W
b10010101 %
b10010101 V
b10101 t
11
#116700000
b10010101 9
01
#116710000
b1 R
b10010110 %
b10010110 V
b100111 g
1s
0r
11
#116720000
b10010110 9
01
#116730000
1B
b100111 H
b100111 a
1D
0s
b0 R
b10010111 %
b10010111 V
11
#116740000
b10010111 9
01
#116750000
0B
b11110 &
b11110 U
b10 R
b110011 W
b10011000 %
b10011000 V
0D
b101000 f
b110011 h
1r
b10101 t
11
#116760000
b10011000 9
01
#116770000
b101000 g
1s
0r
b1 R
b10011001 %
b10011001 V
11
#116780000
b10011001 9
01
#116790000
1B
b0 R
b10011010 %
b10011010 V
b101000 H
b101000 a
1D
0s
11
#116800000
b10011010 9
01
#116810000
0B
0D
b101001 f
b10011100010000000 l
b110100 h
1r
b11111 &
b11111 U
b10 R
b110100 W
b10011011 %
b10011011 V
b10101 t
11
#116820000
b10011011 9
01
#116830000
b1001110001000000 `
b1 R
b10011100 %
b10011100 V
b101001 g
b1001110001000000000 o
1s
0r
11
#116840000
b10011100 9
01
#116850000
1B
b101001 H
b101001 a
b1001110001000000 C
b1001110001000000 q
b1001110001000000 E
b1001110001000000 p
1D
0s
b0 R
b10011101 %
b10011101 V
11
#116860000
b10011101 9
01
#116870000
0B
b1001110001000000 '
b1001110001000000 T
b1001110001000000 (
b1001110001000000 S
b100000 &
b100000 U
b10 R
b110101 W
b10011110 %
b10011110 V
0D
b101010 f
b110101 h
1r
b10101 t
11
#116880000
b10011110 9
01
#116890000
b101010 g
1s
0r
b1 R
b10011111 %
b10011111 V
11
#116900000
b10011111 9
01
#116910000
1B
b0 R
b10100000 %
b10100000 V
b101010 H
b101010 a
1D
0s
11
#116920000
b10100000 9
01
#116930000
0B
0D
b101011 f
b110110 h
1r
b100001 &
b100001 U
b10 R
b110110 W
b10100001 %
b10100001 V
b10101 t
11
#116940000
b10100001 9
01
#116950000
b1 R
b10100010 %
b10100010 V
b101011 g
1s
0r
11
#116960000
b10100010 9
01
#116970000
1B
b101011 H
b101011 a
1D
0s
b0 R
b10100011 %
b10100011 V
11
#116980000
b10100011 9
01
#116990000
0B
b100010 &
b100010 U
b10 R
b110111 W
b10100100 %
b10100100 V
0D
b101100 f
b110111 h
1r
b10101 t
11
#117000000
b10100100 9
01
#117010000
b101100 g
1s
0r
b1 R
b10100101 %
b10100101 V
11
#117020000
b10100101 9
01
#117030000
1B
b0 R
b10100110 %
b10100110 V
b101100 H
b101100 a
1D
0s
11
#117040000
b10100110 9
01
#117050000
0B
0D
b101101 f
b111000 h
1r
b100011 &
b100011 U
b10 R
b111000 W
b10100111 %
b10100111 V
b10101 t
11
#117060000
b10100111 9
01
#117070000
b1 R
b10101000 %
b10101000 V
b101101 g
1s
0r
11
#117080000
b10101000 9
01
#117090000
1B
b101101 H
b101101 a
1D
0s
b0 R
b10101001 %
b10101001 V
11
#117100000
b10101001 9
01
#117110000
0B
b100100 &
b100100 U
b10 R
b111001 W
b10101010 %
b10101010 V
0D
b101110 f
b111001 h
1r
b10101 t
11
#117120000
b10101010 9
01
#117130000
b101110 g
1s
0r
b1 R
b10101011 %
b10101011 V
11
#117140000
b10101011 9
01
#117150000
1B
b0 R
b10101100 %
b10101100 V
b101110 H
b101110 a
1D
0s
11
#117160000
b10101100 9
01
#117170000
0B
0D
b101111 f
b111010 h
1r
b100101 &
b100101 U
b10 R
b111010 W
b10101101 %
b10101101 V
b10101 t
11
#117180000
b10101101 9
01
#117190000
b1 R
b10101110 %
b10101110 V
b101111 g
1s
0r
11
#117200000
b10101110 9
01
#117210000
1B
b101111 H
b101111 a
1D
0s
b0 R
b10101111 %
b10101111 V
11
#117220000
b10101111 9
01
#117230000
0B
b100110 &
b100110 U
b10 R
b111011 W
b10110000 %
b10110000 V
0D
b110000 f
b111011 h
1r
b10101 t
11
#117240000
b10110000 9
01
#117250000
b110000 g
1s
0r
b1 R
b10110001 %
b10110001 V
11
#117260000
b10110001 9
01
#117270000
1B
b0 R
b10110010 %
b10110010 V
b110000 H
b110000 a
1D
0s
11
#117280000
b10110010 9
01
#117290000
0B
0D
b110001 f
b111100 h
1r
b100111 &
b100111 U
b10 R
b111100 W
b10110011 %
b10110011 V
b10101 t
11
#117300000
b10110011 9
01
#117310000
b1 R
b10110100 %
b10110100 V
b110001 g
1s
0r
11
#117320000
b10110100 9
01
#117330000
1B
b110001 H
b110001 a
1D
0s
b0 R
b10110101 %
b10110101 V
11
#117340000
b10110101 9
01
#117350000
0B
b101000 &
b101000 U
b10 R
b111101 W
b10110110 %
b10110110 V
0D
b110010 f
b111101 h
1r
b10101 t
11
#117360000
b10110110 9
01
#117370000
b110010 g
1s
0r
b1 R
b10110111 %
b10110111 V
11
#117380000
b10110111 9
01
#117390000
1B
b0 R
b10111000 %
b10111000 V
b110010 H
b110010 a
1D
0s
11
#117400000
b10111000 9
01
#117410000
0B
0D
b110011 f
b111110 h
1r
b101001 &
b101001 U
b10 R
b111110 W
b10111001 %
b10111001 V
b10101 t
11
#117420000
b10111001 9
01
#117430000
b1 R
b10111010 %
b10111010 V
b110011 g
1s
0r
11
#117440000
b10111010 9
01
#117450000
1B
b110011 H
b110011 a
1D
0s
b0 R
b10111011 %
b10111011 V
11
#117460000
b10111011 9
01
#117470000
0B
b101010 &
b101010 U
b10 R
b111111 W
b10111100 %
b10111100 V
0D
b110100 f
b111111 h
1r
b10101 t
11
#117480000
b10111100 9
01
#117490000
b110100 g
1s
0r
b1 R
b10111101 %
b10111101 V
11
#117500000
b10111101 9
01
#117510000
1B
b0 R
b10111110 %
b10111110 V
b110100 H
b110100 a
1D
0s
11
#117520000
b10111110 9
01
#117530000
0B
0D
b110101 f
b1000000 h
1r
b101011 &
b101011 U
b10 R
b1000000 W
b10111111 %
b10111111 V
b10101 t
11
#117540000
b10111111 9
01
#117550000
b1 R
b11000000 %
b11000000 V
b110101 g
1s
0r
11
#117560000
b11000000 9
01
#117570000
1B
b110101 H
b110101 a
1D
0s
b0 R
b11000001 %
b11000001 V
11
#117580000
b11000001 9
01
#117590000
0B
b101100 &
b101100 U
b10 R
b1000001 W
b11000010 %
b11000010 V
0D
b110110 f
b1000001 h
1r
b10101 t
11
#117600000
b11000010 9
01
#117610000
b110110 g
1s
0r
b1 R
b11000011 %
b11000011 V
11
#117620000
b11000011 9
01
#117630000
1B
b0 R
b11000100 %
b11000100 V
b110110 H
b110110 a
1D
0s
11
#117640000
b11000100 9
01
#117650000
0B
0D
b110111 f
b1000010 h
1r
b101101 &
b101101 U
b10 R
b1000010 W
b11000101 %
b11000101 V
b10101 t
11
#117660000
b11000101 9
01
#117670000
b1 R
b11000110 %
b11000110 V
b110111 g
1s
0r
11
#117680000
b11000110 9
01
#117690000
1B
b110111 H
b110111 a
1D
0s
b0 R
b11000111 %
b11000111 V
11
#117700000
b11000111 9
01
#117710000
0B
b101110 &
b101110 U
b10 R
b1000011 W
b11001000 %
b11001000 V
0D
b111000 f
b1000011 h
1r
b10101 t
11
#117720000
b11001000 9
01
#117730000
b111000 g
1s
0r
b1 R
b11001001 %
b11001001 V
11
#117740000
b11001001 9
01
#117750000
1B
b0 R
b11001010 %
b11001010 V
b111000 H
b111000 a
1D
0s
11
#117760000
b11001010 9
01
#117770000
0B
0D
b111001 f
b1000100 h
1r
b101111 &
b101111 U
b10 R
b1000100 W
b11001011 %
b11001011 V
b10101 t
11
#117780000
b11001011 9
01
#117790000
b1 R
b11001100 %
b11001100 V
b111001 g
1s
0r
11
#117800000
b11001100 9
01
#117810000
1B
b111001 H
b111001 a
1D
0s
b0 R
b11001101 %
b11001101 V
11
#117820000
b11001101 9
01
#117830000
0B
b110000 &
b110000 U
b10 R
b1000101 W
b11001110 %
b11001110 V
0D
b111010 f
b1000101 h
1r
b10101 t
11
#117840000
b11001110 9
01
#117850000
b111010 g
1s
0r
b1 R
b11001111 %
b11001111 V
11
#117860000
b11001111 9
01
#117870000
1B
b0 R
b11010000 %
b11010000 V
b111010 H
b111010 a
1D
0s
11
#117880000
b11010000 9
01
#117890000
0B
0D
b111011 f
b1000110 h
1r
b110001 &
b110001 U
b10 R
b1000110 W
b11010001 %
b11010001 V
b10101 t
11
#117900000
b11010001 9
01
#117910000
b1 R
b11010010 %
b11010010 V
b111011 g
1s
0r
11
#117920000
b11010010 9
01
#117930000
1B
b111011 H
b111011 a
1D
0s
b0 R
b11010011 %
b11010011 V
11
#117940000
b11010011 9
01
#117950000
0B
b110010 &
b110010 U
b10 R
b1000111 W
b11010100 %
b11010100 V
0D
b111100 f
b1000111 h
1r
b10101 t
11
#117960000
b11010100 9
01
#117970000
b111100 g
1s
0r
b1 R
b11010101 %
b11010101 V
11
#117980000
b11010101 9
01
#117990000
1B
b0 R
b11010110 %
b11010110 V
b111100 H
b111100 a
1D
0s
11
#118000000
b11010110 9
01
#118010000
0B
0D
b111101 f
b1001000 h
1r
b110011 &
b110011 U
b10 R
b1001000 W
b11010111 %
b11010111 V
b10101 t
11
#118020000
b11010111 9
01
#118030000
b1 R
b11011000 %
b11011000 V
b111101 g
1s
0r
11
#118040000
b11011000 9
01
#118050000
1B
b111101 H
b111101 a
1D
0s
b0 R
b11011001 %
b11011001 V
11
#118060000
b11011001 9
01
#118070000
0B
b110100 &
b110100 U
b10 R
b1001001 W
b11011010 %
b11011010 V
0D
b111110 f
b1001001 h
1r
b10101 t
11
#118080000
b11011010 9
01
#118090000
b111110 g
1s
0r
b1 R
b11011011 %
b11011011 V
11
#118100000
b11011011 9
01
#118110000
1B
b0 R
b11011100 %
b11011100 V
b111110 H
b111110 a
1D
0s
11
#118120000
b11011100 9
01
#118130000
0B
0D
b111111 f
b1001010 h
1r
b110101 &
b110101 U
b10 R
b1001010 W
b11011101 %
b11011101 V
b10101 t
11
#118140000
b11011101 9
01
#118150000
b1 R
b11011110 %
b11011110 V
b111111 g
1s
0r
11
#118160000
b11011110 9
01
#118170000
1B
b111111 H
b111111 a
1D
0s
b0 R
b11011111 %
b11011111 V
11
#118180000
b11011111 9
01
#118190000
0B
b110110 &
b110110 U
b10 R
b1001011 W
b11100000 %
b11100000 V
0D
b1000000 f
b1001011 h
1r
b10101 t
11
#118200000
b11100000 9
01
#118210000
b1000000 g
1s
0r
b1 R
b11100001 %
b11100001 V
11
#118220000
b11100001 9
01
#118230000
1B
b0 R
b11100010 %
b11100010 V
b1000000 H
b1000000 a
1D
0s
11
#118240000
b11100010 9
01
#118250000
0B
0D
b1000001 f
b1001100 h
1r
b110111 &
b110111 U
b10 R
b1001100 W
b11100011 %
b11100011 V
b10101 t
11
#118260000
b11100011 9
01
#118270000
b1 R
b11100100 %
b11100100 V
b1000001 g
1s
0r
11
#118280000
b11100100 9
01
#118290000
1B
b1000001 H
b1000001 a
1D
0s
b0 R
b11100101 %
b11100101 V
11
#118300000
b11100101 9
01
#118310000
0B
b111000 &
b111000 U
b10 R
b1001101 W
b11100110 %
b11100110 V
0D
b1000010 f
b1001101 h
1r
b10101 t
11
#118320000
b11100110 9
01
#118330000
b1000010 g
1s
0r
b1 R
b11100111 %
b11100111 V
11
#118340000
b11100111 9
01
#118350000
1B
b0 R
b11101000 %
b11101000 V
b1000010 H
b1000010 a
1D
0s
11
#118360000
b11101000 9
01
#118370000
0B
0D
b1000011 f
b1001110 h
1r
b111001 &
b111001 U
b10 R
b1001110 W
b11101001 %
b11101001 V
b10101 t
11
#118380000
b11101001 9
01
#118390000
b1 R
b11101010 %
b11101010 V
b1000011 g
1s
0r
11
#118400000
b11101010 9
01
#118410000
1B
b1000011 H
b1000011 a
1D
0s
b0 R
b11101011 %
b11101011 V
11
#118420000
b11101011 9
01
#118430000
0B
b111010 &
b111010 U
b10 R
b1001111 W
b11101100 %
b11101100 V
0D
b1000100 f
b1001111 h
1r
b10101 t
11
#118440000
b11101100 9
01
#118450000
b1000100 g
1s
0r
b1 R
b11101101 %
b11101101 V
11
#118460000
b11101101 9
01
#118470000
1B
b0 R
b11101110 %
b11101110 V
b1000100 H
b1000100 a
1D
0s
11
#118480000
b11101110 9
01
#118490000
0B
0D
b1000101 f
b1010000 h
1r
b111011 &
b111011 U
b10 R
b1010000 W
b11101111 %
b11101111 V
b10101 t
11
#118500000
b11101111 9
01
#118510000
b1 R
b11110000 %
b11110000 V
b1000101 g
1s
0r
11
#118520000
b11110000 9
01
#118530000
1B
b1000101 H
b1000101 a
1D
0s
b0 R
b11110001 %
b11110001 V
11
#118540000
b11110001 9
01
#118550000
0B
b111100 &
b111100 U
b10 R
b1010001 W
b11110010 %
b11110010 V
0D
b1000110 f
b1010001 h
1r
b10101 t
11
#118560000
b11110010 9
01
#118570000
b1000110 g
1s
0r
b1 R
b11110011 %
b11110011 V
11
#118580000
b11110011 9
01
#118590000
1B
b0 R
b11110100 %
b11110100 V
b1000110 H
b1000110 a
1D
0s
11
#118600000
b11110100 9
01
#118610000
0B
0D
b1000111 f
b1010010 h
1r
b111101 &
b111101 U
b10 R
b1010010 W
b11110101 %
b11110101 V
b10101 t
11
#118620000
b11110101 9
01
#118630000
b1 R
b11110110 %
b11110110 V
b1000111 g
1s
0r
11
#118640000
b11110110 9
01
#118650000
1B
b1000111 H
b1000111 a
1D
0s
b0 R
b11110111 %
b11110111 V
11
#118660000
b11110111 9
01
#118670000
0B
b111110 &
b111110 U
b10 R
b1010011 W
b11111000 %
b11111000 V
0D
b1001000 f
b1010011 h
1r
b10101 t
11
#118680000
b11111000 9
01
#118690000
b1001000 g
1s
0r
b1 R
b11111001 %
b11111001 V
11
#118700000
b11111001 9
01
#118710000
1B
b0 R
b11111010 %
b11111010 V
b1001000 H
b1001000 a
1D
0s
11
#118720000
b11111010 9
01
#118730000
0B
0D
b1001001 f
b1010100 h
1r
b111111 &
b111111 U
b10 R
b1010100 W
b11111011 %
b11111011 V
b10101 t
11
#118740000
b11111011 9
01
#118750000
b1 R
b11111100 %
b11111100 V
b1001001 g
1s
0r
11
#118760000
b11111100 9
01
#118770000
1B
b1001001 H
b1001001 a
1D
0s
b0 R
b11111101 %
b11111101 V
11
#118780000
b11111101 9
01
#118790000
0B
b1000000 &
b1000000 U
b10 R
b1010101 W
b11111110 %
b11111110 V
0D
b1001010 f
b1010101 h
1r
b10101 t
11
#118800000
b11111110 9
01
#118810000
b1001010 g
1s
0r
b1 R
b11111111 %
b11111111 V
11
#118820000
b11111111 9
01
#118830000
1B
b0 R
b100000000 %
b100000000 V
b1001010 H
b1001010 a
1D
0s
11
#118840000
b100000000 9
01
#118850000
0B
0D
b1001011 f
b1010110 h
1r
b1000001 &
b1000001 U
b10 R
b1010110 W
b100000001 %
b100000001 V
b10101 t
11
#118860000
b100000001 9
01
#118870000
b1 R
b100000010 %
b100000010 V
b1001011 g
1s
0r
11
#118880000
b100000010 9
01
#118890000
1B
b1001011 H
b1001011 a
1D
0s
b0 R
b100000011 %
b100000011 V
11
#118900000
b100000011 9
01
#118910000
0B
b1000010 &
b1000010 U
b10 R
b1010111 W
b100000100 %
b100000100 V
0D
b1001100 f
b1010111 h
1r
b10101 t
11
#118920000
b100000100 9
01
#118930000
b1001100 g
1s
0r
b1 R
b100000101 %
b100000101 V
11
#118940000
b100000101 9
01
#118950000
1B
b0 R
b100000110 %
b100000110 V
b1001100 H
b1001100 a
1D
0s
11
#118960000
b100000110 9
01
#118970000
0B
0D
b1001101 f
b1011000 h
1r
b1000011 &
b1000011 U
b10 R
b1011000 W
b100000111 %
b100000111 V
b10101 t
11
#118980000
b100000111 9
01
#118990000
b1 R
b100001000 %
b100001000 V
b1001101 g
1s
0r
11
#119000000
b100001000 9
01
#119010000
1B
b1001101 H
b1001101 a
1D
0s
b0 R
b100001001 %
b100001001 V
11
#119020000
b100001001 9
01
#119030000
0B
b1000100 &
b1000100 U
b10 R
b1011001 W
b100001010 %
b100001010 V
0D
b1001110 f
b1011001 h
1r
b10101 t
11
#119040000
b100001010 9
01
#119050000
b1001110 g
1s
0r
b1 R
b100001011 %
b100001011 V
11
#119060000
b100001011 9
01
#119070000
1B
b0 R
b100001100 %
b100001100 V
b1001110 H
b1001110 a
1D
0s
11
#119080000
b100001100 9
01
#119090000
0B
0D
b1001111 f
b1011010 h
1r
b1000101 &
b1000101 U
b10 R
b1011010 W
b100001101 %
b100001101 V
b10101 t
11
#119100000
b100001101 9
01
#119110000
b1 R
b100001110 %
b100001110 V
b1001111 g
1s
0r
11
#119120000
b100001110 9
01
#119130000
1B
b1001111 H
b1001111 a
1D
0s
b0 R
b100001111 %
b100001111 V
11
#119140000
b100001111 9
01
#119150000
0B
b1000110 &
b1000110 U
b10 R
b1011011 W
b100010000 %
b100010000 V
0D
b1010000 f
b1011011 h
1r
b10101 t
11
#119160000
b100010000 9
01
#119170000
b1010000 g
1s
0r
b1 R
b100010001 %
b100010001 V
11
#119180000
b100010001 9
01
#119190000
1B
b0 R
b100010010 %
b100010010 V
b1010000 H
b1010000 a
1D
0s
11
#119200000
b100010010 9
01
#119210000
0B
0D
b1010001 f
b1011100 h
1r
b1000111 &
b1000111 U
b10 R
b1011100 W
b100010011 %
b100010011 V
b10101 t
11
#119220000
b100010011 9
01
#119230000
b1 R
b100010100 %
b100010100 V
b1010001 g
1s
0r
11
#119240000
b100010100 9
01
#119250000
1B
b1010001 H
b1010001 a
1D
0s
b0 R
b100010101 %
b100010101 V
11
#119260000
b100010101 9
01
#119270000
0B
b1001000 &
b1001000 U
b10 R
b1011101 W
b100010110 %
b100010110 V
0D
b1010010 f
b1011101 h
1r
b10101 t
11
#119280000
b100010110 9
01
#119290000
b1010010 g
1s
0r
b1 R
b100010111 %
b100010111 V
11
#119300000
b100010111 9
01
#119310000
1B
b0 R
b100011000 %
b100011000 V
b1010010 H
b1010010 a
1D
0s
11
#119320000
b100011000 9
01
#119330000
0B
0D
b1010011 f
b1011110 h
1r
b1001001 &
b1001001 U
b10 R
b1011110 W
b100011001 %
b100011001 V
b10101 t
11
#119340000
b100011001 9
01
#119350000
b1 R
b100011010 %
b100011010 V
b1010011 g
1s
0r
11
#119360000
b100011010 9
01
#119370000
1B
b1010011 H
b1010011 a
1D
0s
b0 R
b100011011 %
b100011011 V
11
#119380000
b100011011 9
01
#119390000
0B
b1001010 &
b1001010 U
b10 R
b1011111 W
b100011100 %
b100011100 V
0D
b1010100 f
b1011111 h
1r
b10101 t
11
#119400000
b100011100 9
01
#119410000
b1010100 g
1s
0r
b1 R
b100011101 %
b100011101 V
11
#119420000
b100011101 9
01
#119430000
1B
b0 R
b100011110 %
b100011110 V
b1010100 H
b1010100 a
1D
0s
11
#119440000
b100011110 9
01
#119450000
0B
0D
b1010101 f
b1100000 h
1r
b1001011 &
b1001011 U
b10 R
b1100000 W
b100011111 %
b100011111 V
b10101 t
11
#119460000
b100011111 9
01
#119470000
b1 R
b100100000 %
b100100000 V
b1010101 g
1s
0r
11
#119480000
b100100000 9
01
#119490000
1B
b1010101 H
b1010101 a
1D
0s
b0 R
b100100001 %
b100100001 V
11
#119500000
b100100001 9
01
#119510000
0B
b1001100 &
b1001100 U
b10 R
b1100001 W
b100100010 %
b100100010 V
0D
b1010110 f
b1100001 h
1r
b10101 t
11
#119520000
b100100010 9
01
#119530000
b1010110 g
1s
0r
b1 R
b100100011 %
b100100011 V
11
#119540000
b100100011 9
01
#119550000
1B
b0 R
b100100100 %
b100100100 V
b1010110 H
b1010110 a
1D
0s
11
#119560000
b100100100 9
01
#119570000
0B
0D
b1010111 f
b1100010 h
1r
b1001101 &
b1001101 U
b10 R
b1100010 W
b100100101 %
b100100101 V
b10101 t
11
#119580000
b100100101 9
01
#119590000
b1 R
b100100110 %
b100100110 V
b1010111 g
1s
0r
11
#119600000
b100100110 9
01
#119610000
1B
b1010111 H
b1010111 a
1D
0s
b0 R
b100100111 %
b100100111 V
11
#119620000
b100100111 9
01
#119630000
0B
b1001110 &
b1001110 U
b10 R
b1100011 W
b100101000 %
b100101000 V
0D
b1011000 f
b1100011 h
1r
b10101 t
11
#119640000
b100101000 9
01
#119650000
b1011000 g
1s
0r
b1 R
b100101001 %
b100101001 V
11
#119660000
b100101001 9
01
#119670000
1B
b0 R
b100101010 %
b100101010 V
b1011000 H
b1011000 a
1D
0s
11
#119680000
b100101010 9
01
#119690000
0B
0D
b1011001 f
b1100100 h
1r
b1001111 &
b1001111 U
b10 R
b11 Z
b100101011 %
b100101011 V
b10101 t
11
#119700000
b100101011 9
01
#119710000
b100101100 %
b100101100 V
b1011001 g
1s
0r
11
#119720000
b100101100 9
01
#119730000
b1011001 H
b1011001 a
1D
0s
b100101101 %
b100101101 V
11
#119740000
b100101101 9
01
#119750000
b1010000 &
b1010000 U
1*
0-
b0 Z
b100101110 %
b100101110 V
0D
11
#119760000
b11100 >
b1000000000000000000000000000000 2
b100101110 9
01
#119770000
11
#119780000
01
#119790000
11
#119800000
01
#119810000
11
#119820000
01
#119830000
11
#119840000
01
#119850000
11
#119860000
01
#119870000
11
#119880000
01
#119890000
11
#119900000
01
#119910000
11
#119920000
b0 w
b10 u
b10 =
b0 ;
01
#119930000
11
#119940000
b11100 4
b10 6
b10 @
b11 7
b11 A
01
#119950000
11
#119960000
18
01
#119970000
1?
1-
b1 Z
b0 %
b0 V
b0 R
b0 W
b0 '
b0 T
b0 (
b0 S
b1111111111111111 $
b1111111111111111 [
b0 +
b0 P
b0 &
b0 U
b0 ,
b0 O
0*
b11101 )
b11101 Q
00
b10 /
b10 M
b10 _
1Y
11
#119980000
b0 9
b0 6
b0 @
b0 7
b0 A
08
01
#119990000
1B
0?
b10 Z
b1 %
b1 V
0Y
b0 H
b0 a
b0 G
b0 d
b0 E
b0 p
b0 C
b0 q
b0 o
b0 `
b0 n
b0 g
b0 c
b0 m
b0 f
b0 b
b0 l
b0 k
b0 j
b0 i
b0 h
b0 e
b10101 t
11
#120000000
b1 9
01
#120010000
b1 h
b1 e
b1 W
b10 %
b10 V
b10101 t
11
#120020000
b10 9
01
#120030000
b10 W
b11 %
b11 V
b10 h
b10 e
b10101 t
11
#120040000
b11 9
01
#120050000
b11 h
b11 e
b11 W
b100 %
b100 V
b10101 t
11
#120060000
b100 9
01
#120070000
b100 W
b101 %
b101 V
b100 h
b100 e
b10101 t
11
#120080000
b101 9
01
#120090000
b101 h
b101 e
b101 W
b110 %
b110 V
b10101 t
11
#120100000
b110 9
01
#120110000
b110 W
b111 %
b111 V
b110 h
b110 e
b10101 t
11
#120120000
b111 9
01
#120130000
b111 h
b111 e
b111 W
b1000 %
b1000 V
b10101 t
11
#120140000
b1000 9
01
#120150000
b1000 W
b1001 %
b1001 V
b1000 h
b1000 e
b10101 t
11
#120160000
b1001 9
01
#120170000
b1001 h
b1001 e
b1001 W
b1010 %
b1010 V
b10101 t
11
#120180000
b1010 9
01
#120190000
b1010 W
b1011 %
b1011 V
b1010 h
b1010 e
b10101 t
11
#120200000
b1011 9
01
#120210000
b1011 h
b1011 e
b1011 W
b1100 %
b1100 V
b10101 t
11
#120220000
b1100 9
01
#120230000
b1100 W
b1101 %
b1101 V
b1100 h
b1100 e
b10101 t
11
#120240000
b1101 9
01
#120250000
b1101 h
b1101 e
b1101 W
b1110 %
b1110 V
b10101 t
11
#120260000
b1110 9
01
#120270000
b1110 W
b1111 %
b1111 V
b1110 h
b1110 e
b10101 t
11
#120280000
b1111 9
01
#120290000
b1111 h
b1111 e
b1111 W
b10000 %
b10000 V
b10101 t
11
#120300000
b10000 9
01
#120310000
b10000 W
b10001 %
b10001 V
b10000 h
b10000 e
b10101 t
11
#120320000
b10001 9
01
#120330000
b10001 h
b10001 e
b10001 W
b10010 %
b10010 V
b10101 t
11
#120340000
b10010 9
01
#120350000
b10010 W
b10011 %
b10011 V
b10010 h
b10010 e
b10101 t
11
#120360000
b10011 9
01
#120370000
b10011 h
b10011 e
b10011 W
b10100 %
b10100 V
b10101 t
11
#120380000
b10100 9
01
#120390000
b10100 W
b10101 %
b10101 V
b10100 h
b10100 e
b10101 t
11
#120400000
b10101 9
01
#120410000
b10 m
b1010 f
b100111000100000 b
b10011100010000000 l
b10011100010000000 k
b10011100010000000 j
b10011100010000000 i
b10101 h
b10101 e
1r
b10101 W
b10110 %
b10110 V
b10101 t
11
#120420000
b10110 9
01
#120430000
b10011100010000000 `
b10110 W
b10111 %
b10111 V
b10 n
b1010 g
b100111000100000 c
b1001110001000000000 o
1s
b1011 f
b10110 h
b10101 t
11
#120440000
b10111 9
01
#120450000
b1010 H
b1010 a
b100111000100000 G
b100111000100000 d
b1111111111111111 C
b1111111111111111 q
b10011100010000000 E
b10011100010000000 p
1D
b1011 g
b1100 f
b10111 h
b10111 W
b11000 %
b11000 V
b10101 t
11
#120460000
b11000 9
01
#120470000
b10011100010000000 '
b10011100010000000 T
b1111111111111111 (
b1111111111111111 S
b1 &
b1 U
b11000 W
b11001 %
b11001 V
b1011 H
b1011 a
b1100 g
b1101 f
b11000 h
b10101 t
11
#120480000
b11001 9
01
#120490000
b1100 H
b1100 a
b1101 g
b1110 f
b11001 h
b10 &
b10 U
b11001 W
b11010 %
b11010 V
b10101 t
11
#120500000
b11010 9
01
#120510000
b11 &
b11 U
b11010 W
b11011 %
b11011 V
b1101 H
b1101 a
b1110 g
b1111 f
b11010 h
b10101 t
11
#120520000
b11011 9
01
#120530000
b1110 H
b1110 a
b1111 g
b10000 f
b11011 h
b100 &
b100 U
b11011 W
b11100 %
b11100 V
b10101 t
11
#120540000
b11100 9
01
#120550000
b101 &
b101 U
b11100 W
b11101 %
b11101 V
b1111 H
b1111 a
b10000 g
b10001 f
b11100 h
b10101 t
11
#120560000
b11101 9
01
#120570000
b10000 H
b10000 a
b10001 g
b10010 f
b11101 h
b110 &
b110 U
b11101 W
b11110 %
b11110 V
b10101 t
11
#120580000
b11110 9
01
#120590000
b1110101001100000 X
b1110101001100000 ^
b111 &
b111 U
b11110 W
b11111 %
b11111 V
b10001 H
b10001 a
b10010 g
b10011 f
b11110 h
b10101 t
11
#120600000
b11111 9
01
#120610000
b100111000100000 X
b100111000100000 ^
b10010 H
b10010 a
b10011 g
b10100 f
b11101010011000000 i
b11111 h
b1000 &
b1000 U
b11111 W
b100000 %
b100000 V
b10101 t
11
#120620000
b100000 9
01
#120630000
b10101111110010000 `
b1001 &
b1001 U
b100000 W
b100001 %
b100001 V
b10011 H
b10011 a
b10100 g
b1010111111001000000 o
b10101 f
b100000 h
b10101 t
11
#120640000
b100001 9
01
#120650000
b10100 H
b10100 a
b10101111110010000 E
b10101111110010000 p
b10101 g
b10110 f
b100001 h
b1010 &
b1010 U
b100001 W
b100010 %
b100010 V
b10101 t
11
#120660000
b100010 9
01
#120670000
b10101111110010000 '
b10101111110010000 T
b1011 &
b1011 U
b100010 W
b100011 %
b100011 V
b10101 H
b10101 a
b10110 g
b10111 f
b100010 h
b10101 t
11
#120680000
b100011 9
01
#120690000
b10110 H
b10110 a
b10111 g
b11000 f
b11101010011000000 j
b10011100010000000 i
b100011 h
b1100 &
b1100 U
b100011 W
b100100 %
b100100 V
b10101 t
11
#120700000
b100100 9
01
#120710000
b1101 &
b1101 U
b100100 W
b100101 %
b100101 V
b10111 H
b10111 a
b11000 g
b11001 f
b100100 h
b10101 t
11
#120720000
b100101 9
01
#120730000
b11000 H
b11000 a
b11001 g
b11010 f
b100101 h
b1110 &
b1110 U
b100101 W
b100110 %
b100110 V
b10101 t
11
#120740000
b100110 9
01
#120750000
b1111 &
b1111 U
b100110 W
b100111 %
b100111 V
b11001 H
b11001 a
b11010 g
b11011 f
b100110 h
b10101 t
11
#120760000
b100111 9
01
#120770000
b11010 H
b11010 a
b11011 g
b11100 f
b10011100010000000 j
b100111 h
b10000 &
b10000 U
b100111 W
b101000 %
b101000 V
b10101 t
11
#120780000
b101000 9
01
#120790000
b10011100010000000 `
b10001 &
b10001 U
b101000 W
b101001 %
b101001 V
b11011 H
b11011 a
b11100 g
b1001110001000000000 o
b11101 f
b101000 h
b10101 t
11
#120800000
b101001 9
01
#120810000
b11100 H
b11100 a
b10011100010000000 E
b10011100010000000 p
b11101 g
b11110 f
b1110101001100000 b
b101001 h
b10010 &
b10010 U
b101001 W
b101010 %
b101010 V
b10101 t
11
#120820000
b101010 9
01
#120830000
b10011100010000000 '
b10011100010000000 T
b10011 &
b10011 U
b101010 W
b101011 %
b101011 V
b11101 H
b11101 a
b11110 g
b1110101001100000 c
b11111 f
b100111000100000 b
b101010 h
b10101 t
11
#120840000
b101011 9
01
#120850000
b11110 H
b11110 a
b1110101001100000 G
b1110101001100000 d
b11111 g
b100111000100000 c
b100000 f
b101011 h
b10100 &
b10100 U
b101011 W
b101100 %
b101100 V
b10101 t
11
#120860000
b101100 9
01
#120870000
b10101 &
b10101 U
b101100 W
b101101 %
b101101 V
b11111 H
b11111 a
b100111000100000 G
b100111000100000 d
b100000 g
b100001 f
b11101010011000000 k
b101100 h
b10101 t
11
#120880000
b101101 9
01
#120890000
b10101111110010000 `
b100000 H
b100000 a
b100001 g
b1010111111001000000 o
b100010 f
b101101 h
b10110 &
b10110 U
b101101 W
b101110 %
b101110 V
b10101 t
11
#120900000
b101110 9
01
#120910000
b10111 &
b10111 U
b101110 W
b101111 %
b101111 V
b100001 H
b100001 a
b10101111110010000 E
b10101111110010000 p
b100010 g
b100011 f
b101110 h
b10101 t
11
#120920000
b101111 9
01
#120930000
b100010 H
b100010 a
b100011 g
b100100 f
b101111 h
b10101111110010000 '
b10101111110010000 T
b11000 &
b11000 U
b101111 W
b110000 %
b110000 V
b10101 t
11
#120940000
b110000 9
01
#120950000
b11001 &
b11001 U
b110000 W
b110001 %
b110001 V
b100011 H
b100011 a
b100100 g
b100101 f
b11101010011000000 l
b10011100010000000 k
b110000 h
b10101 t
11
#120960000
b110001 9
01
#120970000
b100100 H
b100100 a
b100101 g
b100110 f
b110001 h
b11010 &
b11010 U
b110001 W
b110010 %
b110010 V
b10101 t
11
#120980000
b110010 9
01
#120990000
b11011 &
b11011 U
b110010 W
b110011 %
b110011 V
b100101 H
b100101 a
b100110 g
b100111 f
b110010 h
b10101 t
11
#121000000
b110011 9
01
#121010000
b100110 H
b100110 a
b100111 g
b101000 f
b110011 h
b11100 &
b11100 U
b110011 W
b110100 %
b110100 V
b10101 t
11
#121020000
b110100 9
01
#121030000
b11101 &
b11101 U
b110100 W
b110101 %
b110101 V
b100111 H
b100111 a
b101000 g
b101001 f
b10011100010000000 l
b110100 h
b10101 t
11
#121040000
b110101 9
01
#121050000
b10011100010000000 `
b101000 H
b101000 a
b101001 g
b1001110001000000000 o
b101010 f
b110101 h
b11110 &
b11110 U
b110101 W
b110110 %
b110110 V
b10101 t
11
#121060000
b110110 9
01
#121070000
b11111 &
b11111 U
b110110 W
b110111 %
b110111 V
b101001 H
b101001 a
b10011100010000000 E
b10011100010000000 p
b101010 g
b101011 f
b110110 h
b10101 t
11
#121080000
b110111 9
01
#121090000
b101010 H
b101010 a
b101011 g
b101100 f
b110111 h
b10011100010000000 '
b10011100010000000 T
b100000 &
b100000 U
b110111 W
b111000 %
b111000 V
b10101 t
11
#121100000
b111000 9
01
#121110000
b100001 &
b100001 U
b111000 W
b111001 %
b111001 V
b101011 H
b101011 a
b101100 g
b101101 f
b111000 h
b10101 t
11
#121120000
b111001 9
01
#121130000
b101100 H
b101100 a
b101101 g
b101110 f
b111001 h
b100010 &
b100010 U
b111001 W
b111010 %
b111010 V
b10101 t
11
#121140000
b111010 9
01
#121150000
b100011 &
b100011 U
b111010 W
b111011 %
b111011 V
b101101 H
b101101 a
b101110 g
b101111 f
b111010 h
b10101 t
11
#121160000
b111011 9
01
#121170000
b101110 H
b101110 a
b101111 g
b110000 f
b111011 h
b100100 &
b100100 U
b111011 W
b111100 %
b111100 V
b10101 t
11
#121180000
b111100 9
01
#121190000
b100101 &
b100101 U
b111100 W
b111101 %
b111101 V
b101111 H
b101111 a
b110000 g
b110001 f
b111100 h
b10101 t
11
#121200000
b111101 9
01
#121210000
b110000 H
b110000 a
b110001 g
b110010 f
b111101 h
b100110 &
b100110 U
b111101 W
b111110 %
b111110 V
b10101 t
11
#121220000
b111110 9
01
#121230000
b100111 &
b100111 U
b111110 W
b111111 %
b111111 V
b110001 H
b110001 a
b110010 g
b110011 f
b111110 h
b10101 t
11
#121240000
b111111 9
01
#121250000
b110010 H
b110010 a
b110011 g
b110100 f
b111111 h
b101000 &
b101000 U
b111111 W
b1000000 %
b1000000 V
b10101 t
11
#121260000
b1000000 9
01
#121270000
b101001 &
b101001 U
b1000000 W
b1000001 %
b1000001 V
b110011 H
b110011 a
b110100 g
b110101 f
b1000000 h
b10101 t
11
#121280000
b1000001 9
01
#121290000
b110100 H
b110100 a
b110101 g
b110110 f
b1000001 h
b101010 &
b101010 U
b1000001 W
b1000010 %
b1000010 V
b10101 t
11
#121300000
b1000010 9
01
#121310000
b101011 &
b101011 U
b1000010 W
b1000011 %
b1000011 V
b110101 H
b110101 a
b110110 g
b110111 f
b1000010 h
b10101 t
11
#121320000
b1000011 9
01
#121330000
b110110 H
b110110 a
b110111 g
b111000 f
b1000011 h
b101100 &
b101100 U
b1000011 W
b1000100 %
b1000100 V
b10101 t
11
#121340000
b1000100 9
01
#121350000
b101101 &
b101101 U
b1000100 W
b1000101 %
b1000101 V
b110111 H
b110111 a
b111000 g
b111001 f
b1000100 h
b10101 t
11
#121360000
b1000101 9
01
#121370000
b111000 H
b111000 a
b111001 g
b111010 f
b1000101 h
b101110 &
b101110 U
b1000101 W
b1000110 %
b1000110 V
b10101 t
11
#121380000
b1000110 9
01
#121390000
b101111 &
b101111 U
b1000110 W
b1000111 %
b1000111 V
b111001 H
b111001 a
b111010 g
b111011 f
b1000110 h
b10101 t
11
#121400000
b1000111 9
01
#121410000
b111010 H
b111010 a
b111011 g
b111100 f
b1000111 h
b110000 &
b110000 U
b1000111 W
b1001000 %
b1001000 V
b10101 t
11
#121420000
b1001000 9
01
#121430000
b110001 &
b110001 U
b1001000 W
b1001001 %
b1001001 V
b111011 H
b111011 a
b111100 g
b111101 f
b1001000 h
b10101 t
11
#121440000
b1001001 9
01
#121450000
b111100 H
b111100 a
b111101 g
b111110 f
b1001001 h
b110010 &
b110010 U
b1001001 W
b1001010 %
b1001010 V
b10101 t
11
#121460000
b1001010 9
01
#121470000
b110011 &
b110011 U
b1001010 W
b1001011 %
b1001011 V
b111101 H
b111101 a
b111110 g
b111111 f
b1001010 h
b10101 t
11
#121480000
b1001011 9
01
#121490000
b111110 H
b111110 a
b111111 g
b1000000 f
b1001011 h
b110100 &
b110100 U
b1001011 W
b1001100 %
b1001100 V
b10101 t
11
#121500000
b1001100 9
01
#121510000
b110101 &
b110101 U
b1001100 W
b1001101 %
b1001101 V
b111111 H
b111111 a
b1000000 g
b1000001 f
b1001100 h
b10101 t
11
#121520000
b1001101 9
01
#121530000
b1000000 H
b1000000 a
b1000001 g
b1000010 f
b1001101 h
b110110 &
b110110 U
b1001101 W
b1001110 %
b1001110 V
b10101 t
11
#121540000
b1001110 9
01
#121550000
b110111 &
b110111 U
b1001110 W
b1001111 %
b1001111 V
b1000001 H
b1000001 a
b1000010 g
b1000011 f
b1001110 h
b10101 t
11
#121560000
b1001111 9
01
#121570000
b1000010 H
b1000010 a
b1000011 g
b1000100 f
b1001111 h
b111000 &
b111000 U
b1001111 W
b1010000 %
b1010000 V
b10101 t
11
#121580000
b1010000 9
01
#121590000
b111001 &
b111001 U
b1010000 W
b1010001 %
b1010001 V
b1000011 H
b1000011 a
b1000100 g
b1000101 f
b1010000 h
b10101 t
11
#121600000
b1010001 9
01
#121610000
b1000100 H
b1000100 a
b1000101 g
b1000110 f
b1010001 h
b111010 &
b111010 U
b1010001 W
b1010010 %
b1010010 V
b10101 t
11
#121620000
b1010010 9
01
#121630000
b111011 &
b111011 U
b1010010 W
b1010011 %
b1010011 V
b1000101 H
b1000101 a
b1000110 g
b1000111 f
b1010010 h
b10101 t
11
#121640000
b1010011 9
01
#121650000
b1000110 H
b1000110 a
b1000111 g
b1001000 f
b1010011 h
b111100 &
b111100 U
b1010011 W
b1010100 %
b1010100 V
b10101 t
11
#121660000
b1010100 9
01
#121670000
b111101 &
b111101 U
b1010100 W
b1010101 %
b1010101 V
b1000111 H
b1000111 a
b1001000 g
b1001001 f
b1010100 h
b10101 t
11
#121680000
b1010101 9
01
#121690000
b1001000 H
b1001000 a
b1001001 g
b1001010 f
b1010101 h
b111110 &
b111110 U
b1010101 W
b1010110 %
b1010110 V
b10101 t
11
#121700000
b1010110 9
01
#121710000
b111111 &
b111111 U
b1010110 W
b1010111 %
b1010111 V
b1001001 H
b1001001 a
b1001010 g
b1001011 f
b1010110 h
b10101 t
11
#121720000
b1010111 9
01
#121730000
b1001010 H
b1001010 a
b1001011 g
b1001100 f
b1010111 h
b1000000 &
b1000000 U
b1010111 W
b1011000 %
b1011000 V
b10101 t
11
#121740000
b1011000 9
01
#121750000
b1000001 &
b1000001 U
b1011000 W
b1011001 %
b1011001 V
b1001011 H
b1001011 a
b1001100 g
b1001101 f
b1011000 h
b10101 t
11
#121760000
b1011001 9
01
#121770000
b1001100 H
b1001100 a
b1001101 g
b1001110 f
b1011001 h
b1000010 &
b1000010 U
b1011001 W
b1011010 %
b1011010 V
b10101 t
11
#121780000
b1011010 9
01
#121790000
b1000011 &
b1000011 U
b1011010 W
b1011011 %
b1011011 V
b1001101 H
b1001101 a
b1001110 g
b1001111 f
b1011010 h
b10101 t
11
#121800000
b1011011 9
01
#121810000
b1001110 H
b1001110 a
b1001111 g
b1010000 f
b1011011 h
b1000100 &
b1000100 U
b1011011 W
b1011100 %
b1011100 V
b10101 t
11
#121820000
b1011100 9
01
#121830000
b1000101 &
b1000101 U
b1011100 W
b1011101 %
b1011101 V
b1001111 H
b1001111 a
b1010000 g
b1010001 f
b1011100 h
b10101 t
11
#121840000
b1011101 9
01
#121850000
b1010000 H
b1010000 a
b1010001 g
b1010010 f
b1011101 h
b1000110 &
b1000110 U
b1011101 W
b1011110 %
b1011110 V
b10101 t
11
#121860000
b1011110 9
01
#121870000
b1000111 &
b1000111 U
b1011110 W
b1011111 %
b1011111 V
b1010001 H
b1010001 a
b1010010 g
b1010011 f
b1011110 h
b10101 t
11
#121880000
b1011111 9
01
#121890000
b1010010 H
b1010010 a
b1010011 g
b1010100 f
b1011111 h
b1001000 &
b1001000 U
b1011111 W
b1100000 %
b1100000 V
b10101 t
11
#121900000
b1100000 9
01
#121910000
b1001001 &
b1001001 U
b1100000 W
b1100001 %
b1100001 V
b1010011 H
b1010011 a
b1010100 g
b1010101 f
b1100000 h
b10101 t
11
#121920000
b1100001 9
01
#121930000
b1010100 H
b1010100 a
b1010101 g
b1010110 f
b1100001 h
b1001010 &
b1001010 U
b1100001 W
b1100010 %
b1100010 V
b10101 t
11
#121940000
b1100010 9
01
#121950000
b1001011 &
b1001011 U
b1100010 W
b1100011 %
b1100011 V
b1010101 H
b1010101 a
b1010110 g
b1010111 f
b1100010 h
b10101 t
11
#121960000
b1100011 9
01
#121970000
b1010110 H
b1010110 a
b1010111 g
b1011000 f
b1100011 h
b1001100 &
b1001100 U
b1100011 W
b1100100 %
b1100100 V
b10101 t
11
#121980000
b1100100 9
01
#121990000
0B
b1001101 &
b1001101 U
b11 Z
b1100101 %
b1100101 V
b1010111 H
b1010111 a
b1011000 g
b1011001 f
b1100100 h
b10101 t
11
#122000000
b1100101 9
01
#122010000
b1011000 H
b1011000 a
b1011001 g
0r
b1001110 &
b1001110 U
b1100110 %
b1100110 V
11
#122020000
b1100110 9
01
#122030000
b1001111 &
b1001111 U
b1100111 %
b1100111 V
b1011001 H
b1011001 a
0s
11
#122040000
b1100111 9
01
#122050000
0D
b1010000 &
b1010000 U
1*
0-
b0 Z
b1101000 %
b1101000 V
11
#122060000
b11101 >
b0 v
b0 2
b1101000 9
01
#122070000
11
#122080000
01
#122090000
11
#122100000
01
#122110000
11
#122120000
01
#122130000
11
#122140000
01
#122150000
11
#122160000
01
#122170000
11
#122180000
01
#122190000
11
#122200000
01
#122210000
11
#122220000
b1 w
b1 ;
01
#122230000
11
#122240000
b11101 4
13
b10 6
b10 @
b11 7
b11 A
01
#122250000
11
#122260000
18
01
#122270000
1?
1-
b1 Z
b0 %
b0 V
b0 W
b0 '
b0 T
b0 (
b0 S
b0 &
b0 U
0*
b11110 )
b11110 Q
10
1Y
11
#122280000
b0 9
03
b0 6
b0 @
b0 7
b0 A
08
01
#122290000
1B
0?
b0 H
b0 a
b0 G
b0 d
b0 E
b0 p
b0 C
b0 q
b0 o
b0 `
b0 n
b0 g
b0 c
b0 m
b0 f
b0 b
b0 l
b0 k
b0 j
b0 i
b0 h
b0 e
b10 Z
b1 %
b1 V
0Y
b10101 t
11
#122300000
b1 9
01
#122310000
0B
b10 R
b1 W
b10 %
b10 V
b1 h
b1 e
b10101 t
11
#122320000
b10 9
01
#122330000
b1 R
b11 %
b11 V
11
#122340000
b11 9
01
#122350000
1B
b0 R
b100 %
b100 V
11
#122360000
b100 9
01
#122370000
0B
b10 h
b10 e
b10 R
b10 W
b101 %
b101 V
b10101 t
11
#122380000
b101 9
01
#122390000
b1 R
b110 %
b110 V
11
#122400000
b110 9
01
#122410000
1B
b0 R
b111 %
b111 V
11
#122420000
b111 9
01
#122430000
0B
b10 R
b11 W
b1000 %
b1000 V
b11 h
b11 e
b10101 t
11
#122440000
b1000 9
01
#122450000
b1 R
b1001 %
b1001 V
11
#122460000
b1001 9
01
#122470000
1B
b0 R
b1010 %
b1010 V
11
#122480000
b1010 9
01
#122490000
0B
b100 h
b100 e
b10 R
b100 W
b1011 %
b1011 V
b10101 t
11
#122500000
b1011 9
01
#122510000
b1 R
b1100 %
b1100 V
11
#122520000
b1100 9
01
#122530000
1B
b0 R
b1101 %
b1101 V
11
#122540000
b1101 9
01
#122550000
0B
b10 R
b101 W
b1110 %
b1110 V
b101 h
b101 e
b10101 t
11
#122560000
b1110 9
01
#122570000
b1 R
b1111 %
b1111 V
11
#122580000
b1111 9
01
#122590000
1B
b0 R
b10000 %
b10000 V
11
#122600000
b10000 9
01
#122610000
0B
b110 h
b110 e
b10 R
b110 W
b10001 %
b10001 V
b10101 t
11
#122620000
b10001 9
01
#122630000
b1 R
b10010 %
b10010 V
11
#122640000
b10010 9
01
#122650000
1B
b0 R
b10011 %
b10011 V
11
#122660000
b10011 9
01
#122670000
0B
b10 R
b111 W
b10100 %
b10100 V
b111 h
b111 e
b10101 t
11
#122680000
b10100 9
01
#122690000
b1 R
b10101 %
b10101 V
11
#122700000
b10101 9
01
#122710000
1B
b0 R
b10110 %
b10110 V
11
#122720000
b10110 9
01
#122730000
0B
b1000 h
b1000 e
b10 R
b1000 W
b10111 %
b10111 V
b10101 t
11
#122740000
b10111 9
01
#122750000
b1 R
b11000 %
b11000 V
11
#122760000
b11000 9
01
#122770000
1B
b0 R
b11001 %
b11001 V
11
#122780000
b11001 9
01
#122790000
0B
b10 R
b1001 W
b11010 %
b11010 V
b1001 h
b1001 e
b10101 t
11
#122800000
b11010 9
01
#122810000
b1 R
b11011 %
b11011 V
11
#122820000
b11011 9
01
#122830000
1B
b0 R
b11100 %
b11100 V
11
#122840000
b11100 9
01
#122850000
0B
b1010 h
b1010 e
b10 R
b1010 W
b11101 %
b11101 V
b10101 t
11
#122860000
b11101 9
01
#122870000
b1 R
b11110 %
b11110 V
11
#122880000
b11110 9
01
#122890000
1B
b0 R
b11111 %
b11111 V
11
#122900000
b11111 9
01
#122910000
0B
b10 R
b1011 W
b100000 %
b100000 V
b1011 h
b1011 e
b10101 t
11
#122920000
b100000 9
01
#122930000
b1 R
b100001 %
b100001 V
11
#122940000
b100001 9
01
#122950000
1B
b0 R
b100010 %
b100010 V
11
#122960000
b100010 9
01
#122970000
0B
b1100 h
b1100 e
b10 R
b1100 W
b100011 %
b100011 V
b10101 t
11
#122980000
b100011 9
01
#122990000
b1 R
b100100 %
b100100 V
11
#123000000
b100100 9
01
#123010000
1B
b0 R
b100101 %
b100101 V
11
#123020000
b100101 9
01
#123030000
0B
b10 R
b1101 W
b100110 %
b100110 V
b1101 h
b1101 e
b10101 t
11
#123040000
b100110 9
01
#123050000
b1 R
b100111 %
b100111 V
11
#123060000
b100111 9
01
#123070000
1B
b0 R
b101000 %
b101000 V
11
#123080000
b101000 9
01
#123090000
0B
b1110 h
b1110 e
b10 R
b1110 W
b101001 %
b101001 V
b10101 t
11
#123100000
b101001 9
01
#123110000
b1 R
b101010 %
b101010 V
11
#123120000
b101010 9
01
#123130000
1B
b0 R
b101011 %
b101011 V
11
#123140000
b101011 9
01
#123150000
0B
b10 R
b1111 W
b101100 %
b101100 V
b1111 h
b1111 e
b10101 t
11
#123160000
b101100 9
01
#123170000
b1 R
b101101 %
b101101 V
11
#123180000
b101101 9
01
#123190000
1B
b0 R
b101110 %
b101110 V
11
#123200000
b101110 9
01
#123210000
0B
b10000 h
b10000 e
b10 R
b10000 W
b101111 %
b101111 V
b10101 t
11
#123220000
b101111 9
01
#123230000
b1 R
b110000 %
b110000 V
11
#123240000
b110000 9
01
#123250000
1B
b0 R
b110001 %
b110001 V
11
#123260000
b110001 9
01
#123270000
0B
b10 R
b10001 W
b110010 %
b110010 V
b10001 h
b10001 e
b10101 t
11
#123280000
b110010 9
01
#123290000
b1 R
b110011 %
b110011 V
11
#123300000
b110011 9
01
#123310000
1B
b0 R
b110100 %
b110100 V
11
#123320000
b110100 9
01
#123330000
0B
b10010 h
b10010 e
b10 R
b10010 W
b110101 %
b110101 V
b10101 t
11
#123340000
b110101 9
01
#123350000
b1 R
b110110 %
b110110 V
11
#123360000
b110110 9
01
#123370000
1B
b0 R
b110111 %
b110111 V
11
#123380000
b110111 9
01
#123390000
0B
b10 R
b10011 W
b111000 %
b111000 V
b10011 h
b10011 e
b10101 t
11
#123400000
b111000 9
01
#123410000
b1 R
b111001 %
b111001 V
11
#123420000
b111001 9
01
#123430000
1B
b0 R
b111010 %
b111010 V
11
#123440000
b111010 9
01
#123450000
0B
b10100 h
b10100 e
b10 R
b10100 W
b111011 %
b111011 V
b10101 t
11
#123460000
b111011 9
01
#123470000
b1 R
b111100 %
b111100 V
11
#123480000
b111100 9
01
#123490000
1B
b0 R
b111101 %
b111101 V
11
#123500000
b111101 9
01
#123510000
0B
b10 R
b10101 W
b111110 %
b111110 V
b10 m
b1010 f
b100111000100000 b
b10011100010000000 l
b10011100010000000 k
b10011100010000000 j
b10011100010000000 i
b10101 h
b10101 e
1r
b10101 t
11
#123520000
b111110 9
01
#123530000
b10011100010000000 `
b10 n
b1010 g
b100111000100000 c
b1001110001000000000 o
1s
0r
b1 R
b111111 %
b111111 V
11
#123540000
b111111 9
01
#123550000
1B
b0 R
b1000000 %
b1000000 V
b1010 H
b1010 a
b100111000100000 G
b100111000100000 d
b1111111111111111 C
b1111111111111111 q
b10011100010000000 E
b10011100010000000 p
1D
0s
11
#123560000
b1000000 9
01
#123570000
0B
0D
b1011 f
b10110 h
1r
b10011100010000000 '
b10011100010000000 T
b1111111111111111 (
b1111111111111111 S
b1 &
b1 U
b10 R
b10110 W
b1000001 %
b1000001 V
b10101 t
11
#123580000
b1000001 9
01
#123590000
b1 R
b1000010 %
b1000010 V
b1011 g
1s
0r
11
#123600000
b1000010 9
01
#123610000
1B
b1011 H
b1011 a
1D
0s
b0 R
b1000011 %
b1000011 V
11
#123620000
b1000011 9
01
#123630000
0B
b10 &
b10 U
b10 R
b10111 W
b1000100 %
b1000100 V
0D
b1100 f
b10111 h
1r
b10101 t
11
#123640000
b1000100 9
01
#123650000
b1100 g
1s
0r
b1 R
b1000101 %
b1000101 V
11
#123660000
b1000101 9
01
#123670000
1B
b0 R
b1000110 %
b1000110 V
b1100 H
b1100 a
1D
0s
11
#123680000
b1000110 9
01
#123690000
0B
0D
b1101 f
b11000 h
1r
b11 &
b11 U
b10 R
b11000 W
b1000111 %
b1000111 V
b10101 t
11
#123700000
b1000111 9
01
#123710000
b1 R
b1001000 %
b1001000 V
b1101 g
1s
0r
11
#123720000
b1001000 9
01
#123730000
1B
b1101 H
b1101 a
1D
0s
b0 R
b1001001 %
b1001001 V
11
#123740000
b1001001 9
01
#123750000
0B
b100 &
b100 U
b10 R
b11001 W
b1001010 %
b1001010 V
0D
b1110 f
b11001 h
1r
b10101 t
11
#123760000
b1001010 9
01
#123770000
b1110 g
1s
0r
b1 R
b1001011 %
b1001011 V
11
#123780000
b1001011 9
01
#123790000
1B
b0 R
b1001100 %
b1001100 V
b1110 H
b1110 a
1D
0s
11
#123800000
b1001100 9
01
#123810000
0B
0D
b1111 f
b11010 h
1r
b101 &
b101 U
b10 R
b11010 W
b1001101 %
b1001101 V
b10101 t
11
#123820000
b1001101 9
01
#123830000
b1 R
b1001110 %
b1001110 V
b1111 g
1s
0r
11
#123840000
b1001110 9
01
#123850000
1B
b1111 H
b1111 a
1D
0s
b0 R
b1001111 %
b1001111 V
11
#123860000
b1001111 9
01
#123870000
0B
b110 &
b110 U
b10 R
b11011 W
b1010000 %
b1010000 V
0D
b10000 f
b11011 h
1r
b10101 t
11
#123880000
b1010000 9
01
#123890000
b10000 g
1s
0r
b1 R
b1010001 %
b1010001 V
11
#123900000
b1010001 9
01
#123910000
1B
b0 R
b1010010 %
b1010010 V
b10000 H
b10000 a
1D
0s
11
#123920000
b1010010 9
01
#123930000
0B
0D
b10001 f
b11100 h
1r
b111 &
b111 U
b10 R
b11100 W
b1010011 %
b1010011 V
b10101 t
11
#123940000
b1010011 9
01
#123950000
b1 R
b1010100 %
b1010100 V
b10001 g
1s
0r
11
#123960000
b1010100 9
01
#123970000
1B
b10001 H
b10001 a
1D
0s
b0 R
b1010101 %
b1010101 V
11
#123980000
b1010101 9
01
#123990000
0B
b1000 &
b1000 U
b10 R
b11101 W
b1010110 %
b1010110 V
0D
b10010 f
b11101 h
1r
b10101 t
11
#124000000
b1010110 9
01
#124010000
b10010 g
1s
0r
b1 R
b1010111 %
b1010111 V
11
#124020000
b1010111 9
01
#124030000
1B
b0 R
b1011000 %
b1011000 V
b10010 H
b10010 a
1D
0s
11
#124040000
b1011000 9
01
#124050000
0B
b1110101001100000 X
b1110101001100000 ^
0D
b10011 f
b11110 h
1r
b1001 &
b1001 U
b10 R
b11110 W
b1011001 %
b1011001 V
b10101 t
11
#124060000
b1011001 9
01
#124070000
b1 R
b1011010 %
b1011010 V
b10011 g
1s
0r
11
#124080000
b1011010 9
01
#124090000
1B
b10011 H
b10011 a
1D
0s
b0 R
b1011011 %
b1011011 V
11
#124100000
b1011011 9
01
#124110000
0B
b100111000100000 X
b100111000100000 ^
b1010 &
b1010 U
b10 R
b11111 W
b1011100 %
b1011100 V
0D
b10100 f
b11101010011000000 i
b11111 h
1r
b10101 t
11
#124120000
b1011100 9
01
#124130000
b10101111110010000 `
b10100 g
b1010111111001000000 o
1s
0r
b1 R
b1011101 %
b1011101 V
11
#124140000
b1011101 9
01
#124150000
1B
b0 R
b1011110 %
b1011110 V
b10100 H
b10100 a
b10101111110010000 E
b10101111110010000 p
1D
0s
11
#124160000
b1011110 9
01
#124170000
0B
0D
b10101 f
b100000 h
1r
b10101111110010000 '
b10101111110010000 T
b1011 &
b1011 U
b10 R
b100000 W
b1011111 %
b1011111 V
b10101 t
11
#124180000
b1011111 9
01
#124190000
b1 R
b1100000 %
b1100000 V
b10101 g
1s
0r
11
#124200000
b1100000 9
01
#124210000
1B
b10101 H
b10101 a
1D
0s
b0 R
b1100001 %
b1100001 V
11
#124220000
b1100001 9
01
#124230000
0B
b1100 &
b1100 U
b10 R
b100001 W
b1100010 %
b1100010 V
0D
b10110 f
b100001 h
1r
b10101 t
11
#124240000
b1100010 9
01
#124250000
b10110 g
1s
0r
b1 R
b1100011 %
b1100011 V
11
#124260000
b1100011 9
01
#124270000
1B
b0 R
b1100100 %
b1100100 V
b10110 H
b10110 a
1D
0s
11
#124280000
b1100100 9
01
#124290000
0B
0D
b10111 f
b100010 h
1r
b1101 &
b1101 U
b10 R
b100010 W
b1100101 %
b1100101 V
b10101 t
11
#124300000
b1100101 9
01
#124310000
b1 R
b1100110 %
b1100110 V
b10111 g
1s
0r
11
#124320000
b1100110 9
01
#124330000
1B
b10111 H
b10111 a
1D
0s
b0 R
b1100111 %
b1100111 V
11
#124340000
b1100111 9
01
#124350000
0B
b1110 &
b1110 U
b10 R
b100011 W
b1101000 %
b1101000 V
0D
b11000 f
b11101010011000000 j
b10011100010000000 i
b100011 h
1r
b10101 t
11
#124360000
b1101000 9
01
#124370000
b11000 g
1s
0r
b1 R
b1101001 %
b1101001 V
11
#124380000
b1101001 9
01
#124390000
1B
b0 R
b1101010 %
b1101010 V
b11000 H
b11000 a
1D
0s
11
#124400000
b1101010 9
01
#124410000
0B
0D
b11001 f
b100100 h
1r
b1111 &
b1111 U
b10 R
b100100 W
b1101011 %
b1101011 V
b10101 t
11
#124420000
b1101011 9
01
#124430000
b1 R
b1101100 %
b1101100 V
b11001 g
1s
0r
11
#124440000
b1101100 9
01
#124450000
1B
b11001 H
b11001 a
1D
0s
b0 R
b1101101 %
b1101101 V
11
#124460000
b1101101 9
01
#124470000
0B
b10000 &
b10000 U
b10 R
b100101 W
b1101110 %
b1101110 V
0D
b11010 f
b100101 h
1r
b10101 t
11
#124480000
b1101110 9
01
#124490000
b11010 g
1s
0r
b1 R
b1101111 %
b1101111 V
11
#124500000
b1101111 9
01
#124510000
1B
b0 R
b1110000 %
b1110000 V
b11010 H
b11010 a
1D
0s
11
#124520000
b1110000 9
01
#124530000
0B
0D
b11011 f
b100110 h
1r
b10001 &
b10001 U
b10 R
b100110 W
b1110001 %
b1110001 V
b10101 t
11
#124540000
b1110001 9
01
#124550000
b1 R
b1110010 %
b1110010 V
b11011 g
1s
0r
11
#124560000
b1110010 9
01
#124570000
1B
b11011 H
b11011 a
1D
0s
b0 R
b1110011 %
b1110011 V
11
#124580000
b1110011 9
01
#124590000
0B
b10010 &
b10010 U
b10 R
b100111 W
b1110100 %
b1110100 V
0D
b11100 f
b10011100010000000 j
b100111 h
1r
b10101 t
11
#124600000
b1110100 9
01
#124610000
b10011100010000000 `
b11100 g
b1001110001000000000 o
1s
0r
b1 R
b1110101 %
b1110101 V
11
#124620000
b1110101 9
01
#124630000
1B
b0 R
b1110110 %
b1110110 V
b11100 H
b11100 a
b10011100010000000 E
b10011100010000000 p
1D
0s
11
#124640000
b1110110 9
01
#124650000
0B
0D
b11101 f
b101000 h
1r
b10011100010000000 '
b10011100010000000 T
b10011 &
b10011 U
b10 R
b101000 W
b1110111 %
b1110111 V
b10101 t
11
#124660000
b1110111 9
01
#124670000
b1 R
b1111000 %
b1111000 V
b11101 g
1s
0r
11
#124680000
b1111000 9
01
#124690000
1B
b11101 H
b11101 a
1D
0s
b0 R
b1111001 %
b1111001 V
11
#124700000
b1111001 9
01
#124710000
0B
b10100 &
b10100 U
b10 R
b101001 W
b1111010 %
b1111010 V
0D
b11110 f
b1110101001100000 b
b101001 h
1r
b10101 t
11
#124720000
b1111010 9
01
#124730000
b11110 g
b1110101001100000 c
1s
0r
b1 R
b1111011 %
b1111011 V
11
#124740000
b1111011 9
01
#124750000
1B
b0 R
b1111100 %
b1111100 V
b11110 H
b11110 a
b1110101001100000 G
b1110101001100000 d
1D
0s
11
#124760000
b1111100 9
01
#124770000
0B
0D
b11111 f
b100111000100000 b
b101010 h
1r
b10101 &
b10101 U
b10 R
b101010 W
b1111101 %
b1111101 V
b10101 t
11
#124780000
b1111101 9
01
#124790000
b1 R
b1111110 %
b1111110 V
b11111 g
b100111000100000 c
1s
0r
11
#124800000
b1111110 9
01
#124810000
1B
b11111 H
b11111 a
b100111000100000 G
b100111000100000 d
1D
0s
b0 R
b1111111 %
b1111111 V
11
#124820000
b1111111 9
01
#124830000
0B
b10110 &
b10110 U
b10 R
b101011 W
b10000000 %
b10000000 V
0D
b100000 f
b101011 h
1r
b10101 t
11
#124840000
b10000000 9
01
#124850000
b100000 g
1s
0r
b1 R
b10000001 %
b10000001 V
11
#124860000
b10000001 9
01
#124870000
1B
b0 R
b10000010 %
b10000010 V
b100000 H
b100000 a
1D
0s
11
#124880000
b10000010 9
01
#124890000
0B
0D
b100001 f
b11101010011000000 k
b101100 h
1r
b10111 &
b10111 U
b10 R
b101100 W
b10000011 %
b10000011 V
b10101 t
11
#124900000
b10000011 9
01
#124910000
b10101111110010000 `
b1 R
b10000100 %
b10000100 V
b100001 g
b1010111111001000000 o
1s
0r
11
#124920000
b10000100 9
01
#124930000
1B
b100001 H
b100001 a
b10101111110010000 E
b10101111110010000 p
1D
0s
b0 R
b10000101 %
b10000101 V
11
#124940000
b10000101 9
01
#124950000
0B
b10101111110010000 '
b10101111110010000 T
b11000 &
b11000 U
b10 R
b101101 W
b10000110 %
b10000110 V
0D
b100010 f
b101101 h
1r
b10101 t
11
#124960000
b10000110 9
01
#124970000
b100010 g
1s
0r
b1 R
b10000111 %
b10000111 V
11
#124980000
b10000111 9
01
#124990000
1B
b0 R
b10001000 %
b10001000 V
b100010 H
b100010 a
1D
0s
11
#125000000
b10001000 9
01
#125010000
0B
0D
b100011 f
b101110 h
1r
b11001 &
b11001 U
b10 R
b101110 W
b10001001 %
b10001001 V
b10101 t
11
#125020000
b10001001 9
01
#125030000
b1 R
b10001010 %
b10001010 V
b100011 g
1s
0r
11
#125040000
b10001010 9
01
#125050000
1B
b100011 H
b100011 a
1D
0s
b0 R
b10001011 %
b10001011 V
11
#125060000
b10001011 9
01
#125070000
0B
b11010 &
b11010 U
b10 R
b101111 W
b10001100 %
b10001100 V
0D
b100100 f
b101111 h
1r
b10101 t
11
#125080000
b10001100 9
01
#125090000
b100100 g
1s
0r
b1 R
b10001101 %
b10001101 V
11
#125100000
b10001101 9
01
#125110000
1B
b0 R
b10001110 %
b10001110 V
b100100 H
b100100 a
1D
0s
11
#125120000
b10001110 9
01
#125130000
0B
0D
b100101 f
b11101010011000000 l
b10011100010000000 k
b110000 h
1r
b11011 &
b11011 U
b10 R
b110000 W
b10001111 %
b10001111 V
b10101 t
11
#125140000
b10001111 9
01
#125150000
b1 R
b10010000 %
b10010000 V
b100101 g
1s
0r
11
#125160000
b10010000 9
01
#125170000
1B
b100101 H
b100101 a
1D
0s
b0 R
b10010001 %
b10010001 V
11
#125180000
b10010001 9
01
#125190000
0B
b11100 &
b11100 U
b10 R
b110001 W
b10010010 %
b10010010 V
0D
b100110 f
b110001 h
1r
b10101 t
11
#125200000
b10010010 9
01
#125210000
b100110 g
1s
0r
b1 R
b10010011 %
b10010011 V
11
#125220000
b10010011 9
01
#125230000
1B
b0 R
b10010100 %
b10010100 V
b100110 H
b100110 a
1D
0s
11
#125240000
b10010100 9
01
#125250000
0B
0D
b100111 f
b110010 h
1r
b11101 &
b11101 U
b10 R
b110010 W
b10010101 %
b10010101 V
b10101 t
11
#125260000
b10010101 9
01
#125270000
b1 R
b10010110 %
b10010110 V
b100111 g
1s
0r
11
#125280000
b10010110 9
01
#125290000
1B
b100111 H
b100111 a
1D
0s
b0 R
b10010111 %
b10010111 V
11
#125300000
b10010111 9
01
#125310000
0B
b11110 &
b11110 U
b10 R
b110011 W
b10011000 %
b10011000 V
0D
b101000 f
b110011 h
1r
b10101 t
11
#125320000
b10011000 9
01
#125330000
b101000 g
1s
0r
b1 R
b10011001 %
b10011001 V
11
#125340000
b10011001 9
01
#125350000
1B
b0 R
b10011010 %
b10011010 V
b101000 H
b101000 a
1D
0s
11
#125360000
b10011010 9
01
#125370000
0B
0D
b101001 f
b10011100010000000 l
b110100 h
1r
b11111 &
b11111 U
b10 R
b110100 W
b10011011 %
b10011011 V
b10101 t
11
#125380000
b10011011 9
01
#125390000
b10011100010000000 `
b1 R
b10011100 %
b10011100 V
b101001 g
b1001110001000000000 o
1s
0r
11
#125400000
b10011100 9
01
#125410000
1B
b101001 H
b101001 a
b10011100010000000 E
b10011100010000000 p
1D
0s
b0 R
b10011101 %
b10011101 V
11
#125420000
b10011101 9
01
#125430000
0B
b10011100010000000 '
b10011100010000000 T
b100000 &
b100000 U
b10 R
b110101 W
b10011110 %
b10011110 V
0D
b101010 f
b110101 h
1r
b10101 t
11
#125440000
b10011110 9
01
#125450000
b101010 g
1s
0r
b1 R
b10011111 %
b10011111 V
11
#125460000
b10011111 9
01
#125470000
1B
b0 R
b10100000 %
b10100000 V
b101010 H
b101010 a
1D
0s
11
#125480000
b10100000 9
01
#125490000
0B
0D
b101011 f
b110110 h
1r
b100001 &
b100001 U
b10 R
b110110 W
b10100001 %
b10100001 V
b10101 t
11
#125500000
b10100001 9
01
#125510000
b1 R
b10100010 %
b10100010 V
b101011 g
1s
0r
11
#125520000
b10100010 9
01
#125530000
1B
b101011 H
b101011 a
1D
0s
b0 R
b10100011 %
b10100011 V
11
#125540000
b10100011 9
01
#125550000
0B
b100010 &
b100010 U
b10 R
b110111 W
b10100100 %
b10100100 V
0D
b101100 f
b110111 h
1r
b10101 t
11
#125560000
b10100100 9
01
#125570000
b101100 g
1s
0r
b1 R
b10100101 %
b10100101 V
11
#125580000
b10100101 9
01
#125590000
1B
b0 R
b10100110 %
b10100110 V
b101100 H
b101100 a
1D
0s
11
#125600000
b10100110 9
01
#125610000
0B
0D
b101101 f
b111000 h
1r
b100011 &
b100011 U
b10 R
b111000 W
b10100111 %
b10100111 V
b10101 t
11
#125620000
b10100111 9
01
#125630000
b1 R
b10101000 %
b10101000 V
b101101 g
1s
0r
11
#125640000
b10101000 9
01
#125650000
1B
b101101 H
b101101 a
1D
0s
b0 R
b10101001 %
b10101001 V
11
#125660000
b10101001 9
01
#125670000
0B
b100100 &
b100100 U
b10 R
b111001 W
b10101010 %
b10101010 V
0D
b101110 f
b111001 h
1r
b10101 t
11
#125680000
b10101010 9
01
#125690000
b101110 g
1s
0r
b1 R
b10101011 %
b10101011 V
11
#125700000
b10101011 9
01
#125710000
1B
b0 R
b10101100 %
b10101100 V
b101110 H
b101110 a
1D
0s
11
#125720000
b10101100 9
01
#125730000
0B
0D
b101111 f
b111010 h
1r
b100101 &
b100101 U
b10 R
b111010 W
b10101101 %
b10101101 V
b10101 t
11
#125740000
b10101101 9
01
#125750000
b1 R
b10101110 %
b10101110 V
b101111 g
1s
0r
11
#125760000
b10101110 9
01
#125770000
1B
b101111 H
b101111 a
1D
0s
b0 R
b10101111 %
b10101111 V
11
#125780000
b10101111 9
01
#125790000
0B
b100110 &
b100110 U
b10 R
b111011 W
b10110000 %
b10110000 V
0D
b110000 f
b111011 h
1r
b10101 t
11
#125800000
b10110000 9
01
#125810000
b110000 g
1s
0r
b1 R
b10110001 %
b10110001 V
11
#125820000
b10110001 9
01
#125830000
1B
b0 R
b10110010 %
b10110010 V
b110000 H
b110000 a
1D
0s
11
#125840000
b10110010 9
01
#125850000
0B
0D
b110001 f
b111100 h
1r
b100111 &
b100111 U
b10 R
b111100 W
b10110011 %
b10110011 V
b10101 t
11
#125860000
b10110011 9
01
#125870000
b1 R
b10110100 %
b10110100 V
b110001 g
1s
0r
11
#125880000
b10110100 9
01
#125890000
1B
b110001 H
b110001 a
1D
0s
b0 R
b10110101 %
b10110101 V
11
#125900000
b10110101 9
01
#125910000
0B
b101000 &
b101000 U
b10 R
b111101 W
b10110110 %
b10110110 V
0D
b110010 f
b111101 h
1r
b10101 t
11
#125920000
b10110110 9
01
#125930000
b110010 g
1s
0r
b1 R
b10110111 %
b10110111 V
11
#125940000
b10110111 9
01
#125950000
1B
b0 R
b10111000 %
b10111000 V
b110010 H
b110010 a
1D
0s
11
#125960000
b10111000 9
01
#125970000
0B
0D
b110011 f
b111110 h
1r
b101001 &
b101001 U
b10 R
b111110 W
b10111001 %
b10111001 V
b10101 t
11
#125980000
b10111001 9
01
#125990000
b1 R
b10111010 %
b10111010 V
b110011 g
1s
0r
11
#126000000
b10111010 9
01
#126010000
1B
b110011 H
b110011 a
1D
0s
b0 R
b10111011 %
b10111011 V
11
#126020000
b10111011 9
01
#126030000
0B
b101010 &
b101010 U
b10 R
b111111 W
b10111100 %
b10111100 V
0D
b110100 f
b111111 h
1r
b10101 t
11
#126040000
b10111100 9
01
#126050000
b110100 g
1s
0r
b1 R
b10111101 %
b10111101 V
11
#126060000
b10111101 9
01
#126070000
1B
b0 R
b10111110 %
b10111110 V
b110100 H
b110100 a
1D
0s
11
#126080000
b10111110 9
01
#126090000
0B
0D
b110101 f
b1000000 h
1r
b101011 &
b101011 U
b10 R
b1000000 W
b10111111 %
b10111111 V
b10101 t
11
#126100000
b10111111 9
01
#126110000
b1 R
b11000000 %
b11000000 V
b110101 g
1s
0r
11
#126120000
b11000000 9
01
#126130000
1B
b110101 H
b110101 a
1D
0s
b0 R
b11000001 %
b11000001 V
11
#126140000
b11000001 9
01
#126150000
0B
b101100 &
b101100 U
b10 R
b1000001 W
b11000010 %
b11000010 V
0D
b110110 f
b1000001 h
1r
b10101 t
11
#126160000
b11000010 9
01
#126170000
b110110 g
1s
0r
b1 R
b11000011 %
b11000011 V
11
#126180000
b11000011 9
01
#126190000
1B
b0 R
b11000100 %
b11000100 V
b110110 H
b110110 a
1D
0s
11
#126200000
b11000100 9
01
#126210000
0B
0D
b110111 f
b1000010 h
1r
b101101 &
b101101 U
b10 R
b1000010 W
b11000101 %
b11000101 V
b10101 t
11
#126220000
b11000101 9
01
#126230000
b1 R
b11000110 %
b11000110 V
b110111 g
1s
0r
11
#126240000
b11000110 9
01
#126250000
1B
b110111 H
b110111 a
1D
0s
b0 R
b11000111 %
b11000111 V
11
#126260000
b11000111 9
01
#126270000
0B
b101110 &
b101110 U
b10 R
b1000011 W
b11001000 %
b11001000 V
0D
b111000 f
b1000011 h
1r
b10101 t
11
#126280000
b11001000 9
01
#126290000
b111000 g
1s
0r
b1 R
b11001001 %
b11001001 V
11
#126300000
b11001001 9
01
#126310000
1B
b0 R
b11001010 %
b11001010 V
b111000 H
b111000 a
1D
0s
11
#126320000
b11001010 9
01
#126330000
0B
0D
b111001 f
b1000100 h
1r
b101111 &
b101111 U
b10 R
b1000100 W
b11001011 %
b11001011 V
b10101 t
11
#126340000
b11001011 9
01
#126350000
b1 R
b11001100 %
b11001100 V
b111001 g
1s
0r
11
#126360000
b11001100 9
01
#126370000
1B
b111001 H
b111001 a
1D
0s
b0 R
b11001101 %
b11001101 V
11
#126380000
b11001101 9
01
#126390000
0B
b110000 &
b110000 U
b10 R
b1000101 W
b11001110 %
b11001110 V
0D
b111010 f
b1000101 h
1r
b10101 t
11
#126400000
b11001110 9
01
#126410000
b111010 g
1s
0r
b1 R
b11001111 %
b11001111 V
11
#126420000
b11001111 9
01
#126430000
1B
b0 R
b11010000 %
b11010000 V
b111010 H
b111010 a
1D
0s
11
#126440000
b11010000 9
01
#126450000
0B
0D
b111011 f
b1000110 h
1r
b110001 &
b110001 U
b10 R
b1000110 W
b11010001 %
b11010001 V
b10101 t
11
#126460000
b11010001 9
01
#126470000
b1 R
b11010010 %
b11010010 V
b111011 g
1s
0r
11
#126480000
b11010010 9
01
#126490000
1B
b111011 H
b111011 a
1D
0s
b0 R
b11010011 %
b11010011 V
11
#126500000
b11010011 9
01
#126510000
0B
b110010 &
b110010 U
b10 R
b1000111 W
b11010100 %
b11010100 V
0D
b111100 f
b1000111 h
1r
b10101 t
11
#126520000
b11010100 9
01
#126530000
b111100 g
1s
0r
b1 R
b11010101 %
b11010101 V
11
#126540000
b11010101 9
01
#126550000
1B
b0 R
b11010110 %
b11010110 V
b111100 H
b111100 a
1D
0s
11
#126560000
b11010110 9
01
#126570000
0B
0D
b111101 f
b1001000 h
1r
b110011 &
b110011 U
b10 R
b1001000 W
b11010111 %
b11010111 V
b10101 t
11
#126580000
b11010111 9
01
#126590000
b1 R
b11011000 %
b11011000 V
b111101 g
1s
0r
11
#126600000
b11011000 9
01
#126610000
1B
b111101 H
b111101 a
1D
0s
b0 R
b11011001 %
b11011001 V
11
#126620000
b11011001 9
01
#126630000
0B
b110100 &
b110100 U
b10 R
b1001001 W
b11011010 %
b11011010 V
0D
b111110 f
b1001001 h
1r
b10101 t
11
#126640000
b11011010 9
01
#126650000
b111110 g
1s
0r
b1 R
b11011011 %
b11011011 V
11
#126660000
b11011011 9
01
#126670000
1B
b0 R
b11011100 %
b11011100 V
b111110 H
b111110 a
1D
0s
11
#126680000
b11011100 9
01
#126690000
0B
0D
b111111 f
b1001010 h
1r
b110101 &
b110101 U
b10 R
b1001010 W
b11011101 %
b11011101 V
b10101 t
11
#126700000
b11011101 9
01
#126710000
b1 R
b11011110 %
b11011110 V
b111111 g
1s
0r
11
#126720000
b11011110 9
01
#126730000
1B
b111111 H
b111111 a
1D
0s
b0 R
b11011111 %
b11011111 V
11
#126740000
b11011111 9
01
#126750000
0B
b110110 &
b110110 U
b10 R
b1001011 W
b11100000 %
b11100000 V
0D
b1000000 f
b1001011 h
1r
b10101 t
11
#126760000
b11100000 9
01
#126770000
b1000000 g
1s
0r
b1 R
b11100001 %
b11100001 V
11
#126780000
b11100001 9
01
#126790000
1B
b0 R
b11100010 %
b11100010 V
b1000000 H
b1000000 a
1D
0s
11
#126800000
b11100010 9
01
#126810000
0B
0D
b1000001 f
b1001100 h
1r
b110111 &
b110111 U
b10 R
b1001100 W
b11100011 %
b11100011 V
b10101 t
11
#126820000
b11100011 9
01
#126830000
b1 R
b11100100 %
b11100100 V
b1000001 g
1s
0r
11
#126840000
b11100100 9
01
#126850000
1B
b1000001 H
b1000001 a
1D
0s
b0 R
b11100101 %
b11100101 V
11
#126860000
b11100101 9
01
#126870000
0B
b111000 &
b111000 U
b10 R
b1001101 W
b11100110 %
b11100110 V
0D
b1000010 f
b1001101 h
1r
b10101 t
11
#126880000
b11100110 9
01
#126890000
b1000010 g
1s
0r
b1 R
b11100111 %
b11100111 V
11
#126900000
b11100111 9
01
#126910000
1B
b0 R
b11101000 %
b11101000 V
b1000010 H
b1000010 a
1D
0s
11
#126920000
b11101000 9
01
#126930000
0B
0D
b1000011 f
b1001110 h
1r
b111001 &
b111001 U
b10 R
b1001110 W
b11101001 %
b11101001 V
b10101 t
11
#126940000
b11101001 9
01
#126950000
b1 R
b11101010 %
b11101010 V
b1000011 g
1s
0r
11
#126960000
b11101010 9
01
#126970000
1B
b1000011 H
b1000011 a
1D
0s
b0 R
b11101011 %
b11101011 V
11
#126980000
b11101011 9
01
#126990000
0B
b111010 &
b111010 U
b10 R
b1001111 W
b11101100 %
b11101100 V
0D
b1000100 f
b1001111 h
1r
b10101 t
11
#127000000
b11101100 9
01
#127010000
b1000100 g
1s
0r
b1 R
b11101101 %
b11101101 V
11
#127020000
b11101101 9
01
#127030000
1B
b0 R
b11101110 %
b11101110 V
b1000100 H
b1000100 a
1D
0s
11
#127040000
b11101110 9
01
#127050000
0B
0D
b1000101 f
b1010000 h
1r
b111011 &
b111011 U
b10 R
b1010000 W
b11101111 %
b11101111 V
b10101 t
11
#127060000
b11101111 9
01
#127070000
b1 R
b11110000 %
b11110000 V
b1000101 g
1s
0r
11
#127080000
b11110000 9
01
#127090000
1B
b1000101 H
b1000101 a
1D
0s
b0 R
b11110001 %
b11110001 V
11
#127100000
b11110001 9
01
#127110000
0B
b111100 &
b111100 U
b10 R
b1010001 W
b11110010 %
b11110010 V
0D
b1000110 f
b1010001 h
1r
b10101 t
11
#127120000
b11110010 9
01
#127130000
b1000110 g
1s
0r
b1 R
b11110011 %
b11110011 V
11
#127140000
b11110011 9
01
#127150000
1B
b0 R
b11110100 %
b11110100 V
b1000110 H
b1000110 a
1D
0s
11
#127160000
b11110100 9
01
#127170000
0B
0D
b1000111 f
b1010010 h
1r
b111101 &
b111101 U
b10 R
b1010010 W
b11110101 %
b11110101 V
b10101 t
11
#127180000
b11110101 9
01
#127190000
b1 R
b11110110 %
b11110110 V
b1000111 g
1s
0r
11
#127200000
b11110110 9
01
#127210000
1B
b1000111 H
b1000111 a
1D
0s
b0 R
b11110111 %
b11110111 V
11
#127220000
b11110111 9
01
#127230000
0B
b111110 &
b111110 U
b10 R
b1010011 W
b11111000 %
b11111000 V
0D
b1001000 f
b1010011 h
1r
b10101 t
11
#127240000
b11111000 9
01
#127250000
b1001000 g
1s
0r
b1 R
b11111001 %
b11111001 V
11
#127260000
b11111001 9
01
#127270000
1B
b0 R
b11111010 %
b11111010 V
b1001000 H
b1001000 a
1D
0s
11
#127280000
b11111010 9
01
#127290000
0B
0D
b1001001 f
b1010100 h
1r
b111111 &
b111111 U
b10 R
b1010100 W
b11111011 %
b11111011 V
b10101 t
11
#127300000
b11111011 9
01
#127310000
b1 R
b11111100 %
b11111100 V
b1001001 g
1s
0r
11
#127320000
b11111100 9
01
#127330000
1B
b1001001 H
b1001001 a
1D
0s
b0 R
b11111101 %
b11111101 V
11
#127340000
b11111101 9
01
#127350000
0B
b1000000 &
b1000000 U
b10 R
b1010101 W
b11111110 %
b11111110 V
0D
b1001010 f
b1010101 h
1r
b10101 t
11
#127360000
b11111110 9
01
#127370000
b1001010 g
1s
0r
b1 R
b11111111 %
b11111111 V
11
#127380000
b11111111 9
01
#127390000
1B
b0 R
b100000000 %
b100000000 V
b1001010 H
b1001010 a
1D
0s
11
#127400000
b100000000 9
01
#127410000
0B
0D
b1001011 f
b1010110 h
1r
b1000001 &
b1000001 U
b10 R
b1010110 W
b100000001 %
b100000001 V
b10101 t
11
#127420000
b100000001 9
01
#127430000
b1 R
b100000010 %
b100000010 V
b1001011 g
1s
0r
11
#127440000
b100000010 9
01
#127450000
1B
b1001011 H
b1001011 a
1D
0s
b0 R
b100000011 %
b100000011 V
11
#127460000
b100000011 9
01
#127470000
0B
b1000010 &
b1000010 U
b10 R
b1010111 W
b100000100 %
b100000100 V
0D
b1001100 f
b1010111 h
1r
b10101 t
11
#127480000
b100000100 9
01
#127490000
b1001100 g
1s
0r
b1 R
b100000101 %
b100000101 V
11
#127500000
b100000101 9
01
#127510000
1B
b0 R
b100000110 %
b100000110 V
b1001100 H
b1001100 a
1D
0s
11
#127520000
b100000110 9
01
#127530000
0B
0D
b1001101 f
b1011000 h
1r
b1000011 &
b1000011 U
b10 R
b1011000 W
b100000111 %
b100000111 V
b10101 t
11
#127540000
b100000111 9
01
#127550000
b1 R
b100001000 %
b100001000 V
b1001101 g
1s
0r
11
#127560000
b100001000 9
01
#127570000
1B
b1001101 H
b1001101 a
1D
0s
b0 R
b100001001 %
b100001001 V
11
#127580000
b100001001 9
01
#127590000
0B
b1000100 &
b1000100 U
b10 R
b1011001 W
b100001010 %
b100001010 V
0D
b1001110 f
b1011001 h
1r
b10101 t
11
#127600000
b100001010 9
01
#127610000
b1001110 g
1s
0r
b1 R
b100001011 %
b100001011 V
11
#127620000
b100001011 9
01
#127630000
1B
b0 R
b100001100 %
b100001100 V
b1001110 H
b1001110 a
1D
0s
11
#127640000
b100001100 9
01
#127650000
0B
0D
b1001111 f
b1011010 h
1r
b1000101 &
b1000101 U
b10 R
b1011010 W
b100001101 %
b100001101 V
b10101 t
11
#127660000
b100001101 9
01
#127670000
b1 R
b100001110 %
b100001110 V
b1001111 g
1s
0r
11
#127680000
b100001110 9
01
#127690000
1B
b1001111 H
b1001111 a
1D
0s
b0 R
b100001111 %
b100001111 V
11
#127700000
b100001111 9
01
#127710000
0B
b1000110 &
b1000110 U
b10 R
b1011011 W
b100010000 %
b100010000 V
0D
b1010000 f
b1011011 h
1r
b10101 t
11
#127720000
b100010000 9
01
#127730000
b1010000 g
1s
0r
b1 R
b100010001 %
b100010001 V
11
#127740000
b100010001 9
01
#127750000
1B
b0 R
b100010010 %
b100010010 V
b1010000 H
b1010000 a
1D
0s
11
#127760000
b100010010 9
01
#127770000
0B
0D
b1010001 f
b1011100 h
1r
b1000111 &
b1000111 U
b10 R
b1011100 W
b100010011 %
b100010011 V
b10101 t
11
#127780000
b100010011 9
01
#127790000
b1 R
b100010100 %
b100010100 V
b1010001 g
1s
0r
11
#127800000
b100010100 9
01
#127810000
1B
b1010001 H
b1010001 a
1D
0s
b0 R
b100010101 %
b100010101 V
11
#127820000
b100010101 9
01
#127830000
0B
b1001000 &
b1001000 U
b10 R
b1011101 W
b100010110 %
b100010110 V
0D
b1010010 f
b1011101 h
1r
b10101 t
11
#127840000
b100010110 9
01
#127850000
b1010010 g
1s
0r
b1 R
b100010111 %
b100010111 V
11
#127860000
b100010111 9
01
#127870000
1B
b0 R
b100011000 %
b100011000 V
b1010010 H
b1010010 a
1D
0s
11
#127880000
b100011000 9
01
#127890000
0B
0D
b1010011 f
b1011110 h
1r
b1001001 &
b1001001 U
b10 R
b1011110 W
b100011001 %
b100011001 V
b10101 t
11
#127900000
b100011001 9
01
#127910000
b1 R
b100011010 %
b100011010 V
b1010011 g
1s
0r
11
#127920000
b100011010 9
01
#127930000
1B
b1010011 H
b1010011 a
1D
0s
b0 R
b100011011 %
b100011011 V
11
#127940000
b100011011 9
01
#127950000
0B
b1001010 &
b1001010 U
b10 R
b1011111 W
b100011100 %
b100011100 V
0D
b1010100 f
b1011111 h
1r
b10101 t
11
#127960000
b100011100 9
01
#127970000
b1010100 g
1s
0r
b1 R
b100011101 %
b100011101 V
11
#127980000
b100011101 9
01
#127990000
1B
b0 R
b100011110 %
b100011110 V
b1010100 H
b1010100 a
1D
0s
11
#128000000
b100011110 9
01
#128010000
0B
0D
b1010101 f
b1100000 h
1r
b1001011 &
b1001011 U
b10 R
b1100000 W
b100011111 %
b100011111 V
b10101 t
11
#128020000
b100011111 9
01
#128030000
b1 R
b100100000 %
b100100000 V
b1010101 g
1s
0r
11
#128040000
b100100000 9
01
#128050000
1B
b1010101 H
b1010101 a
1D
0s
b0 R
b100100001 %
b100100001 V
11
#128060000
b100100001 9
01
#128070000
0B
b1001100 &
b1001100 U
b10 R
b1100001 W
b100100010 %
b100100010 V
0D
b1010110 f
b1100001 h
1r
b10101 t
11
#128080000
b100100010 9
01
#128090000
b1010110 g
1s
0r
b1 R
b100100011 %
b100100011 V
11
#128100000
b100100011 9
01
#128110000
1B
b0 R
b100100100 %
b100100100 V
b1010110 H
b1010110 a
1D
0s
11
#128120000
b100100100 9
01
#128130000
0B
0D
b1010111 f
b1100010 h
1r
b1001101 &
b1001101 U
b10 R
b1100010 W
b100100101 %
b100100101 V
b10101 t
11
#128140000
b100100101 9
01
#128150000
b1 R
b100100110 %
b100100110 V
b1010111 g
1s
0r
11
#128160000
b100100110 9
01
#128170000
1B
b1010111 H
b1010111 a
1D
0s
b0 R
b100100111 %
b100100111 V
11
#128180000
b100100111 9
01
#128190000
0B
b1001110 &
b1001110 U
b10 R
b1100011 W
b100101000 %
b100101000 V
0D
b1011000 f
b1100011 h
1r
b10101 t
11
#128200000
b100101000 9
01
#128210000
b1011000 g
1s
0r
b1 R
b100101001 %
b100101001 V
11
#128220000
b100101001 9
01
#128230000
1B
b0 R
b100101010 %
b100101010 V
b1011000 H
b1011000 a
1D
0s
11
#128240000
b100101010 9
01
#128250000
0B
0D
b1011001 f
b1100100 h
1r
b1001111 &
b1001111 U
b10 R
b11 Z
b100101011 %
b100101011 V
b10101 t
11
#128260000
b100101011 9
01
#128270000
b100101100 %
b100101100 V
b1011001 g
1s
0r
11
#128280000
b100101100 9
01
#128290000
b1011001 H
b1011001 a
1D
0s
b100101101 %
b100101101 V
11
#128300000
b100101101 9
01
#128310000
b1010000 &
b1010000 U
1*
0-
b0 Z
b100101110 %
b100101110 V
0D
11
#128320000
b11110 >
b100101110 9
01
#128330000
11
#128340000
01
#128350000
11
#128360000
01
#128370000
11
#128380000
01
#128390000
11
#128400000
01
#128410000
11
#128420000
01
#128430000
11
#128440000
01
#128450000
11
#128460000
01
#128470000
11
#128480000
b0 w
b11 u
b11 =
b0 ;
01
#128490000
11
#128500000
b11110 4
b11 6
b11 @
b11 7
b11 A
01
#128510000
11
#128520000
18
01
#128530000
1?
1-
b1 Z
b0 %
b0 V
b0 R
b0 W
b0 '
b0 T
b0 (
b0 S
b0 &
b0 U
0*
b11111 )
b11111 Q
00
b11 /
b11 M
b11 _
1Y
11
#128540000
b0 9
b0 6
b0 @
b0 7
b0 A
08
01
#128550000
1B
0?
b10 Z
b1 %
b1 V
0Y
b0 H
b0 a
b0 G
b0 d
b0 E
b0 p
b0 C
b0 q
b0 o
b0 `
b0 n
b0 g
b0 c
b0 m
b0 f
b0 b
b0 l
b0 k
b0 j
b0 i
b0 h
b0 e
b10101 t
11
#128560000
b1 9
01
#128570000
b1 h
b1 e
b1 W
b10 %
b10 V
b10101 t
11
#128580000
b10 9
01
#128590000
b10 W
b11 %
b11 V
b10 h
b10 e
b10101 t
11
#128600000
b11 9
01
#128610000
b11 h
b11 e
b11 W
b100 %
b100 V
b10101 t
11
#128620000
b100 9
01
#128630000
b100 W
b101 %
b101 V
b100 h
b100 e
b10101 t
11
#128640000
b101 9
01
#128650000
b101 h
b101 e
b101 W
b110 %
b110 V
b10101 t
11
#128660000
b110 9
01
#128670000
b110 W
b111 %
b111 V
b110 h
b110 e
b10101 t
11
#128680000
b111 9
01
#128690000
b111 h
b111 e
b111 W
b1000 %
b1000 V
b10101 t
11
#128700000
b1000 9
01
#128710000
b1000 W
b1001 %
b1001 V
b1000 h
b1000 e
b10101 t
11
#128720000
b1001 9
01
#128730000
b1001 h
b1001 e
b1001 W
b1010 %
b1010 V
b10101 t
11
#128740000
b1010 9
01
#128750000
b1010 W
b1011 %
b1011 V
b1010 h
b1010 e
b10101 t
11
#128760000
b1011 9
01
#128770000
b1011 h
b1011 e
b1011 W
b1100 %
b1100 V
b10101 t
11
#128780000
b1100 9
01
#128790000
b1100 W
b1101 %
b1101 V
b1100 h
b1100 e
b10101 t
11
#128800000
b1101 9
01
#128810000
b1101 h
b1101 e
b1101 W
b1110 %
b1110 V
b10101 t
11
#128820000
b1110 9
01
#128830000
b1110 W
b1111 %
b1111 V
b1110 h
b1110 e
b10101 t
11
#128840000
b1111 9
01
#128850000
b1111 h
b1111 e
b1111 W
b10000 %
b10000 V
b10101 t
11
#128860000
b10000 9
01
#128870000
b10000 W
b10001 %
b10001 V
b10000 h
b10000 e
b10101 t
11
#128880000
b10001 9
01
#128890000
b10001 h
b10001 e
b10001 W
b10010 %
b10010 V
b10101 t
11
#128900000
b10010 9
01
#128910000
b10010 W
b10011 %
b10011 V
b10010 h
b10010 e
b10101 t
11
#128920000
b10011 9
01
#128930000
b10011 h
b10011 e
b10011 W
b10100 %
b10100 V
b10101 t
11
#128940000
b10100 9
01
#128950000
b10100 W
b10101 %
b10101 V
b10100 h
b10100 e
b10101 t
11
#128960000
b10101 9
01
#128970000
b11 m
b1010 f
b100111000100000 b
b10011100010000000 l
b10011100010000000 k
b10011100010000000 j
b10011100010000000 i
b10101 h
b10101 e
1r
b10101 W
b10110 %
b10110 V
b10101 t
11
#128980000
b10110 9
01
#128990000
b100111000100000000 `
b10110 W
b10111 %
b10111 V
b11 n
b1010 g
b100111000100000 c
b1001110001000000000 o
1s
b1011 f
b10110 h
b10101 t
11
#129000000
b10111 9
01
#129010000
b1010 H
b1010 a
b100111000100000 G
b100111000100000 d
b1111111111111111 C
b1111111111111111 q
b100111000100000000 E
b100111000100000000 p
1D
b1011 g
b1100 f
b10111 h
b10111 W
b11000 %
b11000 V
b10101 t
11
#129020000
b11000 9
01
#129030000
b100111000100000000 '
b100111000100000000 T
b1111111111111111 (
b1111111111111111 S
b1 &
b1 U
b11000 W
b11001 %
b11001 V
b1011 H
b1011 a
b1100 g
b1101 f
b11000 h
b10101 t
11
#129040000
b11001 9
01
#129050000
b1100 H
b1100 a
b1101 g
b1110 f
b11001 h
b10 &
b10 U
b11001 W
b11010 %
b11010 V
b10101 t
11
#129060000
b11010 9
01
#129070000
b11 &
b11 U
b11010 W
b11011 %
b11011 V
b1101 H
b1101 a
b1110 g
b1111 f
b11010 h
b10101 t
11
#129080000
b11011 9
01
#129090000
b1110 H
b1110 a
b1111 g
b10000 f
b11011 h
b100 &
b100 U
b11011 W
b11100 %
b11100 V
b10101 t
11
#129100000
b11100 9
01
#129110000
b101 &
b101 U
b11100 W
b11101 %
b11101 V
b1111 H
b1111 a
b10000 g
b10001 f
b11100 h
b10101 t
11
#129120000
b11101 9
01
#129130000
b10000 H
b10000 a
b10001 g
b10010 f
b11101 h
b110 &
b110 U
b11101 W
b11110 %
b11110 V
b10101 t
11
#129140000
b11110 9
01
#129150000
b1110101001100000 X
b1110101001100000 ^
b111 &
b111 U
b11110 W
b11111 %
b11111 V
b10001 H
b10001 a
b10010 g
b10011 f
b11110 h
b10101 t
11
#129160000
b11111 9
01
#129170000
b100111000100000 X
b100111000100000 ^
b10010 H
b10010 a
b10011 g
b10100 f
b11101010011000000 i
b11111 h
b1000 &
b1000 U
b11111 W
b100000 %
b100000 V
b10101 t
11
#129180000
b100000 9
01
#129190000
b101011111100100000 `
b1001 &
b1001 U
b100000 W
b100001 %
b100001 V
b10011 H
b10011 a
b10100 g
b1010111111001000000 o
b10101 f
b100000 h
b10101 t
11
#129200000
b100001 9
01
#129210000
b10100 H
b10100 a
b101011111100100000 E
b101011111100100000 p
b10101 g
b10110 f
b100001 h
b1010 &
b1010 U
b100001 W
b100010 %
b100010 V
b10101 t
11
#129220000
b100010 9
01
#129230000
b101011111100100000 '
b101011111100100000 T
b1011 &
b1011 U
b100010 W
b100011 %
b100011 V
b10101 H
b10101 a
b10110 g
b10111 f
b100010 h
b10101 t
11
#129240000
b100011 9
01
#129250000
b10110 H
b10110 a
b10111 g
b11000 f
b11101010011000000 j
b10011100010000000 i
b100011 h
b1100 &
b1100 U
b100011 W
b100100 %
b100100 V
b10101 t
11
#129260000
b100100 9
01
#129270000
b1101 &
b1101 U
b100100 W
b100101 %
b100101 V
b10111 H
b10111 a
b11000 g
b11001 f
b100100 h
b10101 t
11
#129280000
b100101 9
01
#129290000
b11000 H
b11000 a
b11001 g
b11010 f
b100101 h
b1110 &
b1110 U
b100101 W
b100110 %
b100110 V
b10101 t
11
#129300000
b100110 9
01
#129310000
b1111 &
b1111 U
b100110 W
b100111 %
b100111 V
b11001 H
b11001 a
b11010 g
b11011 f
b100110 h
b10101 t
11
#129320000
b100111 9
01
#129330000
b11010 H
b11010 a
b11011 g
b11100 f
b10011100010000000 j
b100111 h
b10000 &
b10000 U
b100111 W
b101000 %
b101000 V
b10101 t
11
#129340000
b101000 9
01
#129350000
b100111000100000000 `
b10001 &
b10001 U
b101000 W
b101001 %
b101001 V
b11011 H
b11011 a
b11100 g
b1001110001000000000 o
b11101 f
b101000 h
b10101 t
11
#129360000
b101001 9
01
#129370000
b11100 H
b11100 a
b100111000100000000 E
b100111000100000000 p
b11101 g
b11110 f
b1110101001100000 b
b101001 h
b10010 &
b10010 U
b101001 W
b101010 %
b101010 V
b10101 t
11
#129380000
b101010 9
01
#129390000
b100111000100000000 '
b100111000100000000 T
b10011 &
b10011 U
b101010 W
b101011 %
b101011 V
b11101 H
b11101 a
b11110 g
b1110101001100000 c
b11111 f
b100111000100000 b
b101010 h
b10101 t
11
#129400000
b101011 9
01
#129410000
b11110 H
b11110 a
b1110101001100000 G
b1110101001100000 d
b11111 g
b100111000100000 c
b100000 f
b101011 h
b10100 &
b10100 U
b101011 W
b101100 %
b101100 V
b10101 t
11
#129420000
b101100 9
01
#129430000
b10101 &
b10101 U
b101100 W
b101101 %
b101101 V
b11111 H
b11111 a
b100111000100000 G
b100111000100000 d
b100000 g
b100001 f
b11101010011000000 k
b101100 h
b10101 t
11
#129440000
b101101 9
01
#129450000
b101011111100100000 `
b100000 H
b100000 a
b100001 g
b1010111111001000000 o
b100010 f
b101101 h
b10110 &
b10110 U
b101101 W
b101110 %
b101110 V
b10101 t
11
#129460000
b101110 9
01
#129470000
b10111 &
b10111 U
b101110 W
b101111 %
b101111 V
b100001 H
b100001 a
b101011111100100000 E
b101011111100100000 p
b100010 g
b100011 f
b101110 h
b10101 t
11
#129480000
b101111 9
01
#129490000
b100010 H
b100010 a
b100011 g
b100100 f
b101111 h
b101011111100100000 '
b101011111100100000 T
b11000 &
b11000 U
b101111 W
b110000 %
b110000 V
b10101 t
11
#129500000
b110000 9
01
#129510000
b11001 &
b11001 U
b110000 W
b110001 %
b110001 V
b100011 H
b100011 a
b100100 g
b100101 f
b11101010011000000 l
b10011100010000000 k
b110000 h
b10101 t
11
#129520000
b110001 9
01
#129530000
b100100 H
b100100 a
b100101 g
b100110 f
b110001 h
b11010 &
b11010 U
b110001 W
b110010 %
b110010 V
b10101 t
11
#129540000
b110010 9
01
#129550000
b11011 &
b11011 U
b110010 W
b110011 %
b110011 V
b100101 H
b100101 a
b100110 g
b100111 f
b110010 h
b10101 t
11
#129560000
b110011 9
01
#129570000
b100110 H
b100110 a
b100111 g
b101000 f
b110011 h
b11100 &
b11100 U
b110011 W
b110100 %
b110100 V
b10101 t
11
#129580000
b110100 9
01
#129590000
b11101 &
b11101 U
b110100 W
b110101 %
b110101 V
b100111 H
b100111 a
b101000 g
b101001 f
b10011100010000000 l
b110100 h
b10101 t
11
#129600000
b110101 9
01
#129610000
b100111000100000000 `
b101000 H
b101000 a
b101001 g
b1001110001000000000 o
b101010 f
b110101 h
b11110 &
b11110 U
b110101 W
b110110 %
b110110 V
b10101 t
11
#129620000
b110110 9
01
#129630000
b11111 &
b11111 U
b110110 W
b110111 %
b110111 V
b101001 H
b101001 a
b100111000100000000 E
b100111000100000000 p
b101010 g
b101011 f
b110110 h
b10101 t
11
#129640000
b110111 9
01
#129650000
b101010 H
b101010 a
b101011 g
b101100 f
b110111 h
b100111000100000000 '
b100111000100000000 T
b100000 &
b100000 U
b110111 W
b111000 %
b111000 V
b10101 t
11
#129660000
b111000 9
01
#129670000
b100001 &
b100001 U
b111000 W
b111001 %
b111001 V
b101011 H
b101011 a
b101100 g
b101101 f
b111000 h
b10101 t
11
#129680000
b111001 9
01
#129690000
b101100 H
b101100 a
b101101 g
b101110 f
b111001 h
b100010 &
b100010 U
b111001 W
b111010 %
b111010 V
b10101 t
11
#129700000
b111010 9
01
#129710000
b100011 &
b100011 U
b111010 W
b111011 %
b111011 V
b101101 H
b101101 a
b101110 g
b101111 f
b111010 h
b10101 t
11
#129720000
b111011 9
01
#129730000
b101110 H
b101110 a
b101111 g
b110000 f
b111011 h
b100100 &
b100100 U
b111011 W
b111100 %
b111100 V
b10101 t
11
#129740000
b111100 9
01
#129750000
b100101 &
b100101 U
b111100 W
b111101 %
b111101 V
b101111 H
b101111 a
b110000 g
b110001 f
b111100 h
b10101 t
11
#129760000
b111101 9
01
#129770000
b110000 H
b110000 a
b110001 g
b110010 f
b111101 h
b100110 &
b100110 U
b111101 W
b111110 %
b111110 V
b10101 t
11
#129780000
b111110 9
01
#129790000
b100111 &
b100111 U
b111110 W
b111111 %
b111111 V
b110001 H
b110001 a
b110010 g
b110011 f
b111110 h
b10101 t
11
#129800000
b111111 9
01
#129810000
b110010 H
b110010 a
b110011 g
b110100 f
b111111 h
b101000 &
b101000 U
b111111 W
b1000000 %
b1000000 V
b10101 t
11
#129820000
b1000000 9
01
#129830000
b101001 &
b101001 U
b1000000 W
b1000001 %
b1000001 V
b110011 H
b110011 a
b110100 g
b110101 f
b1000000 h
b10101 t
11
#129840000
b1000001 9
01
#129850000
b110100 H
b110100 a
b110101 g
b110110 f
b1000001 h
b101010 &
b101010 U
b1000001 W
b1000010 %
b1000010 V
b10101 t
11
#129860000
b1000010 9
01
#129870000
b101011 &
b101011 U
b1000010 W
b1000011 %
b1000011 V
b110101 H
b110101 a
b110110 g
b110111 f
b1000010 h
b10101 t
11
#129880000
b1000011 9
01
#129890000
b110110 H
b110110 a
b110111 g
b111000 f
b1000011 h
b101100 &
b101100 U
b1000011 W
b1000100 %
b1000100 V
b10101 t
11
#129900000
b1000100 9
01
#129910000
b101101 &
b101101 U
b1000100 W
b1000101 %
b1000101 V
b110111 H
b110111 a
b111000 g
b111001 f
b1000100 h
b10101 t
11
#129920000
b1000101 9
01
#129930000
b111000 H
b111000 a
b111001 g
b111010 f
b1000101 h
b101110 &
b101110 U
b1000101 W
b1000110 %
b1000110 V
b10101 t
11
#129940000
b1000110 9
01
#129950000
b101111 &
b101111 U
b1000110 W
b1000111 %
b1000111 V
b111001 H
b111001 a
b111010 g
b111011 f
b1000110 h
b10101 t
11
#129960000
b1000111 9
01
#129970000
b111010 H
b111010 a
b111011 g
b111100 f
b1000111 h
b110000 &
b110000 U
b1000111 W
b1001000 %
b1001000 V
b10101 t
11
#129980000
b1001000 9
01
#129990000
b110001 &
b110001 U
b1001000 W
b1001001 %
b1001001 V
b111011 H
b111011 a
b111100 g
b111101 f
b1001000 h
b10101 t
11
#130000000
b1001001 9
01
#130010000
b111100 H
b111100 a
b111101 g
b111110 f
b1001001 h
b110010 &
b110010 U
b1001001 W
b1001010 %
b1001010 V
b10101 t
11
#130020000
b1001010 9
01
#130030000
b110011 &
b110011 U
b1001010 W
b1001011 %
b1001011 V
b111101 H
b111101 a
b111110 g
b111111 f
b1001010 h
b10101 t
11
#130040000
b1001011 9
01
#130050000
b111110 H
b111110 a
b111111 g
b1000000 f
b1001011 h
b110100 &
b110100 U
b1001011 W
b1001100 %
b1001100 V
b10101 t
11
#130060000
b1001100 9
01
#130070000
b110101 &
b110101 U
b1001100 W
b1001101 %
b1001101 V
b111111 H
b111111 a
b1000000 g
b1000001 f
b1001100 h
b10101 t
11
#130080000
b1001101 9
01
#130090000
b1000000 H
b1000000 a
b1000001 g
b1000010 f
b1001101 h
b110110 &
b110110 U
b1001101 W
b1001110 %
b1001110 V
b10101 t
11
#130100000
b1001110 9
01
#130110000
b110111 &
b110111 U
b1001110 W
b1001111 %
b1001111 V
b1000001 H
b1000001 a
b1000010 g
b1000011 f
b1001110 h
b10101 t
11
#130120000
b1001111 9
01
#130130000
b1000010 H
b1000010 a
b1000011 g
b1000100 f
b1001111 h
b111000 &
b111000 U
b1001111 W
b1010000 %
b1010000 V
b10101 t
11
#130140000
b1010000 9
01
#130150000
b111001 &
b111001 U
b1010000 W
b1010001 %
b1010001 V
b1000011 H
b1000011 a
b1000100 g
b1000101 f
b1010000 h
b10101 t
11
#130160000
b1010001 9
01
#130170000
b1000100 H
b1000100 a
b1000101 g
b1000110 f
b1010001 h
b111010 &
b111010 U
b1010001 W
b1010010 %
b1010010 V
b10101 t
11
#130180000
b1010010 9
01
#130190000
b111011 &
b111011 U
b1010010 W
b1010011 %
b1010011 V
b1000101 H
b1000101 a
b1000110 g
b1000111 f
b1010010 h
b10101 t
11
#130200000
b1010011 9
01
#130210000
b1000110 H
b1000110 a
b1000111 g
b1001000 f
b1010011 h
b111100 &
b111100 U
b1010011 W
b1010100 %
b1010100 V
b10101 t
11
#130220000
b1010100 9
01
#130230000
b111101 &
b111101 U
b1010100 W
b1010101 %
b1010101 V
b1000111 H
b1000111 a
b1001000 g
b1001001 f
b1010100 h
b10101 t
11
#130240000
b1010101 9
01
#130250000
b1001000 H
b1001000 a
b1001001 g
b1001010 f
b1010101 h
b111110 &
b111110 U
b1010101 W
b1010110 %
b1010110 V
b10101 t
11
#130260000
b1010110 9
01
#130270000
b111111 &
b111111 U
b1010110 W
b1010111 %
b1010111 V
b1001001 H
b1001001 a
b1001010 g
b1001011 f
b1010110 h
b10101 t
11
#130280000
b1010111 9
01
#130290000
b1001010 H
b1001010 a
b1001011 g
b1001100 f
b1010111 h
b1000000 &
b1000000 U
b1010111 W
b1011000 %
b1011000 V
b10101 t
11
#130300000
b1011000 9
01
#130310000
b1000001 &
b1000001 U
b1011000 W
b1011001 %
b1011001 V
b1001011 H
b1001011 a
b1001100 g
b1001101 f
b1011000 h
b10101 t
11
#130320000
b1011001 9
01
#130330000
b1001100 H
b1001100 a
b1001101 g
b1001110 f
b1011001 h
b1000010 &
b1000010 U
b1011001 W
b1011010 %
b1011010 V
b10101 t
11
#130340000
b1011010 9
01
#130350000
b1000011 &
b1000011 U
b1011010 W
b1011011 %
b1011011 V
b1001101 H
b1001101 a
b1001110 g
b1001111 f
b1011010 h
b10101 t
11
#130360000
b1011011 9
01
#130370000
b1001110 H
b1001110 a
b1001111 g
b1010000 f
b1011011 h
b1000100 &
b1000100 U
b1011011 W
b1011100 %
b1011100 V
b10101 t
11
#130380000
b1011100 9
01
#130390000
b1000101 &
b1000101 U
b1011100 W
b1011101 %
b1011101 V
b1001111 H
b1001111 a
b1010000 g
b1010001 f
b1011100 h
b10101 t
11
#130400000
b1011101 9
01
#130410000
b1010000 H
b1010000 a
b1010001 g
b1010010 f
b1011101 h
b1000110 &
b1000110 U
b1011101 W
b1011110 %
b1011110 V
b10101 t
11
#130420000
b1011110 9
01
#130430000
b1000111 &
b1000111 U
b1011110 W
b1011111 %
b1011111 V
b1010001 H
b1010001 a
b1010010 g
b1010011 f
b1011110 h
b10101 t
11
#130440000
b1011111 9
01
#130450000
b1010010 H
b1010010 a
b1010011 g
b1010100 f
b1011111 h
b1001000 &
b1001000 U
b1011111 W
b1100000 %
b1100000 V
b10101 t
11
#130460000
b1100000 9
01
#130470000
b1001001 &
b1001001 U
b1100000 W
b1100001 %
b1100001 V
b1010011 H
b1010011 a
b1010100 g
b1010101 f
b1100000 h
b10101 t
11
#130480000
b1100001 9
01
#130490000
b1010100 H
b1010100 a
b1010101 g
b1010110 f
b1100001 h
b1001010 &
b1001010 U
b1100001 W
b1100010 %
b1100010 V
b10101 t
11
#130500000
b1100010 9
01
#130510000
b1001011 &
b1001011 U
b1100010 W
b1100011 %
b1100011 V
b1010101 H
b1010101 a
b1010110 g
b1010111 f
b1100010 h
b10101 t
11
#130520000
b1100011 9
01
#130530000
b1010110 H
b1010110 a
b1010111 g
b1011000 f
b1100011 h
b1001100 &
b1001100 U
b1100011 W
b1100100 %
b1100100 V
b10101 t
11
#130540000
b1100100 9
01
#130550000
0B
b1001101 &
b1001101 U
b11 Z
b1100101 %
b1100101 V
b1010111 H
b1010111 a
b1011000 g
b1011001 f
b1100100 h
b10101 t
11
#130560000
b1100101 9
01
#130570000
b1011000 H
b1011000 a
b1011001 g
0r
b1001110 &
b1001110 U
b1100110 %
b1100110 V
11
#130580000
b1100110 9
01
#130590000
b1001111 &
b1001111 U
b1100111 %
b1100111 V
b1011001 H
b1011001 a
0s
11
#130600000
b1100111 9
01
#130610000
0D
b1010000 &
b1010000 U
1*
0-
b0 Z
b1101000 %
b1101000 V
11
#130620000
b11111 >
b1101000 9
01
#130630000
11
#130640000
01
#130650000
11
#130660000
01
#130670000
11
#130680000
01
#130690000
11
#130700000
01
#130710000
11
#130720000
01
#130730000
11
#130740000
01
#130750000
11
#130760000
01
#130770000
11
#130780000
b1 w
b1 ;
01
#130790000
11
#130800000
b11111 4
13
b11 6
b11 @
b11 7
b11 A
01
#130810000
11
#130820000
18
01
#130830000
1?
1-
b1 Z
b0 %
b0 V
b0 W
b0 '
b0 T
b0 (
b0 S
b0 &
b0 U
0*
b100000 )
b100000 Q
10
1Y
11
#130840000
b0 9
03
b0 6
b0 @
b0 7
b0 A
08
01
#130850000
1B
0?
b0 H
b0 a
b0 G
b0 d
b0 E
b0 p
b0 C
b0 q
b0 o
b0 `
b0 n
b0 g
b0 c
b0 m
b0 f
b0 b
b0 l
b0 k
b0 j
b0 i
b0 h
b0 e
b10 Z
b1 %
b1 V
0Y
b10101 t
11
#130860000
b1 9
01
#130870000
0B
b10 R
b1 W
b10 %
b10 V
b1 h
b1 e
b10101 t
11
#130880000
b10 9
01
#130890000
b1 R
b11 %
b11 V
11
#130900000
b11 9
01
#130910000
1B
b0 R
b100 %
b100 V
11
#130920000
b100 9
01
#130930000
0B
b10 h
b10 e
b10 R
b10 W
b101 %
b101 V
b10101 t
11
#130940000
b101 9
01
#130950000
b1 R
b110 %
b110 V
11
#130960000
b110 9
01
#130970000
1B
b0 R
b111 %
b111 V
11
#130980000
b111 9
01
#130990000
0B
b10 R
b11 W
b1000 %
b1000 V
b11 h
b11 e
b10101 t
11
#131000000
b1000 9
01
#131010000
b1 R
b1001 %
b1001 V
11
#131020000
b1001 9
01
#131030000
1B
b0 R
b1010 %
b1010 V
11
#131040000
b1010 9
01
#131050000
0B
b100 h
b100 e
b10 R
b100 W
b1011 %
b1011 V
b10101 t
11
#131060000
b1011 9
01
#131070000
b1 R
b1100 %
b1100 V
11
#131080000
b1100 9
01
#131090000
1B
b0 R
b1101 %
b1101 V
11
#131100000
b1101 9
01
#131110000
0B
b10 R
b101 W
b1110 %
b1110 V
b101 h
b101 e
b10101 t
11
#131120000
b1110 9
01
#131130000
b1 R
b1111 %
b1111 V
11
#131140000
b1111 9
01
#131150000
1B
b0 R
b10000 %
b10000 V
11
#131160000
b10000 9
01
#131170000
0B
b110 h
b110 e
b10 R
b110 W
b10001 %
b10001 V
b10101 t
11
#131180000
b10001 9
01
#131190000
b1 R
b10010 %
b10010 V
11
#131200000
b10010 9
01
#131210000
1B
b0 R
b10011 %
b10011 V
11
#131220000
b10011 9
01
#131230000
0B
b10 R
b111 W
b10100 %
b10100 V
b111 h
b111 e
b10101 t
11
#131240000
b10100 9
01
#131250000
b1 R
b10101 %
b10101 V
11
#131260000
b10101 9
01
#131270000
1B
b0 R
b10110 %
b10110 V
11
#131280000
b10110 9
01
#131290000
0B
b1000 h
b1000 e
b10 R
b1000 W
b10111 %
b10111 V
b10101 t
11
#131300000
b10111 9
01
#131310000
b1 R
b11000 %
b11000 V
11
#131320000
b11000 9
01
#131330000
1B
b0 R
b11001 %
b11001 V
11
#131340000
b11001 9
01
#131350000
0B
b10 R
b1001 W
b11010 %
b11010 V
b1001 h
b1001 e
b10101 t
11
#131360000
b11010 9
01
#131370000
b1 R
b11011 %
b11011 V
11
#131380000
b11011 9
01
#131390000
1B
b0 R
b11100 %
b11100 V
11
#131400000
b11100 9
01
#131410000
0B
b1010 h
b1010 e
b10 R
b1010 W
b11101 %
b11101 V
b10101 t
11
#131420000
b11101 9
01
#131430000
b1 R
b11110 %
b11110 V
11
#131440000
b11110 9
01
#131450000
1B
b0 R
b11111 %
b11111 V
11
#131460000
b11111 9
01
#131470000
0B
b10 R
b1011 W
b100000 %
b100000 V
b1011 h
b1011 e
b10101 t
11
#131480000
b100000 9
01
#131490000
b1 R
b100001 %
b100001 V
11
#131500000
b100001 9
01
#131510000
1B
b0 R
b100010 %
b100010 V
11
#131520000
b100010 9
01
#131530000
0B
b1100 h
b1100 e
b10 R
b1100 W
b100011 %
b100011 V
b10101 t
11
#131540000
b100011 9
01
#131550000
b1 R
b100100 %
b100100 V
11
#131560000
b100100 9
01
#131570000
1B
b0 R
b100101 %
b100101 V
11
#131580000
b100101 9
01
#131590000
0B
b10 R
b1101 W
b100110 %
b100110 V
b1101 h
b1101 e
b10101 t
11
#131600000
b100110 9
01
#131610000
b1 R
b100111 %
b100111 V
11
#131620000
b100111 9
01
#131630000
1B
b0 R
b101000 %
b101000 V
11
#131640000
b101000 9
01
#131650000
0B
b1110 h
b1110 e
b10 R
b1110 W
b101001 %
b101001 V
b10101 t
11
#131660000
b101001 9
01
#131670000
b1 R
b101010 %
b101010 V
11
#131680000
b101010 9
01
#131690000
1B
b0 R
b101011 %
b101011 V
11
#131700000
b101011 9
01
#131710000
0B
b10 R
b1111 W
b101100 %
b101100 V
b1111 h
b1111 e
b10101 t
11
#131720000
b101100 9
01
#131730000
b1 R
b101101 %
b101101 V
11
#131740000
b101101 9
01
#131750000
1B
b0 R
b101110 %
b101110 V
11
#131760000
b101110 9
01
#131770000
0B
b10000 h
b10000 e
b10 R
b10000 W
b101111 %
b101111 V
b10101 t
11
#131780000
b101111 9
01
#131790000
b1 R
b110000 %
b110000 V
11
#131800000
b110000 9
01
#131810000
1B
b0 R
b110001 %
b110001 V
11
#131820000
b110001 9
01
#131830000
0B
b10 R
b10001 W
b110010 %
b110010 V
b10001 h
b10001 e
b10101 t
11
#131840000
b110010 9
01
#131850000
b1 R
b110011 %
b110011 V
11
#131860000
b110011 9
01
#131870000
1B
b0 R
b110100 %
b110100 V
11
#131880000
b110100 9
01
#131890000
0B
b10010 h
b10010 e
b10 R
b10010 W
b110101 %
b110101 V
b10101 t
11
#131900000
b110101 9
01
#131910000
b1 R
b110110 %
b110110 V
11
#131920000
b110110 9
01
#131930000
1B
b0 R
b110111 %
b110111 V
11
#131940000
b110111 9
01
#131950000
0B
b10 R
b10011 W
b111000 %
b111000 V
b10011 h
b10011 e
b10101 t
11
#131960000
b111000 9
01
#131970000
b1 R
b111001 %
b111001 V
11
#131980000
b111001 9
01
#131990000
1B
b0 R
b111010 %
b111010 V
11
#132000000
b111010 9
01
#132010000
0B
b10100 h
b10100 e
b10 R
b10100 W
b111011 %
b111011 V
b10101 t
11
#132020000
b111011 9
01
#132030000
b1 R
b111100 %
b111100 V
11
#132040000
b111100 9
01
#132050000
1B
b0 R
b111101 %
b111101 V
11
#132060000
b111101 9
01
#132070000
0B
b10 R
b10101 W
b111110 %
b111110 V
b11 m
b1010 f
b100111000100000 b
b10011100010000000 l
b10011100010000000 k
b10011100010000000 j
b10011100010000000 i
b10101 h
b10101 e
1r
b10101 t
11
#132080000
b111110 9
01
#132090000
b100111000100000000 `
b11 n
b1010 g
b100111000100000 c
b1001110001000000000 o
1s
0r
b1 R
b111111 %
b111111 V
11
#132100000
b111111 9
01
#132110000
1B
b0 R
b1000000 %
b1000000 V
b1010 H
b1010 a
b100111000100000 G
b100111000100000 d
b1111111111111111 C
b1111111111111111 q
b100111000100000000 E
b100111000100000000 p
1D
0s
11
#132120000
b1000000 9
01
#132130000
0B
0D
b1011 f
b10110 h
1r
b100111000100000000 '
b100111000100000000 T
b1111111111111111 (
b1111111111111111 S
b1 &
b1 U
b10 R
b10110 W
b1000001 %
b1000001 V
b10101 t
11
#132140000
b1000001 9
01
#132150000
b1 R
b1000010 %
b1000010 V
b1011 g
1s
0r
11
#132160000
b1000010 9
01
#132170000
1B
b1011 H
b1011 a
1D
0s
b0 R
b1000011 %
b1000011 V
11
#132180000
b1000011 9
01
#132190000
0B
b10 &
b10 U
b10 R
b10111 W
b1000100 %
b1000100 V
0D
b1100 f
b10111 h
1r
b10101 t
11
#132200000
b1000100 9
01
#132210000
b1100 g
1s
0r
b1 R
b1000101 %
b1000101 V
11
#132220000
b1000101 9
01
#132230000
1B
b0 R
b1000110 %
b1000110 V
b1100 H
b1100 a
1D
0s
11
#132240000
b1000110 9
01
#132250000
0B
0D
b1101 f
b11000 h
1r
b11 &
b11 U
b10 R
b11000 W
b1000111 %
b1000111 V
b10101 t
11
#132260000
b1000111 9
01
#132270000
b1 R
b1001000 %
b1001000 V
b1101 g
1s
0r
11
#132280000
b1001000 9
01
#132290000
1B
b1101 H
b1101 a
1D
0s
b0 R
b1001001 %
b1001001 V
11
#132300000
b1001001 9
01
#132310000
0B
b100 &
b100 U
b10 R
b11001 W
b1001010 %
b1001010 V
0D
b1110 f
b11001 h
1r
b10101 t
11
#132320000
b1001010 9
01
#132330000
b1110 g
1s
0r
b1 R
b1001011 %
b1001011 V
11
#132340000
b1001011 9
01
#132350000
1B
b0 R
b1001100 %
b1001100 V
b1110 H
b1110 a
1D
0s
11
#132360000
b1001100 9
01
#132370000
0B
0D
b1111 f
b11010 h
1r
b101 &
b101 U
b10 R
b11010 W
b1001101 %
b1001101 V
b10101 t
11
#132380000
b1001101 9
01
#132390000
b1 R
b1001110 %
b1001110 V
b1111 g
1s
0r
11
#132400000
b1001110 9
01
#132410000
1B
b1111 H
b1111 a
1D
0s
b0 R
b1001111 %
b1001111 V
11
#132420000
b1001111 9
01
#132430000
0B
b110 &
b110 U
b10 R
b11011 W
b1010000 %
b1010000 V
0D
b10000 f
b11011 h
1r
b10101 t
11
#132440000
b1010000 9
01
#132450000
b10000 g
1s
0r
b1 R
b1010001 %
b1010001 V
11
#132460000
b1010001 9
01
#132470000
1B
b0 R
b1010010 %
b1010010 V
b10000 H
b10000 a
1D
0s
11
#132480000
b1010010 9
01
#132490000
0B
0D
b10001 f
b11100 h
1r
b111 &
b111 U
b10 R
b11100 W
b1010011 %
b1010011 V
b10101 t
11
#132500000
b1010011 9
01
#132510000
b1 R
b1010100 %
b1010100 V
b10001 g
1s
0r
11
#132520000
b1010100 9
01
#132530000
1B
b10001 H
b10001 a
1D
0s
b0 R
b1010101 %
b1010101 V
11
#132540000
b1010101 9
01
#132550000
0B
b1000 &
b1000 U
b10 R
b11101 W
b1010110 %
b1010110 V
0D
b10010 f
b11101 h
1r
b10101 t
11
#132560000
b1010110 9
01
#132570000
b10010 g
1s
0r
b1 R
b1010111 %
b1010111 V
11
#132580000
b1010111 9
01
#132590000
1B
b0 R
b1011000 %
b1011000 V
b10010 H
b10010 a
1D
0s
11
#132600000
b1011000 9
01
#132610000
0B
b1110101001100000 X
b1110101001100000 ^
0D
b10011 f
b11110 h
1r
b1001 &
b1001 U
b10 R
b11110 W
b1011001 %
b1011001 V
b10101 t
11
#132620000
b1011001 9
01
#132630000
b1 R
b1011010 %
b1011010 V
b10011 g
1s
0r
11
#132640000
b1011010 9
01
#132650000
1B
b10011 H
b10011 a
1D
0s
b0 R
b1011011 %
b1011011 V
11
#132660000
b1011011 9
01
#132670000
0B
b100111000100000 X
b100111000100000 ^
b1010 &
b1010 U
b10 R
b11111 W
b1011100 %
b1011100 V
0D
b10100 f
b11101010011000000 i
b11111 h
1r
b10101 t
11
#132680000
b1011100 9
01
#132690000
b101011111100100000 `
b10100 g
b1010111111001000000 o
1s
0r
b1 R
b1011101 %
b1011101 V
11
#132700000
b1011101 9
01
#132710000
1B
b0 R
b1011110 %
b1011110 V
b10100 H
b10100 a
b101011111100100000 E
b101011111100100000 p
1D
0s
11
#132720000
b1011110 9
01
#132730000
0B
0D
b10101 f
b100000 h
1r
b101011111100100000 '
b101011111100100000 T
b1011 &
b1011 U
b10 R
b100000 W
b1011111 %
b1011111 V
b10101 t
11
#132740000
b1011111 9
01
#132750000
b1 R
b1100000 %
b1100000 V
b10101 g
1s
0r
11
#132760000
b1100000 9
01
#132770000
1B
b10101 H
b10101 a
1D
0s
b0 R
b1100001 %
b1100001 V
11
#132780000
b1100001 9
01
#132790000
0B
b1100 &
b1100 U
b10 R
b100001 W
b1100010 %
b1100010 V
0D
b10110 f
b100001 h
1r
b10101 t
11
#132800000
b1100010 9
01
#132810000
b10110 g
1s
0r
b1 R
b1100011 %
b1100011 V
11
#132820000
b1100011 9
01
#132830000
1B
b0 R
b1100100 %
b1100100 V
b10110 H
b10110 a
1D
0s
11
#132840000
b1100100 9
01
#132850000
0B
0D
b10111 f
b100010 h
1r
b1101 &
b1101 U
b10 R
b100010 W
b1100101 %
b1100101 V
b10101 t
11
#132860000
b1100101 9
01
#132870000
b1 R
b1100110 %
b1100110 V
b10111 g
1s
0r
11
#132880000
b1100110 9
01
#132890000
1B
b10111 H
b10111 a
1D
0s
b0 R
b1100111 %
b1100111 V
11
#132900000
b1100111 9
01
#132910000
0B
b1110 &
b1110 U
b10 R
b100011 W
b1101000 %
b1101000 V
0D
b11000 f
b11101010011000000 j
b10011100010000000 i
b100011 h
1r
b10101 t
11
#132920000
b1101000 9
01
#132930000
b11000 g
1s
0r
b1 R
b1101001 %
b1101001 V
11
#132940000
b1101001 9
01
#132950000
1B
b0 R
b1101010 %
b1101010 V
b11000 H
b11000 a
1D
0s
11
#132960000
b1101010 9
01
#132970000
0B
0D
b11001 f
b100100 h
1r
b1111 &
b1111 U
b10 R
b100100 W
b1101011 %
b1101011 V
b10101 t
11
#132980000
b1101011 9
01
#132990000
b1 R
b1101100 %
b1101100 V
b11001 g
1s
0r
11
#133000000
b1101100 9
01
#133010000
1B
b11001 H
b11001 a
1D
0s
b0 R
b1101101 %
b1101101 V
11
#133020000
b1101101 9
01
#133030000
0B
b10000 &
b10000 U
b10 R
b100101 W
b1101110 %
b1101110 V
0D
b11010 f
b100101 h
1r
b10101 t
11
#133040000
b1101110 9
01
#133050000
b11010 g
1s
0r
b1 R
b1101111 %
b1101111 V
11
#133060000
b1101111 9
01
#133070000
1B
b0 R
b1110000 %
b1110000 V
b11010 H
b11010 a
1D
0s
11
#133080000
b1110000 9
01
#133090000
0B
0D
b11011 f
b100110 h
1r
b10001 &
b10001 U
b10 R
b100110 W
b1110001 %
b1110001 V
b10101 t
11
#133100000
b1110001 9
01
#133110000
b1 R
b1110010 %
b1110010 V
b11011 g
1s
0r
11
#133120000
b1110010 9
01
#133130000
1B
b11011 H
b11011 a
1D
0s
b0 R
b1110011 %
b1110011 V
11
#133140000
b1110011 9
01
#133150000
0B
b10010 &
b10010 U
b10 R
b100111 W
b1110100 %
b1110100 V
0D
b11100 f
b10011100010000000 j
b100111 h
1r
b10101 t
11
#133160000
b1110100 9
01
#133170000
b100111000100000000 `
b11100 g
b1001110001000000000 o
1s
0r
b1 R
b1110101 %
b1110101 V
11
#133180000
b1110101 9
01
#133190000
1B
b0 R
b1110110 %
b1110110 V
b11100 H
b11100 a
b100111000100000000 E
b100111000100000000 p
1D
0s
11
#133200000
b1110110 9
01
#133210000
0B
0D
b11101 f
b101000 h
1r
b100111000100000000 '
b100111000100000000 T
b10011 &
b10011 U
b10 R
b101000 W
b1110111 %
b1110111 V
b10101 t
11
#133220000
b1110111 9
01
#133230000
b1 R
b1111000 %
b1111000 V
b11101 g
1s
0r
11
#133240000
b1111000 9
01
#133250000
1B
b11101 H
b11101 a
1D
0s
b0 R
b1111001 %
b1111001 V
11
#133260000
b1111001 9
01
#133270000
0B
b10100 &
b10100 U
b10 R
b101001 W
b1111010 %
b1111010 V
0D
b11110 f
b1110101001100000 b
b101001 h
1r
b10101 t
11
#133280000
b1111010 9
01
#133290000
b11110 g
b1110101001100000 c
1s
0r
b1 R
b1111011 %
b1111011 V
11
#133300000
b1111011 9
01
#133310000
1B
b0 R
b1111100 %
b1111100 V
b11110 H
b11110 a
b1110101001100000 G
b1110101001100000 d
1D
0s
11
#133320000
b1111100 9
01
#133330000
0B
0D
b11111 f
b100111000100000 b
b101010 h
1r
b10101 &
b10101 U
b10 R
b101010 W
b1111101 %
b1111101 V
b10101 t
11
#133340000
b1111101 9
01
#133350000
b1 R
b1111110 %
b1111110 V
b11111 g
b100111000100000 c
1s
0r
11
#133360000
b1111110 9
01
#133370000
1B
b11111 H
b11111 a
b100111000100000 G
b100111000100000 d
1D
0s
b0 R
b1111111 %
b1111111 V
11
#133380000
b1111111 9
01
#133390000
0B
b10110 &
b10110 U
b10 R
b101011 W
b10000000 %
b10000000 V
0D
b100000 f
b101011 h
1r
b10101 t
11
#133400000
b10000000 9
01
#133410000
b100000 g
1s
0r
b1 R
b10000001 %
b10000001 V
11
#133420000
b10000001 9
01
#133430000
1B
b0 R
b10000010 %
b10000010 V
b100000 H
b100000 a
1D
0s
11
#133440000
b10000010 9
01
#133450000
0B
0D
b100001 f
b11101010011000000 k
b101100 h
1r
b10111 &
b10111 U
b10 R
b101100 W
b10000011 %
b10000011 V
b10101 t
11
#133460000
b10000011 9
01
#133470000
b101011111100100000 `
b1 R
b10000100 %
b10000100 V
b100001 g
b1010111111001000000 o
1s
0r
11
#133480000
b10000100 9
01
#133490000
1B
b100001 H
b100001 a
b101011111100100000 E
b101011111100100000 p
1D
0s
b0 R
b10000101 %
b10000101 V
11
#133500000
b10000101 9
01
#133510000
0B
b101011111100100000 '
b101011111100100000 T
b11000 &
b11000 U
b10 R
b101101 W
b10000110 %
b10000110 V
0D
b100010 f
b101101 h
1r
b10101 t
11
#133520000
b10000110 9
01
#133530000
b100010 g
1s
0r
b1 R
b10000111 %
b10000111 V
11
#133540000
b10000111 9
01
#133550000
1B
b0 R
b10001000 %
b10001000 V
b100010 H
b100010 a
1D
0s
11
#133560000
b10001000 9
01
#133570000
0B
0D
b100011 f
b101110 h
1r
b11001 &
b11001 U
b10 R
b101110 W
b10001001 %
b10001001 V
b10101 t
11
#133580000
b10001001 9
01
#133590000
b1 R
b10001010 %
b10001010 V
b100011 g
1s
0r
11
#133600000
b10001010 9
01
#133610000
1B
b100011 H
b100011 a
1D
0s
b0 R
b10001011 %
b10001011 V
11
#133620000
b10001011 9
01
#133630000
0B
b11010 &
b11010 U
b10 R
b101111 W
b10001100 %
b10001100 V
0D
b100100 f
b101111 h
1r
b10101 t
11
#133640000
b10001100 9
01
#133650000
b100100 g
1s
0r
b1 R
b10001101 %
b10001101 V
11
#133660000
b10001101 9
01
#133670000
1B
b0 R
b10001110 %
b10001110 V
b100100 H
b100100 a
1D
0s
11
#133680000
b10001110 9
01
#133690000
0B
0D
b100101 f
b11101010011000000 l
b10011100010000000 k
b110000 h
1r
b11011 &
b11011 U
b10 R
b110000 W
b10001111 %
b10001111 V
b10101 t
11
#133700000
b10001111 9
01
#133710000
b1 R
b10010000 %
b10010000 V
b100101 g
1s
0r
11
#133720000
b10010000 9
01
#133730000
1B
b100101 H
b100101 a
1D
0s
b0 R
b10010001 %
b10010001 V
11
#133740000
b10010001 9
01
#133750000
0B
b11100 &
b11100 U
b10 R
b110001 W
b10010010 %
b10010010 V
0D
b100110 f
b110001 h
1r
b10101 t
11
#133760000
b10010010 9
01
#133770000
b100110 g
1s
0r
b1 R
b10010011 %
b10010011 V
11
#133780000
b10010011 9
01
#133790000
1B
b0 R
b10010100 %
b10010100 V
b100110 H
b100110 a
1D
0s
11
#133800000
b10010100 9
01
#133810000
0B
0D
b100111 f
b110010 h
1r
b11101 &
b11101 U
b10 R
b110010 W
b10010101 %
b10010101 V
b10101 t
11
#133820000
b10010101 9
01
#133830000
b1 R
b10010110 %
b10010110 V
b100111 g
1s
0r
11
#133840000
b10010110 9
01
#133850000
1B
b100111 H
b100111 a
1D
0s
b0 R
b10010111 %
b10010111 V
11
#133860000
b10010111 9
01
#133870000
0B
b11110 &
b11110 U
b10 R
b110011 W
b10011000 %
b10011000 V
0D
b101000 f
b110011 h
1r
b10101 t
11
#133880000
b10011000 9
01
#133890000
b101000 g
1s
0r
b1 R
b10011001 %
b10011001 V
11
#133900000
b10011001 9
01
#133910000
1B
b0 R
b10011010 %
b10011010 V
b101000 H
b101000 a
1D
0s
11
#133920000
b10011010 9
01
#133930000
0B
0D
b101001 f
b10011100010000000 l
b110100 h
1r
b11111 &
b11111 U
b10 R
b110100 W
b10011011 %
b10011011 V
b10101 t
11
#133940000
b10011011 9
01
#133950000
b100111000100000000 `
b1 R
b10011100 %
b10011100 V
b101001 g
b1001110001000000000 o
1s
0r
11
#133960000
b10011100 9
01
#133970000
1B
b101001 H
b101001 a
b100111000100000000 E
b100111000100000000 p
1D
0s
b0 R
b10011101 %
b10011101 V
11
#133980000
b10011101 9
01
#133990000
0B
b100111000100000000 '
b100111000100000000 T
b100000 &
b100000 U
b10 R
b110101 W
b10011110 %
b10011110 V
0D
b101010 f
b110101 h
1r
b10101 t
11
#134000000
b10011110 9
01
#134010000
b101010 g
1s
0r
b1 R
b10011111 %
b10011111 V
11
#134020000
b10011111 9
01
#134030000
1B
b0 R
b10100000 %
b10100000 V
b101010 H
b101010 a
1D
0s
11
#134040000
b10100000 9
01
#134050000
0B
0D
b101011 f
b110110 h
1r
b100001 &
b100001 U
b10 R
b110110 W
b10100001 %
b10100001 V
b10101 t
11
#134060000
b10100001 9
01
#134070000
b1 R
b10100010 %
b10100010 V
b101011 g
1s
0r
11
#134080000
b10100010 9
01
#134090000
1B
b101011 H
b101011 a
1D
0s
b0 R
b10100011 %
b10100011 V
11
#134100000
b10100011 9
01
#134110000
0B
b100010 &
b100010 U
b10 R
b110111 W
b10100100 %
b10100100 V
0D
b101100 f
b110111 h
1r
b10101 t
11
#134120000
b10100100 9
01
#134130000
b101100 g
1s
0r
b1 R
b10100101 %
b10100101 V
11
#134140000
b10100101 9
01
#134150000
1B
b0 R
b10100110 %
b10100110 V
b101100 H
b101100 a
1D
0s
11
#134160000
b10100110 9
01
#134170000
0B
0D
b101101 f
b111000 h
1r
b100011 &
b100011 U
b10 R
b111000 W
b10100111 %
b10100111 V
b10101 t
11
#134180000
b10100111 9
01
#134190000
b1 R
b10101000 %
b10101000 V
b101101 g
1s
0r
11
#134200000
b10101000 9
01
#134210000
1B
b101101 H
b101101 a
1D
0s
b0 R
b10101001 %
b10101001 V
11
#134220000
b10101001 9
01
#134230000
0B
b100100 &
b100100 U
b10 R
b111001 W
b10101010 %
b10101010 V
0D
b101110 f
b111001 h
1r
b10101 t
11
#134240000
b10101010 9
01
#134250000
b101110 g
1s
0r
b1 R
b10101011 %
b10101011 V
11
#134260000
b10101011 9
01
#134270000
1B
b0 R
b10101100 %
b10101100 V
b101110 H
b101110 a
1D
0s
11
#134280000
b10101100 9
01
#134290000
0B
0D
b101111 f
b111010 h
1r
b100101 &
b100101 U
b10 R
b111010 W
b10101101 %
b10101101 V
b10101 t
11
#134300000
b10101101 9
01
#134310000
b1 R
b10101110 %
b10101110 V
b101111 g
1s
0r
11
#134320000
b10101110 9
01
#134330000
1B
b101111 H
b101111 a
1D
0s
b0 R
b10101111 %
b10101111 V
11
#134340000
b10101111 9
01
#134350000
0B
b100110 &
b100110 U
b10 R
b111011 W
b10110000 %
b10110000 V
0D
b110000 f
b111011 h
1r
b10101 t
11
#134360000
b10110000 9
01
#134370000
b110000 g
1s
0r
b1 R
b10110001 %
b10110001 V
11
#134380000
b10110001 9
01
#134390000
1B
b0 R
b10110010 %
b10110010 V
b110000 H
b110000 a
1D
0s
11
#134400000
b10110010 9
01
#134410000
0B
0D
b110001 f
b111100 h
1r
b100111 &
b100111 U
b10 R
b111100 W
b10110011 %
b10110011 V
b10101 t
11
#134420000
b10110011 9
01
#134430000
b1 R
b10110100 %
b10110100 V
b110001 g
1s
0r
11
#134440000
b10110100 9
01
#134450000
1B
b110001 H
b110001 a
1D
0s
b0 R
b10110101 %
b10110101 V
11
#134460000
b10110101 9
01
#134470000
0B
b101000 &
b101000 U
b10 R
b111101 W
b10110110 %
b10110110 V
0D
b110010 f
b111101 h
1r
b10101 t
11
#134480000
b10110110 9
01
#134490000
b110010 g
1s
0r
b1 R
b10110111 %
b10110111 V
11
#134500000
b10110111 9
01
#134510000
1B
b0 R
b10111000 %
b10111000 V
b110010 H
b110010 a
1D
0s
11
#134520000
b10111000 9
01
#134530000
0B
0D
b110011 f
b111110 h
1r
b101001 &
b101001 U
b10 R
b111110 W
b10111001 %
b10111001 V
b10101 t
11
#134540000
b10111001 9
01
#134550000
b1 R
b10111010 %
b10111010 V
b110011 g
1s
0r
11
#134560000
b10111010 9
01
#134570000
1B
b110011 H
b110011 a
1D
0s
b0 R
b10111011 %
b10111011 V
11
#134580000
b10111011 9
01
#134590000
0B
b101010 &
b101010 U
b10 R
b111111 W
b10111100 %
b10111100 V
0D
b110100 f
b111111 h
1r
b10101 t
11
#134600000
b10111100 9
01
#134610000
b110100 g
1s
0r
b1 R
b10111101 %
b10111101 V
11
#134620000
b10111101 9
01
#134630000
1B
b0 R
b10111110 %
b10111110 V
b110100 H
b110100 a
1D
0s
11
#134640000
b10111110 9
01
#134650000
0B
0D
b110101 f
b1000000 h
1r
b101011 &
b101011 U
b10 R
b1000000 W
b10111111 %
b10111111 V
b10101 t
11
#134660000
b10111111 9
01
#134670000
b1 R
b11000000 %
b11000000 V
b110101 g
1s
0r
11
#134680000
b11000000 9
01
#134690000
1B
b110101 H
b110101 a
1D
0s
b0 R
b11000001 %
b11000001 V
11
#134700000
b11000001 9
01
#134710000
0B
b101100 &
b101100 U
b10 R
b1000001 W
b11000010 %
b11000010 V
0D
b110110 f
b1000001 h
1r
b10101 t
11
#134720000
b11000010 9
01
#134730000
b110110 g
1s
0r
b1 R
b11000011 %
b11000011 V
11
#134740000
b11000011 9
01
#134750000
1B
b0 R
b11000100 %
b11000100 V
b110110 H
b110110 a
1D
0s
11
#134760000
b11000100 9
01
#134770000
0B
0D
b110111 f
b1000010 h
1r
b101101 &
b101101 U
b10 R
b1000010 W
b11000101 %
b11000101 V
b10101 t
11
#134780000
b11000101 9
01
#134790000
b1 R
b11000110 %
b11000110 V
b110111 g
1s
0r
11
#134800000
b11000110 9
01
#134810000
1B
b110111 H
b110111 a
1D
0s
b0 R
b11000111 %
b11000111 V
11
#134820000
b11000111 9
01
#134830000
0B
b101110 &
b101110 U
b10 R
b1000011 W
b11001000 %
b11001000 V
0D
b111000 f
b1000011 h
1r
b10101 t
11
#134840000
b11001000 9
01
#134850000
b111000 g
1s
0r
b1 R
b11001001 %
b11001001 V
11
#134860000
b11001001 9
01
#134870000
1B
b0 R
b11001010 %
b11001010 V
b111000 H
b111000 a
1D
0s
11
#134880000
b11001010 9
01
#134890000
0B
0D
b111001 f
b1000100 h
1r
b101111 &
b101111 U
b10 R
b1000100 W
b11001011 %
b11001011 V
b10101 t
11
#134900000
b11001011 9
01
#134910000
b1 R
b11001100 %
b11001100 V
b111001 g
1s
0r
11
#134920000
b11001100 9
01
#134930000
1B
b111001 H
b111001 a
1D
0s
b0 R
b11001101 %
b11001101 V
11
#134940000
b11001101 9
01
#134950000
0B
b110000 &
b110000 U
b10 R
b1000101 W
b11001110 %
b11001110 V
0D
b111010 f
b1000101 h
1r
b10101 t
11
#134960000
b11001110 9
01
#134970000
b111010 g
1s
0r
b1 R
b11001111 %
b11001111 V
11
#134980000
b11001111 9
01
#134990000
1B
b0 R
b11010000 %
b11010000 V
b111010 H
b111010 a
1D
0s
11
#135000000
b11010000 9
01
#135010000
0B
0D
b111011 f
b1000110 h
1r
b110001 &
b110001 U
b10 R
b1000110 W
b11010001 %
b11010001 V
b10101 t
11
#135020000
b11010001 9
01
#135030000
b1 R
b11010010 %
b11010010 V
b111011 g
1s
0r
11
#135040000
b11010010 9
01
#135050000
1B
b111011 H
b111011 a
1D
0s
b0 R
b11010011 %
b11010011 V
11
#135060000
b11010011 9
01
#135070000
0B
b110010 &
b110010 U
b10 R
b1000111 W
b11010100 %
b11010100 V
0D
b111100 f
b1000111 h
1r
b10101 t
11
#135080000
b11010100 9
01
#135090000
b111100 g
1s
0r
b1 R
b11010101 %
b11010101 V
11
#135100000
b11010101 9
01
#135110000
1B
b0 R
b11010110 %
b11010110 V
b111100 H
b111100 a
1D
0s
11
#135120000
b11010110 9
01
#135130000
0B
0D
b111101 f
b1001000 h
1r
b110011 &
b110011 U
b10 R
b1001000 W
b11010111 %
b11010111 V
b10101 t
11
#135140000
b11010111 9
01
#135150000
b1 R
b11011000 %
b11011000 V
b111101 g
1s
0r
11
#135160000
b11011000 9
01
#135170000
1B
b111101 H
b111101 a
1D
0s
b0 R
b11011001 %
b11011001 V
11
#135180000
b11011001 9
01
#135190000
0B
b110100 &
b110100 U
b10 R
b1001001 W
b11011010 %
b11011010 V
0D
b111110 f
b1001001 h
1r
b10101 t
11
#135200000
b11011010 9
01
#135210000
b111110 g
1s
0r
b1 R
b11011011 %
b11011011 V
11
#135220000
b11011011 9
01
#135230000
1B
b0 R
b11011100 %
b11011100 V
b111110 H
b111110 a
1D
0s
11
#135240000
b11011100 9
01
#135250000
0B
0D
b111111 f
b1001010 h
1r
b110101 &
b110101 U
b10 R
b1001010 W
b11011101 %
b11011101 V
b10101 t
11
#135260000
b11011101 9
01
#135270000
b1 R
b11011110 %
b11011110 V
b111111 g
1s
0r
11
#135280000
b11011110 9
01
#135290000
1B
b111111 H
b111111 a
1D
0s
b0 R
b11011111 %
b11011111 V
11
#135300000
b11011111 9
01
#135310000
0B
b110110 &
b110110 U
b10 R
b1001011 W
b11100000 %
b11100000 V
0D
b1000000 f
b1001011 h
1r
b10101 t
11
#135320000
b11100000 9
01
#135330000
b1000000 g
1s
0r
b1 R
b11100001 %
b11100001 V
11
#135340000
b11100001 9
01
#135350000
1B
b0 R
b11100010 %
b11100010 V
b1000000 H
b1000000 a
1D
0s
11
#135360000
b11100010 9
01
#135370000
0B
0D
b1000001 f
b1001100 h
1r
b110111 &
b110111 U
b10 R
b1001100 W
b11100011 %
b11100011 V
b10101 t
11
#135380000
b11100011 9
01
#135390000
b1 R
b11100100 %
b11100100 V
b1000001 g
1s
0r
11
#135400000
b11100100 9
01
#135410000
1B
b1000001 H
b1000001 a
1D
0s
b0 R
b11100101 %
b11100101 V
11
#135420000
b11100101 9
01
#135430000
0B
b111000 &
b111000 U
b10 R
b1001101 W
b11100110 %
b11100110 V
0D
b1000010 f
b1001101 h
1r
b10101 t
11
#135440000
b11100110 9
01
#135450000
b1000010 g
1s
0r
b1 R
b11100111 %
b11100111 V
11
#135460000
b11100111 9
01
#135470000
1B
b0 R
b11101000 %
b11101000 V
b1000010 H
b1000010 a
1D
0s
11
#135480000
b11101000 9
01
#135490000
0B
0D
b1000011 f
b1001110 h
1r
b111001 &
b111001 U
b10 R
b1001110 W
b11101001 %
b11101001 V
b10101 t
11
#135500000
b11101001 9
01
#135510000
b1 R
b11101010 %
b11101010 V
b1000011 g
1s
0r
11
#135520000
b11101010 9
01
#135530000
1B
b1000011 H
b1000011 a
1D
0s
b0 R
b11101011 %
b11101011 V
11
#135540000
b11101011 9
01
#135550000
0B
b111010 &
b111010 U
b10 R
b1001111 W
b11101100 %
b11101100 V
0D
b1000100 f
b1001111 h
1r
b10101 t
11
#135560000
b11101100 9
01
#135570000
b1000100 g
1s
0r
b1 R
b11101101 %
b11101101 V
11
#135580000
b11101101 9
01
#135590000
1B
b0 R
b11101110 %
b11101110 V
b1000100 H
b1000100 a
1D
0s
11
#135600000
b11101110 9
01
#135610000
0B
0D
b1000101 f
b1010000 h
1r
b111011 &
b111011 U
b10 R
b1010000 W
b11101111 %
b11101111 V
b10101 t
11
#135620000
b11101111 9
01
#135630000
b1 R
b11110000 %
b11110000 V
b1000101 g
1s
0r
11
#135640000
b11110000 9
01
#135650000
1B
b1000101 H
b1000101 a
1D
0s
b0 R
b11110001 %
b11110001 V
11
#135660000
b11110001 9
01
#135670000
0B
b111100 &
b111100 U
b10 R
b1010001 W
b11110010 %
b11110010 V
0D
b1000110 f
b1010001 h
1r
b10101 t
11
#135680000
b11110010 9
01
#135690000
b1000110 g
1s
0r
b1 R
b11110011 %
b11110011 V
11
#135700000
b11110011 9
01
#135710000
1B
b0 R
b11110100 %
b11110100 V
b1000110 H
b1000110 a
1D
0s
11
#135720000
b11110100 9
01
#135730000
0B
0D
b1000111 f
b1010010 h
1r
b111101 &
b111101 U
b10 R
b1010010 W
b11110101 %
b11110101 V
b10101 t
11
#135740000
b11110101 9
01
#135750000
b1 R
b11110110 %
b11110110 V
b1000111 g
1s
0r
11
#135760000
b11110110 9
01
#135770000
1B
b1000111 H
b1000111 a
1D
0s
b0 R
b11110111 %
b11110111 V
11
#135780000
b11110111 9
01
#135790000
0B
b111110 &
b111110 U
b10 R
b1010011 W
b11111000 %
b11111000 V
0D
b1001000 f
b1010011 h
1r
b10101 t
11
#135800000
b11111000 9
01
#135810000
b1001000 g
1s
0r
b1 R
b11111001 %
b11111001 V
11
#135820000
b11111001 9
01
#135830000
1B
b0 R
b11111010 %
b11111010 V
b1001000 H
b1001000 a
1D
0s
11
#135840000
b11111010 9
01
#135850000
0B
0D
b1001001 f
b1010100 h
1r
b111111 &
b111111 U
b10 R
b1010100 W
b11111011 %
b11111011 V
b10101 t
11
#135860000
b11111011 9
01
#135870000
b1 R
b11111100 %
b11111100 V
b1001001 g
1s
0r
11
#135880000
b11111100 9
01
#135890000
1B
b1001001 H
b1001001 a
1D
0s
b0 R
b11111101 %
b11111101 V
11
#135900000
b11111101 9
01
#135910000
0B
b1000000 &
b1000000 U
b10 R
b1010101 W
b11111110 %
b11111110 V
0D
b1001010 f
b1010101 h
1r
b10101 t
11
#135920000
b11111110 9
01
#135930000
b1001010 g
1s
0r
b1 R
b11111111 %
b11111111 V
11
#135940000
b11111111 9
01
#135950000
1B
b0 R
b100000000 %
b100000000 V
b1001010 H
b1001010 a
1D
0s
11
#135960000
b100000000 9
01
#135970000
0B
0D
b1001011 f
b1010110 h
1r
b1000001 &
b1000001 U
b10 R
b1010110 W
b100000001 %
b100000001 V
b10101 t
11
#135980000
b100000001 9
01
#135990000
b1 R
b100000010 %
b100000010 V
b1001011 g
1s
0r
11
#136000000
b100000010 9
01
#136010000
1B
b1001011 H
b1001011 a
1D
0s
b0 R
b100000011 %
b100000011 V
11
#136020000
b100000011 9
01
#136030000
0B
b1000010 &
b1000010 U
b10 R
b1010111 W
b100000100 %
b100000100 V
0D
b1001100 f
b1010111 h
1r
b10101 t
11
#136040000
b100000100 9
01
#136050000
b1001100 g
1s
0r
b1 R
b100000101 %
b100000101 V
11
#136060000
b100000101 9
01
#136070000
1B
b0 R
b100000110 %
b100000110 V
b1001100 H
b1001100 a
1D
0s
11
#136080000
b100000110 9
01
#136090000
0B
0D
b1001101 f
b1011000 h
1r
b1000011 &
b1000011 U
b10 R
b1011000 W
b100000111 %
b100000111 V
b10101 t
11
#136100000
b100000111 9
01
#136110000
b1 R
b100001000 %
b100001000 V
b1001101 g
1s
0r
11
#136120000
b100001000 9
01
#136130000
1B
b1001101 H
b1001101 a
1D
0s
b0 R
b100001001 %
b100001001 V
11
#136140000
b100001001 9
01
#136150000
0B
b1000100 &
b1000100 U
b10 R
b1011001 W
b100001010 %
b100001010 V
0D
b1001110 f
b1011001 h
1r
b10101 t
11
#136160000
b100001010 9
01
#136170000
b1001110 g
1s
0r
b1 R
b100001011 %
b100001011 V
11
#136180000
b100001011 9
01
#136190000
1B
b0 R
b100001100 %
b100001100 V
b1001110 H
b1001110 a
1D
0s
11
#136200000
b100001100 9
01
#136210000
0B
0D
b1001111 f
b1011010 h
1r
b1000101 &
b1000101 U
b10 R
b1011010 W
b100001101 %
b100001101 V
b10101 t
11
#136220000
b100001101 9
01
#136230000
b1 R
b100001110 %
b100001110 V
b1001111 g
1s
0r
11
#136240000
b100001110 9
01
#136250000
1B
b1001111 H
b1001111 a
1D
0s
b0 R
b100001111 %
b100001111 V
11
#136260000
b100001111 9
01
#136270000
0B
b1000110 &
b1000110 U
b10 R
b1011011 W
b100010000 %
b100010000 V
0D
b1010000 f
b1011011 h
1r
b10101 t
11
#136280000
b100010000 9
01
#136290000
b1010000 g
1s
0r
b1 R
b100010001 %
b100010001 V
11
#136300000
b100010001 9
01
#136310000
1B
b0 R
b100010010 %
b100010010 V
b1010000 H
b1010000 a
1D
0s
11
#136320000
b100010010 9
01
#136330000
0B
0D
b1010001 f
b1011100 h
1r
b1000111 &
b1000111 U
b10 R
b1011100 W
b100010011 %
b100010011 V
b10101 t
11
#136340000
b100010011 9
01
#136350000
b1 R
b100010100 %
b100010100 V
b1010001 g
1s
0r
11
#136360000
b100010100 9
01
#136370000
1B
b1010001 H
b1010001 a
1D
0s
b0 R
b100010101 %
b100010101 V
11
#136380000
b100010101 9
01
#136390000
0B
b1001000 &
b1001000 U
b10 R
b1011101 W
b100010110 %
b100010110 V
0D
b1010010 f
b1011101 h
1r
b10101 t
11
#136400000
b100010110 9
01
#136410000
b1010010 g
1s
0r
b1 R
b100010111 %
b100010111 V
11
#136420000
b100010111 9
01
#136430000
1B
b0 R
b100011000 %
b100011000 V
b1010010 H
b1010010 a
1D
0s
11
#136440000
b100011000 9
01
#136450000
0B
0D
b1010011 f
b1011110 h
1r
b1001001 &
b1001001 U
b10 R
b1011110 W
b100011001 %
b100011001 V
b10101 t
11
#136460000
b100011001 9
01
#136470000
b1 R
b100011010 %
b100011010 V
b1010011 g
1s
0r
11
#136480000
b100011010 9
01
#136490000
1B
b1010011 H
b1010011 a
1D
0s
b0 R
b100011011 %
b100011011 V
11
#136500000
b100011011 9
01
#136510000
0B
b1001010 &
b1001010 U
b10 R
b1011111 W
b100011100 %
b100011100 V
0D
b1010100 f
b1011111 h
1r
b10101 t
11
#136520000
b100011100 9
01
#136530000
b1010100 g
1s
0r
b1 R
b100011101 %
b100011101 V
11
#136540000
b100011101 9
01
#136550000
1B
b0 R
b100011110 %
b100011110 V
b1010100 H
b1010100 a
1D
0s
11
#136560000
b100011110 9
01
#136570000
0B
0D
b1010101 f
b1100000 h
1r
b1001011 &
b1001011 U
b10 R
b1100000 W
b100011111 %
b100011111 V
b10101 t
11
#136580000
b100011111 9
01
#136590000
b1 R
b100100000 %
b100100000 V
b1010101 g
1s
0r
11
#136600000
b100100000 9
01
#136610000
1B
b1010101 H
b1010101 a
1D
0s
b0 R
b100100001 %
b100100001 V
11
#136620000
b100100001 9
01
#136630000
0B
b1001100 &
b1001100 U
b10 R
b1100001 W
b100100010 %
b100100010 V
0D
b1010110 f
b1100001 h
1r
b10101 t
11
#136640000
b100100010 9
01
#136650000
b1010110 g
1s
0r
b1 R
b100100011 %
b100100011 V
11
#136660000
b100100011 9
01
#136670000
1B
b0 R
b100100100 %
b100100100 V
b1010110 H
b1010110 a
1D
0s
11
#136680000
b100100100 9
01
#136690000
0B
0D
b1010111 f
b1100010 h
1r
b1001101 &
b1001101 U
b10 R
b1100010 W
b100100101 %
b100100101 V
b10101 t
11
#136700000
b100100101 9
01
#136710000
b1 R
b100100110 %
b100100110 V
b1010111 g
1s
0r
11
#136720000
b100100110 9
01
#136730000
1B
b1010111 H
b1010111 a
1D
0s
b0 R
b100100111 %
b100100111 V
11
#136740000
b100100111 9
01
#136750000
0B
b1001110 &
b1001110 U
b10 R
b1100011 W
b100101000 %
b100101000 V
0D
b1011000 f
b1100011 h
1r
b10101 t
11
#136760000
b100101000 9
01
#136770000
b1011000 g
1s
0r
b1 R
b100101001 %
b100101001 V
11
#136780000
b100101001 9
01
#136790000
1B
b0 R
b100101010 %
b100101010 V
b1011000 H
b1011000 a
1D
0s
11
#136800000
b100101010 9
01
#136810000
0B
0D
b1011001 f
b1100100 h
1r
b1001111 &
b1001111 U
b10 R
b11 Z
b100101011 %
b100101011 V
b10101 t
11
#136820000
b100101011 9
01
#136830000
b100101100 %
b100101100 V
b1011001 g
1s
0r
11
#136840000
b100101100 9
01
#136850000
b1011001 H
b1011001 a
1D
0s
b100101101 %
b100101101 V
11
#136860000
b100101101 9
01
#136870000
b1010000 &
b1010000 U
1*
0-
b0 Z
b100101110 %
b100101110 V
0D
11
#136880000
b100000 >
b100101110 9
01
#136890000
11
#136900000
01
#136910000
11
#136920000
01
#136930000
11
#136940000
01
#136950000
11
#136960000
01
#136970000
11
#136980000
01
#136990000
11
#137000000
01
#137010000
11
#137020000
01
#137030000
11
#137040000
b100 <
b100 =
b10 ;
01
#137050000
11
#137060000
b100000 4
b10 6
b10 @
b1 7
b1 A
18
01
#137070000
1?
b1100100 X
b1100100 ^
1-
b1 Z
b0 %
b0 V
b0 R
b0 W
b0 '
b0 T
b0 (
b0 S
b0 &
b0 U
0*
b100001 )
b100001 Q
00
b10 /
b10 M
b10 _
b1 .
b1 N
1Y
11
#137080000
01
#137090000
1B
0?
b0 H
b0 a
b0 G
b0 d
b0 E
b0 p
b0 C
b0 q
b0 o
b0 `
b0 n
b0 g
b0 c
b0 m
b0 f
b0 b
b0 l
b0 k
b0 j
b0 i
b0 h
b0 e
b10 Z
b1 %
b1 V
b10101 t
11
#137100000
01
#137110000
b1 W
b10 %
b10 V
b1 h
b1 e
b10101 t
11
#137120000
01
#137130000
b10 h
b10 e
b10 W
b11 %
b11 V
b10101 t
11
#137140000
01
#137150000
b11 W
b100 %
b100 V
b11 h
b11 e
b10101 t
11
#137160000
01
#137170000
b100 h
b100 e
b100 W
b101 %
b101 V
b10101 t
11
#137180000
01
#137190000
b101 W
b110 %
b110 V
b101 h
b101 e
b10101 t
11
#137200000
01
#137210000
b110 h
b110 e
b110 W
b111 %
b111 V
b10101 t
11
#137220000
01
#137230000
b111 W
b1000 %
b1000 V
b111 h
b111 e
b10101 t
11
#137240000
01
#137250000
b1000 h
b1000 e
b1000 W
b1001 %
b1001 V
b10101 t
11
#137260000
01
#137270000
b1001 W
b1010 %
b1010 V
b1001 h
b1001 e
b10101 t
11
#137280000
01
#137290000
b1010 h
b1010 e
b1010 W
b1011 %
b1011 V
b10101 t
11
#137300000
01
#137310000
b1011 W
b1100 %
b1100 V
b1011 h
b1011 e
b10101 t
11
#137320000
01
#137330000
b1100 h
b1100 e
b1100 W
b1101 %
b1101 V
b10101 t
11
#137340000
01
#137350000
b1101 W
b1110 %
b1110 V
b1101 h
b1101 e
b10101 t
11
#137360000
01
#137370000
b1110 h
b1110 e
b1110 W
b1111 %
b1111 V
b10101 t
11
#137380000
01
#137390000
b1111 W
b10000 %
b10000 V
b1111 h
b1111 e
b10101 t
11
#137400000
01
#137410000
b10000 h
b10000 e
b10000 W
b10001 %
b10001 V
b10101 t
11
#137420000
01
#137430000
b10001 W
b10010 %
b10010 V
b10001 h
b10001 e
b10101 t
11
#137440000
01
#137450000
b10010 h
b10010 e
b10010 W
b10011 %
b10011 V
b10101 t
11
#137460000
01
#137470000
b10011 W
b10100 %
b10100 V
b10011 h
b10011 e
b10101 t
11
#137480000
01
#137490000
b10100 h
b10100 e
b10100 W
b10101 %
b10101 V
b10101 t
11
#137500000
01
#137510000
b10101 W
b10110 %
b10110 V
b10 m
b1010 f
b1100100 b
b110010000 l
b110010000 k
b110010000 j
b110010000 i
b10101 h
b10101 e
1r
b10101 t
11
#137520000
01
#137530000
b110010000 `
b10 n
b1010 g
b1100100 c
b11001000000 o
1s
b1011 f
b10110 h
b10110 W
b10111 %
b10111 V
b10101 t
11
#137540000
01
#137550000
b10111 W
b11000 %
b11000 V
b1010 H
b1010 a
b1100100 G
b1100100 d
b110010000 C
b110010000 q
b110010000 E
b110010000 p
1D
b1011 g
b1100 f
b10111 h
b10101 t
11
#137560000
01
#137570000
b1011 H
b1011 a
b1100 g
b1101 f
b11000 h
b110010000 '
b110010000 T
b110010000 (
b110010000 S
b1 &
b1 U
b11000 W
b11001 %
b11001 V
b10101 t
11
#137580000
01
#137590000
b10 &
b10 U
b11001 W
b11010 %
b11010 V
b1100 H
b1100 a
b1101 g
b1110 f
b11001 h
b10101 t
11
#137600000
01
#137610000
b1101 H
b1101 a
b1110 g
b1111 f
b11010 h
b11 &
b11 U
b11010 W
b11011 %
b11011 V
b10101 t
11
#137620000
01
#137630000
b100 &
b100 U
b11011 W
b11100 %
b11100 V
b1110 H
b1110 a
b1111 g
b10000 f
b11011 h
b10101 t
11
#137640000
01
#137650000
b1111 H
b1111 a
b10000 g
b10001 f
b11100 h
b101 &
b101 U
b11100 W
b11101 %
b11101 V
b10101 t
11
#137660000
01
#137670000
b110 &
b110 U
b11101 W
b11110 %
b11110 V
b10000 H
b10000 a
b10001 g
b10010 f
b11101 h
b10101 t
11
#137680000
01
#137690000
b1111101000 X
b1111101000 ^
b10001 H
b10001 a
b10010 g
b10011 f
b11110 h
b111 &
b111 U
b11110 W
b11111 %
b11111 V
b10101 t
11
#137700000
01
#137710000
b1100100 X
b1100100 ^
b1000 &
b1000 U
b11111 W
b100000 %
b100000 V
b10010 H
b10010 a
b10011 g
b10100 f
b10100010100 i
b11111 h
b10101 t
11
#137720000
01
#137730000
b1001110000 `
b10011 H
b10011 a
b10100 g
b100111000100 o
b10101 f
b100000 h
b1001 &
b1001 U
b100000 W
b100001 %
b100001 V
b10101 t
11
#137740000
01
#137750000
b1010 &
b1010 U
b100001 W
b100010 %
b100010 V
b10100 H
b10100 a
b1001110000 C
b1001110000 q
b1001110000 E
b1001110000 p
b10101 g
b10110 f
b100001 h
b10101 t
11
#137760000
01
#137770000
b10101 H
b10101 a
b10110 g
b10111 f
b100010 h
b1001110000 '
b1001110000 T
b1001110000 (
b1001110000 S
b1011 &
b1011 U
b100010 W
b100011 %
b100011 V
b10101 t
11
#137780000
01
#137790000
b1100 &
b1100 U
b100011 W
b100100 %
b100100 V
b10110 H
b10110 a
b10111 g
b11000 f
b10100010100 j
b110010000 i
b100011 h
b10101 t
11
#137800000
01
#137810000
b10111 H
b10111 a
b11000 g
b11001 f
b100100 h
b1101 &
b1101 U
b100100 W
b100101 %
b100101 V
b10101 t
11
#137820000
01
#137830000
b1110 &
b1110 U
b100101 W
b100110 %
b100110 V
b11000 H
b11000 a
b11001 g
b11010 f
b100101 h
b10101 t
11
#137840000
01
#137850000
b11001 H
b11001 a
b11010 g
b11011 f
b100110 h
b1111 &
b1111 U
b100110 W
b100111 %
b100111 V
b10101 t
11
#137860000
01
#137870000
b10000 &
b10000 U
b100111 W
b101000 %
b101000 V
b11010 H
b11010 a
b11011 g
b11100 f
b110010000 j
b100111 h
b10101 t
11
#137880000
01
#137890000
b110010000 `
b11011 H
b11011 a
b11100 g
b11001000000 o
b11101 f
b101000 h
b10001 &
b10001 U
b101000 W
b101001 %
b101001 V
b10101 t
11
#137900000
01
#137910000
b10010 &
b10010 U
b101001 W
b101010 %
b101010 V
b11100 H
b11100 a
b110010000 C
b110010000 q
b110010000 E
b110010000 p
b11101 g
b11110 f
b1111101000 b
b101001 h
b10101 t
11
#137920000
01
#137930000
b11101 H
b11101 a
b11110 g
b1111101000 c
b11111 f
b1100100 b
b101010 h
b110010000 '
b110010000 T
b110010000 (
b110010000 S
b10011 &
b10011 U
b101010 W
b101011 %
b101011 V
b10101 t
11
#137940000
01
#137950000
b10100 &
b10100 U
b101011 W
b101100 %
b101100 V
b11110 H
b11110 a
b1111101000 G
b1111101000 d
1F
b11111 g
b1100100 c
b100000 f
b101011 h
b10101 t
11
#137960000
01
#137970000
b11111 H
b11111 a
b1100100 G
b1100100 d
0F
b100000 g
b100001 f
b10100010100 k
b101100 h
b1 ,
b1 O
b11110 $
b11110 [
b1000000000000000000000000000000 +
b1000000000000000000000000000000 P
b10101 &
b10101 U
b101100 W
b101101 %
b101101 V
b10101 t
11
#137980000
01
#137990000
b1001110000 `
b10110 &
b10110 U
b101101 W
b101110 %
b101110 V
b100000 H
b100000 a
b100001 g
b100111000100 o
b100010 f
b101101 h
b10101 t
11
#138000000
01
#138010000
b100001 H
b100001 a
b1001110000 C
b1001110000 q
b1001110000 E
b1001110000 p
b100010 g
b100011 f
b101110 h
b10111 &
b10111 U
b101110 W
b101111 %
b101111 V
b10101 t
11
#138020000
01
#138030000
b1001110000 '
b1001110000 T
b1001110000 (
b1001110000 S
b11000 &
b11000 U
b101111 W
b110000 %
b110000 V
b100010 H
b100010 a
b100011 g
b100100 f
b101111 h
b10101 t
11
#138040000
01
#138050000
b100011 H
b100011 a
b100100 g
b100101 f
b10100010100 l
b110010000 k
b110000 h
b11001 &
b11001 U
b110000 W
b110001 %
b110001 V
b10101 t
11
#138060000
01
#138070000
b11010 &
b11010 U
b110001 W
b110010 %
b110010 V
b100100 H
b100100 a
b100101 g
b100110 f
b110001 h
b10101 t
11
#138080000
01
#138090000
b100101 H
b100101 a
b100110 g
b100111 f
b110010 h
b11011 &
b11011 U
b110010 W
b110011 %
b110011 V
b10101 t
11
#138100000
01
#138110000
b11100 &
b11100 U
b110011 W
b110100 %
b110100 V
b100110 H
b100110 a
b100111 g
b101000 f
b110011 h
b10101 t
11
#138120000
01
#138130000
b100111 H
b100111 a
b101000 g
b101001 f
b110010000 l
b110100 h
b11101 &
b11101 U
b110100 W
b110101 %
b110101 V
b10101 t
11
#138140000
01
#138150000
b110010000 `
b11110 &
b11110 U
b110101 W
b110110 %
b110110 V
b101000 H
b101000 a
b101001 g
b11001000000 o
b101010 f
b110101 h
b10101 t
11
#138160000
01
#138170000
b101001 H
b101001 a
b110010000 C
b110010000 q
b110010000 E
b110010000 p
b101010 g
b101011 f
b110110 h
b11111 &
b11111 U
b110110 W
b110111 %
b110111 V
b10101 t
11
#138180000
01
#138190000
b110010000 '
b110010000 T
b110010000 (
b110010000 S
b100000 &
b100000 U
b110111 W
b111000 %
b111000 V
b101010 H
b101010 a
b101011 g
b101100 f
b110111 h
b10101 t
11
#138200000
01
#138210000
b101011 H
b101011 a
b101100 g
b101101 f
b111000 h
b100001 &
b100001 U
b111000 W
b111001 %
b111001 V
b10101 t
11
#138220000
01
#138230000
b100010 &
b100010 U
b111001 W
b111010 %
b111010 V
b101100 H
b101100 a
b101101 g
b101110 f
b111001 h
b10101 t
11
#138240000
01
#138250000
b101101 H
b101101 a
b101110 g
b101111 f
b111010 h
b100011 &
b100011 U
b111010 W
b111011 %
b111011 V
b10101 t
11
#138260000
01
#138270000
b100100 &
b100100 U
b111011 W
b111100 %
b111100 V
b101110 H
b101110 a
b101111 g
b110000 f
b111011 h
b10101 t
11
#138280000
01
#138290000
b10010110000 X
b10010110000 ^
b101111 H
b101111 a
b110000 g
b110001 f
b111100 h
b100101 &
b100101 U
b111100 W
b111101 %
b111101 V
b10101 t
11
#138300000
01
#138310000
b1100100 X
b1100100 ^
b100110 &
b100110 U
b111101 W
b111110 %
b111110 V
b110000 H
b110000 a
b110001 g
b110010 f
b10111011100 i
b111101 h
b10101 t
11
#138320000
01
#138330000
b1010100000 `
b110001 H
b110001 a
b110010 g
b101010001100 o
b110011 f
b111110 h
b100111 &
b100111 U
b111110 W
b111111 %
b111111 V
b10101 t
11
#138340000
01
#138350000
b101000 &
b101000 U
b111111 W
b1000000 %
b1000000 V
b110010 H
b110010 a
b1010100000 C
b1010100000 q
b1010100000 E
b1010100000 p
b110011 g
b110100 f
b111111 h
b10101 t
11
#138360000
01
#138370000
b110011 H
b110011 a
b110100 g
b110101 f
b1000000 h
b1010100000 '
b1010100000 T
b1010100000 (
b1010100000 S
b101001 &
b101001 U
b1000000 W
b1000001 %
b1000001 V
b10101 t
11
#138380000
01
#138390000
b101010 &
b101010 U
b1000001 W
b1000010 %
b1000010 V
b110100 H
b110100 a
b110101 g
b110110 f
b10111011100 j
b110010000 i
b1000001 h
b10101 t
11
#138400000
01
#138410000
b110101 H
b110101 a
b110110 g
b110111 f
b1000010 h
b101011 &
b101011 U
b1000010 W
b1000011 %
b1000011 V
b10101 t
11
#138420000
01
#138430000
b101100 &
b101100 U
b1000011 W
b1000100 %
b1000100 V
b110110 H
b110110 a
b110111 g
b111000 f
b1000011 h
b10101 t
11
#138440000
01
#138450000
b110111 H
b110111 a
b111000 g
b111001 f
b1000100 h
b101101 &
b101101 U
b1000100 W
b1000101 %
b1000101 V
b10101 t
11
#138460000
01
#138470000
b101110 &
b101110 U
b1000101 W
b1000110 %
b1000110 V
b111000 H
b111000 a
b111001 g
b111010 f
b110010000 j
b1000101 h
b10101 t
11
#138480000
01
#138490000
b110010000 `
b111001 H
b111001 a
b111010 g
b11001000000 o
b111011 f
b1000110 h
b101111 &
b101111 U
b1000110 W
b1000111 %
b1000111 V
b10101 t
11
#138500000
01
#138510000
b110000 &
b110000 U
b1000111 W
b1001000 %
b1001000 V
b111010 H
b111010 a
b110010000 C
b110010000 q
b110010000 E
b110010000 p
b111011 g
b111100 f
b10010110000 b
b1000111 h
b10101 t
11
#138520000
01
#138530000
b111011 H
b111011 a
b111100 g
b10010110000 c
b111101 f
b1100100 b
b1001000 h
b110010000 '
b110010000 T
b110010000 (
b110010000 S
b110001 &
b110001 U
b1001000 W
b1001001 %
b1001001 V
b10101 t
11
#138540000
01
#138550000
b110010 &
b110010 U
b1001001 W
b1001010 %
b1001010 V
b111100 H
b111100 a
b10010110000 G
b10010110000 d
1F
b111101 g
b1100100 c
b111110 f
b1001001 h
b10101 t
11
#138560000
01
#138570000
b111101 H
b111101 a
b1100100 G
b1100100 d
0F
b111110 g
b111111 f
b10111011100 k
b1001010 h
b10 ,
b10 O
b111100 #
b111100 \
b1000000000000000000000000000001000000000000000000000000000000 +
b1000000000000000000000000000001000000000000000000000000000000 P
b110011 &
b110011 U
b1001010 W
b1001011 %
b1001011 V
b10101 t
11
#138580000
01
#138590000
b1010100000 `
b110100 &
b110100 U
b1001011 W
b1001100 %
b1001100 V
b111110 H
b111110 a
b111111 g
b101010001100 o
b1000000 f
b1001011 h
b10101 t
11
#138600000
01
#138610000
b111111 H
b111111 a
b1010100000 C
b1010100000 q
b1010100000 E
b1010100000 p
b1000000 g
b1000001 f
b1001100 h
b110101 &
b110101 U
b1001100 W
b1001101 %
b1001101 V
b10101 t
11
#138620000
01
#138630000
b1010100000 '
b1010100000 T
b1010100000 (
b1010100000 S
b110110 &
b110110 U
b1001101 W
b1001110 %
b1001110 V
b1000000 H
b1000000 a
b1000001 g
b1000010 f
b1001101 h
b10101 t
11
#138640000
01
#138650000
b1000001 H
b1000001 a
b1000010 g
b1000011 f
b10111011100 l
b110010000 k
b1001110 h
b110111 &
b110111 U
b1001110 W
b1001111 %
b1001111 V
b10101 t
11
#138660000
01
#138670000
b111000 &
b111000 U
b1001111 W
b1010000 %
b1010000 V
b1000010 H
b1000010 a
b1000011 g
b1000100 f
b1001111 h
b10101 t
11
#138680000
01
#138690000
b1000011 H
b1000011 a
b1000100 g
b1000101 f
b1010000 h
b111001 &
b111001 U
b1010000 W
b1010001 %
b1010001 V
b10101 t
11
#138700000
01
#138710000
b111010 &
b111010 U
b1010001 W
b1010010 %
b1010010 V
b1000100 H
b1000100 a
b1000101 g
b1000110 f
b1010001 h
b10101 t
11
#138720000
01
#138730000
b1000101 H
b1000101 a
b1000110 g
b1000111 f
b110010000 l
b1010010 h
b111011 &
b111011 U
b1010010 W
b1010011 %
b1010011 V
b10101 t
11
#138740000
01
#138750000
b110010000 `
b111100 &
b111100 U
b1010011 W
b1010100 %
b1010100 V
b1000110 H
b1000110 a
b1000111 g
b11001000000 o
b1001000 f
b1010011 h
b10101 t
11
#138760000
01
#138770000
b1000111 H
b1000111 a
b110010000 C
b110010000 q
b110010000 E
b110010000 p
b1001000 g
b1001001 f
b1010100 h
b111101 &
b111101 U
b1010100 W
b1010101 %
b1010101 V
b10101 t
11
#138780000
01
#138790000
b1110000100 X
b1110000100 ^
b110010000 '
b110010000 T
b110010000 (
b110010000 S
b111110 &
b111110 U
b1010101 W
b1010110 %
b1010110 V
b1001000 H
b1001000 a
b1001001 g
b1001010 f
b1010101 h
b10101 t
11
#138800000
01
#138810000
b1100100 X
b1100100 ^
b1001001 H
b1001001 a
b1001010 g
b1001011 f
b10010110000 i
b1010110 h
b111111 &
b111111 U
b1010110 W
b1010111 %
b1010111 V
b10101 t
11
#138820000
01
#138830000
b1001011000 `
b1000000 &
b1000000 U
b1010111 W
b1011000 %
b1011000 V
b1001010 H
b1001010 a
b1001011 g
b100101100000 o
b1001100 f
b1010111 h
b10101 t
11
#138840000
01
#138850000
b1001011 H
b1001011 a
b1001011000 C
b1001011000 q
b1001011000 E
b1001011000 p
b1001100 g
b1001101 f
b1011000 h
b1000001 &
b1000001 U
b1011000 W
b1011001 %
b1011001 V
b10101 t
11
#138860000
01
#138870000
b1001011000 '
b1001011000 T
b1001011000 (
b1001011000 S
b1000010 &
b1000010 U
b1011001 W
b1011010 %
b1011010 V
b1001100 H
b1001100 a
b1001101 g
b1001110 f
b1011001 h
b10101 t
11
#138880000
01
#138890000
b1001101 H
b1001101 a
b1001110 g
b1001111 f
b10010110000 j
b110010000 i
b1011010 h
b1000011 &
b1000011 U
b1011010 W
b1011011 %
b1011011 V
b10101 t
11
#138900000
01
#138910000
b1000100 &
b1000100 U
b1011011 W
b1011100 %
b1011100 V
b1001110 H
b1001110 a
b1001111 g
b1010000 f
b1011011 h
b10101 t
11
#138920000
01
#138930000
b1001111 H
b1001111 a
b1010000 g
b1010001 f
b1011100 h
b1000101 &
b1000101 U
b1011100 W
b1011101 %
b1011101 V
b10101 t
11
#138940000
01
#138950000
b1000110 &
b1000110 U
b1011101 W
b1011110 %
b1011110 V
b1010000 H
b1010000 a
b1010001 g
b1010010 f
b1011101 h
b10101 t
11
#138960000
01
#138970000
b1010001 H
b1010001 a
b1010010 g
b1010011 f
b110010000 j
b1011110 h
b1000111 &
b1000111 U
b1011110 W
b1011111 %
b1011111 V
b10101 t
11
#138980000
01
#138990000
b110010000 `
b1001000 &
b1001000 U
b1011111 W
b1100000 %
b1100000 V
b1010010 H
b1010010 a
b1010011 g
b11001000000 o
b1010100 f
b1011111 h
b10101 t
11
#139000000
01
#139010000
b1010011 H
b1010011 a
b110010000 C
b110010000 q
b110010000 E
b110010000 p
b1010100 g
b1010101 f
b1110000100 b
b1100000 h
b1001001 &
b1001001 U
b1100000 W
b1100001 %
b1100001 V
b10101 t
11
#139020000
01
#139030000
b110010000 '
b110010000 T
b110010000 (
b110010000 S
b1001010 &
b1001010 U
b1100001 W
b1100010 %
b1100010 V
b1010100 H
b1010100 a
b1010101 g
b1110000100 c
b1010110 f
b1100100 b
b1100001 h
b10101 t
11
#139040000
01
#139050000
b1010101 H
b1010101 a
b1110000100 G
b1110000100 d
1F
b1010110 g
b1100100 c
b1010111 f
b1100010 h
b1001011 &
b1001011 U
b1100010 W
b1100011 %
b1100011 V
b10101 t
11
#139060000
01
#139070000
b11 ,
b11 O
b1010101 "
b1010101 ]
b10000000000000000000000001000000000000000000000000000001000000000000000000000000000000 +
b10000000000000000000000001000000000000000000000000000001000000000000000000000000000000 P
b1001100 &
b1001100 U
b1100011 W
b1100100 %
b1100100 V
b1010110 H
b1010110 a
b1100100 G
b1100100 d
0F
b1010111 g
b1011000 f
b10010110000 k
b1100011 h
b10101 t
11
#139080000
01
#139090000
b1001011000 `
0B
b1010111 H
b1010111 a
b1011000 g
b100101100000 o
b1011001 f
b1100100 h
b1001101 &
b1001101 U
b11 Z
b1100101 %
b1100101 V
b10101 t
11
#139100000
01
#139110000
b1001110 &
b1001110 U
b1100110 %
b1100110 V
b1011000 H
b1011000 a
b1001011000 C
b1001011000 q
b1001011000 E
b1001011000 p
b1011001 g
0r
11
#139120000
01
#139130000
b1011001 H
b1011001 a
0s
b1001011000 '
b1001011000 T
b1001011000 (
b1001011000 S
b1001111 &
b1001111 U
b1100111 %
b1100111 V
11
#139140000
01
#139150000
b1010000 &
b1010000 U
1*
0-
b0 Z
b1101000 %
b1101000 V
0D
11
#139160000
01
#139170000
11
#139180000
01
#139190000
11
#139200000
01
#139210000
11
#139220000
01
#139230000
11
#139240000
01
#139250000
11
#139260000
01
#139270000
11
#139280000
01
#139290000
11
#139300000
01
#139310000
11
#139320000
01
#139330000
11
#139340000
01
#139350000
11
#139360000
01
#139370000
11
#139380000
01
#139390000
11
#139400000
01
#139410000
11
#139420000
01
#139430000
11
#139440000
01
#139450000
11
#139460000
01
#139470000
11
#139480000
01
#139490000
11
#139500000
01
#139510000
11
#139520000
01
#139530000
11
#139540000
01
#139550000
11
#139560000
01
#139570000
11
#139580000
01
#139590000
11
#139600000
01
#139610000
11
#139620000
01
#139630000
11
#139640000
01
#139650000
11
#139660000
01
#139670000
11
#139680000
01
#139690000
11
#139700000
01
#139710000
11
#139720000
01
#139730000
11
#139740000
01
#139750000
11
#139760000
01
#139770000
11
#139780000
01
#139790000
11
#139800000
01
#139810000
11
#139820000
01
#139830000
11
#139840000
01
#139850000
11
#139860000
01
#139870000
11
#139880000
01
#139890000
11
#139900000
01
#139910000
11
#139920000
01
#139930000
11
#139940000
01
#139950000
11
#139960000
01
#139970000
11
#139980000
01
#139990000
11
#140000000
01
#140010000
11
#140020000
01
#140030000
11
#140040000
01
#140050000
11
#140060000
01
#140070000
11
#140080000
08
01
#140090000
0Y
11
#140100000
18
01
#140110000
1?
1-
b1 Z
b0 %
b0 V
b0 W
b0 '
b0 T
b0 (
b0 S
b1111111111111111 "
b1111111111111111 ]
b1111111111111111 #
b1111111111111111 \
b1111111111111111 $
b1111111111111111 [
b0 +
b0 P
b0 &
b0 U
b0 ,
b0 O
0*
b100010 )
b100010 Q
1Y
11
#140120000
01
#140130000
1B
0?
b0 H
b0 a
b0 G
b0 d
b0 E
b0 p
b0 C
b0 q
b0 o
b0 `
b0 n
b0 g
b0 c
b0 m
b0 f
b0 b
b0 l
b0 k
b0 j
b0 i
b0 h
b0 e
b10 Z
b1 %
b1 V
b10101 t
11
#140140000
01
#140150000
b1 W
b10 %
b10 V
b1 h
b1 e
b10101 t
11
#140160000
01
#140170000
b10 h
b10 e
b10 W
b11 %
b11 V
b10101 t
11
#140180000
01
#140190000
b11 W
b100 %
b100 V
b11 h
b11 e
b10101 t
11
#140200000
01
#140210000
b100 h
b100 e
b100 W
b101 %
b101 V
b10101 t
11
#140220000
01
#140230000
b101 W
b110 %
b110 V
b101 h
b101 e
b10101 t
11
#140240000
01
#140250000
b110 h
b110 e
b110 W
b111 %
b111 V
b10101 t
11
#140260000
01
#140270000
b111 W
b1000 %
b1000 V
b111 h
b111 e
b10101 t
11
#140280000
01
#140290000
b1000 h
b1000 e
b1000 W
b1001 %
b1001 V
b10101 t
11
#140300000
01
#140310000
b1001 W
b1010 %
b1010 V
b1001 h
b1001 e
b10101 t
11
#140320000
01
#140330000
b1010 h
b1010 e
b1010 W
b1011 %
b1011 V
b10101 t
11
#140340000
01
#140350000
b1011 W
b1100 %
b1100 V
b1011 h
b1011 e
b10101 t
11
#140360000
01
#140370000
b1100 h
b1100 e
b1100 W
b1101 %
b1101 V
b10101 t
11
#140380000
01
#140390000
b1101 W
b1110 %
b1110 V
b1101 h
b1101 e
b10101 t
11
#140400000
01
#140410000
b1110 h
b1110 e
b1110 W
b1111 %
b1111 V
b10101 t
11
#140420000
01
#140430000
b1111 W
b10000 %
b10000 V
b1111 h
b1111 e
b10101 t
11
#140440000
01
#140450000
b10000 h
b10000 e
b10000 W
b10001 %
b10001 V
b10101 t
11
#140460000
01
#140470000
b10001 W
b10010 %
b10010 V
b10001 h
b10001 e
b10101 t
11
#140480000
01
#140490000
b10010 h
b10010 e
b10010 W
b10011 %
b10011 V
b10101 t
11
#140500000
01
#140510000
b10011 W
b10100 %
b10100 V
b10011 h
b10011 e
b10101 t
11
#140520000
01
#140530000
b10100 h
b10100 e
b10100 W
b10101 %
b10101 V
b10101 t
11
#140540000
01
#140550000
b10101 W
b10110 %
b10110 V
b10 m
b1010 f
b1100100 b
b110010000 l
b110010000 k
b110010000 j
b110010000 i
b10101 h
b10101 e
1r
b10101 t
11
#140560000
01
#140570000
b110010000 `
b10 n
b1010 g
b1100100 c
b11001000000 o
1s
b1011 f
b10110 h
b10110 W
b10111 %
b10111 V
b10101 t
11
#140580000
01
#140590000
b10111 W
b11000 %
b11000 V
b1010 H
b1010 a
b1100100 G
b1100100 d
b110010000 C
b110010000 q
b110010000 E
b110010000 p
1D
b1011 g
b1100 f
b10111 h
b10101 t
11
#140600000
01
#140610000
b1011 H
b1011 a
b1100 g
b1101 f
b11000 h
b110010000 '
b110010000 T
b110010000 (
b110010000 S
b1 &
b1 U
b11000 W
b11001 %
b11001 V
b10101 t
11
#140620000
01
#140630000
b10 &
b10 U
b11001 W
b11010 %
b11010 V
b1100 H
b1100 a
b1101 g
b1110 f
b11001 h
b10101 t
11
#140640000
01
#140650000
b1101 H
b1101 a
b1110 g
b1111 f
b11010 h
b11 &
b11 U
b11010 W
b11011 %
b11011 V
b10101 t
11
#140660000
01
#140670000
b100 &
b100 U
b11011 W
b11100 %
b11100 V
b1110 H
b1110 a
b1111 g
b10000 f
b11011 h
b10101 t
11
#140680000
01
#140690000
b1111 H
b1111 a
b10000 g
b10001 f
b11100 h
b101 &
b101 U
b11100 W
b11101 %
b11101 V
b10101 t
11
#140700000
1?
08
15
01
#140710000
0B
b0 .
b0 N
b0 )
b0 Q
b0 %
b0 V
b0 '
b0 T
b0 (
b0 S
b0 &
b0 U
b0 W
0Y
0-
b0 Z
b0 H
b0 a
b0 G
b0 d
b0 E
b0 p
b0 C
b0 q
0D
0s
0r
b0 o
b0 `
b0 n
b0 g
b0 c
b0 m
b0 f
b0 b
b0 l
b0 k
b0 j
b0 i
b0 h
b0 e
b10101 t
11
#140720000
01
#140730000
b10101 t
11
#140740000
01
#140750000
b10101 t
11
#140760000
0?
b0 w
b10 u
b1 x
05
01
#140770000
11
#140780000
b0 4
01
#140790000
11
#140800000
18
01
#140810000
1?
1-
b1 Z
b1 )
b1 Q
b1 .
b1 N
1Y
11
#140820000
b0 9
b0 6
b0 @
b0 7
b0 A
08
01
#140830000
1B
0?
b10 Z
b1 %
b1 V
0Y
b10101 t
11
#140840000
b1 9
01
#140850000
b1 h
b1 e
b1 W
b10 %
b10 V
b10101 t
11
#140860000
b10 9
01
#140870000
b10 W
b11 %
b11 V
b10 h
b10 e
b10101 t
11
#140880000
b11 9
01
#140890000
b11 h
b11 e
b11 W
b100 %
b100 V
b10101 t
11
#140900000
b100 9
01
#140910000
b100 W
b101 %
b101 V
b100 h
b100 e
b10101 t
11
#140920000
b101 9
01
#140930000
b101 h
b101 e
b101 W
b110 %
b110 V
b10101 t
11
#140940000
b110 9
01
#140950000
b110 W
b111 %
b111 V
b110 h
b110 e
b10101 t
11
#140960000
b111 9
01
#140970000
b111 h
b111 e
b111 W
b1000 %
b1000 V
b10101 t
11
#140980000
b1000 9
01
#140990000
b1000 W
b1001 %
b1001 V
b1000 h
b1000 e
b10101 t
11
#141000000
b1001 9
01
#141010000
b1001 h
b1001 e
b1001 W
b1010 %
b1010 V
b10101 t
11
#141020000
b1010 9
01
#141030000
b1010 W
b1011 %
b1011 V
b1010 h
b1010 e
b10101 t
11
#141040000
b1011 9
01
#141050000
b1011 h
b1011 e
b1011 W
b1100 %
b1100 V
b10101 t
11
#141060000
b1100 9
01
#141070000
b1100 W
b1101 %
b1101 V
b1100 h
b1100 e
b10101 t
11
#141080000
b1101 9
01
#141090000
b1101 h
b1101 e
b1101 W
b1110 %
b1110 V
b10101 t
11
#141100000
b1110 9
01
#141110000
b1110 W
b1111 %
b1111 V
b1110 h
b1110 e
b10101 t
11
#141120000
b1111 9
01
#141130000
b1111 h
b1111 e
b1111 W
b10000 %
b10000 V
b10101 t
11
#141140000
b10000 9
01
#141150000
b10000 W
b10001 %
b10001 V
b10000 h
b10000 e
b10101 t
11
#141160000
b10001 9
01
#141170000
b10001 h
b10001 e
b10001 W
b10010 %
b10010 V
b10101 t
11
#141180000
b10010 9
01
#141190000
b10010 W
b10011 %
b10011 V
b10010 h
b10010 e
b10101 t
11
#141200000
b10011 9
01
#141210000
b10011 h
b10011 e
b10011 W
b10100 %
b10100 V
b10101 t
11
#141220000
b10100 9
01
#141230000
b10100 W
b10101 %
b10101 V
b10100 h
b10100 e
b10101 t
11
#141240000
b10101 9
01
#141250000
b10 m
b1010 f
b1100100 b
b110010000 l
b110010000 k
b110010000 j
b110010000 i
b10101 h
b10101 e
1r
b10101 W
b10110 %
b10110 V
b10101 t
11
#141260000
b10110 9
01
#141270000
b110010000 `
b10110 W
b10111 %
b10111 V
b10 n
b1010 g
b1100100 c
b11001000000 o
1s
b1011 f
b10110 h
b10101 t
11
#141280000
b10111 9
01
#141290000
b1010 H
b1010 a
b1100100 G
b1100100 d
b110010000 C
b110010000 q
b110010000 E
b110010000 p
1D
b1011 g
b1100 f
b10111 h
b10111 W
b11000 %
b11000 V
b10101 t
11
#141300000
b11000 9
01
#141310000
b110010000 '
b110010000 T
b110010000 (
b110010000 S
b1 &
b1 U
b11000 W
b11001 %
b11001 V
b1011 H
b1011 a
b1100 g
b1101 f
b11000 h
b10101 t
11
#141320000
b11001 9
01
#141330000
b1100 H
b1100 a
b1101 g
b1110 f
b11001 h
b10 &
b10 U
b11001 W
b11010 %
b11010 V
b10101 t
11
#141340000
b11010 9
01
#141350000
b11 &
b11 U
b11010 W
b11011 %
b11011 V
b1101 H
b1101 a
b1110 g
b1111 f
b11010 h
b10101 t
11
#141360000
b11011 9
01
#141370000
b1110 H
b1110 a
b1111 g
b10000 f
b11011 h
b100 &
b100 U
b11011 W
b11100 %
b11100 V
b10101 t
11
#141380000
b11100 9
01
#141390000
b101 &
b101 U
b11100 W
b11101 %
b11101 V
b1111 H
b1111 a
b10000 g
b10001 f
b11100 h
b10101 t
11
#141400000
b11101 9
01
#141410000
b10000 H
b10000 a
b10001 g
b10010 f
b11101 h
b110 &
b110 U
b11101 W
b11110 %
b11110 V
b10101 t
11
#141420000
b11110 9
01
#141430000
b1111101000 X
b1111101000 ^
b111 &
b111 U
b11110 W
b11111 %
b11111 V
b10001 H
b10001 a
b10010 g
b10011 f
b11110 h
b10101 t
11
#141440000
b11111 9
01
#141450000
b1100100 X
b1100100 ^
b10010 H
b10010 a
b10011 g
b10100 f
b10100010100 i
b11111 h
b1000 &
b1000 U
b11111 W
b100000 %
b100000 V
b10101 t
11
#141460000
b100000 9
01
#141470000
b1001110000 `
b1001 &
b1001 U
b100000 W
b100001 %
b100001 V
b10011 H
b10011 a
b10100 g
b100111000100 o
b10101 f
b100000 h
b10101 t
11
#141480000
b100001 9
01
#141490000
b10100 H
b10100 a
b1001110000 C
b1001110000 q
b1001110000 E
b1001110000 p
b10101 g
b10110 f
b100001 h
b1010 &
b1010 U
b100001 W
b100010 %
b100010 V
b10101 t
11
#141500000
b100010 9
01
#141510000
b1001110000 '
b1001110000 T
b1001110000 (
b1001110000 S
b1011 &
b1011 U
b100010 W
b100011 %
b100011 V
b10101 H
b10101 a
b10110 g
b10111 f
b100010 h
b10101 t
11
#141520000
b100011 9
01
#141530000
b10110 H
b10110 a
b10111 g
b11000 f
b10100010100 j
b110010000 i
b100011 h
b1100 &
b1100 U
b100011 W
b100100 %
b100100 V
b10101 t
11
#141540000
b100100 9
01
#141550000
b1101 &
b1101 U
b100100 W
b100101 %
b100101 V
b10111 H
b10111 a
b11000 g
b11001 f
b100100 h
b10101 t
11
#141560000
b100101 9
01
#141570000
b11000 H
b11000 a
b11001 g
b11010 f
b100101 h
b1110 &
b1110 U
b100101 W
b100110 %
b100110 V
b10101 t
11
#141580000
b100110 9
01
#141590000
b1111 &
b1111 U
b100110 W
b100111 %
b100111 V
b11001 H
b11001 a
b11010 g
b11011 f
b100110 h
b10101 t
11
#141600000
b100111 9
01
#141610000
b11010 H
b11010 a
b11011 g
b11100 f
b110010000 j
b100111 h
b10000 &
b10000 U
b100111 W
b101000 %
b101000 V
b10101 t
11
#141620000
b101000 9
01
#141630000
b110010000 `
b10001 &
b10001 U
b101000 W
b101001 %
b101001 V
b11011 H
b11011 a
b11100 g
b11001000000 o
b11101 f
b101000 h
b10101 t
11
#141640000
b101001 9
01
#141650000
b11100 H
b11100 a
b110010000 C
b110010000 q
b110010000 E
b110010000 p
b11101 g
b11110 f
b1111101000 b
b101001 h
b10010 &
b10010 U
b101001 W
b101010 %
b101010 V
b10101 t
11
#141660000
b101010 9
01
#141670000
b110010000 '
b110010000 T
b110010000 (
b110010000 S
b10011 &
b10011 U
b101010 W
b101011 %
b101011 V
b11101 H
b11101 a
b11110 g
b1111101000 c
b11111 f
b1100100 b
b101010 h
b10101 t
11
#141680000
b101011 9
01
#141690000
b11110 H
b11110 a
b1111101000 G
b1111101000 d
1F
b11111 g
b1100100 c
b100000 f
b101011 h
b10100 &
b10100 U
b101011 W
b101100 %
b101100 V
b10101 t
11
#141700000
b101100 9
01
#141710000
b1 ,
b1 O
b11110 $
b11110 [
b1000000000000000000000000000000 +
b1000000000000000000000000000000 P
b10101 &
b10101 U
b101100 W
b101101 %
b101101 V
b11111 H
b11111 a
b1100100 G
b1100100 d
0F
b100000 g
b100001 f
b10100010100 k
b101100 h
b10101 t
11
#141720000
b101101 9
01
#141730000
b1001110000 `
b100000 H
b100000 a
b100001 g
b100111000100 o
b100010 f
b101101 h
b10110 &
b10110 U
b101101 W
b101110 %
b101110 V
b10101 t
11
#141740000
b101110 9
01
#141750000
b10111 &
b10111 U
b101110 W
b101111 %
b101111 V
b100001 H
b100001 a
b1001110000 C
b1001110000 q
b1001110000 E
b1001110000 p
b100010 g
b100011 f
b101110 h
b10101 t
11
#141760000
b101111 9
01
#141770000
b100010 H
b100010 a
b100011 g
b100100 f
b101111 h
b1001110000 '
b1001110000 T
b1001110000 (
b1001110000 S
b11000 &
b11000 U
b101111 W
b110000 %
b110000 V
b10101 t
11
#141780000
b110000 9
01
#141790000
b11001 &
b11001 U
b110000 W
b110001 %
b110001 V
b100011 H
b100011 a
b100100 g
b100101 f
b10100010100 l
b110010000 k
b110000 h
b10101 t
11
#141800000
b110001 9
01
#141810000
b100100 H
b100100 a
b100101 g
b100110 f
b110001 h
b11010 &
b11010 U
b110001 W
b110010 %
b110010 V
b10101 t
11
#141820000
b110010 9
01
#141830000
b11011 &
b11011 U
b110010 W
b110011 %
b110011 V
b100101 H
b100101 a
b100110 g
b100111 f
b110010 h
b10101 t
11
#141840000
b110011 9
01
#141850000
b100110 H
b100110 a
b100111 g
b101000 f
b110011 h
b11100 &
b11100 U
b110011 W
b110100 %
b110100 V
b10101 t
11
#141860000
b110100 9
01
#141870000
b11101 &
b11101 U
b110100 W
b110101 %
b110101 V
b100111 H
b100111 a
b101000 g
b101001 f
b110010000 l
b110100 h
b10101 t
11
#141880000
b110101 9
01
#141890000
b110010000 `
b101000 H
b101000 a
b101001 g
b11001000000 o
b101010 f
b110101 h
b11110 &
b11110 U
b110101 W
b110110 %
b110110 V
b10101 t
11
#141900000
b110110 9
01
#141910000
b11111 &
b11111 U
b110110 W
b110111 %
b110111 V
b101001 H
b101001 a
b110010000 C
b110010000 q
b110010000 E
b110010000 p
b101010 g
b101011 f
b110110 h
b10101 t
11
#141920000
b110111 9
01
#141930000
b101010 H
b101010 a
b101011 g
b101100 f
b110111 h
b110010000 '
b110010000 T
b110010000 (
b110010000 S
b100000 &
b100000 U
b110111 W
b111000 %
b111000 V
b10101 t
11
#141940000
b111000 9
01
#141950000
b100001 &
b100001 U
b111000 W
b111001 %
b111001 V
b101011 H
b101011 a
b101100 g
b101101 f
b111000 h
b10101 t
11
#141960000
b111001 9
01
#141970000
b101100 H
b101100 a
b101101 g
b101110 f
b111001 h
b100010 &
b100010 U
b111001 W
b111010 %
b111010 V
b10101 t
11
#141980000
b111010 9
01
#141990000
b100011 &
b100011 U
b111010 W
b111011 %
b111011 V
b101101 H
b101101 a
b101110 g
b101111 f
b111010 h
b10101 t
11
#142000000
b111011 9
01
#142010000
b101110 H
b101110 a
b101111 g
b110000 f
b111011 h
b100100 &
b100100 U
b111011 W
b111100 %
b111100 V
b10101 t
11
#142020000
b111100 9
01
#142030000
b10010110000 X
b10010110000 ^
b100101 &
b100101 U
b111100 W
b111101 %
b111101 V
b101111 H
b101111 a
b110000 g
b110001 f
b111100 h
b10101 t
11
#142040000
b111101 9
01
#142050000
b1100100 X
b1100100 ^
b110000 H
b110000 a
b110001 g
b110010 f
b10111011100 i
b111101 h
b100110 &
b100110 U
b111101 W
b111110 %
b111110 V
b10101 t
11
#142060000
b111110 9
01
#142070000
b1010100000 `
b100111 &
b100111 U
b111110 W
b111111 %
b111111 V
b110001 H
b110001 a
b110010 g
b101010001100 o
b110011 f
b111110 h
b10101 t
11
#142080000
b111111 9
01
#142090000
b110010 H
b110010 a
b1010100000 C
b1010100000 q
b1010100000 E
b1010100000 p
b110011 g
b110100 f
b111111 h
b101000 &
b101000 U
b111111 W
b1000000 %
b1000000 V
b10101 t
11
#142100000
b1000000 9
01
#142110000
b1010100000 '
b1010100000 T
b1010100000 (
b1010100000 S
b101001 &
b101001 U
b1000000 W
b1000001 %
b1000001 V
b110011 H
b110011 a
b110100 g
b110101 f
b1000000 h
b10101 t
11
#142120000
b1000001 9
01
#142130000
b110100 H
b110100 a
b110101 g
b110110 f
b10111011100 j
b110010000 i
b1000001 h
b101010 &
b101010 U
b1000001 W
b1000010 %
b1000010 V
b10101 t
11
#142140000
b1000010 9
01
#142150000
b101011 &
b101011 U
b1000010 W
b1000011 %
b1000011 V
b110101 H
b110101 a
b110110 g
b110111 f
b1000010 h
b10101 t
11
#142160000
b1000011 9
01
#142170000
b110110 H
b110110 a
b110111 g
b111000 f
b1000011 h
b101100 &
b101100 U
b1000011 W
b1000100 %
b1000100 V
b10101 t
11
#142180000
b1000100 9
01
#142190000
b101101 &
b101101 U
b1000100 W
b1000101 %
b1000101 V
b110111 H
b110111 a
b111000 g
b111001 f
b1000100 h
b10101 t
11
#142200000
b1000101 9
01
#142210000
b111000 H
b111000 a
b111001 g
b111010 f
b110010000 j
b1000101 h
b101110 &
b101110 U
b1000101 W
b1000110 %
b1000110 V
b10101 t
11
#142220000
b1000110 9
01
#142230000
b110010000 `
b101111 &
b101111 U
b1000110 W
b1000111 %
b1000111 V
b111001 H
b111001 a
b111010 g
b11001000000 o
b111011 f
b1000110 h
b10101 t
11
#142240000
b1000111 9
01
#142250000
b111010 H
b111010 a
b110010000 C
b110010000 q
b110010000 E
b110010000 p
b111011 g
b111100 f
b10010110000 b
b1000111 h
b110000 &
b110000 U
b1000111 W
b1001000 %
b1001000 V
b10101 t
11
#142260000
b1001000 9
01
#142270000
b110010000 '
b110010000 T
b110010000 (
b110010000 S
b110001 &
b110001 U
b1001000 W
b1001001 %
b1001001 V
b111011 H
b111011 a
b111100 g
b10010110000 c
b111101 f
b1100100 b
b1001000 h
b10101 t
11
#142280000
b1001001 9
01
#142290000
b111100 H
b111100 a
b10010110000 G
b10010110000 d
1F
b111101 g
b1100100 c
b111110 f
b1001001 h
b110010 &
b110010 U
b1001001 W
b1001010 %
b1001010 V
b10101 t
11
#142300000
b1001010 9
01
#142310000
b10 ,
b10 O
b111100 #
b111100 \
b1000000000000000000000000000001000000000000000000000000000000 +
b1000000000000000000000000000001000000000000000000000000000000 P
b110011 &
b110011 U
b1001010 W
b1001011 %
b1001011 V
b111101 H
b111101 a
b1100100 G
b1100100 d
0F
b111110 g
b111111 f
b10111011100 k
b1001010 h
b10101 t
11
#142320000
b1001011 9
01
#142330000
b1010100000 `
b111110 H
b111110 a
b111111 g
b101010001100 o
b1000000 f
b1001011 h
b110100 &
b110100 U
b1001011 W
b1001100 %
b1001100 V
b10101 t
11
#142340000
b1001100 9
01
#142350000
b110101 &
b110101 U
b1001100 W
b1001101 %
b1001101 V
b111111 H
b111111 a
b1010100000 C
b1010100000 q
b1010100000 E
b1010100000 p
b1000000 g
b1000001 f
b1001100 h
b10101 t
11
#142360000
b1001101 9
01
#142370000
b1000000 H
b1000000 a
b1000001 g
b1000010 f
b1001101 h
b1010100000 '
b1010100000 T
b1010100000 (
b1010100000 S
b110110 &
b110110 U
b1001101 W
b1001110 %
b1001110 V
b10101 t
11
#142380000
b1001110 9
01
#142390000
b110111 &
b110111 U
b1001110 W
b1001111 %
b1001111 V
b1000001 H
b1000001 a
b1000010 g
b1000011 f
b10111011100 l
b110010000 k
b1001110 h
b10101 t
11
#142400000
b1001111 9
01
#142410000
b1000010 H
b1000010 a
b1000011 g
b1000100 f
b1001111 h
b111000 &
b111000 U
b1001111 W
b1010000 %
b1010000 V
b10101 t
11
#142420000
b1010000 9
01
#142430000
b111001 &
b111001 U
b1010000 W
b1010001 %
b1010001 V
b1000011 H
b1000011 a
b1000100 g
b1000101 f
b1010000 h
b10101 t
11
#142440000
b1010001 9
01
#142450000
b1000100 H
b1000100 a
b1000101 g
b1000110 f
b1010001 h
b111010 &
b111010 U
b1010001 W
b1010010 %
b1010010 V
b10101 t
11
#142460000
b1010010 9
01
#142470000
b111011 &
b111011 U
b1010010 W
b1010011 %
b1010011 V
b1000101 H
b1000101 a
b1000110 g
b1000111 f
b110010000 l
b1010010 h
b10101 t
11
#142480000
b1010011 9
01
#142490000
b110010000 `
b1000110 H
b1000110 a
b1000111 g
b11001000000 o
b1001000 f
b1010011 h
b111100 &
b111100 U
b1010011 W
b1010100 %
b1010100 V
b10101 t
11
#142500000
b1010100 9
01
#142510000
b111101 &
b111101 U
b1010100 W
b1010101 %
b1010101 V
b1000111 H
b1000111 a
b110010000 C
b110010000 q
b110010000 E
b110010000 p
b1001000 g
b1001001 f
b1010100 h
b10101 t
11
#142520000
b1010101 9
01
#142530000
b1110000100 X
b1110000100 ^
b1001000 H
b1001000 a
b1001001 g
b1001010 f
b1010101 h
b110010000 '
b110010000 T
b110010000 (
b110010000 S
b111110 &
b111110 U
b1010101 W
b1010110 %
b1010110 V
b10101 t
11
#142540000
b1010110 9
01
#142550000
b1100100 X
b1100100 ^
b111111 &
b111111 U
b1010110 W
b1010111 %
b1010111 V
b1001001 H
b1001001 a
b1001010 g
b1001011 f
b10010110000 i
b1010110 h
b10101 t
11
#142560000
b1010111 9
01
#142570000
b1001011000 `
b1001010 H
b1001010 a
b1001011 g
b100101100000 o
b1001100 f
b1010111 h
b1000000 &
b1000000 U
b1010111 W
b1011000 %
b1011000 V
b10101 t
11
#142580000
b1011000 9
01
#142590000
b1000001 &
b1000001 U
b1011000 W
b1011001 %
b1011001 V
b1001011 H
b1001011 a
b1001011000 C
b1001011000 q
b1001011000 E
b1001011000 p
b1001100 g
b1001101 f
b1011000 h
b10101 t
11
#142600000
b1011001 9
01
#142610000
b1001100 H
b1001100 a
b1001101 g
b1001110 f
b1011001 h
b1001011000 '
b1001011000 T
b1001011000 (
b1001011000 S
b1000010 &
b1000010 U
b1011001 W
b1011010 %
b1011010 V
b10101 t
11
#142620000
b1011010 9
01
#142630000
b1000011 &
b1000011 U
b1011010 W
b1011011 %
b1011011 V
b1001101 H
b1001101 a
b1001110 g
b1001111 f
b10010110000 j
b110010000 i
b1011010 h
b10101 t
11
#142640000
b1011011 9
01
#142650000
b1001110 H
b1001110 a
b1001111 g
b1010000 f
b1011011 h
b1000100 &
b1000100 U
b1011011 W
b1011100 %
b1011100 V
b10101 t
11
#142660000
b1011100 9
01
#142670000
b1000101 &
b1000101 U
b1011100 W
b1011101 %
b1011101 V
b1001111 H
b1001111 a
b1010000 g
b1010001 f
b1011100 h
b10101 t
11
#142680000
b1011101 9
01
#142690000
b1010000 H
b1010000 a
b1010001 g
b1010010 f
b1011101 h
b1000110 &
b1000110 U
b1011101 W
b1011110 %
b1011110 V
b10101 t
11
#142700000
b1011110 9
01
#142710000
b1000111 &
b1000111 U
b1011110 W
b1011111 %
b1011111 V
b1010001 H
b1010001 a
b1010010 g
b1010011 f
b110010000 j
b1011110 h
b10101 t
11
#142720000
b1011111 9
01
#142730000
b110010000 `
b1010010 H
b1010010 a
b1010011 g
b11001000000 o
b1010100 f
b1011111 h
b1001000 &
b1001000 U
b1011111 W
b1100000 %
b1100000 V
b10101 t
11
#142740000
b1100000 9
01
#142750000
b1001001 &
b1001001 U
b1100000 W
b1100001 %
b1100001 V
b1010011 H
b1010011 a
b110010000 C
b110010000 q
b110010000 E
b110010000 p
b1010100 g
b1010101 f
b1110000100 b
b1100000 h
b10101 t
11
#142760000
b1100001 9
01
#142770000
b1010100 H
b1010100 a
b1010101 g
b1110000100 c
b1010110 f
b1100100 b
b1100001 h
b110010000 '
b110010000 T
b110010000 (
b110010000 S
b1001010 &
b1001010 U
b1100001 W
b1100010 %
b1100010 V
b10101 t
11
#142780000
b1100010 9
01
#142790000
b1001011 &
b1001011 U
b1100010 W
b1100011 %
b1100011 V
b1010101 H
b1010101 a
b1110000100 G
b1110000100 d
1F
b1010110 g
b1100100 c
b1010111 f
b1100010 h
b10101 t
11
#142800000
b1100011 9
01
#142810000
b1010110 H
b1010110 a
b1100100 G
b1100100 d
0F
b1010111 g
b1011000 f
b10010110000 k
b1100011 h
b11 ,
b11 O
b1010101 "
b1010101 ]
b10000000000000000000000001000000000000000000000000000001000000000000000000000000000000 +
b10000000000000000000000001000000000000000000000000000001000000000000000000000000000000 P
b1001100 &
b1001100 U
b1100011 W
b1100100 %
b1100100 V
b10101 t
11
#142820000
b1100100 9
01
#142830000
0B
b1001011000 `
b1001101 &
b1001101 U
b11 Z
b1100101 %
b1100101 V
b1010111 H
b1010111 a
b1011000 g
b100101100000 o
b1011001 f
b1100100 h
b10101 t
11
#142840000
b1100101 9
01
#142850000
b1011000 H
b1011000 a
b1001011000 C
b1001011000 q
b1001011000 E
b1001011000 p
b1011001 g
0r
b1001110 &
b1001110 U
b1100110 %
b1100110 V
11
#142860000
b1100110 9
01
#142870000
b1001011000 '
b1001011000 T
b1001011000 (
b1001011000 S
b1001111 &
b1001111 U
b1100111 %
b1100111 V
b1011001 H
b1011001 a
0s
11
#142880000
b1100111 9
01
#142890000
0D
b1010000 &
b1010000 U
1*
0-
b0 Z
b1101000 %
b1101000 V
11
#142900000
b100001 >
b11 v
b10000000000000000000000001000000000000000000000000000001000000000000000000000000000000 2
b1101000 9
01
#142910000
11
#142920000
01
#142930000
11
#142940000
01
#142950000
11
#142960000
01
#142970000
11
#142980000
01
#142990000
11
#143000000
01
#143010000
11
#143020000
01
#143030000
11
#143040000
01
#143050000
11
#143060000
b10000000000000000000000000000011 :
01
