case_id,cycle,sample,input_q412,actual_q412,expected_q412,tlast,tkeep
1,93,0,0,0,0,0,1
1,94,1,0,0,0,0,2
1,95,2,0,0,0,0,3
1,99,3,0,0,0,0,3
1,100,4,0,0,0,0,3
1,101,5,0,0,0,0,3
1,102,6,0,0,0,0,3
1,104,7,0,0,0,0,3
1,105,8,0,0,0,0,3
1,106,9,0,0,0,0,3
1,107,10,0,0,0,0,3
1,108,11,0,0,0,0,3
1,112,12,0,0,0,0,3
1,113,13,0,0,0,0,3
1,114,14,0,0,0,0,3
1,115,15,0,0,0,0,3
1,116,16,0,0,0,0,3
1,118,17,0,0,0,0,3
1,119,18,0,0,0,0,3
1,120,19,0,0,0,0,1
1,121,20,0,0,0,0,2
1,125,21,0,0,0,0,3
1,126,22,0,0,0,0,3
1,127,23,0,0,0,0,3
1,128,24,0,0,0,0,3
1,129,25,0,0,0,0,3
1,130,26,0,0,0,0,3
1,132,27,0,0,0,0,3
1,133,28,0,0,0,0,3
1,134,29,0,0,0,0,3
1,138,30,0,0,0,0,3
1,139,31,0,0,0,0,3
1,140,32,0,0,0,0,3
1,141,33,0,0,0,0,3
1,142,34,0,0,0,0,3
1,143,35,0,0,0,0,3
1,144,36,0,0,0,0,3
1,146,37,0,0,0,0,3
1,147,38,0,0,0,0,1
1,151,39,0,0,0,0,2
1,152,40,0,0,0,0,3
1,153,41,0,0,0,0,3
1,154,42,0,0,0,0,3
1,155,43,0,0,0,0,3
1,156,44,0,0,0,0,3
1,157,45,0,0,0,0,3
1,158,46,0,0,0,0,3
1,160,47,0,0,0,0,3
1,164,48,0,0,0,0,3
1,165,49,0,0,0,0,3
1,166,50,0,0,0,0,3
1,167,51,0,0,0,0,3
1,168,52,0,0,0,0,3
1,169,53,0,0,0,0,3
1,170,54,0,0,0,0,3
1,171,55,0,0,0,0,3
1,172,56,0,0,0,0,3
1,177,57,0,0,0,0,1
1,178,58,0,0,0,0,2
1,179,59,0,0,0,0,3
1,180,60,0,0,0,0,3
1,181,61,0,0,0,0,3
1,182,62,0,0,0,0,3
1,183,63,0,0,0,0,3
1,184,64,0,0,0,0,3
1,185,65,0,0,0,0,3
1,186,66,0,0,0,0,3
1,190,67,0,0,0,0,3
1,191,68,0,0,0,0,3
1,192,69,0,0,0,0,3
1,193,70,0,0,0,0,3
1,195,71,0,0,0,0,3
1,196,72,0,0,0,0,3
1,197,73,0,0,0,0,3
1,198,74,0,0,0,0,3
1,199,75,0,0,0,0,3
1,203,76,0,0,0,0,1
1,204,77,0,0,0,0,2
1,205,78,0,0,0,0,3
1,206,79,0,0,0,0,3
1,207,80,0,0,0,0,3
1,209,81,0,0,0,0,3
1,210,82,0,0,0,0,3
1,211,83,0,0,0,0,3
1,212,84,0,0,0,0,3
1,216,85,0,0,0,0,3
1,217,86,0,0,0,0,3
1,218,87,0,0,0,0,3
1,219,88,0,0,0,0,3
1,220,89,0,0,0,0,3
1,221,90,0,0,0,0,3
1,223,91,0,0,0,0,3
1,224,92,0,0,0,0,3
1,225,93,0,0,0,0,3
1,229,94,0,0,0,0,3
1,230,95,0,0,0,0,1
1,231,96,0,0,0,0,2
1,232,97,0,0,0,0,3
1,233,98,0,0,0,0,3
1,234,99,0,0,0,0,3
1,235,100,0,0,0,0,3
1,237,101,0,0,0,0,3
1,238,102,0,0,0,0,3
1,242,103,0,0,0,0,3
1,243,104,0,0,0,0,3
1,244,105,0,0,0,0,3
1,245,106,0,0,0,0,3
1,246,107,0,0,0,0,3
1,247,108,0,0,0,0,3
1,248,109,0,0,0,0,3
1,249,110,0,0,0,0,3
1,251,111,0,0,0,0,3
1,255,112,0,0,0,0,3
1,256,113,0,0,0,0,3
1,257,114,0,0,0,0,1
1,258,115,0,0,0,0,2
1,259,116,0,0,0,0,3
1,260,117,0,0,0,0,3
1,261,118,0,0,0,0,3
1,262,119,0,0,0,0,3
1,263,120,0,0,0,0,3
1,268,121,0,0,0,0,3
1,269,122,0,0,0,0,3
1,270,123,0,0,0,0,3
1,271,124,0,0,0,0,3
1,272,125,0,0,0,0,3
1,273,126,0,0,0,0,3
1,274,127,0,0,0,0,3
1,275,128,0,0,0,0,3
1,276,129,0,0,0,0,3
1,277,130,0,0,0,0,3
1,281,131,0,0,0,0,3
1,282,132,0,0,0,0,3
1,283,133,0,0,0,0,1
1,284,134,0,0,0,0,2
1,286,135,0,0,0,0,3
1,287,136,0,0,0,0,3
1,288,137,0,0,0,0,3
1,289,138,0,0,0,0,3
1,290,139,0,0,0,0,3
1,294,140,0,0,0,0,3
1,295,141,0,0,0,0,3
1,296,142,0,0,0,0,3
1,297,143,0,0,0,0,3
1,298,144,0,0,0,0,3
1,300,145,0,0,0,0,3
1,301,146,0,0,0,0,3
1,302,147,0,0,0,0,3
1,303,148,0,0,0,0,3
1,307,149,0,0,0,0,3
1,308,150,0,0,0,0,3
1,309,151,0,0,0,0,3
1,310,152,0,0,0,0,1
1,311,153,0,0,0,0,2
1,312,154,0,0,0,0,3
1,314,155,0,0,0,0,3
1,315,156,0,0,0,0,3
1,316,157,0,0,0,0,3
1,320,158,0,0,0,0,3
1,321,159,0,0,0,0,3
1,322,160,0,0,0,0,3
1,323,161,0,0,0,0,3
1,324,162,0,0,0,0,3
1,325,163,0,0,0,0,3
1,326,164,0,0,0,0,3
1,328,165,0,0,0,0,3
1,329,166,0,0,0,0,3
1,333,167,0,0,0,0,3
1,334,168,0,0,0,0,3
1,335,169,0,0,0,0,3
1,336,170,0,0,0,0,3
1,337,171,0,0,0,0,1
1,338,172,0,0,0,0,2
1,339,173,0,0,0,0,3
1,340,174,0,0,0,0,3
1,342,175,0,0,0,0,3
1,346,176,0,0,0,0,3
1,347,177,0,0,0,0,3
1,348,178,0,0,0,0,3
1,349,179,0,0,0,0,3
1,350,180,0,0,0,0,3
1,351,181,0,0,0,0,3
1,352,182,0,0,0,0,3
1,353,183,0,0,0,0,3
1,354,184,0,0,0,0,3
1,359,185,0,0,0,0,3
1,360,186,0,0,0,0,3
1,361,187,0,0,0,0,3
1,362,188,0,0,0,0,3
1,363,189,0,0,0,0,3
1,364,190,0,0,0,0,1
1,365,191,0,0,0,0,2
1,366,192,0,0,0,0,3
1,367,193,0,0,0,0,3
1,368,194,0,0,0,0,3
1,372,195,0,0,0,0,3
1,373,196,0,0,0,0,3
1,374,197,0,0,0,0,3
1,375,198,0,0,0,0,3
1,377,199,0,0,0,0,3
1,378,200,0,0,0,0,3
1,379,201,0,0,0,0,3
1,380,202,0,0,0,0,3
1,381,203,0,0,0,0,3
1,385,204,0,0,0,0,3
1,386,205,0,0,0,0,3
1,387,206,0,0,0,0,3
1,388,207,0,0,0,0,3
1,389,208,0,0,0,0,3
1,391,209,0,0,0,0,1
1,392,210,0,0,0,0,2
1,393,211,0,0,0,0,3
1,394,212,0,0,0,0,3
1,398,213,0,0,0,0,3
1,399,214,0,0,0,0,3
1,400,215,0,0,0,0,3
1,401,216,0,0,0,0,3
1,402,217,0,0,0,0,3
1,403,218,0,0,0,0,3
1,405,219,0,0,0,0,3
1,406,220,0,0,0,0,3
1,407,221,0,0,0,0,3
1,411,222,0,0,0,0,3
1,412,223,0,0,0,0,3
1,413,224,0,0,0,0,3
1,414,225,0,0,0,0,3
1,415,226,0,0,0,0,3
1,416,227,0,0,0,0,3
1,417,228,0,0,0,0,1
1,419,229,0,0,0,0,2
1,420,230,0,0,0,0,3
1,424,231,0,0,0,0,3
1,425,232,0,0,0,0,3
1,426,233,0,0,0,0,3
1,427,234,0,0,0,0,3
1,428,235,0,0,0,0,3
1,429,236,0,0,0,0,3
1,430,237,0,0,0,0,3
1,431,238,0,0,0,0,3
1,433,239,0,0,0,0,3
1,437,240,0,0,0,0,3
1,438,241,0,0,0,0,3
1,439,242,0,0,0,0,3
1,440,243,0,0,0,0,3
1,441,244,0,0,0,0,3
1,442,245,0,0,0,0,3
1,443,246,0,0,0,0,3
1,444,247,0,0,0,0,1
1,445,248,0,0,0,0,2
1,450,249,0,0,0,0,3
1,451,250,0,0,0,0,3
1,452,251,0,0,0,0,3
1,453,252,0,0,0,0,3
1,454,253,0,0,0,0,3
1,455,254,0,0,0,0,3
1,456,255,0,0,0,0,3
1,457,256,0,0,0,0,3
1,458,257,0,0,0,0,3
1,459,258,0,0,0,0,3
1,463,259,0,0,0,0,3
1,464,260,0,0,0,0,3
1,465,261,0,0,0,0,3
1,466,262,0,0,0,0,3
1,468,263,0,0,0,0,3
1,469,264,0,0,0,0,3
1,470,265,0,0,0,0,3
1,471,266,0,0,0,0,1
1,472,267,0,0,0,0,2
1,476,268,0,0,0,0,3
1,477,269,0,0,0,0,3
1,478,270,0,0,0,0,3
1,479,271,0,0,0,0,3
1,480,272,0,0,0,0,3
1,482,273,0,0,0,0,3
1,483,274,0,0,0,0,3
1,484,275,0,0,0,0,3
1,485,276,0,0,0,0,3
1,489,277,0,0,0,0,3
1,490,278,0,0,0,0,3
1,491,279,0,0,0,0,3
1,492,280,0,0,0,0,3
1,493,281,0,0,0,0,3
1,494,282,0,0,0,0,3
1,496,283,0,0,0,0,3
1,497,284,0,0,0,0,3
1,498,285,0,0,0,0,1
1,502,286,0,0,0,0,2
1,503,287,0,0,0,0,3
1,504,288,0,0,0,0,3
1,505,289,0,0,0,0,3
1,506,290,0,0,0,0,3
1,507,291,0,0,0,0,3
1,508,292,0,0,0,0,3
1,510,293,0,0,0,0,3
1,511,294,0,0,0,0,3
1,515,295,0,0,0,0,3
1,516,296,0,0,0,0,3
1,517,297,0,0,0,0,3
1,518,298,0,0,0,0,3
1,519,299,0,0,0,0,3
1,520,300,0,0,0,0,3
1,521,301,0,0,0,0,3
1,522,302,0,0,0,0,3
1,524,303,0,0,0,0,3
1,528,304,0,0,0,0,1
1,529,305,0,0,0,0,2
1,530,306,0,0,0,0,3
1,531,307,0,0,0,0,3
1,532,308,0,0,0,0,3
1,533,309,0,0,0,0,3
1,534,310,0,0,0,0,3
1,535,311,0,0,0,0,3
1,536,312,0,0,0,0,3
1,541,313,0,0,0,0,3
1,542,314,0,0,0,0,3
1,543,315,0,0,0,0,3
1,544,316,0,0,0,0,3
1,545,317,0,0,0,0,3
1,546,318,0,0,0,0,3
1,547,319,0,0,0,0,3
1,548,320,0,0,0,0,3
1,549,321,0,0,0,0,3
1,550,322,0,0,0,0,3
1,554,323,0,0,0,0,1
1,555,324,0,0,0,0,2
1,556,325,0,0,0,0,3
1,557,326,0,0,0,0,3
1,559,327,0,0,0,0,3
1,560,328,0,0,0,0,3
1,561,329,0,0,0,0,3
1,562,330,0,0,0,0,3
1,563,331,0,0,0,0,3
1,567,332,0,0,0,0,3
1,568,333,0,0,0,0,3
1,569,334,0,0,0,0,3
1,570,335,0,0,0,0,3
1,571,336,0,0,0,0,3
1,573,337,0,0,0,0,3
1,574,338,0,0,0,0,3
1,575,339,0,0,0,0,3
1,576,340,0,0,0,0,3
1,580,341,0,0,0,0,3
1,581,342,0,0,0,0,1
1,582,343,0,0,0,0,2
1,583,344,0,0,0,0,3
1,584,345,0,0,0,0,3
1,585,346,0,0,0,0,3
1,587,347,0,0,0,0,3
1,588,348,0,0,0,0,3
1,589,349,0,0,0,0,3
1,593,350,0,0,0,0,3
1,594,351,0,0,0,0,3
1,595,352,0,0,0,0,3
1,596,353,0,0,0,0,3
1,597,354,0,0,0,0,3
1,598,355,0,0,0,0,3
1,599,356,0,0,0,0,3
1,601,357,0,0,0,0,3
1,602,358,0,0,0,0,3
1,606,359,0,0,0,0,3
1,607,360,0,0,0,0,3
1,608,361,0,0,0,0,1
1,609,362,0,0,0,0,2
1,610,363,0,0,0,0,3
1,611,364,0,0,0,0,3
1,612,365,0,0,0,0,3
1,613,366,0,0,0,0,3
1,615,367,0,0,0,0,3
1,619,368,0,0,0,0,3
1,620,369,0,0,0,0,3
1,621,370,0,0,0,0,3
1,622,371,0,0,0,0,3
1,623,372,0,0,0,0,3
1,624,373,0,0,0,0,3
1,625,374,0,0,0,0,3
1,626,375,0,0,0,0,3
1,627,376,0,0,0,0,3
1,632,377,0,0,0,0,3
1,633,378,0,0,0,0,3
1,634,379,0,0,0,0,3
1,635,380,0,0,0,0,1
1,636,381,0,0,0,0,2
1,637,382,0,0,0,0,3
1,638,383,0,0,0,0,3
1,639,384,0,0,0,0,3
1,640,385,0,0,0,0,3
1,641,386,0,0,0,0,3
1,645,387,0,0,0,0,3
1,646,388,0,0,0,0,3
1,647,389,0,0,0,0,3
1,648,390,0,0,0,0,3
1,650,391,0,0,0,0,3
1,651,392,0,0,0,0,3
1,652,393,0,0,0,0,3
1,653,394,0,0,0,0,3
1,654,395,0,0,0,0,3
1,658,396,0,0,0,0,3
1,659,397,0,0,0,0,3
1,660,398,0,0,0,0,3
1,661,399,0,0,0,0,1
1,662,400,0,0,0,0,2
1,664,401,0,0,0,0,3
1,665,402,0,0,0,0,3
1,666,403,0,0,0,0,3
1,667,404,0,0,0,0,3
1,671,405,0,0,0,0,3
1,672,406,0,0,0,0,3
1,673,407,0,0,0,0,3
1,674,408,0,0,0,0,3
1,675,409,0,0,0,0,3
1,676,410,0,0,0,0,3
1,678,411,0,0,0,0,3
1,679,412,0,0,0,0,3
1,680,413,0,0,0,0,3
1,684,414,0,0,0,0,3
1,685,415,0,0,0,0,3
1,686,416,0,0,0,0,3
1,687,417,0,0,0,0,3
1,688,418,0,0,0,0,1
1,689,419,0,0,0,0,2
1,690,420,0,0,0,0,3
1,692,421,0,0,0,0,3
1,693,422,0,0,0,0,3
1,697,423,0,0,0,0,3
1,698,424,0,0,0,0,3
1,699,425,0,0,0,0,3
1,700,426,0,0,0,0,3
1,701,427,0,0,0,0,3
1,702,428,0,0,0,0,3
1,703,429,0,0,0,0,3
1,704,430,0,0,0,0,3
1,706,431,0,0,0,0,3
1,710,432,0,0,0,0,3
1,711,433,0,0,0,0,3
1,712,434,0,0,0,0,3
1,713,435,0,0,0,0,3
1,714,436,0,0,0,0,3
1,715,437,0,0,0,0,1
1,716,438,0,0,0,0,2
1,717,439,0,0,0,0,3
1,718,440,0,0,0,0,3
1,723,441,0,0,0,0,3
1,724,442,0,0,0,0,3
1,725,443,0,0,0,0,3
1,726,444,0,0,0,0,3
1,727,445,0,0,0,0,3
1,728,446,0,0,0,0,3
1,729,447,0,0,0,0,3
1,730,448,0,0,0,0,3
1,731,449,0,0,0,0,3
1,732,450,0,0,0,0,3
1,736,451,0,0,0,0,3
1,737,452,0,0,0,0,3
1,738,453,0,0,0,0,3
1,739,454,0,0,0,0,3
1,741,455,0,0,0,0,3
1,742,456,0,0,0,0,1
1,743,457,0,0,0,0,2
1,744,458,0,0,0,0,3
1,745,459,0,0,0,0,3
1,749,460,0,0,0,0,3
1,750,461,0,0,0,0,3
1,751,462,0,0,0,0,3
1,752,463,0,0,0,0,3
1,753,464,0,0,0,0,3
1,755,465,0,0,0,0,3
1,756,466,0,0,0,0,3
1,757,467,0,0,0,0,3
1,758,468,0,0,0,0,3
1,762,469,0,0,0,0,3
1,763,470,0,0,0,0,3
1,764,471,0,0,0,0,3
1,765,472,0,0,0,0,3
1,766,473,0,0,0,0,3
1,767,474,0,0,0,0,3
1,769,475,0,0,0,0,1
1,770,476,0,0,0,0,2
1,771,477,0,0,0,0,3
1,775,478,0,0,0,0,3
1,776,479,0,0,0,0,3
1,777,480,0,0,0,0,3
1,778,481,0,0,0,0,3
1,779,482,0,0,0,0,3
1,780,483,0,0,0,0,3
1,781,484,0,0,0,0,3
1,783,485,0,0,0,0,3
1,784,486,0,0,0,0,3
1,788,487,0,0,0,0,3
1,789,488,0,0,0,0,3
1,790,489,0,0,0,0,3
1,791,490,0,0,0,0,3
1,792,491,0,0,0,0,3
1,793,492,0,0,0,0,3
1,794,493,0,0,0,0,3
1,795,494,0,0,0,0,1
1,797,495,0,0,0,0,2
1,801,496,0,0,0,0,3
1,802,497,0,0,0,0,3
1,803,498,0,0,0,0,3
1,804,499,0,0,0,0,3
1,805,500,0,0,0,0,3
1,806,501,0,0,0,0,3
1,807,502,0,0,0,0,3
1,808,503,0,0,0,0,3
1,809,504,0,0,0,0,3
1,814,505,0,0,0,0,3
1,815,506,0,0,0,0,3
1,816,507,0,0,0,0,3
1,817,508,0,0,0,0,3
1,818,509,0,0,0,0,3
1,819,510,0,0,0,0,3
1,820,511,0,0,0,0,3
1,821,512,0,0,0,0,3
1,822,513,0,0,0,0,1
1,823,514,0,0,0,0,2
1,827,515,0,0,0,0,3
1,828,516,0,0,0,0,3
1,829,517,0,0,0,0,3
1,830,518,0,0,0,0,3
1,832,519,0,0,0,0,3
1,833,520,0,0,0,0,3
1,834,521,0,0,0,0,3
1,835,522,0,0,0,0,3
1,836,523,0,0,0,0,3
1,840,524,0,0,0,0,3
1,841,525,0,0,0,0,3
1,842,526,0,0,0,0,3
1,843,527,0,0,0,0,3
1,844,528,0,0,0,0,3
1,846,529,0,0,0,0,3
1,847,530,0,0,0,0,3
1,848,531,0,0,0,0,3
1,849,532,0,0,0,0,1
1,853,533,0,0,0,0,2
1,854,534,0,0,0,0,3
1,855,535,0,0,0,0,3
1,856,536,0,0,0,0,3
1,857,537,0,0,0,0,3
1,858,538,0,0,0,0,3
1,860,539,0,0,0,0,3
1,861,540,0,0,0,0,3
1,862,541,0,0,0,0,3
1,866,542,0,0,0,0,3
1,867,543,0,0,0,0,3
1,868,544,0,0,0,0,3
1,869,545,0,0,0,0,3
1,870,546,0,0,0,0,3
1,871,547,0,0,0,0,3
1,872,548,0,0,0,0,3
1,874,549,0,0,0,0,3
1,875,550,0,0,0,0,3
1,879,551,0,0,0,0,1
1,880,552,0,0,0,0,2
1,881,553,0,0,0,0,3
1,882,554,0,0,0,0,3
1,883,555,0,0,0,0,3
1,884,556,0,0,0,0,3
1,885,557,0,0,0,0,3
1,886,558,0,0,0,0,3
1,888,559,0,0,0,0,3
1,892,560,0,0,0,0,3
1,893,561,0,0,0,0,3
1,894,562,0,0,0,0,3
1,895,563,0,0,0,0,3
1,896,564,0,0,0,0,3
1,897,565,0,0,0,0,3
1,898,566,0,0,0,0,3
1,899,567,0,0,0,0,3
1,900,568,0,0,0,0,3
1,905,569,0,0,0,0,3
1,906,570,0,0,0,0,1
1,907,571,0,0,0,0,2
1,908,572,0,0,0,0,3
1,909,573,0,0,0,0,3
1,910,574,0,0,0,0,3
1,911,575,0,0,0,0,3
1,912,576,0,0,0,0,3
1,913,577,0,0,0,0,3
1,914,578,0,0,0,0,3
1,918,579,0,0,0,0,3
1,919,580,0,0,0,0,3
1,920,581,0,0,0,0,3
1,921,582,0,0,0,0,3
1,923,583,0,0,0,0,3
1,924,584,0,0,0,0,3
1,925,585,0,0,0,0,3
1,926,586,0,0,0,0,3
1,927,587,0,0,0,0,3
1,931,588,0,0,0,0,3
1,932,589,0,0,0,0,1
1,933,590,0,0,0,0,2
1,934,591,0,0,0,0,3
1,935,592,0,0,0,0,3
1,937,593,0,0,0,0,3
1,938,594,0,0,0,0,3
1,939,595,0,0,0,0,3
1,940,596,0,0,0,0,3
1,944,597,0,0,0,0,3
1,945,598,0,0,0,0,3
1,946,599,0,0,0,0,3
1,947,600,0,0,0,0,3
1,948,601,0,0,0,0,3
1,949,602,0,0,0,0,3
1,951,603,0,0,0,0,3
1,952,604,0,0,0,0,3
1,953,605,0,0,0,0,3
1,957,606,0,0,0,0,3
1,958,607,0,0,0,0,3
1,959,608,0,0,0,0,1
1,960,609,0,0,0,0,2
1,961,610,0,0,0,0,3
1,962,611,0,0,0,0,3
1,963,612,0,0,0,0,3
1,965,613,0,0,0,0,3
1,966,614,0,0,0,0,3
1,970,615,0,0,0,0,3
1,971,616,0,0,0,0,3
1,972,617,0,0,0,0,3
1,973,618,0,0,0,0,3
1,974,619,0,0,0,0,3
1,975,620,0,0,0,0,3
1,976,621,0,0,0,0,3
1,977,622,0,0,0,0,3
1,979,623,0,0,0,0,3
1,983,624,0,0,0,0,3
1,984,625,0,0,0,0,3
1,985,626,0,0,0,0,3
1,986,627,0,0,0,0,1
1,987,628,0,0,0,0,2
1,988,629,0,0,0,0,3
1,989,630,0,0,0,0,3
1,990,631,0,0,0,0,3
1,991,632,0,0,0,0,3
1,996,633,0,0,0,0,3
1,997,634,0,0,0,0,3
1,998,635,0,0,0,0,3
1,999,636,0,0,0,0,3
1,1000,637,0,0,0,0,3
1,1001,638,0,0,0,0,3
1,1002,639,0,0,0,0,3
1,1003,640,0,0,0,0,3
1,1004,641,0,0,0,0,3
1,1005,642,0,0,0,0,3
1,1009,643,0,0,0,0,3
1,1010,644,0,0,0,0,3
1,1011,645,0,0,0,0,3
1,1012,646,0,0,0,0,1
1,1014,647,0,0,0,0,2
1,1015,648,0,0,0,0,3
1,1016,649,0,0,0,0,3
1,1017,650,0,0,0,0,3
1,1018,651,0,0,0,0,3
1,1022,652,0,0,0,0,3
1,1023,653,0,0,0,0,3
1,1024,654,0,0,0,0,3
1,1025,655,0,0,0,0,3
1,1026,656,0,0,0,0,3
1,1028,657,0,0,0,0,3
1,1029,658,0,0,0,0,3
1,1030,659,0,0,0,0,3
1,1031,660,0,0,0,0,3
1,1035,661,0,0,0,0,3
1,1036,662,0,0,0,0,3
1,1037,663,0,0,0,0,3
1,1038,664,0,0,0,0,3
1,1039,665,0,0,0,0,1
1,1040,666,0,0,0,0,2
1,1042,667,0,0,0,0,3
1,1043,668,0,0,0,0,3
1,1044,669,0,0,0,0,3
1,1048,670,0,0,0,0,3
1,1049,671,0,0,0,0,3
1,1050,672,0,0,0,0,3
1,1051,673,0,0,0,0,3
1,1052,674,0,0,0,0,3
1,1053,675,0,0,0,0,3
1,1054,676,0,0,0,0,3
1,1056,677,0,0,0,0,3
1,1057,678,0,0,0,0,3
1,1061,679,0,0,0,0,3
1,1062,680,0,0,0,0,3
1,1063,681,0,0,0,0,3
1,1064,682,0,0,0,0,3
1,1065,683,0,0,0,0,3
1,1066,684,0,0,0,0,1
1,1067,685,0,0,0,0,2
1,1068,686,0,0,0,0,3
1,1070,687,0,0,0,0,3
1,1074,688,0,0,0,0,3
1,1075,689,0,0,0,0,3
1,1076,690,0,0,0,0,3
1,1077,691,0,0,0,0,3
1,1078,692,0,0,0,0,3
1,1079,693,0,0,0,0,3
1,1080,694,0,0,0,0,3
1,1081,695,0,0,0,0,3
1,1082,696,0,0,0,0,3
1,1087,697,0,0,0,0,3
1,1088,698,0,0,0,0,3
1,1089,699,0,0,0,0,3
1,1090,700,0,0,0,0,3
1,1091,701,0,0,0,0,3
1,1092,702,0,0,0,0,3
1,1093,703,0,0,0,0,1
1,1094,704,0,0,0,0,2
1,1095,705,0,0,0,0,3
1,1096,706,0,0,0,0,3
1,1100,707,0,0,0,0,3
1,1101,708,0,0,0,0,3
1,1102,709,0,0,0,0,3
1,1103,710,0,0,0,0,3
1,1105,711,0,0,0,0,3
1,1106,712,0,0,0,0,3
1,1107,713,0,0,0,0,3
1,1108,714,0,0,0,0,3
1,1109,715,0,0,0,0,3
1,1113,716,0,0,0,0,3
1,1114,717,0,0,0,0,3
1,1115,718,0,0,0,0,3
1,1116,719,0,0,0,0,3
1,1117,720,0,0,0,0,3
1,1119,721,0,0,0,0,3
1,1120,722,0,0,0,0,1
1,1121,723,0,0,0,0,2
1,1122,724,0,0,0,0,3
1,1126,725,0,0,0,0,3
1,1127,726,0,0,0,0,3
1,1128,727,0,0,0,0,3
1,1129,728,0,0,0,0,3
1,1130,729,0,0,0,0,3
1,1131,730,0,0,0,0,3
1,1133,731,0,0,0,0,3
1,1134,732,0,0,0,0,3
1,1135,733,0,0,0,0,3
1,1139,734,0,0,0,0,3
1,1140,735,0,0,0,0,3
1,1141,736,0,0,0,0,3
1,1142,737,0,0,0,0,3
1,1143,738,0,0,0,0,3
1,1144,739,0,0,0,0,3
1,1145,740,0,0,0,0,3
1,1147,741,0,0,0,0,1
1,1148,742,0,0,0,0,2
1,1152,743,0,0,0,0,3
1,1153,744,0,0,0,0,3
1,1154,745,0,0,0,0,3
1,1155,746,0,0,0,0,3
1,1156,747,0,0,0,0,3
1,1157,748,0,0,0,0,3
1,1158,749,0,0,0,0,3
1,1159,750,0,0,0,0,3
1,1161,751,0,0,0,0,3
1,1165,752,0,0,0,0,3
1,1166,753,0,0,0,0,3
1,1167,754,0,0,0,0,3
1,1168,755,0,0,0,0,3
1,1169,756,0,0,0,0,3
1,1170,757,0,0,0,0,3
1,1171,758,0,0,0,0,3
1,1172,759,0,0,0,0,3
1,1173,760,0,0,0,0,1
1,1178,761,0,0,0,0,2
1,1179,762,0,0,0,0,3
1,1180,763,0,0,0,0,3
1,1181,764,0,0,0,0,3
1,1182,765,0,0,0,0,3
1,1183,766,0,0,0,0,3
1,1184,767,0,0,0,0,3
1,1185,768,0,0,0,0,3
1,1186,769,0,0,0,0,3
1,1187,770,0,0,0,0,3
1,1191,771,0,0,0,0,3
1,1192,772,0,0,0,0,3
1,1193,773,0,0,0,0,3
1,1194,774,0,0,0,0,3
1,1196,775,0,0,0,0,3
1,1197,776,0,0,0,0,3
1,1198,777,0,0,0,0,3
1,1199,778,0,0,0,0,3
1,1200,779,0,0,0,0,1
1,1204,780,0,0,0,0,2
1,1205,781,0,0,0,0,3
1,1206,782,0,0,0,0,3
1,1207,783,0,0,0,0,3
1,1208,784,0,0,0,0,3
1,1210,785,0,0,0,0,3
1,1211,786,0,0,0,0,3
1,1212,787,0,0,0,0,3
1,1213,788,0,0,0,0,3
1,1217,789,0,0,0,0,3
1,1218,790,0,0,0,0,3
1,1219,791,0,0,0,0,3
1,1220,792,0,0,0,0,3
1,1221,793,0,0,0,0,3
1,1222,794,0,0,0,0,3
1,1224,795,0,0,0,0,3
1,1225,796,0,0,0,0,3
1,1226,797,0,0,0,0,3
1,1230,798,0,0,0,0,1
1,1231,799,0,0,0,0,2
1,1232,800,0,0,0,0,3
1,1233,801,0,0,0,0,3
1,1234,802,0,0,0,0,3
1,1235,803,0,0,0,0,3
1,1236,804,0,0,0,0,3
1,1238,805,0,0,0,0,3
1,1239,806,0,0,0,0,3
1,1243,807,0,0,0,0,3
1,1244,808,0,0,0,0,3
1,1245,809,0,0,0,0,3
1,1246,810,0,0,0,0,3
1,1247,811,0,0,0,0,3
1,1248,812,0,0,0,0,3
1,1249,813,0,0,0,0,3
1,1250,814,0,0,0,0,3
1,1252,815,0,0,0,0,3
1,1256,816,0,0,0,0,3
1,1257,817,0,0,0,0,1
1,1258,818,0,0,0,0,2
1,1259,819,0,0,0,0,3
1,1260,820,0,0,0,0,3
1,1261,821,0,0,0,0,3
1,1262,822,0,0,0,0,3
1,1263,823,0,0,0,0,3
1,1264,824,0,0,0,0,3
1,1269,825,0,0,0,0,3
1,1270,826,0,0,0,0,3
1,1271,827,0,0,0,0,3
1,1272,828,0,0,0,0,3
1,1273,829,0,0,0,0,3
1,1274,830,0,0,0,0,3
1,1275,831,0,0,0,0,3
1,1276,832,0,0,0,0,3
1,1277,833,0,0,0,0,3
1,1278,834,0,0,0,0,3
1,1282,835,0,0,0,0,3
1,1283,836,0,0,0,0,1
1,1284,837,0,0,0,0,2
1,1285,838,0,0,0,0,3
1,1287,839,0,0,0,0,3
1,1288,840,0,0,0,0,3
1,1289,841,0,0,0,0,3
1,1290,842,0,0,0,0,3
1,1291,843,0,0,0,0,3
1,1295,844,0,0,0,0,3
1,1296,845,0,0,0,0,3
1,1297,846,0,0,0,0,3
1,1298,847,0,0,0,0,3
1,1299,848,0,0,0,0,3
1,1301,849,0,0,0,0,3
1,1302,850,0,0,0,0,3
1,1303,851,0,0,0,0,3
1,1304,852,0,0,0,0,3
1,1308,853,0,0,0,0,3
1,1309,854,0,0,0,0,3
1,1310,855,0,0,0,0,1
1,1311,856,0,0,0,0,2
1,1312,857,0,0,0,0,3
1,1313,858,0,0,0,0,3
1,1315,859,0,0,0,0,3
1,1316,860,0,0,0,0,3
1,1317,861,0,0,0,0,3
1,1321,862,0,0,0,0,3
1,1322,863,0,0,0,0,3
1,1323,864,0,0,0,0,3
1,1324,865,0,0,0,0,3
1,1325,866,0,0,0,0,3
1,1326,867,0,0,0,0,3
1,1327,868,0,0,0,0,3
1,1329,869,0,0,0,0,3
1,1330,870,0,0,0,0,3
1,1334,871,0,0,0,0,3
1,1335,872,0,0,0,0,3
1,1336,873,0,0,0,0,3
1,1337,874,0,0,0,0,1
1,1338,875,0,0,0,0,2
1,1339,876,0,0,0,0,3
1,1340,877,0,0,0,0,3
1,1341,878,0,0,0,0,3
1,1343,879,0,0,0,0,3
1,1347,880,0,0,0,0,3
1,1348,881,0,0,0,0,3
1,1349,882,0,0,0,0,3
1,1350,883,0,0,0,0,3
1,1351,884,0,0,0,0,3
1,1352,885,0,0,0,0,3
1,1353,886,0,0,0,0,3
1,1354,887,0,0,0,0,3
1,1355,888,0,0,0,0,3
1,1360,889,0,0,0,0,3
1,1361,890,0,0,0,0,3
1,1362,891,0,0,0,0,3
1,1363,892,0,0,0,0,3
1,1364,893,0,0,0,0,1
1,1365,894,0,0,0,0,2
1,1366,895,0,0,0,0,3
1,1367,896,0,0,0,0,3
1,1368,897,0,0,0,0,3
1,1369,898,0,0,0,0,3
1,1373,899,0,0,0,0,3
1,1374,900,0,0,0,0,3
1,1375,901,0,0,0,0,3
1,1376,902,0,0,0,0,3
1,1378,903,0,0,0,0,3
1,1379,904,0,0,0,0,3
1,1380,905,0,0,0,0,3
1,1381,906,0,0,0,0,3
1,1382,907,0,0,0,0,3
1,1386,908,0,0,0,0,3
1,1387,909,0,0,0,0,3
1,1388,910,0,0,0,0,3
1,1389,911,0,0,0,0,3
1,1390,912,0,0,0,0,1
1,1392,913,0,0,0,0,2
1,1393,914,0,0,0,0,3
1,1394,915,0,0,0,0,3
1,1395,916,0,0,0,0,3
1,1399,917,0,0,0,0,3
1,1400,918,0,0,0,0,3
1,1401,919,0,0,0,0,3
1,1402,920,0,0,0,0,3
1,1403,921,0,0,0,0,3
1,1404,922,0,0,0,0,3
1,1406,923,0,0,0,0,3
1,1407,924,0,0,0,0,3
1,1408,925,0,0,0,0,3
1,1412,926,0,0,0,0,3
1,1413,927,0,0,0,0,3
1,1414,928,0,0,0,0,3
1,1415,929,0,0,0,0,3
1,1416,930,0,0,0,0,3
1,1417,931,0,0,0,0,1
1,1418,932,0,0,0,0,2
1,1420,933,0,0,0,0,3
1,1421,934,0,0,0,0,3
1,1425,935,0,0,0,0,3
1,1426,936,0,0,0,0,3
1,1427,937,0,0,0,0,3
1,1428,938,0,0,0,0,3
1,1429,939,0,0,0,0,3
1,1430,940,0,0,0,0,3
1,1431,941,0,0,0,0,3
1,1432,942,0,0,0,0,3
1,1434,943,0,0,0,0,3
1,1438,944,0,0,0,0,3
1,1439,945,0,0,0,0,3
1,1440,946,0,0,0,0,3
1,1441,947,0,0,0,0,3
1,1442,948,0,0,0,0,3
1,1443,949,0,0,0,0,3
1,1444,950,0,0,0,0,1
1,1445,951,0,0,0,0,2
1,1446,952,0,0,0,0,3
1,1451,953,0,0,0,0,3
1,1452,954,0,0,0,0,3
1,1453,955,0,0,0,0,3
1,1454,956,0,0,0,0,3
1,1455,957,0,0,0,0,3
1,1456,958,0,0,0,0,3
1,1457,959,0,0,0,0,3
1,1458,960,0,0,0,0,3
1,1459,961,0,0,0,0,3
1,1460,962,0,0,0,0,3
1,1464,963,0,0,0,0,3
1,1465,964,0,0,0,0,3
1,1466,965,0,0,0,0,3
1,1467,966,0,0,0,0,3
1,1469,967,0,0,0,0,3
1,1470,968,0,0,0,0,3
1,1471,969,0,0,0,0,1
1,1472,970,0,0,0,0,2
1,1473,971,0,0,0,0,3
1,1477,972,0,0,0,0,3
1,1478,973,0,0,0,0,3
1,1479,974,0,0,0,0,3
1,1480,975,0,0,0,0,3
1,1481,976,0,0,0,0,3
1,1483,977,0,0,0,0,3
1,1484,978,0,0,0,0,3
1,1485,979,0,0,0,0,3
1,1486,980,0,0,0,0,3
1,1490,981,0,0,0,0,3
1,1491,982,0,0,0,0,3
1,1492,983,0,0,0,0,3
1,1493,984,0,0,0,0,3
1,1494,985,0,0,0,0,3
1,1495,986,0,0,0,0,3
1,1497,987,0,0,0,0,3
1,1498,988,0,0,0,0,1
1,1499,989,0,0,0,0,2
1,1503,990,0,0,0,0,3
1,1504,991,0,0,0,0,3
1,1505,992,0,0,0,0,3
1,1506,993,0,0,0,0,3
1,1507,994,0,0,0,0,3
1,1508,995,0,0,0,0,3
1,1509,996,0,0,0,0,3
1,1511,997,0,0,0,0,3
1,1512,998,0,0,0,0,3
1,1516,999,0,0,0,0,3
1,1517,1000,0,0,0,0,3
1,1518,1001,0,0,0,0,3
1,1519,1002,0,0,0,0,3
1,1520,1003,0,0,0,0,3
1,1521,1004,0,0,0,0,3
1,1522,1005,0,0,0,0,3
1,1523,1006,0,0,0,0,3
1,1525,1007,0,0,0,0,1
1,1529,1008,0,0,0,0,2
1,1530,1009,0,0,0,0,3
1,1531,1010,0,0,0,0,3
1,1532,1011,0,0,0,0,3
1,1533,1012,0,0,0,0,3
1,1534,1013,0,0,0,0,3
1,1535,1014,0,0,0,0,3
1,1536,1015,0,0,0,0,3
1,1537,1016,0,0,0,0,3
1,1542,1017,0,0,0,0,3
1,1543,1018,0,0,0,0,3
1,1544,1019,0,0,0,0,3
1,1545,1020,0,0,0,0,3
1,1546,1021,0,0,0,0,3
1,1547,1022,0,0,0,0,3
1,1548,1023,0,0,0,0,3
1,1549,1024,0,0,0,0,3
1,1550,1025,0,0,0,0,3
1,1551,1026,0,0,0,0,1
1,1555,1027,0,0,0,0,2
1,1556,1028,0,0,0,0,3
1,1557,1029,0,0,0,0,3
1,1558,1030,0,0,0,0,3
1,1560,1031,0,0,0,0,3
1,1561,1032,0,0,0,0,3
1,1562,1033,0,0,0,0,3
1,1563,1034,0,0,0,0,3
1,1564,1035,0,0,0,0,3
1,1568,1036,0,0,0,0,3
1,1569,1037,0,0,0,0,3
1,1570,1038,0,0,0,0,3
1,1571,1039,0,0,0,0,3
1,1572,1040,0,0,0,0,3
1,1574,1041,0,0,0,0,3
1,1575,1042,0,0,0,0,3
1,1576,1043,0,0,0,0,3
1,1577,1044,0,0,0,0,3
1,1581,1045,0,0,0,0,1
1,1582,1046,0,0,0,0,2
1,1583,1047,0,0,0,0,3
1,1584,1048,0,0,0,0,3
1,1585,1049,0,0,0,0,3
1,1586,1050,0,0,0,0,3
1,1588,1051,0,0,0,0,3
1,1589,1052,0,0,0,0,3
1,1590,1053,0,0,0,0,3
1,1594,1054,0,0,0,0,3
1,1595,1055,0,0,0,0,3
1,1596,1056,0,0,0,0,3
1,1597,1057,0,0,0,0,3
1,1598,1058,0,0,0,0,3
1,1599,1059,0,0,0,0,3
1,1600,1060,0,0,0,0,3
1,1602,1061,0,0,0,0,3
1,1603,1062,0,0,0,0,3
1,1607,1063,0,0,0,0,3
1,1608,1064,0,0,0,0,1
1,1609,1065,0,0,0,0,2
1,1610,1066,0,0,0,0,3
1,1611,1067,0,0,0,0,3
1,1612,1068,0,0,0,0,3
1,1613,1069,0,0,0,0,3
1,1614,1070,0,0,0,0,3
1,1616,1071,0,0,0,0,3
1,1620,1072,0,0,0,0,3
1,1621,1073,0,0,0,0,3
1,1622,1074,0,0,0,0,3
1,1623,1075,0,0,0,0,3
1,1624,1076,0,0,0,0,3
1,1625,1077,0,0,0,0,3
1,1626,1078,0,0,0,0,3
1,1627,1079,0,0,0,0,3
1,1628,1080,0,0,0,0,3
1,1633,1081,0,0,0,0,3
1,1634,1082,0,0,0,0,3
1,1635,1083,0,0,0,0,1
1,1636,1084,0,0,0,0,2
1,1637,1085,0,0,0,0,3
1,1638,1086,0,0,0,0,3
1,1639,1087,0,0,0,0,3
1,1640,1088,0,0,0,0,3
1,1641,1089,0,0,0,0,3
1,1642,1090,0,0,0,0,3
1,1646,1091,0,0,0,0,3
1,1647,1092,0,0,0,0,3
1,1648,1093,0,0,0,0,3
1,1649,1094,0,0,0,0,3
1,1651,1095,0,0,0,0,3
1,1652,1096,0,0,0,0,3
1,1653,1097,0,0,0,0,3
1,1654,1098,0,0,0,0,3
1,1655,1099,0,0,0,0,3
1,1659,1100,0,0,0,0,3
1,1660,1101,0,0,0,0,3
1,1661,1102,0,0,0,0,1
1,1662,1103,0,0,0,0,2
1,1663,1104,0,0,0,0,3
1,1665,1105,0,0,0,0,3
1,1666,1106,0,0,0,0,3
1,1667,1107,0,0,0,0,3
1,1668,1108,0,0,0,0,3
1,1672,1109,0,0,0,0,3
1,1673,1110,0,0,0,0,3
1,1674,1111,0,0,0,0,3
1,1675,1112,0,0,0,0,3
1,1676,1113,0,0,0,0,3
1,1677,1114,0,0,0,0,3
1,1679,1115,0,0,0,0,3
1,1680,1116,0,0,0,0,3
1,1681,1117,0,0,0,0,3
1,1685,1118,0,0,0,0,3
1,1686,1119,0,0,0,0,3
1,1687,1120,0,0,0,0,3
1,1688,1121,0,0,0,0,1
1,1689,1122,0,0,0,0,2
1,1690,1123,0,0,0,0,3
1,1691,1124,0,0,0,0,3
1,1693,1125,0,0,0,0,3
1,1694,1126,0,0,0,0,3
1,1698,1127,0,0,0,0,3
1,1699,1128,0,0,0,0,3
1,1700,1129,0,0,0,0,3
1,1701,1130,0,0,0,0,3
1,1702,1131,0,0,0,0,3
1,1703,1132,0,0,0,0,3
1,1704,1133,0,0,0,0,3
1,1705,1134,0,0,0,0,3
1,1707,1135,0,0,0,0,3
1,1711,1136,0,0,0,0,3
1,1712,1137,0,0,0,0,3
1,1713,1138,0,0,0,0,3
1,1714,1139,0,0,0,0,3
1,1715,1140,0,0,0,0,1
1,1716,1141,0,0,0,0,2
1,1717,1142,0,0,0,0,3
1,1718,1143,0,0,0,0,3
1,1719,1144,0,0,0,0,3
1,1724,1145,0,0,0,0,3
1,1725,1146,0,0,0,0,3
1,1726,1147,0,0,0,0,3
1,1727,1148,0,0,0,0,3
1,1728,1149,0,0,0,0,3
1,1729,1150,0,0,0,0,3
1,1730,1151,0,0,0,0,3
1,1731,1152,0,0,0,0,3
1,1732,1153,0,0,0,0,3
1,1733,1154,0,0,0,0,3
1,1737,1155,0,0,0,0,3
1,1738,1156,0,0,0,0,3
1,1739,1157,0,0,0,0,3
1,1740,1158,0,0,0,0,3
1,1742,1159,0,0,0,0,1
1,1743,1160,0,0,0,0,2
1,1744,1161,0,0,0,0,3
1,1745,1162,0,0,0,0,3
1,1746,1163,0,0,0,0,3
1,1750,1164,0,0,0,0,3
1,1751,1165,0,0,0,0,3
1,1752,1166,0,0,0,0,3
1,1753,1167,0,0,0,0,3
1,1754,1168,0,0,0,0,3
1,1756,1169,0,0,0,0,3
1,1757,1170,0,0,0,0,3
1,1758,1171,0,0,0,0,3
1,1759,1172,0,0,0,0,3
1,1763,1173,0,0,0,0,3
1,1764,1174,0,0,0,0,3
1,1765,1175,0,0,0,0,3
1,1766,1176,0,0,0,0,3
1,1767,1177,0,0,0,0,3
1,1768,1178,0,0,0,0,1
1,1770,1179,0,0,0,0,2
1,1771,1180,0,0,0,0,3
1,1772,1181,0,0,0,0,3
1,1776,1182,0,0,0,0,3
1,1777,1183,0,0,0,0,3
1,1778,1184,0,0,0,0,3
1,1779,1185,0,0,0,0,3
1,1780,1186,0,0,0,0,3
1,1781,1187,0,0,0,0,3
1,1782,1188,0,0,0,0,3
1,1784,1189,0,0,0,0,3
1,1785,1190,0,0,0,0,3
1,1789,1191,0,0,0,0,3
1,1790,1192,0,0,0,0,3
1,1791,1193,0,0,0,0,3
1,1792,1194,0,0,0,0,3
1,1793,1195,0,0,0,0,3
1,1794,1196,0,0,0,0,3
1,1795,1197,0,0,0,0,1
1,1796,1198,0,0,0,0,2
1,1798,1199,0,0,0,0,3
1,1802,1200,0,0,0,0,3
1,1803,1201,0,0,0,0,3
1,1804,1202,0,0,0,0,3
1,1805,1203,0,0,0,0,3
1,1806,1204,0,0,0,0,3
1,1807,1205,0,0,0,0,3
1,1808,1206,0,0,0,0,3
1,1809,1207,0,0,0,0,3
1,1810,1208,0,0,0,0,3
1,1815,1209,0,0,0,0,3
1,1816,1210,0,0,0,0,3
1,1817,1211,0,0,0,0,3
1,1818,1212,0,0,0,0,3
1,1819,1213,0,0,0,0,3
1,1820,1214,0,0,0,0,3
1,1821,1215,0,0,0,0,3
1,1822,1216,0,0,0,0,1
1,1823,1217,0,0,0,0,2
1,1824,1218,0,0,0,0,3
1,1828,1219,0,0,0,0,3
1,1829,1220,0,0,0,0,3
1,1830,1221,0,0,0,0,3
1,1831,1222,0,0,0,0,3
1,1833,1223,0,0,0,0,3
1,1834,1224,0,0,0,0,3
1,1835,1225,0,0,0,0,3
1,1836,1226,0,0,0,0,3
1,1837,1227,0,0,0,0,3
1,1841,1228,0,0,0,0,3
1,1842,1229,0,0,0,0,3
1,1843,1230,0,0,0,0,3
1,1844,1231,0,0,0,0,3
1,1845,1232,0,0,0,0,3
1,1847,1233,0,0,0,0,3
1,1848,1234,0,0,0,0,3
1,1849,1235,0,0,0,0,1
1,1850,1236,0,0,0,0,2
1,1854,1237,0,0,0,0,3
1,1855,1238,0,0,0,0,3
1,1856,1239,0,0,0,0,3
1,1857,1240,0,0,0,0,3
1,1858,1241,0,0,0,0,3
1,1859,1242,0,0,0,0,3
1,1861,1243,0,0,0,0,3
1,1862,1244,0,0,0,0,3
1,1863,1245,0,0,0,0,3
1,1867,1246,0,0,0,0,3
1,1868,1247,0,0,0,0,3
1,1869,1248,0,0,0,0,3
1,1870,1249,0,0,0,0,3
1,1871,1250,0,0,0,0,3
1,1872,1251,0,0,0,0,3
1,1873,1252,0,0,0,0,3
1,1875,1253,0,0,0,0,3
1,1876,1254,0,0,0,0,1
1,1880,1255,0,0,0,0,2
1,1881,1256,0,0,0,0,3
1,1882,1257,0,0,0,0,3
1,1883,1258,0,0,0,0,3
1,1884,1259,0,0,0,0,3
1,1885,1260,0,0,0,0,3
1,1886,1261,0,0,0,0,3
1,1887,1262,0,0,0,0,3
1,1889,1263,0,0,0,0,3
1,1893,1264,0,0,0,0,3
1,1894,1265,0,0,0,0,3
1,1895,1266,0,0,0,0,3
1,1896,1267,0,0,0,0,3
1,1897,1268,0,0,0,0,3
1,1898,1269,0,0,0,0,3
1,1899,1270,0,0,0,0,3
1,1900,1271,0,0,0,0,3
1,1901,1272,0,0,0,0,3
1,1906,1273,0,0,0,0,1
1,1907,1274,0,0,0,0,2
1,1908,1275,0,0,0,0,3
1,1909,1276,0,0,0,0,3
1,1910,1277,0,0,0,0,3
1,1911,1278,0,0,0,0,3
1,1912,1279,0,0,0,0,3
1,1913,1280,0,0,0,0,3
1,1914,1281,0,0,0,0,3
1,1915,1282,0,0,0,0,3
1,1919,1283,0,0,0,0,3
1,1920,1284,0,0,0,0,3
1,1921,1285,0,0,0,0,3
1,1922,1286,0,0,0,0,3
1,1924,1287,0,0,0,0,3
1,1925,1288,0,0,0,0,3
1,1926,1289,0,0,0,0,3
1,1927,1290,0,0,0,0,3
1,1928,1291,0,0,0,0,3
1,1932,1292,0,0,0,0,1
1,1933,1293,0,0,0,0,2
1,1934,1294,0,0,0,0,3
1,1935,1295,0,0,0,0,3
1,1936,1296,0,0,0,0,3
1,1938,1297,0,0,0,0,3
1,1939,1298,0,0,0,0,3
1,1940,1299,0,0,0,0,3
1,1941,1300,0,0,0,0,3
1,1945,1301,0,0,0,0,3
1,1946,1302,0,0,0,0,3
1,1947,1303,0,0,0,0,3
1,1948,1304,0,0,0,0,3
1,1949,1305,0,0,0,0,3
1,1950,1306,0,0,0,0,3
1,1952,1307,0,0,0,0,3
1,1953,1308,0,0,0,0,3
1,1954,1309,0,0,0,0,3
1,1958,1310,0,0,0,0,3
1,1959,1311,0,0,0,0,1
1,1960,1312,0,0,0,0,2
1,1961,1313,0,0,0,0,3
1,1962,1314,0,0,0,0,3
1,1963,1315,0,0,0,0,3
1,1964,1316,0,0,0,0,3
1,1966,1317,0,0,0,0,3
1,1967,1318,0,0,0,0,3
1,1971,1319,0,0,0,0,3
1,1972,1320,0,0,0,0,3
1,1973,1321,0,0,0,0,3
1,1974,1322,0,0,0,0,3
1,1975,1323,0,0,0,0,3
1,1976,1324,0,0,0,0,3
1,1977,1325,0,0,0,0,3
1,1978,1326,0,0,0,0,3
1,1980,1327,0,0,0,0,3
1,1984,1328,0,0,0,0,3
1,1985,1329,0,0,0,0,3
1,1986,1330,0,0,0,0,1
1,1987,1331,0,0,0,0,2
1,1988,1332,0,0,0,0,3
1,1989,1333,0,0,0,0,3
1,1990,1334,0,0,0,0,3
1,1991,1335,0,0,0,0,3
1,1992,1336,0,0,0,0,3
1,1997,1337,0,0,0,0,3
1,1998,1338,0,0,0,0,3
1,1999,1339,0,0,0,0,3
1,2000,1340,0,0,0,0,3
1,2001,1341,0,0,0,0,3
1,2002,1342,0,0,0,0,3
1,2003,1343,0,0,0,0,3
1,2004,1344,0,0,0,0,3
1,2005,1345,0,0,0,0,3
1,2006,1346,0,0,0,0,3
1,2010,1347,0,0,0,0,3
1,2011,1348,0,0,0,0,3
1,2012,1349,0,0,0,0,1
1,2013,1350,0,0,0,0,2
1,2015,1351,0,0,0,0,3
1,2016,1352,0,0,0,0,3
1,2017,1353,0,0,0,0,3
1,2018,1354,0,0,0,0,3
1,2019,1355,0,0,0,0,3
1,2023,1356,0,0,0,0,3
1,2024,1357,0,0,0,0,3
1,2025,1358,0,0,0,0,3
1,2026,1359,0,0,0,0,3
1,2027,1360,0,0,0,0,3
1,2029,1361,0,0,0,0,3
1,2030,1362,0,0,0,0,3
1,2031,1363,0,0,0,0,3
1,2032,1364,0,0,0,0,3
1,2036,1365,0,0,0,0,3
1,2037,1366,0,0,0,0,3
1,2038,1367,0,0,0,0,3
1,2039,1368,0,0,0,0,1
1,2040,1369,0,0,0,0,2
1,2041,1370,0,0,0,0,3
1,2043,1371,0,0,0,0,3
1,2044,1372,0,0,0,0,3
1,2045,1373,0,0,0,0,3
1,2049,1374,0,0,0,0,3
1,2050,1375,0,0,0,0,3
1,2051,1376,0,0,0,0,3
1,2052,1377,0,0,0,0,3
1,2053,1378,0,0,0,0,3
1,2054,1379,0,0,0,0,3
1,2055,1380,0,0,0,0,3
1,2057,1381,0,0,0,0,3
1,2058,1382,0,0,0,0,3
1,2062,1383,0,0,0,0,3
1,2063,1384,0,0,0,0,3
1,2064,1385,0,0,0,0,3
1,2065,1386,0,0,0,0,3
1,2066,1387,0,0,0,0,1
1,2067,1388,0,0,0,0,2
1,2068,1389,0,0,0,0,3
1,2069,1390,0,0,0,0,3
1,2071,1391,0,0,0,0,3
1,2075,1392,0,0,0,0,3
1,2076,1393,0,0,0,0,3
1,2077,1394,0,0,0,0,3
1,2078,1395,0,0,0,0,3
1,2079,1396,0,0,0,0,3
1,2080,1397,0,0,0,0,3
1,2081,1398,0,0,0,0,3
1,2082,1399,0,0,0,0,3
1,2083,1400,0,0,0,0,3
1,2088,1401,0,0,0,0,3
1,2089,1402,0,0,0,0,3
1,2090,1403,0,0,0,0,3
1,2091,1404,0,0,0,0,3
1,2092,1405,0,0,0,0,3
1,2093,1406,0,0,0,0,1
1,2094,1407,0,0,0,0,2
1,2095,1408,0,0,0,0,3
1,2096,1409,0,0,0,0,3
1,2097,1410,0,0,0,0,3
1,2101,1411,0,0,0,0,3
1,2102,1412,0,0,0,0,3
1,2103,1413,0,0,0,0,3
1,2104,1414,0,0,0,0,3
1,2106,1415,0,0,0,0,3
1,2107,1416,0,0,0,0,3
1,2108,1417,0,0,0,0,3
1,2109,1418,0,0,0,0,3
1,2110,1419,0,0,0,0,3
1,2114,1420,0,0,0,0,3
1,2115,1421,0,0,0,0,3
1,2116,1422,0,0,0,0,3
1,2117,1423,0,0,0,0,3
1,2118,1424,0,0,0,0,3
1,2120,1425,0,0,0,0,1
1,2121,1426,0,0,0,0,2
1,2122,1427,0,0,0,0,3
1,2123,1428,0,0,0,0,3
1,2127,1429,0,0,0,0,3
1,2128,1430,0,0,0,0,3
1,2129,1431,0,0,0,0,3
1,2130,1432,0,0,0,0,3
1,2131,1433,0,0,0,0,3
1,2132,1434,0,0,0,0,3
1,2134,1435,0,0,0,0,3
1,2135,1436,0,0,0,0,3
1,2136,1437,0,0,0,0,3
1,2140,1438,0,0,0,0,3
1,2141,1439,0,0,0,0,3
1,2142,1440,0,0,0,0,3
1,2143,1441,0,0,0,0,3
1,2144,1442,0,0,0,0,3
1,2145,1443,0,0,0,0,3
1,2146,1444,0,0,0,0,1
1,2148,1445,0,0,0,0,2
1,2149,1446,0,0,0,0,3
1,2153,1447,0,0,0,0,3
1,2154,1448,0,0,0,0,3
1,2155,1449,0,0,0,0,3
1,2156,1450,0,0,0,0,3
1,2157,1451,0,0,0,0,3
1,2158,1452,0,0,0,0,3
1,2159,1453,0,0,0,0,3
1,2160,1454,0,0,0,0,3
1,2162,1455,0,0,0,0,3
1,2166,1456,0,0,0,0,3
1,2167,1457,0,0,0,0,3
1,2168,1458,0,0,0,0,3
1,2169,1459,0,0,0,0,3
1,2170,1460,0,0,0,0,3
1,2171,1461,0,0,0,0,3
1,2172,1462,0,0,0,0,3
1,2173,1463,0,0,0,0,1
1,2174,1464,0,0,0,0,2
1,2179,1465,0,0,0,0,3
1,2180,1466,0,0,0,0,3
1,2181,1467,0,0,0,0,3
1,2182,1468,0,0,0,0,3
1,2183,1469,0,0,0,0,3
1,2184,1470,0,0,0,0,3
1,2185,1471,0,0,0,0,3
1,2186,1472,0,0,0,0,3
1,2187,1473,0,0,0,0,3
1,2188,1474,0,0,0,0,3
1,2192,1475,0,0,0,0,3
1,2193,1476,0,0,0,0,3
1,2194,1477,0,0,0,0,3
1,2195,1478,0,0,0,0,3
1,2197,1479,0,0,0,0,3
1,2198,1480,0,0,0,0,3
1,2199,1481,0,0,0,0,3
1,2200,1482,0,0,0,0,1
1,2201,1483,0,0,0,0,2
1,2205,1484,0,0,0,0,3
1,2206,1485,0,0,0,0,3
1,2207,1486,0,0,0,0,3
1,2208,1487,0,0,0,0,3
1,2209,1488,0,0,0,0,3
1,2211,1489,0,0,0,0,3
1,2212,1490,0,0,0,0,3
1,2213,1491,0,0,0,0,3
1,2214,1492,0,0,0,0,3
1,2218,1493,0,0,0,0,3
1,2219,1494,0,0,0,0,3
1,2220,1495,0,0,0,0,3
1,2221,1496,0,0,0,0,3
1,2222,1497,0,0,0,0,3
1,2223,1498,0,0,0,0,3
1,2225,1499,0,0,0,0,3
1,2226,1500,0,0,0,0,3
1,2227,1501,0,0,0,0,1
1,2231,1502,0,0,0,0,2
1,2232,1503,0,0,0,0,3
1,2233,1504,0,0,0,0,3
1,2234,1505,0,0,0,0,3
1,2235,1506,0,0,0,0,3
1,2236,1507,0,0,0,0,3
1,2237,1508,0,0,0,0,3
1,2239,1509,0,0,0,0,3
1,2240,1510,0,0,0,0,3
1,2244,1511,0,0,0,0,3
1,2245,1512,0,0,0,0,3
1,2246,1513,0,0,0,0,3
1,2247,1514,0,0,0,0,3
1,2248,1515,0,0,0,0,3
1,2249,1516,0,0,0,0,3
1,2250,1517,0,0,0,0,3
1,2251,1518,0,0,0,0,3
1,2253,1519,0,0,0,0,3
1,2257,1520,0,0,0,0,1
1,2258,1521,0,0,0,0,2
1,2259,1522,0,0,0,0,3
1,2260,1523,0,0,0,0,3
1,2261,1524,0,0,0,0,3
1,2262,1525,0,0,0,0,3
1,2263,1526,0,0,0,0,3
1,2264,1527,0,0,0,0,3
1,2265,1528,0,0,0,0,3
1,2270,1529,0,0,0,0,3
1,2271,1530,0,0,0,0,3
1,2272,1531,0,0,0,0,3
1,2273,1532,0,0,0,0,3
1,2274,1533,0,0,0,0,3
1,2275,1534,0,0,0,0,3
1,2276,1535,0,0,0,0,3
1,2277,1536,0,0,0,0,3
1,2278,1537,0,0,0,0,3
1,2279,1538,0,0,0,0,3
1,2283,1539,0,0,0,0,1
1,2284,1540,0,0,0,0,2
1,2285,1541,0,0,0,0,3
1,2286,1542,0,0,0,0,3
1,2288,1543,0,0,0,0,3
1,2289,1544,0,0,0,0,3
1,2290,1545,0,0,0,0,3
1,2291,1546,0,0,0,0,3
1,2292,1547,0,0,0,0,3
1,2296,1548,0,0,0,0,3
1,2297,1549,0,0,0,0,3
1,2298,1550,0,0,0,0,3
1,2299,1551,0,0,0,0,3
1,2300,1552,0,0,0,0,3
1,2302,1553,0,0,0,0,3
1,2303,1554,0,0,0,0,3
1,2304,1555,0,0,0,0,3
1,2305,1556,0,0,0,0,3
1,2309,1557,0,0,0,0,3
1,2310,1558,0,0,0,0,1
1,2311,1559,0,0,0,0,2
1,2312,1560,0,0,0,0,3
1,2313,1561,0,0,0,0,3
1,2314,1562,0,0,0,0,3
1,2316,1563,0,0,0,0,3
1,2317,1564,0,0,0,0,3
1,2318,1565,0,0,0,0,3
1,2322,1566,0,0,0,0,3
1,2323,1567,0,0,0,0,3
1,2324,1568,0,0,0,0,3
1,2325,1569,0,0,0,0,3
1,2326,1570,0,0,0,0,3
1,2327,1571,0,0,0,0,3
1,2328,1572,0,0,0,0,3
1,2330,1573,0,0,0,0,3
1,2331,1574,0,0,0,0,3
1,2335,1575,0,0,0,0,3
1,2336,1576,0,0,0,0,3
1,2337,1577,0,0,0,0,1
1,2338,1578,0,0,0,0,2
1,2339,1579,0,0,0,0,3
1,2340,1580,0,0,0,0,3
1,2341,1581,0,0,0,0,3
1,2342,1582,0,0,0,0,3
1,2344,1583,0,0,0,0,3
1,2348,1584,0,0,0,0,3
1,2349,1585,0,0,0,0,3
1,2350,1586,0,0,0,0,3
1,2351,1587,0,0,0,0,3
1,2352,1588,0,0,0,0,3
1,2353,1589,0,0,0,0,3
1,2354,1590,0,0,0,0,3
1,2355,1591,0,0,0,0,3
1,2356,1592,0,0,0,0,3
1,2361,1593,0,0,0,0,3
1,2362,1594,0,0,0,0,3
1,2363,1595,0,0,0,0,3
1,2364,1596,0,0,0,0,1
1,2365,1597,0,0,0,0,2
1,2366,1598,0,0,0,0,3
1,2367,1599,0,0,0,0,3
1,2368,1600,0,0,0,0,3
1,2369,1601,0,0,0,0,3
1,2370,1602,0,0,0,0,3
1,2374,1603,0,0,0,0,3
1,2375,1604,0,0,0,0,3
1,2376,1605,0,0,0,0,3
1,2377,1606,0,0,0,0,3
1,2379,1607,0,0,0,0,3
1,2380,1608,0,0,0,0,3
1,2381,1609,0,0,0,0,3
1,2382,1610,0,0,0,0,3
1,2383,1611,0,0,0,0,3
1,2387,1612,0,0,0,0,3
1,2388,1613,0,0,0,0,3
1,2389,1614,0,0,0,0,3
1,2390,1615,0,0,0,0,1
1,2391,1616,0,0,0,0,2
1,2393,1617,0,0,0,0,3
1,2394,1618,0,0,0,0,3
1,2395,1619,0,0,0,0,3
1,2396,1620,0,0,0,0,3
1,2400,1621,0,0,0,0,3
1,2401,1622,0,0,0,0,3
1,2402,1623,0,0,0,0,3
1,2403,1624,0,0,0,0,3
1,2404,1625,0,0,0,0,3
1,2405,1626,0,0,0,0,3
1,2407,1627,0,0,0,0,3
1,2408,1628,0,0,0,0,3
1,2409,1629,0,0,0,0,3
1,2413,1630,0,0,0,0,3
1,2414,1631,0,0,0,0,3
1,2415,1632,0,0,0,0,3
1,2416,1633,0,0,0,0,3
1,2417,1634,0,0,0,0,1
1,2418,1635,0,0,0,0,2
1,2419,1636,0,0,0,0,3
1,2421,1637,0,0,0,0,3
1,2422,1638,0,0,0,0,3
1,2426,1639,0,0,0,0,3
1,2427,1640,0,0,0,0,3
1,2428,1641,0,0,0,0,3
1,2429,1642,0,0,0,0,3
1,2430,1643,0,0,0,0,3
1,2431,1644,0,0,0,0,3
1,2432,1645,0,0,0,0,3
1,2433,1646,0,0,0,0,3
1,2435,1647,0,0,0,0,3
1,2439,1648,0,0,0,0,3
1,2440,1649,0,0,0,0,3
1,2441,1650,0,0,0,0,3
1,2442,1651,0,0,0,0,3
1,2443,1652,0,0,0,0,3
1,2444,1653,0,0,0,0,1
1,2445,1654,0,0,0,0,2
1,2446,1655,0,0,0,0,3
1,2447,1656,0,0,0,0,3
1,2452,1657,0,0,0,0,3
1,2453,1658,0,0,0,0,3
1,2454,1659,0,0,0,0,3
1,2455,1660,0,0,0,0,3
1,2456,1661,0,0,0,0,3
1,2457,1662,0,0,0,0,3
1,2458,1663,0,0,0,0,3
1,2459,1664,0,0,0,0,3
1,2460,1665,0,0,0,0,3
1,2461,1666,0,0,0,0,3
1,2465,1667,0,0,0,0,3
1,2466,1668,0,0,0,0,3
1,2467,1669,0,0,0,0,3
1,2468,1670,0,0,0,0,3
1,2470,1671,0,0,0,0,3
1,2471,1672,0,0,0,0,1
1,2472,1673,0,0,0,0,2
1,2473,1674,0,0,0,0,3
1,2474,1675,0,0,0,0,3
1,2478,1676,0,0,0,0,3
1,2479,1677,0,0,0,0,3
1,2480,1678,0,0,0,0,3
1,2481,1679,0,0,0,0,3
1,2482,1680,0,0,0,0,3
1,2484,1681,0,0,0,0,3
1,2485,1682,0,0,0,0,3
1,2486,1683,0,0,0,0,3
1,2487,1684,0,0,0,0,3
1,2491,1685,0,0,0,0,3
1,2492,1686,0,0,0,0,3
1,2493,1687,0,0,0,0,3
1,2494,1688,0,0,0,0,3
1,2495,1689,0,0,0,0,3
1,2496,1690,0,0,0,0,3
1,2498,1691,0,0,0,0,1
1,2499,1692,0,0,0,0,2
1,2500,1693,0,0,0,0,3
1,2504,1694,0,0,0,0,3
1,2505,1695,0,0,0,0,3
1,2506,1696,0,0,0,0,3
1,2507,1697,0,0,0,0,3
1,2508,1698,0,0,0,0,3
1,2509,1699,0,0,0,0,3
1,2510,1700,0,0,0,0,3
1,2512,1701,0,0,0,0,3
1,2513,1702,0,0,0,0,3
1,2517,1703,0,0,0,0,3
1,2518,1704,0,0,0,0,3
1,2519,1705,0,0,0,0,3
1,2520,1706,0,0,0,0,3
1,2521,1707,0,0,0,0,3
1,2522,1708,0,0,0,0,3
1,2523,1709,0,0,0,0,3
1,2524,1710,0,0,0,0,1
1,2526,1711,0,0,0,0,2
1,2530,1712,0,0,0,0,3
1,2531,1713,0,0,0,0,3
1,2532,1714,0,0,0,0,3
1,2533,1715,0,0,0,0,3
1,2534,1716,0,0,0,0,3
1,2535,1717,0,0,0,0,3
1,2536,1718,0,0,0,0,3
1,2537,1719,0,0,0,0,3
1,2538,1720,0,0,0,0,3
1,2543,1721,0,0,0,0,3
1,2544,1722,0,0,0,0,3
1,2545,1723,0,0,0,0,3
1,2546,1724,0,0,0,0,3
1,2547,1725,0,0,0,0,3
1,2548,1726,0,0,0,0,3
1,2549,1727,0,0,0,0,3
1,2550,1728,0,0,0,0,3
1,2551,1729,0,0,0,0,1
1,2552,1730,0,0,0,0,2
1,2556,1731,0,0,0,0,3
1,2557,1732,0,0,0,0,3
1,2558,1733,0,0,0,0,3
1,2559,1734,0,0,0,0,3
1,2561,1735,0,0,0,0,3
1,2562,1736,0,0,0,0,3
1,2563,1737,0,0,0,0,3
1,2564,1738,0,0,0,0,3
1,2565,1739,0,0,0,0,3
1,2569,1740,0,0,0,0,3
1,2570,1741,0,0,0,0,3
1,2571,1742,0,0,0,0,3
1,2572,1743,0,0,0,0,3
1,2573,1744,0,0,0,0,3
1,2575,1745,0,0,0,0,3
1,2576,1746,0,0,0,0,3
1,2577,1747,0,0,0,0,3
1,2578,1748,0,0,0,0,1
1,2582,1749,0,0,0,0,2
1,2583,1750,0,0,0,0,3
1,2584,1751,0,0,0,0,3
1,2585,1752,0,0,0,0,3
1,2586,1753,0,0,0,0,3
1,2587,1754,0,0,0,0,3
1,2589,1755,0,0,0,0,3
1,2590,1756,0,0,0,0,3
1,2591,1757,0,0,0,0,3
1,2595,1758,0,0,0,0,3
1,2596,1759,0,0,0,0,3
1,2597,1760,0,0,0,0,3
1,2598,1761,0,0,0,0,3
1,2599,1762,0,0,0,0,3
1,2600,1763,0,0,0,0,3
1,2601,1764,0,0,0,0,3
1,2603,1765,0,0,0,0,3
1,2604,1766,0,0,0,0,3
1,2608,1767,0,0,0,0,1
1,2609,1768,0,0,0,0,2
1,2610,1769,0,0,0,0,3
1,2611,1770,0,0,0,0,3
1,2612,1771,0,0,0,0,3
1,2613,1772,0,0,0,0,3
1,2614,1773,0,0,0,0,3
1,2615,1774,0,0,0,0,3
1,2617,1775,0,0,0,0,3
1,2621,1776,0,0,0,0,3
1,2622,1777,0,0,0,0,3
1,2623,1778,0,0,0,0,3
1,2624,1779,0,0,0,0,3
1,2625,1780,0,0,0,0,3
1,2626,1781,0,0,0,0,3
1,2627,1782,0,0,0,0,3
1,2628,1783,0,0,0,0,3
1,2629,1784,0,0,0,0,3
1,2634,1785,0,0,0,0,3
1,2635,1786,0,0,0,0,1
1,2636,1787,0,0,0,0,2
1,2637,1788,0,0,0,0,3
1,2638,1789,0,0,0,0,3
1,2639,1790,0,0,0,0,3
1,2640,1791,0,0,0,0,3
1,2641,1792,0,0,0,0,3
1,2642,1793,0,0,0,0,3
1,2643,1794,0,0,0,0,3
1,2647,1795,0,0,0,0,3
1,2648,1796,0,0,0,0,3
1,2649,1797,0,0,0,0,3
1,2650,1798,0,0,0,0,3
1,2652,1799,0,0,0,0,3
1,2653,1800,0,0,0,0,3
1,2654,1801,0,0,0,0,3
1,2655,1802,0,0,0,0,3
1,2656,1803,0,0,0,0,3
1,2660,1804,0,0,0,0,3
1,2661,1805,0,0,0,0,1
1,2662,1806,0,0,0,0,2
1,2663,1807,0,0,0,0,3
1,2664,1808,0,0,0,0,3
1,2666,1809,0,0,0,0,3
1,2667,1810,0,0,0,0,3
1,2668,1811,0,0,0,0,3
1,2669,1812,0,0,0,0,3
1,2673,1813,0,0,0,0,3
1,2674,1814,0,0,0,0,3
1,2675,1815,0,0,0,0,3
1,2676,1816,0,0,0,0,3
1,2677,1817,0,0,0,0,3
1,2678,1818,0,0,0,0,3
1,2680,1819,0,0,0,0,3
1,2681,1820,0,0,0,0,3
1,2682,1821,0,0,0,0,3
1,2686,1822,0,0,0,0,3
1,2687,1823,0,0,0,0,3
1,2688,1824,0,0,0,0,1
1,2689,1825,0,0,0,0,2
1,2690,1826,0,0,0,0,3
1,2691,1827,0,0,0,0,3
1,2692,1828,0,0,0,0,3
1,2694,1829,0,0,0,0,3
1,2695,1830,0,0,0,0,3
1,2699,1831,0,0,0,0,3
1,2700,1832,0,0,0,0,3
1,2701,1833,0,0,0,0,3
1,2702,1834,0,0,0,0,3
1,2703,1835,0,0,0,0,3
1,2704,1836,0,0,0,0,3
1,2705,1837,0,0,0,0,3
1,2706,1838,0,0,0,0,3
1,2708,1839,0,0,0,0,3
1,2712,1840,0,0,0,0,3
1,2713,1841,0,0,0,0,3
1,2714,1842,0,0,0,0,3
1,2715,1843,0,0,0,0,1
1,2716,1844,0,0,0,0,2
1,2717,1845,0,0,0,0,3
1,2718,1846,0,0,0,0,3
1,2719,1847,0,0,0,0,3
1,2720,1848,0,0,0,0,3
1,2725,1849,0,0,0,0,3
1,2726,1850,0,0,0,0,3
1,2727,1851,0,0,0,0,3
1,2728,1852,0,0,0,0,3
1,2729,1853,0,0,0,0,3
1,2730,1854,0,0,0,0,3
1,2731,1855,0,0,0,0,3
1,2732,1856,0,0,0,0,3
1,2733,1857,0,0,0,0,3
1,2734,1858,0,0,0,0,3
1,2738,1859,0,0,0,0,3
1,2739,1860,0,0,0,0,3
1,2740,1861,0,0,0,0,3
1,2741,1862,0,0,0,0,1
1,2743,1863,0,0,0,0,2
1,2744,1864,0,0,0,0,3
1,2745,1865,0,0,0,0,3
1,2746,1866,0,0,0,0,3
1,2747,1867,0,0,0,0,3
1,2751,1868,0,0,0,0,3
1,2752,1869,0,0,0,0,3
1,2753,1870,0,0,0,0,3
1,2754,1871,0,0,0,0,3
1,2755,1872,0,0,0,0,3
1,2757,1873,0,0,0,0,3
1,2758,1874,0,0,0,0,3
1,2759,1875,0,0,0,0,3
1,2760,1876,0,0,0,0,3
1,2764,1877,0,0,0,0,3
1,2765,1878,0,0,0,0,3
1,2766,1879,0,0,0,0,3
1,2767,1880,0,0,0,0,3
1,2768,1881,0,0,0,0,1
1,2769,1882,0,0,0,0,2
1,2771,1883,0,0,0,0,3
1,2772,1884,0,0,0,0,3
1,2773,1885,0,0,0,0,3
1,2777,1886,0,0,0,0,3
1,2778,1887,0,0,0,0,3
1,2779,1888,0,0,0,0,3
1,2780,1889,0,0,0,0,3
1,2781,1890,0,0,0,0,3
1,2782,1891,0,0,0,0,3
1,2783,1892,0,0,0,0,3
1,2785,1893,0,0,0,0,3
1,2786,1894,0,0,0,0,3
1,2790,1895,0,0,0,0,3
1,2791,1896,0,0,0,0,3
1,2792,1897,0,0,0,0,3
1,2793,1898,0,0,0,0,3
1,2794,1899,0,0,0,0,3
1,2795,1900,0,0,0,0,1
1,2796,1901,0,0,0,0,2
1,2797,1902,0,0,0,0,3
1,2799,1903,0,0,0,0,3
1,2803,1904,0,0,0,0,3
1,2804,1905,0,0,0,0,3
1,2805,1906,0,0,0,0,3
1,2806,1907,0,0,0,0,3
1,2807,1908,0,0,0,0,3
1,2808,1909,0,0,0,0,3
1,2809,1910,0,0,0,0,3
1,2810,1911,0,0,0,0,3
1,2811,1912,0,0,0,0,3
1,2816,1913,0,0,0,0,3
1,2817,1914,0,0,0,0,3
1,2818,1915,0,0,0,0,3
1,2819,1916,0,0,0,0,3
1,2820,1917,0,0,0,0,3
1,2821,1918,0,0,0,0,3
1,2822,1919,0,0,0,0,1
1,2823,1920,0,0,0,0,2
1,2824,1921,0,0,0,0,3
1,2825,1922,0,0,0,0,3
1,2829,1923,0,0,0,0,3
1,2830,1924,0,0,0,0,3
1,2831,1925,0,0,0,0,3
1,2832,1926,0,0,0,0,3
1,2834,1927,0,0,0,0,3
1,2835,1928,0,0,0,0,3
1,2836,1929,0,0,0,0,3
1,2837,1930,0,0,0,0,3
1,2838,1931,0,0,0,0,3
1,2842,1932,0,0,0,0,3
1,2843,1933,0,0,0,0,3
1,2844,1934,0,0,0,0,3
1,2845,1935,0,0,0,0,3
1,2846,1936,0,0,0,0,3
1,2848,1937,0,0,0,0,3
1,2849,1938,0,0,0,0,1
1,2850,1939,0,0,0,0,2
1,2851,1940,0,0,0,0,3
1,2855,1941,0,0,0,0,3
1,2856,1942,0,0,0,0,3
1,2857,1943,0,0,0,0,3
1,2858,1944,0,0,0,0,3
1,2859,1945,0,0,0,0,3
1,2860,1946,0,0,0,0,3
1,2862,1947,0,0,0,0,3
1,2863,1948,0,0,0,0,3
1,2864,1949,0,0,0,0,3
1,2868,1950,0,0,0,0,3
1,2869,1951,0,0,0,0,3
1,2870,1952,0,0,0,0,3
1,2871,1953,0,0,0,0,3
1,2872,1954,0,0,0,0,3
1,2873,1955,0,0,0,0,3
1,2874,1956,0,0,0,0,3
1,2876,1957,0,0,0,0,1
1,2877,1958,0,0,0,0,2
1,2881,1959,0,0,0,0,3
1,2882,1960,0,0,0,0,3
1,2883,1961,0,0,0,0,3
1,2884,1962,0,0,0,0,3
1,2885,1963,0,0,0,0,3
1,2886,1964,0,0,0,0,3
1,2887,1965,0,0,0,0,3
1,2888,1966,0,0,0,0,3
1,2890,1967,0,0,0,0,3
1,2894,1968,0,0,0,0,3
1,2895,1969,0,0,0,0,3
1,2896,1970,0,0,0,0,3
1,2897,1971,0,0,0,0,3
1,2898,1972,0,0,0,0,3
1,2899,1973,0,0,0,0,3
1,2900,1974,0,0,0,0,3
1,2901,1975,0,0,0,0,3
1,2902,1976,0,0,0,0,1
1,2907,1977,0,0,0,0,2
1,2908,1978,0,0,0,0,3
1,2909,1979,0,0,0,0,3
1,2910,1980,0,0,0,0,3
1,2911,1981,0,0,0,0,3
1,2912,1982,0,0,0,0,3
1,2913,1983,0,0,0,0,3
1,2914,1984,0,0,0,0,3
1,2915,1985,0,0,0,0,3
1,2916,1986,0,0,0,0,3
1,2920,1987,0,0,0,0,3
1,2921,1988,0,0,0,0,3
1,2922,1989,0,0,0,0,3
1,2923,1990,0,0,0,0,3
1,2924,1991,0,0,0,0,3
1,2925,1992,0,0,0,0,3
1,2926,1993,0,0,0,0,3
1,2927,1994,0,0,0,0,3
1,2928,1995,0,0,0,0,1
1,2929,1996,0,0,0,0,2
1,2933,1997,0,0,0,0,3
1,2934,1998,0,0,0,0,3
1,2935,1999,0,0,0,0,3
1,2936,2000,0,0,0,0,3
1,2937,2001,0,0,0,0,3
1,2938,2002,0,0,0,0,3
1,2939,2003,0,0,0,0,3
1,2940,2004,0,0,0,0,3
1,2941,2005,0,0,0,0,3
1,2942,2006,0,0,0,0,3
1,2946,2007,0,0,0,0,3
1,2947,2008,0,0,0,0,3
1,2948,2009,0,0,0,0,3
1,2949,2010,0,0,0,0,3
1,2950,2011,0,0,0,0,3
1,2951,2012,0,0,0,0,3
1,2952,2013,0,0,0,0,3
1,2953,2014,0,0,0,0,1
1,2954,2015,0,0,0,0,2
1,2955,2016,0,0,0,0,3
1,2959,2017,0,0,0,0,3
1,2960,2018,0,0,0,0,3
1,2961,2019,0,0,0,0,3
1,2962,2020,0,0,0,0,3
1,2963,2021,0,0,0,0,3
1,2964,2022,0,0,0,0,3
1,2965,2023,0,0,0,0,3
1,2966,2024,0,0,0,0,3
1,2967,2025,0,0,0,0,3
1,2968,2026,0,0,0,0,3
1,2972,2027,0,0,0,0,3
1,2973,2028,0,0,0,0,3
1,2974,2029,0,0,0,0,3
1,2975,2030,0,0,0,0,3
1,2976,2031,0,0,0,0,3
1,2977,2032,0,0,0,0,3
1,2978,2033,0,0,0,0,1
1,2979,2034,0,0,0,0,2
1,2980,2035,0,0,0,0,3
1,2981,2036,0,0,0,0,3
1,2985,2037,0,0,0,0,3
1,2986,2038,0,0,0,0,3
1,2987,2039,0,0,0,0,3
1,2988,2040,0,0,0,0,3
1,2989,2041,0,0,0,0,3
1,2990,2042,0,0,0,0,3
1,2991,2043,0,0,0,0,3
1,2992,2044,0,0,0,0,3
1,2993,2045,0,0,0,0,3
1,2994,2046,0,0,0,0,3
1,2998,2047,0,0,0,1,3
1,3115,2048,4096,0,0,0,3
1,3116,2049,0,-1,-1,0,3
1,3117,2050,0,-3,-3,0,3
1,3118,2051,0,-3,-3,0,3
1,3119,2052,0,-3,-3,0,1
1,3121,2053,0,-1,-1,0,2
1,3122,2054,0,0,0,0,3
1,3123,2055,0,0,0,0,3
1,3124,2056,0,0,0,0,3
1,3128,2057,0,0,0,0,3
1,3129,2058,0,-3,-3,0,3
1,3130,2059,0,-5,-5,0,3
1,3131,2060,0,-6,-6,0,3
1,3132,2061,0,-5,-5,0,3
1,3133,2062,0,-3,-3,0,3
1,3135,2063,0,0,0,0,3
1,3136,2064,0,2,2,0,3
1,3137,2065,0,2,2,0,3
1,3141,2066,0,0,0,0,3
1,3142,2067,0,-6,-6,0,3
1,3143,2068,0,-12,-12,0,3
1,3144,2069,0,-13,-13,0,3
1,3145,2070,0,-10,-10,0,3
1,3146,2071,0,-5,-5,0,1
1,3147,2072,0,4,4,0,2
1,3149,2073,0,9,9,0,3
1,3150,2074,0,7,7,0,3
1,3154,2075,0,0,0,0,3
1,3155,2076,0,-12,-12,0,3
1,3156,2077,0,-22,-22,0,3
1,3157,2078,0,-25,-25,0,3
1,3158,2079,0,-20,-20,0,3
1,3159,2080,0,-6,-6,0,3
1,3160,2081,0,9,9,0,3
1,3161,2082,0,19,19,0,3
1,3163,2083,0,16,16,0,3
1,3167,2084,0,2,2,0,3
1,3168,2085,0,-18,-18,0,3
1,3169,2086,0,-39,-39,0,3
1,3170,2087,0,-46,-46,0,3
1,3171,2088,0,-34,-34,0,3
1,3172,2089,0,-8,-8,0,3
1,3173,2090,0,21,21,0,1
1,3174,2091,0,40,40,0,2
1,3175,2092,0,36,36,0,3
1,3180,2093,0,9,9,0,3
1,3181,2094,0,-32,-32,0,3
1,3182,2095,0,-68,-68,0,3
1,3183,2096,0,-83,-83,0,3
1,3184,2097,0,-61,-61,0,3
1,3185,2098,0,-10,-10,0,3
1,3186,2099,0,50,50,0,3
1,3187,2100,0,93,93,0,3
1,3188,2101,0,89,89,0,3
1,3189,2102,0,33,33,0,3
1,3193,2103,0,-61,-61,0,3
1,3194,2104,0,-157,-157,0,3
1,3195,2105,0,-204,-204,0,3
1,3196,2106,0,-162,-162,0,3
1,3198,2107,0,-12,-12,0,3
1,3199,2108,0,226,226,0,3
1,3200,2109,0,499,499,0,1
1,3201,2110,0,739,739,0,2
1,3202,2111,0,879,879,0,3
1,3206,2112,0,879,879,0,3
1,3207,2113,0,739,739,0,3
1,3208,2114,0,499,499,0,3
1,3209,2115,0,226,226,0,3
1,3210,2116,0,-12,-12,0,3
1,3212,2117,0,-162,-162,0,3
1,3213,2118,0,-204,-204,0,3
1,3214,2119,0,-157,-157,0,3
1,3215,2120,0,-61,-61,0,3
1,3219,2121,0,33,33,0,3
1,3220,2122,0,89,89,0,3
1,3221,2123,0,93,93,0,3
1,3222,2124,0,50,50,0,3
1,3223,2125,0,-10,-10,0,3
1,3224,2126,0,-61,-61,0,3
1,3226,2127,0,-83,-83,0,3
1,3227,2128,0,-68,-68,0,1
1,3228,2129,0,-32,-32,0,2
1,3232,2130,0,9,9,0,3
1,3233,2131,0,36,36,0,3
1,3234,2132,0,40,40,0,3
1,3235,2133,0,21,21,0,3
1,3236,2134,0,-8,-8,0,3
1,3237,2135,0,-34,-34,0,3
1,3238,2136,0,-46,-46,0,3
1,3240,2137,0,-39,-39,0,3
1,3241,2138,0,-18,-18,0,3
1,3245,2139,0,2,2,0,3
1,3246,2140,0,16,16,0,3
1,3247,2141,0,19,19,0,3
1,3248,2142,0,9,9,0,3
1,3249,2143,0,-6,-6,0,3
1,3250,2144,0,-20,-20,0,3
1,3251,2145,0,-25,-25,0,3
1,3252,2146,0,-22,-22,0,3
1,3254,2147,0,-12,-12,0,1
1,3258,2148,0,0,0,0,2
1,3259,2149,0,7,7,0,3
1,3260,2150,0,9,9,0,3
1,3261,2151,0,4,4,0,3
1,3262,2152,0,-5,-5,0,3
1,3263,2153,0,-10,-10,0,3
1,3264,2154,0,-13,-13,0,3
1,3265,2155,0,-12,-12,0,3
1,3266,2156,0,-6,-6,0,3
1,3271,2157,0,0,0,0,3
1,3272,2158,0,2,2,0,3
1,3273,2159,0,2,2,0,3
1,3274,2160,0,0,0,0,3
1,3275,2161,0,-3,-3,0,3
1,3276,2162,0,-5,-5,0,3
1,3277,2163,0,-6,-6,0,3
1,3278,2164,0,-5,-5,0,3
1,3279,2165,0,-3,-3,0,3
1,3280,2166,0,0,0,0,1
1,3284,2167,0,0,0,0,2
1,3285,2168,0,0,0,0,3
1,3286,2169,0,0,0,0,3
1,3287,2170,0,-1,-1,0,3
1,3289,2171,0,-3,-3,0,3
1,3290,2172,0,-3,-3,0,3
1,3291,2173,0,-3,-3,0,3
1,3292,2174,0,-1,-1,0,3
1,3293,2175,0,0,0,0,3
1,3297,2176,0,0,0,0,3
1,3298,2177,0,0,0,0,3
1,3299,2178,0,0,0,0,3
1,3300,2179,0,0,0,0,3
1,3301,2180,0,0,0,0,3
1,3303,2181,0,0,0,0,3
1,3304,2182,0,0,0,0,3
1,3305,2183,0,0,0,0,3
1,3306,2184,0,0,0,0,3
1,3310,2185,0,0,0,0,1
1,3311,2186,0,0,0,0,2
1,3312,2187,0,0,0,0,3
1,3313,2188,0,0,0,0,3
1,3314,2189,0,0,0,0,3
1,3315,2190,0,0,0,0,3
1,3317,2191,0,0,0,0,3
1,3318,2192,0,0,0,0,3
1,3319,2193,0,0,0,0,3
1,3323,2194,0,0,0,0,3
1,3324,2195,0,0,0,0,3
1,3325,2196,0,0,0,0,3
1,3326,2197,0,0,0,0,3
1,3327,2198,0,0,0,0,3
1,3328,2199,0,0,0,0,3
1,3329,2200,0,0,0,0,3
1,3331,2201,0,0,0,0,3
1,3332,2202,0,0,0,0,3
1,3336,2203,0,0,0,0,3
1,3337,2204,0,0,0,0,1
1,3338,2205,0,0,0,0,2
1,3339,2206,0,0,0,0,3
1,3340,2207,0,0,0,0,3
1,3341,2208,0,0,0,0,3
1,3342,2209,0,0,0,0,3
1,3343,2210,0,0,0,0,3
1,3345,2211,0,0,0,0,3
1,3349,2212,0,0,0,0,3
1,3350,2213,0,0,0,0,3
1,3351,2214,0,0,0,0,3
1,3352,2215,0,0,0,0,3
1,3353,2216,0,0,0,0,3
1,3354,2217,0,0,0,0,3
1,3355,2218,0,0,0,0,3
1,3356,2219,0,0,0,0,3
1,3357,2220,0,0,0,0,3
1,3362,2221,0,0,0,0,3
1,3363,2222,0,0,0,0,3
1,3364,2223,0,0,0,0,1
1,3365,2224,0,0,0,0,2
1,3366,2225,0,0,0,0,3
1,3367,2226,0,0,0,0,3
1,3368,2227,0,0,0,0,3
1,3369,2228,0,0,0,0,3
1,3370,2229,0,0,0,0,3
1,3371,2230,0,0,0,0,3
1,3375,2231,0,0,0,0,3
1,3376,2232,0,0,0,0,3
1,3377,2233,0,0,0,0,3
1,3378,2234,0,0,0,0,3
1,3380,2235,0,0,0,0,3
1,3381,2236,0,0,0,0,3
1,3382,2237,0,0,0,0,3
1,3383,2238,0,0,0,0,3
1,3384,2239,0,0,0,0,3
1,3388,2240,0,0,0,0,3
1,3389,2241,0,0,0,0,3
1,3390,2242,0,0,0,0,1
1,3391,2243,0,0,0,0,2
1,3392,2244,0,0,0,0,3
1,3394,2245,0,0,0,0,3
1,3395,2246,0,0,0,0,3
1,3396,2247,0,0,0,0,3
1,3397,2248,0,0,0,0,3
1,3401,2249,0,0,0,0,3
1,3402,2250,0,0,0,0,3
1,3403,2251,0,0,0,0,3
1,3404,2252,0,0,0,0,3
1,3405,2253,0,0,0,0,3
1,3406,2254,0,0,0,0,3
1,3408,2255,0,0,0,0,3
1,3409,2256,0,0,0,0,3
1,3410,2257,0,0,0,0,3
1,3414,2258,0,0,0,0,3
1,3415,2259,0,0,0,0,3
1,3416,2260,0,0,0,0,3
1,3417,2261,0,0,0,0,1
1,3418,2262,0,0,0,0,2
1,3419,2263,0,0,0,0,3
1,3420,2264,0,0,0,0,3
1,3422,2265,0,0,0,0,3
1,3423,2266,0,0,0,0,3
1,3427,2267,0,0,0,0,3
1,3428,2268,0,0,0,0,3
1,3429,2269,0,0,0,0,3
1,3430,2270,0,0,0,0,3
1,3431,2271,0,0,0,0,3
1,3432,2272,0,0,0,0,3
1,3433,2273,0,0,0,0,3
1,3434,2274,0,0,0,0,3
1,3436,2275,0,0,0,0,3
1,3440,2276,0,0,0,0,3
1,3441,2277,0,0,0,0,3
1,3442,2278,0,0,0,0,3
1,3443,2279,0,0,0,0,3
1,3444,2280,0,0,0,0,1
1,3445,2281,0,0,0,0,2
1,3446,2282,0,0,0,0,3
1,3447,2283,0,0,0,0,3
1,3448,2284,0,0,0,0,3
1,3453,2285,0,0,0,0,3
1,3454,2286,0,0,0,0,3
1,3455,2287,0,0,0,0,3
1,3456,2288,0,0,0,0,3
1,3457,2289,0,0,0,0,3
1,3458,2290,0,0,0,0,3
1,3459,2291,0,0,0,0,3
1,3460,2292,0,0,0,0,3
1,3461,2293,0,0,0,0,3
1,3462,2294,0,0,0,0,3
1,3466,2295,0,0,0,0,3
1,3467,2296,0,0,0,0,3
1,3468,2297,0,0,0,0,3
1,3469,2298,0,0,0,0,3
1,3471,2299,0,0,0,0,1
1,3472,2300,0,0,0,0,2
1,3473,2301,0,0,0,0,3
1,3474,2302,0,0,0,0,3
1,3475,2303,0,0,0,0,3
1,3479,2304,0,0,0,0,3
1,3480,2305,0,0,0,0,3
1,3481,2306,0,0,0,0,3
1,3482,2307,0,0,0,0,3
1,3483,2308,0,0,0,0,3
1,3485,2309,0,0,0,0,3
1,3486,2310,0,0,0,0,3
1,3487,2311,0,0,0,0,3
1,3488,2312,0,0,0,0,3
1,3492,2313,0,0,0,0,3
1,3493,2314,0,0,0,0,3
1,3494,2315,0,0,0,0,3
1,3495,2316,0,0,0,0,3
1,3496,2317,0,0,0,0,3
1,3497,2318,0,0,0,0,1
1,3499,2319,0,0,0,0,2
1,3500,2320,0,0,0,0,3
1,3501,2321,0,0,0,0,3
1,3505,2322,0,0,0,0,3
1,3506,2323,0,0,0,0,3
1,3507,2324,0,0,0,0,3
1,3508,2325,0,0,0,0,3
1,3509,2326,0,0,0,0,3
1,3510,2327,0,0,0,0,3
1,3511,2328,0,0,0,0,3
1,3513,2329,0,0,0,0,3
1,3514,2330,0,0,0,0,3
1,3518,2331,0,0,0,0,3
1,3519,2332,0,0,0,0,3
1,3520,2333,0,0,0,0,3
1,3521,2334,0,0,0,0,3
1,3522,2335,0,0,0,0,3
1,3523,2336,0,0,0,0,3
1,3524,2337,0,0,0,0,1
1,3525,2338,0,0,0,0,2
1,3527,2339,0,0,0,0,3
1,3531,2340,0,0,0,0,3
1,3532,2341,0,0,0,0,3
1,3533,2342,0,0,0,0,3
1,3534,2343,0,0,0,0,3
1,3535,2344,0,0,0,0,3
1,3536,2345,0,0,0,0,3
1,3537,2346,0,0,0,0,3
1,3538,2347,0,0,0,0,3
1,3539,2348,0,0,0,0,3
1,3544,2349,0,0,0,0,3
1,3545,2350,0,0,0,0,3
1,3546,2351,0,0,0,0,3
1,3547,2352,0,0,0,0,3
1,3548,2353,0,0,0,0,3
1,3549,2354,0,0,0,0,3
1,3550,2355,0,0,0,0,3
1,3551,2356,0,0,0,0,1
1,3552,2357,0,0,0,0,2
1,3553,2358,0,0,0,0,3
1,3557,2359,0,0,0,0,3
1,3558,2360,0,0,0,0,3
1,3559,2361,0,0,0,0,3
1,3560,2362,0,0,0,0,3
1,3562,2363,0,0,0,0,3
1,3563,2364,0,0,0,0,3
1,3564,2365,0,0,0,0,3
1,3565,2366,0,0,0,0,3
1,3566,2367,0,0,0,0,3
1,3570,2368,0,0,0,0,3
1,3571,2369,0,0,0,0,3
1,3572,2370,0,0,0,0,3
1,3573,2371,0,0,0,0,3
1,3574,2372,0,0,0,0,3
1,3576,2373,0,0,0,0,3
1,3577,2374,0,0,0,0,3
1,3578,2375,0,0,0,0,1
1,3579,2376,0,0,0,0,2
1,3583,2377,0,0,0,0,3
1,3584,2378,0,0,0,0,3
1,3585,2379,0,0,0,0,3
1,3586,2380,0,0,0,0,3
1,3587,2381,0,0,0,0,3
1,3588,2382,0,0,0,0,3
1,3590,2383,0,0,0,0,3
1,3591,2384,0,0,0,0,3
1,3592,2385,0,0,0,0,3
1,3596,2386,0,0,0,0,3
1,3597,2387,0,0,0,0,3
1,3598,2388,0,0,0,0,3
1,3599,2389,0,0,0,0,3
1,3600,2390,0,0,0,0,3
1,3601,2391,0,0,0,0,3
1,3602,2392,0,0,0,0,3
1,3604,2393,0,0,0,0,3
1,3605,2394,0,0,0,0,1
1,3609,2395,0,0,0,0,2
1,3610,2396,0,0,0,0,3
1,3611,2397,0,0,0,0,3
1,3612,2398,0,0,0,0,3
1,3613,2399,0,0,0,0,3
1,3614,2400,0,0,0,0,3
1,3615,2401,0,0,0,0,3
1,3616,2402,0,0,0,0,3
1,3618,2403,0,0,0,0,3
1,3622,2404,0,0,0,0,3
1,3623,2405,0,0,0,0,3
1,3624,2406,0,0,0,0,3
1,3625,2407,0,0,0,0,3
1,3626,2408,0,0,0,0,3
1,3627,2409,0,0,0,0,3
1,3628,2410,0,0,0,0,3
1,3629,2411,0,0,0,0,3
1,3630,2412,0,0,0,0,3
1,3635,2413,0,0,0,0,1
1,3636,2414,0,0,0,0,2
1,3637,2415,0,0,0,0,3
1,3638,2416,0,0,0,0,3
1,3639,2417,0,0,0,0,3
1,3640,2418,0,0,0,0,3
1,3641,2419,0,0,0,0,3
1,3642,2420,0,0,0,0,3
1,3643,2421,0,0,0,0,3
1,3644,2422,0,0,0,0,3
1,3648,2423,0,0,0,0,3
1,3649,2424,0,0,0,0,3
1,3650,2425,0,0,0,0,3
1,3651,2426,0,0,0,0,3
1,3653,2427,0,0,0,0,3
1,3654,2428,0,0,0,0,3
1,3655,2429,0,0,0,0,3
1,3656,2430,0,0,0,0,3
1,3657,2431,0,0,0,0,3
1,3661,2432,0,0,0,0,1
1,3662,2433,0,0,0,0,2
1,3663,2434,0,0,0,0,3
1,3664,2435,0,0,0,0,3
1,3665,2436,0,0,0,0,3
1,3667,2437,0,0,0,0,3
1,3668,2438,0,0,0,0,3
1,3669,2439,0,0,0,0,3
1,3670,2440,0,0,0,0,3
1,3674,2441,0,0,0,0,3
1,3675,2442,0,0,0,0,3
1,3676,2443,0,0,0,0,3
1,3677,2444,0,0,0,0,3
1,3678,2445,0,0,0,0,3
1,3679,2446,0,0,0,0,3
1,3681,2447,0,0,0,0,3
1,3682,2448,0,0,0,0,3
1,3683,2449,0,0,0,0,3
1,3687,2450,0,0,0,0,3
1,3688,2451,0,0,0,0,1
1,3689,2452,0,0,0,0,2
1,3690,2453,0,0,0,0,3
1,3691,2454,0,0,0,0,3
1,3692,2455,0,0,0,0,3
1,3693,2456,0,0,0,0,3
1,3695,2457,0,0,0,0,3
1,3696,2458,0,0,0,0,3
1,3700,2459,0,0,0,0,3
1,3701,2460,0,0,0,0,3
1,3702,2461,0,0,0,0,3
1,3703,2462,0,0,0,0,3
1,3704,2463,0,0,0,0,3
1,3705,2464,0,0,0,0,3
1,3706,2465,0,0,0,0,3
1,3707,2466,0,0,0,0,3
1,3709,2467,0,0,0,0,3
1,3713,2468,0,0,0,0,3
1,3714,2469,0,0,0,0,3
1,3715,2470,0,0,0,0,1
1,3716,2471,0,0,0,0,2
1,3717,2472,0,0,0,0,3
1,3718,2473,0,0,0,0,3
1,3719,2474,0,0,0,0,3
1,3720,2475,0,0,0,0,3
1,3721,2476,0,0,0,0,3
1,3726,2477,0,0,0,0,3
1,3727,2478,0,0,0,0,3
1,3728,2479,0,0,0,0,3
1,3729,2480,0,0,0,0,3
1,3730,2481,0,0,0,0,3
1,3731,2482,0,0,0,0,3
1,3732,2483,0,0,0,0,3
1,3733,2484,0,0,0,0,3
1,3734,2485,0,0,0,0,3
1,3735,2486,0,0,0,0,3
1,3739,2487,0,0,0,0,3
1,3740,2488,0,0,0,0,3
1,3741,2489,0,0,0,0,1
1,3742,2490,0,0,0,0,2
1,3744,2491,0,0,0,0,3
1,3745,2492,0,0,0,0,3
1,3746,2493,0,0,0,0,3
1,3747,2494,0,0,0,0,3
1,3748,2495,0,0,0,0,3
1,3752,2496,0,0,0,0,3
1,3753,2497,0,0,0,0,3
1,3754,2498,0,0,0,0,3
1,3755,2499,0,0,0,0,3
1,3756,2500,0,0,0,0,3
1,3758,2501,0,0,0,0,3
1,3759,2502,0,0,0,0,3
1,3760,2503,0,0,0,0,3
1,3761,2504,0,0,0,0,3
1,3765,2505,0,0,0,0,3
1,3766,2506,0,0,0,0,3
1,3767,2507,0,0,0,0,3
1,3768,2508,0,0,0,0,1
1,3769,2509,0,0,0,0,2
1,3770,2510,0,0,0,0,3
1,3772,2511,0,0,0,0,3
1,3773,2512,0,0,0,0,3
1,3774,2513,0,0,0,0,3
1,3778,2514,0,0,0,0,3
1,3779,2515,0,0,0,0,3
1,3780,2516,0,0,0,0,3
1,3781,2517,0,0,0,0,3
1,3782,2518,0,0,0,0,3
1,3783,2519,0,0,0,0,3
1,3784,2520,0,0,0,0,3
1,3786,2521,0,0,0,0,3
1,3787,2522,0,0,0,0,3
1,3791,2523,0,0,0,0,3
1,3792,2524,0,0,0,0,3
1,3793,2525,0,0,0,0,3
1,3794,2526,0,0,0,0,3
1,3795,2527,0,0,0,0,1
1,3796,2528,0,0,0,0,2
1,3797,2529,0,0,0,0,3
1,3798,2530,0,0,0,0,3
1,3800,2531,0,0,0,0,3
1,3804,2532,0,0,0,0,3
1,3805,2533,0,0,0,0,3
1,3806,2534,0,0,0,0,3
1,3807,2535,0,0,0,0,3
1,3808,2536,0,0,0,0,3
1,3809,2537,0,0,0,0,3
1,3810,2538,0,0,0,0,3
1,3811,2539,0,0,0,0,3
1,3812,2540,0,0,0,0,3
1,3817,2541,0,0,0,0,3
1,3818,2542,0,0,0,0,3
1,3819,2543,0,0,0,0,3
1,3820,2544,0,0,0,0,3
1,3821,2545,0,0,0,0,3
1,3822,2546,0,0,0,0,1
1,3823,2547,0,0,0,0,2
1,3824,2548,0,0,0,0,3
1,3825,2549,0,0,0,0,3
1,3826,2550,0,0,0,0,3
1,3830,2551,0,0,0,0,3
1,3831,2552,0,0,0,0,3
1,3832,2553,0,0,0,0,3
1,3833,2554,0,0,0,0,3
1,3835,2555,0,0,0,0,3
1,3836,2556,0,0,0,0,3
1,3837,2557,0,0,0,0,3
1,3838,2558,0,0,0,0,3
1,3839,2559,0,0,0,0,3
1,3843,2560,0,0,0,0,3
1,3844,2561,0,0,0,0,3
1,3845,2562,0,0,0,0,3
1,3846,2563,0,0,0,0,3
1,3847,2564,0,0,0,0,3
1,3849,2565,0,0,0,0,1
1,3850,2566,0,0,0,0,2
1,3851,2567,0,0,0,0,3
1,3852,2568,0,0,0,0,3
1,3856,2569,0,0,0,0,3
1,3857,2570,0,0,0,0,3
1,3858,2571,0,0,0,0,3
1,3859,2572,0,0,0,0,3
1,3860,2573,0,0,0,0,3
1,3861,2574,0,0,0,0,3
1,3863,2575,0,0,0,0,3
1,3864,2576,0,0,0,0,3
1,3865,2577,0,0,0,0,3
1,3869,2578,0,0,0,0,3
1,3870,2579,0,0,0,0,3
1,3871,2580,0,0,0,0,3
1,3872,2581,0,0,0,0,3
1,3873,2582,0,0,0,0,3
1,3874,2583,0,0,0,0,3
1,3875,2584,0,0,0,0,1
1,3877,2585,0,0,0,0,2
1,3878,2586,0,0,0,0,3
1,3882,2587,0,0,0,0,3
1,3883,2588,0,0,0,0,3
1,3884,2589,0,0,0,0,3
1,3885,2590,0,0,0,0,3
1,3886,2591,0,0,0,0,3
1,3887,2592,0,0,0,0,3
1,3888,2593,0,0,0,0,3
1,3889,2594,0,0,0,0,3
1,3891,2595,0,0,0,0,3
1,3895,2596,0,0,0,0,3
1,3896,2597,0,0,0,0,3
1,3897,2598,0,0,0,0,3
1,3898,2599,0,0,0,0,3
1,3899,2600,0,0,0,0,3
1,3900,2601,0,0,0,0,3
1,3901,2602,0,0,0,0,3
1,3902,2603,0,0,0,0,1
1,3903,2604,0,0,0,0,2
1,3908,2605,0,0,0,0,3
1,3909,2606,0,0,0,0,3
1,3910,2607,0,0,0,0,3
1,3911,2608,0,0,0,0,3
1,3912,2609,0,0,0,0,3
1,3913,2610,0,0,0,0,3
1,3914,2611,0,0,0,0,3
1,3915,2612,0,0,0,0,3
1,3916,2613,0,0,0,0,3
1,3917,2614,0,0,0,0,3
1,3921,2615,0,0,0,0,3
1,3922,2616,0,0,0,0,3
1,3923,2617,0,0,0,0,3
1,3924,2618,0,0,0,0,3
1,3926,2619,0,0,0,0,3
1,3927,2620,0,0,0,0,3
1,3928,2621,0,0,0,0,3
1,3929,2622,0,0,0,0,1
1,3930,2623,0,0,0,0,2
1,3934,2624,0,0,0,0,3
1,3935,2625,0,0,0,0,3
1,3936,2626,0,0,0,0,3
1,3937,2627,0,0,0,0,3
1,3938,2628,0,0,0,0,3
1,3940,2629,0,0,0,0,3
1,3941,2630,0,0,0,0,3
1,3942,2631,0,0,0,0,3
1,3943,2632,0,0,0,0,3
1,3947,2633,0,0,0,0,3
1,3948,2634,0,0,0,0,3
1,3949,2635,0,0,0,0,3
1,3950,2636,0,0,0,0,3
1,3951,2637,0,0,0,0,3
1,3952,2638,0,0,0,0,3
1,3954,2639,0,0,0,0,3
1,3955,2640,0,0,0,0,3
1,3956,2641,0,0,0,0,1
1,3960,2642,0,0,0,0,2
1,3961,2643,0,0,0,0,3
1,3962,2644,0,0,0,0,3
1,3963,2645,0,0,0,0,3
1,3964,2646,0,0,0,0,3
1,3965,2647,0,0,0,0,3
1,3966,2648,0,0,0,0,3
1,3968,2649,0,0,0,0,3
1,3969,2650,0,0,0,0,3
1,3973,2651,0,0,0,0,3
1,3974,2652,0,0,0,0,3
1,3975,2653,0,0,0,0,3
1,3976,2654,0,0,0,0,3
1,3977,2655,0,0,0,0,3
1,3978,2656,0,0,0,0,3
1,3979,2657,0,0,0,0,3
1,3980,2658,0,0,0,0,3
1,3982,2659,0,0,0,0,3
1,3986,2660,0,0,0,0,1
1,3987,2661,0,0,0,0,2
1,3988,2662,0,0,0,0,3
1,3989,2663,0,0,0,0,3
1,3990,2664,0,0,0,0,3
1,3991,2665,0,0,0,0,3
1,3992,2666,0,0,0,0,3
1,3993,2667,0,0,0,0,3
1,3994,2668,0,0,0,0,3
1,3999,2669,0,0,0,0,3
1,4000,2670,0,0,0,0,3
1,4001,2671,0,0,0,0,3
1,4002,2672,0,0,0,0,3
1,4003,2673,0,0,0,0,3
1,4004,2674,0,0,0,0,3
1,4005,2675,0,0,0,0,3
1,4006,2676,0,0,0,0,3
1,4007,2677,0,0,0,0,3
1,4008,2678,0,0,0,0,3
1,4012,2679,0,0,0,0,1
1,4013,2680,0,0,0,0,2
1,4014,2681,0,0,0,0,3
1,4015,2682,0,0,0,0,3
1,4017,2683,0,0,0,0,3
1,4018,2684,0,0,0,0,3
1,4019,2685,0,0,0,0,3
1,4020,2686,0,0,0,0,3
1,4021,2687,0,0,0,0,3
1,4025,2688,0,0,0,0,3
1,4026,2689,0,0,0,0,3
1,4027,2690,0,0,0,0,3
1,4028,2691,0,0,0,0,3
1,4029,2692,0,0,0,0,3
1,4031,2693,0,0,0,0,3
1,4032,2694,0,0,0,0,3
1,4033,2695,0,0,0,0,3
1,4034,2696,0,0,0,0,3
1,4038,2697,0,0,0,0,3
1,4039,2698,0,0,0,0,1
1,4040,2699,0,0,0,0,2
1,4041,2700,0,0,0,0,3
1,4042,2701,0,0,0,0,3
1,4043,2702,0,0,0,0,3
1,4045,2703,0,0,0,0,3
1,4046,2704,0,0,0,0,3
1,4047,2705,0,0,0,0,3
1,4051,2706,0,0,0,0,3
1,4052,2707,0,0,0,0,3
1,4053,2708,0,0,0,0,3
1,4054,2709,0,0,0,0,3
1,4055,2710,0,0,0,0,3
1,4056,2711,0,0,0,0,3
1,4057,2712,0,0,0,0,3
1,4059,2713,0,0,0,0,3
1,4060,2714,0,0,0,0,3
1,4064,2715,0,0,0,0,3
1,4065,2716,0,0,0,0,3
1,4066,2717,0,0,0,0,1
1,4067,2718,0,0,0,0,2
1,4068,2719,0,0,0,0,3
1,4069,2720,0,0,0,0,3
1,4070,2721,0,0,0,0,3
1,4071,2722,0,0,0,0,3
1,4073,2723,0,0,0,0,3
1,4077,2724,0,0,0,0,3
1,4078,2725,0,0,0,0,3
1,4079,2726,0,0,0,0,3
1,4080,2727,0,0,0,0,3
1,4081,2728,0,0,0,0,3
1,4082,2729,0,0,0,0,3
1,4083,2730,0,0,0,0,3
1,4084,2731,0,0,0,0,3
1,4085,2732,0,0,0,0,3
1,4090,2733,0,0,0,0,3
1,4091,2734,0,0,0,0,3
1,4092,2735,0,0,0,0,3
1,4093,2736,0,0,0,0,1
1,4094,2737,0,0,0,0,2
1,4095,2738,0,0,0,0,3
1,4096,2739,0,0,0,0,3
1,4097,2740,0,0,0,0,3
1,4098,2741,0,0,0,0,3
1,4099,2742,0,0,0,0,3
1,4103,2743,0,0,0,0,3
1,4104,2744,0,0,0,0,3
1,4105,2745,0,0,0,0,3
1,4106,2746,0,0,0,0,3
1,4108,2747,0,0,0,0,3
1,4109,2748,0,0,0,0,3
1,4110,2749,0,0,0,0,3
1,4111,2750,0,0,0,0,3
1,4112,2751,0,0,0,0,3
1,4116,2752,0,0,0,0,3
1,4117,2753,0,0,0,0,3
1,4118,2754,0,0,0,0,3
1,4119,2755,0,0,0,0,1
1,4120,2756,0,0,0,0,2
1,4122,2757,0,0,0,0,3
1,4123,2758,0,0,0,0,3
1,4124,2759,0,0,0,0,3
1,4125,2760,0,0,0,0,3
1,4129,2761,0,0,0,0,3
1,4130,2762,0,0,0,0,3
1,4131,2763,0,0,0,0,3
1,4132,2764,0,0,0,0,3
1,4133,2765,0,0,0,0,3
1,4134,2766,0,0,0,0,3
1,4136,2767,0,0,0,0,3
1,4137,2768,0,0,0,0,3
1,4138,2769,0,0,0,0,3
1,4142,2770,0,0,0,0,3
1,4143,2771,0,0,0,0,3
1,4144,2772,0,0,0,0,3
1,4145,2773,0,0,0,0,3
1,4146,2774,0,0,0,0,1
1,4147,2775,0,0,0,0,2
1,4148,2776,0,0,0,0,3
1,4150,2777,0,0,0,0,3
1,4151,2778,0,0,0,0,3
1,4155,2779,0,0,0,0,3
1,4156,2780,0,0,0,0,3
1,4157,2781,0,0,0,0,3
1,4158,2782,0,0,0,0,3
1,4159,2783,0,0,0,0,3
1,4160,2784,0,0,0,0,3
1,4161,2785,0,0,0,0,3
1,4162,2786,0,0,0,0,3
1,4164,2787,0,0,0,0,3
1,4168,2788,0,0,0,0,3
1,4169,2789,0,0,0,0,3
1,4170,2790,0,0,0,0,3
1,4171,2791,0,0,0,0,3
1,4172,2792,0,0,0,0,3
1,4173,2793,0,0,0,0,1
1,4174,2794,0,0,0,0,2
1,4175,2795,0,0,0,0,3
1,4176,2796,0,0,0,0,3
1,4181,2797,0,0,0,0,3
1,4182,2798,0,0,0,0,3
1,4183,2799,0,0,0,0,3
1,4184,2800,0,0,0,0,3
1,4185,2801,0,0,0,0,3
1,4186,2802,0,0,0,0,3
1,4187,2803,0,0,0,0,3
1,4188,2804,0,0,0,0,3
1,4189,2805,0,0,0,0,3
1,4190,2806,0,0,0,0,3
1,4194,2807,0,0,0,0,3
1,4195,2808,0,0,0,0,3
1,4196,2809,0,0,0,0,3
1,4197,2810,0,0,0,0,3
1,4199,2811,0,0,0,0,3
1,4200,2812,0,0,0,0,1
1,4201,2813,0,0,0,0,2
1,4202,2814,0,0,0,0,3
1,4203,2815,0,0,0,0,3
1,4207,2816,0,0,0,0,3
1,4208,2817,0,0,0,0,3
1,4209,2818,0,0,0,0,3
1,4210,2819,0,0,0,0,3
1,4211,2820,0,0,0,0,3
1,4213,2821,0,0,0,0,3
1,4214,2822,0,0,0,0,3
1,4215,2823,0,0,0,0,3
1,4216,2824,0,0,0,0,3
1,4220,2825,0,0,0,0,3
1,4221,2826,0,0,0,0,3
1,4222,2827,0,0,0,0,3
1,4223,2828,0,0,0,0,3
1,4224,2829,0,0,0,0,3
1,4225,2830,0,0,0,0,3
1,4227,2831,0,0,0,0,1
1,4228,2832,0,0,0,0,2
1,4229,2833,0,0,0,0,3
1,4233,2834,0,0,0,0,3
1,4234,2835,0,0,0,0,3
1,4235,2836,0,0,0,0,3
1,4236,2837,0,0,0,0,3
1,4237,2838,0,0,0,0,3
1,4238,2839,0,0,0,0,3
1,4239,2840,0,0,0,0,3
1,4241,2841,0,0,0,0,3
1,4242,2842,0,0,0,0,3
1,4246,2843,0,0,0,0,3
1,4247,2844,0,0,0,0,3
1,4248,2845,0,0,0,0,3
1,4249,2846,0,0,0,0,3
1,4250,2847,0,0,0,0,3
1,4251,2848,0,0,0,0,3
1,4252,2849,0,0,0,0,3
1,4253,2850,0,0,0,0,1
1,4255,2851,0,0,0,0,2
1,4259,2852,0,0,0,0,3
1,4260,2853,0,0,0,0,3
1,4261,2854,0,0,0,0,3
1,4262,2855,0,0,0,0,3
1,4263,2856,0,0,0,0,3
1,4264,2857,0,0,0,0,3
1,4265,2858,0,0,0,0,3
1,4266,2859,0,0,0,0,3
1,4267,2860,0,0,0,0,3
1,4272,2861,0,0,0,0,3
1,4273,2862,0,0,0,0,3
1,4274,2863,0,0,0,0,3
1,4275,2864,0,0,0,0,3
1,4276,2865,0,0,0,0,3
1,4277,2866,0,0,0,0,3
1,4278,2867,0,0,0,0,3
1,4279,2868,0,0,0,0,3
1,4280,2869,0,0,0,0,1
1,4281,2870,0,0,0,0,2
1,4285,2871,0,0,0,0,3
1,4286,2872,0,0,0,0,3
1,4287,2873,0,0,0,0,3
1,4288,2874,0,0,0,0,3
1,4290,2875,0,0,0,0,3
1,4291,2876,0,0,0,0,3
1,4292,2877,0,0,0,0,3
1,4293,2878,0,0,0,0,3
1,4294,2879,0,0,0,0,3
1,4298,2880,0,0,0,0,3
1,4299,2881,0,0,0,0,3
1,4300,2882,0,0,0,0,3
1,4301,2883,0,0,0,0,3
1,4302,2884,0,0,0,0,3
1,4304,2885,0,0,0,0,3
1,4305,2886,0,0,0,0,3
1,4306,2887,0,0,0,0,3
1,4307,2888,0,0,0,0,1
1,4311,2889,0,0,0,0,2
1,4312,2890,0,0,0,0,3
1,4313,2891,0,0,0,0,3
1,4314,2892,0,0,0,0,3
1,4315,2893,0,0,0,0,3
1,4316,2894,0,0,0,0,3
1,4318,2895,0,0,0,0,3
1,4319,2896,0,0,0,0,3
1,4320,2897,0,0,0,0,3
1,4324,2898,0,0,0,0,3
1,4325,2899,0,0,0,0,3
1,4326,2900,0,0,0,0,3
1,4327,2901,0,0,0,0,3
1,4328,2902,0,0,0,0,3
1,4329,2903,0,0,0,0,3
1,4330,2904,0,0,0,0,3
1,4332,2905,0,0,0,0,3
1,4333,2906,0,0,0,0,3
1,4337,2907,0,0,0,0,1
1,4338,2908,0,0,0,0,2
1,4339,2909,0,0,0,0,3
1,4340,2910,0,0,0,0,3
1,4341,2911,0,0,0,0,3
1,4342,2912,0,0,0,0,3
1,4343,2913,0,0,0,0,3
1,4344,2914,0,0,0,0,3
1,4346,2915,0,0,0,0,3
1,4350,2916,0,0,0,0,3
1,4351,2917,0,0,0,0,3
1,4352,2918,0,0,0,0,3
1,4353,2919,0,0,0,0,3
1,4354,2920,0,0,0,0,3
1,4355,2921,0,0,0,0,3
1,4356,2922,0,0,0,0,3
1,4357,2923,0,0,0,0,3
1,4358,2924,0,0,0,0,3
1,4363,2925,0,0,0,0,3
1,4364,2926,0,0,0,0,1
1,4365,2927,0,0,0,0,2
1,4366,2928,0,0,0,0,3
1,4367,2929,0,0,0,0,3
1,4368,2930,0,0,0,0,3
1,4369,2931,0,0,0,0,3
1,4370,2932,0,0,0,0,3
1,4371,2933,0,0,0,0,3
1,4372,2934,0,0,0,0,3
1,4376,2935,0,0,0,0,3
1,4377,2936,0,0,0,0,3
1,4378,2937,0,0,0,0,3
1,4379,2938,0,0,0,0,3
1,4381,2939,0,0,0,0,3
1,4382,2940,0,0,0,0,3
1,4383,2941,0,0,0,0,3
1,4384,2942,0,0,0,0,3
1,4385,2943,0,0,0,0,3
1,4389,2944,0,0,0,0,3
1,4390,2945,0,0,0,0,1
1,4391,2946,0,0,0,0,2
1,4392,2947,0,0,0,0,3
1,4393,2948,0,0,0,0,3
1,4395,2949,0,0,0,0,3
1,4396,2950,0,0,0,0,3
1,4397,2951,0,0,0,0,3
1,4398,2952,0,0,0,0,3
1,4402,2953,0,0,0,0,3
1,4403,2954,0,0,0,0,3
1,4404,2955,0,0,0,0,3
1,4405,2956,0,0,0,0,3
1,4406,2957,0,0,0,0,3
1,4407,2958,0,0,0,0,3
1,4409,2959,0,0,0,0,3
1,4410,2960,0,0,0,0,3
1,4411,2961,0,0,0,0,3
1,4415,2962,0,0,0,0,3
1,4416,2963,0,0,0,0,3
1,4417,2964,0,0,0,0,1
1,4418,2965,0,0,0,0,2
1,4419,2966,0,0,0,0,3
1,4420,2967,0,0,0,0,3
1,4421,2968,0,0,0,0,3
1,4423,2969,0,0,0,0,3
1,4424,2970,0,0,0,0,3
1,4428,2971,0,0,0,0,3
1,4429,2972,0,0,0,0,3
1,4430,2973,0,0,0,0,3
1,4431,2974,0,0,0,0,3
1,4432,2975,0,0,0,0,3
1,4433,2976,0,0,0,0,3
1,4434,2977,0,0,0,0,3
1,4435,2978,0,0,0,0,3
1,4437,2979,0,0,0,0,3
1,4441,2980,0,0,0,0,3
1,4442,2981,0,0,0,0,3
1,4443,2982,0,0,0,0,3
1,4444,2983,0,0,0,0,1
1,4445,2984,0,0,0,0,2
1,4446,2985,0,0,0,0,3
1,4447,2986,0,0,0,0,3
1,4448,2987,0,0,0,0,3
1,4449,2988,0,0,0,0,3
1,4454,2989,0,0,0,0,3
1,4455,2990,0,0,0,0,3
1,4456,2991,0,0,0,0,3
1,4457,2992,0,0,0,0,3
1,4458,2993,0,0,0,0,3
1,4459,2994,0,0,0,0,3
1,4460,2995,0,0,0,0,3
1,4461,2996,0,0,0,0,3
1,4462,2997,0,0,0,0,3
1,4463,2998,0,0,0,0,3
1,4467,2999,0,0,0,0,3
1,4468,3000,0,0,0,0,3
1,4469,3001,0,0,0,0,3
1,4470,3002,0,0,0,0,1
1,4472,3003,0,0,0,0,2
1,4473,3004,0,0,0,0,3
1,4474,3005,0,0,0,0,3
1,4475,3006,0,0,0,0,3
1,4476,3007,0,0,0,0,3
1,4480,3008,0,0,0,0,3
1,4481,3009,0,0,0,0,3
1,4482,3010,0,0,0,0,3
1,4483,3011,0,0,0,0,3
1,4484,3012,0,0,0,0,3
1,4486,3013,0,0,0,0,3
1,4487,3014,0,0,0,0,3
1,4488,3015,0,0,0,0,3
1,4489,3016,0,0,0,0,3
1,4493,3017,0,0,0,0,3
1,4494,3018,0,0,0,0,3
1,4495,3019,0,0,0,0,3
1,4496,3020,0,0,0,0,3
1,4497,3021,0,0,0,0,1
1,4498,3022,0,0,0,0,2
1,4500,3023,0,0,0,0,3
1,4501,3024,0,0,0,0,3
1,4502,3025,0,0,0,0,3
1,4506,3026,0,0,0,0,3
1,4507,3027,0,0,0,0,3
1,4508,3028,0,0,0,0,3
1,4509,3029,0,0,0,0,3
1,4510,3030,0,0,0,0,3
1,4511,3031,0,0,0,0,3
1,4512,3032,0,0,0,0,3
1,4514,3033,0,0,0,0,3
1,4515,3034,0,0,0,0,3
1,4519,3035,0,0,0,0,3
1,4520,3036,0,0,0,0,3
1,4521,3037,0,0,0,0,3
1,4522,3038,0,0,0,0,3
1,4523,3039,0,0,0,0,3
1,4524,3040,0,0,0,0,1
1,4525,3041,0,0,0,0,2
1,4526,3042,0,0,0,0,3
1,4528,3043,0,0,0,0,3
1,4532,3044,0,0,0,0,3
1,4533,3045,0,0,0,0,3
1,4534,3046,0,0,0,0,3
1,4535,3047,0,0,0,0,3
1,4536,3048,0,0,0,0,3
1,4537,3049,0,0,0,0,3
1,4538,3050,0,0,0,0,3
1,4539,3051,0,0,0,0,3
1,4540,3052,0,0,0,0,3
1,4545,3053,0,0,0,0,3
1,4546,3054,0,0,0,0,3
1,4547,3055,0,0,0,0,3
1,4548,3056,0,0,0,0,3
1,4549,3057,0,0,0,0,3
1,4550,3058,0,0,0,0,3
1,4551,3059,0,0,0,0,1
1,4552,3060,0,0,0,0,2
1,4553,3061,0,0,0,0,3
1,4554,3062,0,0,0,0,3
1,4558,3063,0,0,0,0,3
1,4559,3064,0,0,0,0,3
1,4560,3065,0,0,0,0,3
1,4561,3066,0,0,0,0,3
1,4563,3067,0,0,0,0,3
1,4564,3068,0,0,0,0,3
1,4565,3069,0,0,0,0,3
1,4566,3070,0,0,0,0,3
1,4567,3071,0,0,0,0,3
1,4571,3072,0,0,0,0,3
1,4572,3073,0,0,0,0,3
1,4573,3074,0,0,0,0,3
1,4574,3075,0,0,0,0,3
1,4575,3076,0,0,0,0,3
1,4577,3077,0,0,0,0,3
1,4578,3078,0,0,0,0,1
1,4579,3079,0,0,0,0,2
1,4580,3080,0,0,0,0,3
1,4584,3081,0,0,0,0,3
1,4585,3082,0,0,0,0,3
1,4586,3083,0,0,0,0,3
1,4587,3084,0,0,0,0,3
1,4588,3085,0,0,0,0,3
1,4589,3086,0,0,0,0,3
1,4591,3087,0,0,0,0,3
1,4592,3088,0,0,0,0,3
1,4593,3089,0,0,0,0,3
1,4597,3090,0,0,0,0,3
1,4598,3091,0,0,0,0,3
1,4599,3092,0,0,0,0,3
1,4600,3093,0,0,0,0,3
1,4601,3094,0,0,0,0,3
1,4602,3095,0,0,0,0,3
1,4603,3096,0,0,0,0,3
1,4605,3097,0,0,0,0,1
1,4606,3098,0,0,0,0,2
1,4610,3099,0,0,0,0,3
1,4611,3100,0,0,0,0,3
1,4612,3101,0,0,0,0,3
1,4613,3102,0,0,0,0,3
1,4614,3103,0,0,0,0,3
1,4615,3104,0,0,0,0,3
1,4616,3105,0,0,0,0,3
1,4617,3106,0,0,0,0,3
1,4619,3107,0,0,0,0,3
1,4623,3108,0,0,0,0,3
1,4624,3109,0,0,0,0,3
1,4625,3110,0,0,0,0,3
1,4626,3111,0,0,0,0,3
1,4627,3112,0,0,0,0,3
1,4628,3113,0,0,0,0,3
1,4629,3114,0,0,0,0,3
1,4630,3115,0,0,0,0,3
1,4631,3116,0,0,0,0,1
1,4636,3117,0,0,0,0,2
1,4637,3118,0,0,0,0,3
1,4638,3119,0,0,0,0,3
1,4639,3120,0,0,0,0,3
1,4640,3121,0,0,0,0,3
1,4641,3122,0,0,0,0,3
1,4642,3123,0,0,0,0,3
1,4643,3124,0,0,0,0,3
1,4644,3125,0,0,0,0,3
1,4645,3126,0,0,0,0,3
1,4649,3127,0,0,0,0,3
1,4650,3128,0,0,0,0,3
1,4651,3129,0,0,0,0,3
1,4652,3130,0,0,0,0,3
1,4654,3131,0,0,0,0,3
1,4655,3132,0,0,0,0,3
1,4656,3133,0,0,0,0,3
1,4657,3134,0,0,0,0,3
1,4658,3135,0,0,0,0,1
1,4662,3136,0,0,0,0,2
1,4663,3137,0,0,0,0,3
1,4664,3138,0,0,0,0,3
1,4665,3139,0,0,0,0,3
1,4666,3140,0,0,0,0,3
1,4668,3141,0,0,0,0,3
1,4669,3142,0,0,0,0,3
1,4670,3143,0,0,0,0,3
1,4671,3144,0,0,0,0,3
1,4675,3145,0,0,0,0,3
1,4676,3146,0,0,0,0,3
1,4677,3147,0,0,0,0,3
1,4678,3148,0,0,0,0,3
1,4679,3149,0,0,0,0,3
1,4680,3150,0,0,0,0,3
1,4682,3151,0,0,0,0,3
1,4683,3152,0,0,0,0,3
1,4684,3153,0,0,0,0,3
1,4688,3154,0,0,0,0,1
1,4689,3155,0,0,0,0,2
1,4690,3156,0,0,0,0,3
1,4691,3157,0,0,0,0,3
1,4692,3158,0,0,0,0,3
1,4693,3159,0,0,0,0,3
1,4694,3160,0,0,0,0,3
1,4696,3161,0,0,0,0,3
1,4697,3162,0,0,0,0,3
1,4701,3163,0,0,0,0,3
1,4702,3164,0,0,0,0,3
1,4703,3165,0,0,0,0,3
1,4704,3166,0,0,0,0,3
1,4705,3167,0,0,0,0,3
1,4706,3168,0,0,0,0,3
1,4707,3169,0,0,0,0,3
1,4708,3170,0,0,0,0,3
1,4710,3171,0,0,0,0,3
1,4714,3172,0,0,0,0,3
1,4715,3173,0,0,0,0,1
1,4716,3174,0,0,0,0,2
1,4717,3175,0,0,0,0,3
1,4718,3176,0,0,0,0,3
1,4719,3177,0,0,0,0,3
1,4720,3178,0,0,0,0,3
1,4721,3179,0,0,0,0,3
1,4722,3180,0,0,0,0,3
1,4727,3181,0,0,0,0,3
1,4728,3182,0,0,0,0,3
1,4729,3183,0,0,0,0,3
1,4730,3184,0,0,0,0,3
1,4731,3185,0,0,0,0,3
1,4732,3186,0,0,0,0,3
1,4733,3187,0,0,0,0,3
1,4734,3188,0,0,0,0,3
1,4735,3189,0,0,0,0,3
1,4736,3190,0,0,0,0,3
1,4740,3191,0,0,0,0,3
1,4741,3192,0,0,0,0,1
1,4742,3193,0,0,0,0,2
1,4743,3194,0,0,0,0,3
1,4745,3195,0,0,0,0,3
1,4746,3196,0,0,0,0,3
1,4747,3197,0,0,0,0,3
1,4748,3198,0,0,0,0,3
1,4749,3199,0,0,0,0,3
1,4753,3200,0,0,0,0,3
1,4754,3201,0,0,0,0,3
1,4755,3202,0,0,0,0,3
1,4756,3203,0,0,0,0,3
1,4757,3204,0,0,0,0,3
1,4759,3205,0,0,0,0,3
1,4760,3206,0,0,0,0,3
1,4761,3207,0,0,0,0,3
1,4762,3208,0,0,0,0,3
1,4766,3209,0,0,0,0,3
1,4767,3210,0,0,0,0,3
1,4768,3211,0,0,0,0,1
1,4769,3212,0,0,0,0,2
1,4770,3213,0,0,0,0,3
1,4771,3214,0,0,0,0,3
1,4773,3215,0,0,0,0,3
1,4774,3216,0,0,0,0,3
1,4775,3217,0,0,0,0,3
1,4779,3218,0,0,0,0,3
1,4780,3219,0,0,0,0,3
1,4781,3220,0,0,0,0,3
1,4782,3221,0,0,0,0,3
1,4783,3222,0,0,0,0,3
1,4784,3223,0,0,0,0,3
1,4785,3224,0,0,0,0,3
1,4787,3225,0,0,0,0,3
1,4788,3226,0,0,0,0,3
1,4792,3227,0,0,0,0,3
1,4793,3228,0,0,0,0,3
1,4794,3229,0,0,0,0,3
1,4795,3230,0,0,0,0,1
1,4796,3231,0,0,0,0,2
1,4797,3232,0,0,0,0,3
1,4798,3233,0,0,0,0,3
1,4799,3234,0,0,0,0,3
1,4801,3235,0,0,0,0,3
1,4805,3236,0,0,0,0,3
1,4806,3237,0,0,0,0,3
1,4807,3238,0,0,0,0,3
1,4808,3239,0,0,0,0,3
1,4809,3240,0,0,0,0,3
1,4810,3241,0,0,0,0,3
1,4811,3242,0,0,0,0,3
1,4812,3243,0,0,0,0,3
1,4813,3244,0,0,0,0,3
1,4818,3245,0,0,0,0,3
1,4819,3246,0,0,0,0,3
1,4820,3247,0,0,0,0,3
1,4821,3248,0,0,0,0,3
1,4822,3249,0,0,0,0,1
1,4823,3250,0,0,0,0,2
1,4824,3251,0,0,0,0,3
1,4825,3252,0,0,0,0,3
1,4826,3253,0,0,0,0,3
1,4827,3254,0,0,0,0,3
1,4831,3255,0,0,0,0,3
1,4832,3256,0,0,0,0,3
1,4833,3257,0,0,0,0,3
1,4834,3258,0,0,0,0,3
1,4836,3259,0,0,0,0,3
1,4837,3260,0,0,0,0,3
1,4838,3261,0,0,0,0,3
1,4839,3262,0,0,0,0,3
1,4840,3263,0,0,0,0,3
1,4844,3264,0,0,0,0,3
1,4845,3265,0,0,0,0,3
1,4846,3266,0,0,0,0,3
1,4847,3267,0,0,0,0,3
1,4848,3268,0,0,0,0,1
1,4850,3269,0,0,0,0,2
1,4851,3270,0,0,0,0,3
1,4852,3271,0,0,0,0,3
1,4853,3272,0,0,0,0,3
1,4857,3273,0,0,0,0,3
1,4858,3274,0,0,0,0,3
1,4859,3275,0,0,0,0,3
1,4860,3276,0,0,0,0,3
1,4861,3277,0,0,0,0,3
1,4862,3278,0,0,0,0,3
1,4864,3279,0,0,0,0,3
1,4865,3280,0,0,0,0,3
1,4866,3281,0,0,0,0,3
1,4870,3282,0,0,0,0,3
1,4871,3283,0,0,0,0,3
1,4872,3284,0,0,0,0,3
1,4873,3285,0,0,0,0,3
1,4874,3286,0,0,0,0,3
1,4875,3287,0,0,0,0,1
1,4876,3288,0,0,0,0,2
1,4878,3289,0,0,0,0,3
1,4879,3290,0,0,0,0,3
1,4883,3291,0,0,0,0,3
1,4884,3292,0,0,0,0,3
1,4885,3293,0,0,0,0,3
1,4886,3294,0,0,0,0,3
1,4887,3295,0,0,0,0,3
1,4888,3296,0,0,0,0,3
1,4889,3297,0,0,0,0,3
1,4890,3298,0,0,0,0,3
1,4892,3299,0,0,0,0,3
1,4896,3300,0,0,0,0,3
1,4897,3301,0,0,0,0,3
1,4898,3302,0,0,0,0,3
1,4899,3303,0,0,0,0,3
1,4900,3304,0,0,0,0,3
1,4901,3305,0,0,0,0,3
1,4902,3306,0,0,0,0,1
1,4903,3307,0,0,0,0,2
1,4904,3308,0,0,0,0,3
1,4909,3309,0,0,0,0,3
1,4910,3310,0,0,0,0,3
1,4911,3311,0,0,0,0,3
1,4912,3312,0,0,0,0,3
1,4913,3313,0,0,0,0,3
1,4914,3314,0,0,0,0,3
1,4915,3315,0,0,0,0,3
1,4916,3316,0,0,0,0,3
1,4917,3317,0,0,0,0,3
1,4918,3318,0,0,0,0,3
1,4922,3319,0,0,0,0,3
1,4923,3320,0,0,0,0,3
1,4924,3321,0,0,0,0,3
1,4925,3322,0,0,0,0,3
1,4927,3323,0,0,0,0,3
1,4928,3324,0,0,0,0,3
1,4929,3325,0,0,0,0,1
1,4930,3326,0,0,0,0,2
1,4931,3327,0,0,0,0,3
1,4935,3328,0,0,0,0,3
1,4936,3329,0,0,0,0,3
1,4937,3330,0,0,0,0,3
1,4938,3331,0,0,0,0,3
1,4939,3332,0,0,0,0,3
1,4941,3333,0,0,0,0,3
1,4942,3334,0,0,0,0,3
1,4943,3335,0,0,0,0,3
1,4944,3336,0,0,0,0,3
1,4948,3337,0,0,0,0,3
1,4949,3338,0,0,0,0,3
1,4950,3339,0,0,0,0,3
1,4951,3340,0,0,0,0,3
1,4952,3341,0,0,0,0,3
1,4953,3342,0,0,0,0,3
1,4955,3343,0,0,0,0,3
1,4956,3344,0,0,0,0,1
1,4957,3345,0,0,0,0,2
1,4961,3346,0,0,0,0,3
1,4962,3347,0,0,0,0,3
1,4963,3348,0,0,0,0,3
1,4964,3349,0,0,0,0,3
1,4965,3350,0,0,0,0,3
1,4966,3351,0,0,0,0,3
1,4967,3352,0,0,0,0,3
1,4969,3353,0,0,0,0,3
1,4970,3354,0,0,0,0,3
1,4974,3355,0,0,0,0,3
1,4975,3356,0,0,0,0,3
1,4976,3357,0,0,0,0,3
1,4977,3358,0,0,0,0,3
1,4978,3359,0,0,0,0,3
1,4979,3360,0,0,0,0,3
1,4980,3361,0,0,0,0,3
1,4981,3362,0,0,0,0,3
1,4983,3363,0,0,0,0,1
1,4987,3364,0,0,0,0,2
1,4988,3365,0,0,0,0,3
1,4989,3366,0,0,0,0,3
1,4990,3367,0,0,0,0,3
1,4991,3368,0,0,0,0,3
1,4992,3369,0,0,0,0,3
1,4993,3370,0,0,0,0,3
1,4994,3371,0,0,0,0,3
1,4995,3372,0,0,0,0,3
1,5000,3373,0,0,0,0,3
1,5001,3374,0,0,0,0,3
1,5002,3375,0,0,0,0,3
1,5003,3376,0,0,0,0,3
1,5004,3377,0,0,0,0,3
1,5005,3378,0,0,0,0,3
1,5006,3379,0,0,0,0,3
1,5007,3380,0,0,0,0,3
1,5008,3381,0,0,0,0,3
1,5009,3382,0,0,0,0,1
1,5013,3383,0,0,0,0,2
1,5014,3384,0,0,0,0,3
1,5015,3385,0,0,0,0,3
1,5016,3386,0,0,0,0,3
1,5018,3387,0,0,0,0,3
1,5019,3388,0,0,0,0,3
1,5020,3389,0,0,0,0,3
1,5021,3390,0,0,0,0,3
1,5022,3391,0,0,0,0,3
1,5026,3392,0,0,0,0,3
1,5027,3393,0,0,0,0,3
1,5028,3394,0,0,0,0,3
1,5029,3395,0,0,0,0,3
1,5030,3396,0,0,0,0,3
1,5032,3397,0,0,0,0,3
1,5033,3398,0,0,0,0,3
1,5034,3399,0,0,0,0,3
1,5035,3400,0,0,0,0,3
1,5039,3401,0,0,0,0,1
1,5040,3402,0,0,0,0,2
1,5041,3403,0,0,0,0,3
1,5042,3404,0,0,0,0,3
1,5043,3405,0,0,0,0,3
1,5044,3406,0,0,0,0,3
1,5046,3407,0,0,0,0,3
1,5047,3408,0,0,0,0,3
1,5048,3409,0,0,0,0,3
1,5052,3410,0,0,0,0,3
1,5053,3411,0,0,0,0,3
1,5054,3412,0,0,0,0,3
1,5055,3413,0,0,0,0,3
1,5056,3414,0,0,0,0,3
1,5057,3415,0,0,0,0,3
1,5058,3416,0,0,0,0,3
1,5060,3417,0,0,0,0,3
1,5061,3418,0,0,0,0,3
1,5065,3419,0,0,0,0,3
1,5066,3420,0,0,0,0,1
1,5067,3421,0,0,0,0,2
1,5068,3422,0,0,0,0,3
1,5069,3423,0,0,0,0,3
1,5070,3424,0,0,0,0,3
1,5071,3425,0,0,0,0,3
1,5072,3426,0,0,0,0,3
1,5074,3427,0,0,0,0,3
1,5078,3428,0,0,0,0,3
1,5079,3429,0,0,0,0,3
1,5080,3430,0,0,0,0,3
1,5081,3431,0,0,0,0,3
1,5082,3432,0,0,0,0,3
1,5083,3433,0,0,0,0,3
1,5084,3434,0,0,0,0,3
1,5085,3435,0,0,0,0,3
1,5086,3436,0,0,0,0,3
1,5091,3437,0,0,0,0,3
1,5092,3438,0,0,0,0,3
1,5093,3439,0,0,0,0,1
1,5094,3440,0,0,0,0,2
1,5095,3441,0,0,0,0,3
1,5096,3442,0,0,0,0,3
1,5097,3443,0,0,0,0,3
1,5098,3444,0,0,0,0,3
1,5099,3445,0,0,0,0,3
1,5100,3446,0,0,0,0,3
1,5104,3447,0,0,0,0,3
1,5105,3448,0,0,0,0,3
1,5106,3449,0,0,0,0,3
1,5107,3450,0,0,0,0,3
1,5109,3451,0,0,0,0,3
1,5110,3452,0,0,0,0,3
1,5111,3453,0,0,0,0,3
1,5112,3454,0,0,0,0,3
1,5113,3455,0,0,0,0,3
1,5117,3456,0,0,0,0,3
1,5118,3457,0,0,0,0,3
1,5119,3458,0,0,0,0,1
1,5120,3459,0,0,0,0,2
1,5121,3460,0,0,0,0,3
1,5123,3461,0,0,0,0,3
1,5124,3462,0,0,0,0,3
1,5125,3463,0,0,0,0,3
1,5126,3464,0,0,0,0,3
1,5130,3465,0,0,0,0,3
1,5131,3466,0,0,0,0,3
1,5132,3467,0,0,0,0,3
1,5133,3468,0,0,0,0,3
1,5134,3469,0,0,0,0,3
1,5135,3470,0,0,0,0,3
1,5137,3471,0,0,0,0,3
1,5138,3472,0,0,0,0,3
1,5139,3473,0,0,0,0,3
1,5143,3474,0,0,0,0,3
1,5144,3475,0,0,0,0,3
1,5145,3476,0,0,0,0,3
1,5146,3477,0,0,0,0,1
1,5147,3478,0,0,0,0,2
1,5148,3479,0,0,0,0,3
1,5149,3480,0,0,0,0,3
1,5151,3481,0,0,0,0,3
1,5152,3482,0,0,0,0,3
1,5156,3483,0,0,0,0,3
1,5157,3484,0,0,0,0,3
1,5158,3485,0,0,0,0,3
1,5159,3486,0,0,0,0,3
1,5160,3487,0,0,0,0,3
1,5161,3488,0,0,0,0,3
1,5162,3489,0,0,0,0,3
1,5163,3490,0,0,0,0,3
1,5165,3491,0,0,0,0,3
1,5169,3492,0,0,0,0,3
1,5170,3493,0,0,0,0,3
1,5171,3494,0,0,0,0,3
1,5172,3495,0,0,0,0,3
1,5173,3496,0,0,0,0,1
1,5174,3497,0,0,0,0,2
1,5175,3498,0,0,0,0,3
1,5176,3499,0,0,0,0,3
1,5177,3500,0,0,0,0,3
1,5182,3501,0,0,0,0,3
1,5183,3502,0,0,0,0,3
1,5184,3503,0,0,0,0,3
1,5185,3504,0,0,0,0,3
1,5186,3505,0,0,0,0,3
1,5187,3506,0,0,0,0,3
1,5188,3507,0,0,0,0,3
1,5189,3508,0,0,0,0,3
1,5190,3509,0,0,0,0,3
1,5191,3510,0,0,0,0,3
1,5195,3511,0,0,0,0,3
1,5196,3512,0,0,0,0,3
1,5197,3513,0,0,0,0,3
1,5198,3514,0,0,0,0,3
1,5200,3515,0,0,0,0,1
1,5201,3516,0,0,0,0,2
1,5202,3517,0,0,0,0,3
1,5203,3518,0,0,0,0,3
1,5204,3519,0,0,0,0,3
1,5208,3520,0,0,0,0,3
1,5209,3521,0,0,0,0,3
1,5210,3522,0,0,0,0,3
1,5211,3523,0,0,0,0,3
1,5212,3524,0,0,0,0,3
1,5214,3525,0,0,0,0,3
1,5215,3526,0,0,0,0,3
1,5216,3527,0,0,0,0,3
1,5217,3528,0,0,0,0,3
1,5221,3529,0,0,0,0,3
1,5222,3530,0,0,0,0,3
1,5223,3531,0,0,0,0,3
1,5224,3532,0,0,0,0,3
1,5225,3533,0,0,0,0,3
1,5226,3534,0,0,0,0,1
1,5228,3535,0,0,0,0,2
1,5229,3536,0,0,0,0,3
1,5230,3537,0,0,0,0,3
1,5234,3538,0,0,0,0,3
1,5235,3539,0,0,0,0,3
1,5236,3540,0,0,0,0,3
1,5237,3541,0,0,0,0,3
1,5238,3542,0,0,0,0,3
1,5239,3543,0,0,0,0,3
1,5240,3544,0,0,0,0,3
1,5242,3545,0,0,0,0,3
1,5243,3546,0,0,0,0,3
1,5247,3547,0,0,0,0,3
1,5248,3548,0,0,0,0,3
1,5249,3549,0,0,0,0,3
1,5250,3550,0,0,0,0,3
1,5251,3551,0,0,0,0,3
1,5252,3552,0,0,0,0,3
1,5253,3553,0,0,0,0,1
1,5254,3554,0,0,0,0,2
1,5256,3555,0,0,0,0,3
1,5260,3556,0,0,0,0,3
1,5261,3557,0,0,0,0,3
1,5262,3558,0,0,0,0,3
1,5263,3559,0,0,0,0,3
1,5264,3560,0,0,0,0,3
1,5265,3561,0,0,0,0,3
1,5266,3562,0,0,0,0,3
1,5267,3563,0,0,0,0,3
1,5268,3564,0,0,0,0,3
1,5273,3565,0,0,0,0,3
1,5274,3566,0,0,0,0,3
1,5275,3567,0,0,0,0,3
1,5276,3568,0,0,0,0,3
1,5277,3569,0,0,0,0,3
1,5278,3570,0,0,0,0,3
1,5279,3571,0,0,0,0,3
1,5280,3572,0,0,0,0,1
1,5281,3573,0,0,0,0,2
1,5282,3574,0,0,0,0,3
1,5286,3575,0,0,0,0,3
1,5287,3576,0,0,0,0,3
1,5288,3577,0,0,0,0,3
1,5289,3578,0,0,0,0,3
1,5291,3579,0,0,0,0,3
1,5292,3580,0,0,0,0,3
1,5293,3581,0,0,0,0,3
1,5294,3582,0,0,0,0,3
1,5295,3583,0,0,0,0,3
1,5299,3584,0,0,0,0,3
1,5300,3585,0,0,0,0,3
1,5301,3586,0,0,0,0,3
1,5302,3587,0,0,0,0,3
1,5303,3588,0,0,0,0,3
1,5305,3589,0,0,0,0,3
1,5306,3590,0,0,0,0,3
1,5307,3591,0,0,0,0,1
1,5308,3592,0,0,0,0,2
1,5312,3593,0,0,0,0,3
1,5313,3594,0,0,0,0,3
1,5314,3595,0,0,0,0,3
1,5315,3596,0,0,0,0,3
1,5316,3597,0,0,0,0,3
1,5317,3598,0,0,0,0,3
1,5319,3599,0,0,0,0,3
1,5320,3600,0,0,0,0,3
1,5321,3601,0,0,0,0,3
1,5325,3602,0,0,0,0,3
1,5326,3603,0,0,0,0,3
1,5327,3604,0,0,0,0,3
1,5328,3605,0,0,0,0,3
1,5329,3606,0,0,0,0,3
1,5330,3607,0,0,0,0,3
1,5331,3608,0,0,0,0,3
1,5333,3609,0,0,0,0,3
1,5334,3610,0,0,0,0,1
1,5338,3611,0,0,0,0,2
1,5339,3612,0,0,0,0,3
1,5340,3613,0,0,0,0,3
1,5341,3614,0,0,0,0,3
1,5342,3615,0,0,0,0,3
1,5343,3616,0,0,0,0,3
1,5344,3617,0,0,0,0,3
1,5345,3618,0,0,0,0,3
1,5347,3619,0,0,0,0,3
1,5351,3620,0,0,0,0,3
1,5352,3621,0,0,0,0,3
1,5353,3622,0,0,0,0,3
1,5354,3623,0,0,0,0,3
1,5355,3624,0,0,0,0,3
1,5356,3625,0,0,0,0,3
1,5357,3626,0,0,0,0,3
1,5358,3627,0,0,0,0,3
1,5359,3628,0,0,0,0,3
1,5364,3629,0,0,0,0,1
1,5365,3630,0,0,0,0,2
1,5366,3631,0,0,0,0,3
1,5367,3632,0,0,0,0,3
1,5368,3633,0,0,0,0,3
1,5369,3634,0,0,0,0,3
1,5370,3635,0,0,0,0,3
1,5371,3636,0,0,0,0,3
1,5372,3637,0,0,0,0,3
1,5373,3638,0,0,0,0,3
1,5377,3639,0,0,0,0,3
1,5378,3640,0,0,0,0,3
1,5379,3641,0,0,0,0,3
1,5380,3642,0,0,0,0,3
1,5382,3643,0,0,0,0,3
1,5383,3644,0,0,0,0,3
1,5384,3645,0,0,0,0,3
1,5385,3646,0,0,0,0,3
1,5386,3647,0,0,0,0,3
1,5390,3648,0,0,0,0,1
1,5391,3649,0,0,0,0,2
1,5392,3650,0,0,0,0,3
1,5393,3651,0,0,0,0,3
1,5394,3652,0,0,0,0,3
1,5396,3653,0,0,0,0,3
1,5397,3654,0,0,0,0,3
1,5398,3655,0,0,0,0,3
1,5399,3656,0,0,0,0,3
1,5403,3657,0,0,0,0,3
1,5404,3658,0,0,0,0,3
1,5405,3659,0,0,0,0,3
1,5406,3660,0,0,0,0,3
1,5407,3661,0,0,0,0,3
1,5408,3662,0,0,0,0,3
1,5410,3663,0,0,0,0,3
1,5411,3664,0,0,0,0,3
1,5412,3665,0,0,0,0,3
1,5416,3666,0,0,0,0,3
1,5417,3667,0,0,0,0,1
1,5418,3668,0,0,0,0,2
1,5419,3669,0,0,0,0,3
1,5420,3670,0,0,0,0,3
1,5421,3671,0,0,0,0,3
1,5422,3672,0,0,0,0,3
1,5424,3673,0,0,0,0,3
1,5425,3674,0,0,0,0,3
1,5429,3675,0,0,0,0,3
1,5430,3676,0,0,0,0,3
1,5431,3677,0,0,0,0,3
1,5432,3678,0,0,0,0,3
1,5433,3679,0,0,0,0,3
1,5434,3680,0,0,0,0,3
1,5435,3681,0,0,0,0,3
1,5436,3682,0,0,0,0,3
1,5438,3683,0,0,0,0,3
1,5442,3684,0,0,0,0,3
1,5443,3685,0,0,0,0,3
1,5444,3686,0,0,0,0,1
1,5445,3687,0,0,0,0,2
1,5446,3688,0,0,0,0,3
1,5447,3689,0,0,0,0,3
1,5448,3690,0,0,0,0,3
1,5449,3691,0,0,0,0,3
1,5450,3692,0,0,0,0,3
1,5455,3693,0,0,0,0,3
1,5456,3694,0,0,0,0,3
1,5457,3695,0,0,0,0,3
1,5458,3696,0,0,0,0,3
1,5459,3697,0,0,0,0,3
1,5460,3698,0,0,0,0,3
1,5461,3699,0,0,0,0,3
1,5462,3700,0,0,0,0,3
1,5463,3701,0,0,0,0,3
1,5464,3702,0,0,0,0,3
1,5468,3703,0,0,0,0,3
1,5469,3704,0,0,0,0,3
1,5470,3705,0,0,0,0,1
1,5471,3706,0,0,0,0,2
1,5473,3707,0,0,0,0,3
1,5474,3708,0,0,0,0,3
1,5475,3709,0,0,0,0,3
1,5476,3710,0,0,0,0,3
1,5477,3711,0,0,0,0,3
1,5481,3712,0,0,0,0,3
1,5482,3713,0,0,0,0,3
1,5483,3714,0,0,0,0,3
1,5484,3715,0,0,0,0,3
1,5485,3716,0,0,0,0,3
1,5487,3717,0,0,0,0,3
1,5488,3718,0,0,0,0,3
1,5489,3719,0,0,0,0,3
1,5490,3720,0,0,0,0,3
1,5494,3721,0,0,0,0,3
1,5495,3722,0,0,0,0,3
1,5496,3723,0,0,0,0,3
1,5497,3724,0,0,0,0,1
1,5498,3725,0,0,0,0,2
1,5499,3726,0,0,0,0,3
1,5501,3727,0,0,0,0,3
1,5502,3728,0,0,0,0,3
1,5503,3729,0,0,0,0,3
1,5507,3730,0,0,0,0,3
1,5508,3731,0,0,0,0,3
1,5509,3732,0,0,0,0,3
1,5510,3733,0,0,0,0,3
1,5511,3734,0,0,0,0,3
1,5512,3735,0,0,0,0,3
1,5513,3736,0,0,0,0,3
1,5515,3737,0,0,0,0,3
1,5516,3738,0,0,0,0,3
1,5520,3739,0,0,0,0,3
1,5521,3740,0,0,0,0,3
1,5522,3741,0,0,0,0,3
1,5523,3742,0,0,0,0,3
1,5524,3743,0,0,0,0,1
1,5525,3744,0,0,0,0,2
1,5526,3745,0,0,0,0,3
1,5527,3746,0,0,0,0,3
1,5529,3747,0,0,0,0,3
1,5533,3748,0,0,0,0,3
1,5534,3749,0,0,0,0,3
1,5535,3750,0,0,0,0,3
1,5536,3751,0,0,0,0,3
1,5537,3752,0,0,0,0,3
1,5538,3753,0,0,0,0,3
1,5539,3754,0,0,0,0,3
1,5540,3755,0,0,0,0,3
1,5541,3756,0,0,0,0,3
1,5546,3757,0,0,0,0,3
1,5547,3758,0,0,0,0,3
1,5548,3759,0,0,0,0,3
1,5549,3760,0,0,0,0,3
1,5550,3761,0,0,0,0,3
1,5551,3762,0,0,0,0,1
1,5552,3763,0,0,0,0,2
1,5553,3764,0,0,0,0,3
1,5554,3765,0,0,0,0,3
1,5555,3766,0,0,0,0,3
1,5559,3767,0,0,0,0,3
1,5560,3768,0,0,0,0,3
1,5561,3769,0,0,0,0,3
1,5562,3770,0,0,0,0,3
1,5564,3771,0,0,0,0,3
1,5565,3772,0,0,0,0,3
1,5566,3773,0,0,0,0,3
1,5567,3774,0,0,0,0,3
1,5568,3775,0,0,0,0,3
1,5572,3776,0,0,0,0,3
1,5573,3777,0,0,0,0,3
1,5574,3778,0,0,0,0,3
1,5575,3779,0,0,0,0,3
1,5576,3780,0,0,0,0,3
1,5578,3781,0,0,0,0,1
1,5579,3782,0,0,0,0,2
1,5580,3783,0,0,0,0,3
1,5581,3784,0,0,0,0,3
1,5585,3785,0,0,0,0,3
1,5586,3786,0,0,0,0,3
1,5587,3787,0,0,0,0,3
1,5588,3788,0,0,0,0,3
1,5589,3789,0,0,0,0,3
1,5590,3790,0,0,0,0,3
1,5592,3791,0,0,0,0,3
1,5593,3792,0,0,0,0,3
1,5594,3793,0,0,0,0,3
1,5598,3794,0,0,0,0,3
1,5599,3795,0,0,0,0,3
1,5600,3796,0,0,0,0,3
1,5601,3797,0,0,0,0,3
1,5602,3798,0,0,0,0,3
1,5603,3799,0,0,0,0,3
1,5604,3800,0,0,0,0,1
1,5606,3801,0,0,0,0,2
1,5607,3802,0,0,0,0,3
1,5611,3803,0,0,0,0,3
1,5612,3804,0,0,0,0,3
1,5613,3805,0,0,0,0,3
1,5614,3806,0,0,0,0,3
1,5615,3807,0,0,0,0,3
1,5616,3808,0,0,0,0,3
1,5617,3809,0,0,0,0,3
1,5618,3810,0,0,0,0,3
1,5620,3811,0,0,0,0,3
1,5624,3812,0,0,0,0,3
1,5625,3813,0,0,0,0,3
1,5626,3814,0,0,0,0,3
1,5627,3815,0,0,0,0,3
1,5628,3816,0,0,0,0,3
1,5629,3817,0,0,0,0,3
1,5630,3818,0,0,0,0,3
1,5631,3819,0,0,0,0,1
1,5632,3820,0,0,0,0,2
1,5637,3821,0,0,0,0,3
1,5638,3822,0,0,0,0,3
1,5639,3823,0,0,0,0,3
1,5640,3824,0,0,0,0,3
1,5641,3825,0,0,0,0,3
1,5642,3826,0,0,0,0,3
1,5643,3827,0,0,0,0,3
1,5644,3828,0,0,0,0,3
1,5645,3829,0,0,0,0,3
1,5646,3830,0,0,0,0,3
1,5650,3831,0,0,0,0,3
1,5651,3832,0,0,0,0,3
1,5652,3833,0,0,0,0,3
1,5653,3834,0,0,0,0,3
1,5655,3835,0,0,0,0,3
1,5656,3836,0,0,0,0,3
1,5657,3837,0,0,0,0,3
1,5658,3838,0,0,0,0,1
1,5659,3839,0,0,0,0,2
1,5663,3840,0,0,0,0,3
1,5664,3841,0,0,0,0,3
1,5665,3842,0,0,0,0,3
1,5666,3843,0,0,0,0,3
1,5667,3844,0,0,0,0,3
1,5669,3845,0,0,0,0,3
1,5670,3846,0,0,0,0,3
1,5671,3847,0,0,0,0,3
1,5672,3848,0,0,0,0,3
1,5676,3849,0,0,0,0,3
1,5677,3850,0,0,0,0,3
1,5678,3851,0,0,0,0,3
1,5679,3852,0,0,0,0,3
1,5680,3853,0,0,0,0,3
1,5681,3854,0,0,0,0,3
1,5683,3855,0,0,0,0,3
1,5684,3856,0,0,0,0,3
1,5685,3857,0,0,0,0,1
1,5689,3858,0,0,0,0,2
1,5690,3859,0,0,0,0,3
1,5691,3860,0,0,0,0,3
1,5692,3861,0,0,0,0,3
1,5693,3862,0,0,0,0,3
1,5694,3863,0,0,0,0,3
1,5695,3864,0,0,0,0,3
1,5697,3865,0,0,0,0,3
1,5698,3866,0,0,0,0,3
1,5702,3867,0,0,0,0,3
1,5703,3868,0,0,0,0,3
1,5704,3869,0,0,0,0,3
1,5705,3870,0,0,0,0,3
1,5706,3871,0,0,0,0,3
1,5707,3872,0,0,0,0,3
1,5708,3873,0,0,0,0,3
1,5709,3874,0,0,0,0,3
1,5711,3875,0,0,0,0,3
1,5715,3876,0,0,0,0,1
1,5716,3877,0,0,0,0,2
1,5717,3878,0,0,0,0,3
1,5718,3879,0,0,0,0,3
1,5719,3880,0,0,0,0,3
1,5720,3881,0,0,0,0,3
1,5721,3882,0,0,0,0,3
1,5722,3883,0,0,0,0,3
1,5723,3884,0,0,0,0,3
1,5728,3885,0,0,0,0,3
1,5729,3886,0,0,0,0,3
1,5730,3887,0,0,0,0,3
1,5731,3888,0,0,0,0,3
1,5732,3889,0,0,0,0,3
1,5733,3890,0,0,0,0,3
1,5734,3891,0,0,0,0,3
1,5735,3892,0,0,0,0,3
1,5736,3893,0,0,0,0,3
1,5737,3894,0,0,0,0,3
1,5741,3895,0,0,0,0,1
1,5742,3896,0,0,0,0,2
1,5743,3897,0,0,0,0,3
1,5744,3898,0,0,0,0,3
1,5746,3899,0,0,0,0,3
1,5747,3900,0,0,0,0,3
1,5748,3901,0,0,0,0,3
1,5749,3902,0,0,0,0,3
1,5750,3903,0,0,0,0,3
1,5754,3904,0,0,0,0,3
1,5755,3905,0,0,0,0,3
1,5756,3906,0,0,0,0,3
1,5757,3907,0,0,0,0,3
1,5758,3908,0,0,0,0,3
1,5760,3909,0,0,0,0,3
1,5761,3910,0,0,0,0,3
1,5762,3911,0,0,0,0,3
1,5763,3912,0,0,0,0,3
1,5767,3913,0,0,0,0,3
1,5768,3914,0,0,0,0,1
1,5769,3915,0,0,0,0,2
1,5770,3916,0,0,0,0,3
1,5771,3917,0,0,0,0,3
1,5772,3918,0,0,0,0,3
1,5774,3919,0,0,0,0,3
1,5775,3920,0,0,0,0,3
1,5776,3921,0,0,0,0,3
1,5780,3922,0,0,0,0,3
1,5781,3923,0,0,0,0,3
1,5782,3924,0,0,0,0,3
1,5783,3925,0,0,0,0,3
1,5784,3926,0,0,0,0,3
1,5785,3927,0,0,0,0,3
1,5786,3928,0,0,0,0,3
1,5788,3929,0,0,0,0,3
1,5789,3930,0,0,0,0,3
1,5793,3931,0,0,0,0,3
1,5794,3932,0,0,0,0,3
1,5795,3933,0,0,0,0,1
1,5796,3934,0,0,0,0,2
1,5797,3935,0,0,0,0,3
1,5798,3936,0,0,0,0,3
1,5799,3937,0,0,0,0,3
1,5800,3938,0,0,0,0,3
1,5802,3939,0,0,0,0,3
1,5806,3940,0,0,0,0,3
1,5807,3941,0,0,0,0,3
1,5808,3942,0,0,0,0,3
1,5809,3943,0,0,0,0,3
1,5810,3944,0,0,0,0,3
1,5811,3945,0,0,0,0,3
1,5812,3946,0,0,0,0,3
1,5813,3947,0,0,0,0,3
1,5814,3948,0,0,0,0,3
1,5819,3949,0,0,0,0,3
1,5820,3950,0,0,0,0,3
1,5821,3951,0,0,0,0,3
1,5822,3952,0,0,0,0,1
1,5823,3953,0,0,0,0,2
1,5824,3954,0,0,0,0,3
1,5825,3955,0,0,0,0,3
1,5826,3956,0,0,0,0,3
1,5827,3957,0,0,0,0,3
1,5828,3958,0,0,0,0,3
1,5832,3959,0,0,0,0,3
1,5833,3960,0,0,0,0,3
1,5834,3961,0,0,0,0,3
1,5835,3962,0,0,0,0,3
1,5837,3963,0,0,0,0,3
1,5838,3964,0,0,0,0,3
1,5839,3965,0,0,0,0,3
1,5840,3966,0,0,0,0,3
1,5841,3967,0,0,0,0,3
1,5845,3968,0,0,0,0,3
1,5846,3969,0,0,0,0,3
1,5847,3970,0,0,0,0,3
1,5848,3971,0,0,0,0,1
1,5849,3972,0,0,0,0,2
1,5851,3973,0,0,0,0,3
1,5852,3974,0,0,0,0,3
1,5853,3975,0,0,0,0,3
1,5854,3976,0,0,0,0,3
1,5858,3977,0,0,0,0,3
1,5859,3978,0,0,0,0,3
1,5860,3979,0,0,0,0,3
1,5861,3980,0,0,0,0,3
1,5862,3981,0,0,0,0,3
1,5863,3982,0,0,0,0,3
1,5865,3983,0,0,0,0,3
1,5866,3984,0,0,0,0,3
1,5867,3985,0,0,0,0,3
1,5871,3986,0,0,0,0,3
1,5872,3987,0,0,0,0,3
1,5873,3988,0,0,0,0,3
1,5874,3989,0,0,0,0,3
1,5875,3990,0,0,0,0,1
1,5876,3991,0,0,0,0,2
1,5877,3992,0,0,0,0,3
1,5879,3993,0,0,0,0,3
1,5880,3994,0,0,0,0,3
1,5884,3995,0,0,0,0,3
1,5885,3996,0,0,0,0,3
1,5886,3997,0,0,0,0,3
1,5887,3998,0,0,0,0,3
1,5888,3999,0,0,0,0,3
1,5889,4000,0,0,0,0,3
1,5890,4001,0,0,0,0,3
1,5891,4002,0,0,0,0,3
1,5893,4003,0,0,0,0,3
1,5897,4004,0,0,0,0,3
1,5898,4005,0,0,0,0,3
1,5899,4006,0,0,0,0,3
1,5900,4007,0,0,0,0,3
1,5901,4008,0,0,0,0,3
1,5902,4009,0,0,0,0,1
1,5903,4010,0,0,0,0,2
1,5904,4011,0,0,0,0,3
1,5905,4012,0,0,0,0,3
1,5910,4013,0,0,0,0,3
1,5911,4014,0,0,0,0,3
1,5912,4015,0,0,0,0,3
1,5913,4016,0,0,0,0,3
1,5914,4017,0,0,0,0,3
1,5915,4018,0,0,0,0,3
1,5916,4019,0,0,0,0,3
1,5917,4020,0,0,0,0,3
1,5918,4021,0,0,0,0,3
1,5919,4022,0,0,0,0,3
1,5923,4023,0,0,0,0,3
1,5924,4024,0,0,0,0,3
1,5925,4025,0,0,0,0,3
1,5926,4026,0,0,0,0,3
1,5928,4027,0,0,0,0,3
1,5929,4028,0,0,0,0,1
1,5930,4029,0,0,0,0,2
1,5931,4030,0,0,0,0,3
1,5932,4031,0,0,0,0,3
1,5936,4032,0,0,0,0,3
1,5937,4033,0,0,0,0,3
1,5938,4034,0,0,0,0,3
1,5939,4035,0,0,0,0,3
1,5940,4036,0,0,0,0,3
1,5941,4037,0,0,0,0,3
1,5942,4038,0,0,0,0,3
1,5943,4039,0,0,0,0,3
1,5944,4040,0,0,0,0,3
1,5945,4041,0,0,0,0,3
1,5949,4042,0,0,0,0,3
1,5950,4043,0,0,0,0,3
1,5951,4044,0,0,0,0,3
1,5952,4045,0,0,0,0,3
1,5953,4046,0,0,0,0,3
1,5954,4047,0,0,0,0,1
1,5955,4048,0,0,0,0,2
1,5956,4049,0,0,0,0,3
1,5957,4050,0,0,0,0,3
1,5958,4051,0,0,0,0,3
1,5962,4052,0,0,0,0,3
1,5963,4053,0,0,0,0,3
1,5964,4054,0,0,0,0,3
1,5965,4055,0,0,0,0,3
1,5966,4056,0,0,0,0,3
1,5967,4057,0,0,0,0,3
1,5968,4058,0,0,0,0,3
1,5969,4059,0,0,0,0,3
1,5970,4060,0,0,0,0,3
1,5971,4061,0,0,0,0,3
1,5975,4062,0,0,0,0,3
1,5976,4063,0,0,0,0,3
1,5977,4064,0,0,0,0,3
1,5978,4065,0,0,0,0,3
1,5979,4066,0,0,0,0,1
1,5980,4067,0,0,0,0,2
1,5981,4068,0,0,0,0,3
1,5982,4069,0,0,0,0,3
1,5983,4070,0,0,0,0,3
1,5984,4071,0,0,0,0,3
1,5988,4072,0,0,0,0,3
1,5989,4073,0,0,0,0,3
1,5990,4074,0,0,0,0,3
1,5991,4075,0,0,0,0,3
1,5992,4076,0,0,0,0,3
1,5993,4077,0,0,0,0,3
1,5994,4078,0,0,0,0,3
1,5995,4079,0,0,0,0,3
1,5996,4080,0,0,0,0,3
1,5997,4081,0,0,0,0,3
1,6001,4082,0,0,0,0,3
1,6002,4083,0,0,0,0,3
1,6003,4084,0,0,0,0,3
1,6004,4085,0,0,0,0,1
1,6005,4086,0,0,0,0,2
1,6006,4087,0,0,0,0,3
1,6007,4088,0,0,0,0,3
1,6008,4089,0,0,0,0,3
1,6009,4090,0,0,0,0,3
1,6010,4091,0,0,0,0,3
1,6014,4092,0,0,0,0,3
1,6015,4093,0,0,0,0,3
1,6016,4094,0,0,0,0,3
1,6017,4095,0,0,0,1,3
2,6170,0,0,0,0,0,1
2,6171,1,0,0,0,0,2
2,6172,2,0,0,0,0,3
2,6173,3,0,0,0,0,3
2,6174,4,0,0,0,0,3
2,6175,5,0,0,0,0,3
2,6176,6,0,0,0,0,3
2,6177,7,0,0,0,0,3
2,6178,8,0,0,0,0,3
2,6183,9,0,0,0,0,3
2,6184,10,0,0,0,0,3
2,6185,11,0,0,0,0,3
2,6186,12,0,0,0,0,3
2,6187,13,0,0,0,0,3
2,6188,14,0,0,0,0,3
2,6189,15,0,0,0,0,3
2,6190,16,0,0,0,0,3
2,6191,17,0,0,0,0,3
2,6192,18,0,0,0,0,3
2,6196,19,0,0,0,0,1
2,6197,20,0,0,0,0,2
2,6198,21,0,0,0,0,3
2,6199,22,0,0,0,0,3
2,6201,23,0,0,0,0,3
2,6202,24,0,0,0,0,3
2,6203,25,0,0,0,0,3
2,6204,26,0,0,0,0,3
2,6205,27,0,0,0,0,3
2,6209,28,0,0,0,0,3
2,6210,29,0,0,0,0,3
2,6211,30,0,0,0,0,3
2,6212,31,0,0,0,0,3
2,6213,32,0,0,0,0,3
2,6215,33,0,0,0,0,3
2,6216,34,0,0,0,0,3
2,6217,35,0,0,0,0,3
2,6218,36,0,0,0,0,3
2,6222,37,0,0,0,0,3
2,6223,38,0,0,0,0,1
2,6224,39,0,0,0,0,2
2,6225,40,0,0,0,0,3
2,6226,41,0,0,0,0,3
2,6227,42,0,0,0,0,3
2,6229,43,0,0,0,0,3
2,6230,44,0,0,0,0,3
2,6231,45,0,0,0,0,3
2,6235,46,0,0,0,0,3
2,6236,47,0,0,0,0,3
2,6237,48,0,0,0,0,3
2,6238,49,0,0,0,0,3
2,6239,50,0,0,0,0,3
2,6240,51,0,0,0,0,3
2,6241,52,0,0,0,0,3
2,6243,53,0,0,0,0,3
2,6244,54,0,0,0,0,3
2,6248,55,0,0,0,0,3
2,6249,56,0,0,0,0,3
2,6250,57,0,0,0,0,1
2,6251,58,0,0,0,0,2
2,6252,59,0,0,0,0,3
2,6253,60,0,0,0,0,3
2,6254,61,0,0,0,0,3
2,6255,62,0,0,0,0,3
2,6257,63,0,0,0,0,3
2,6261,64,0,0,0,0,3
2,6262,65,0,0,0,0,3
2,6263,66,0,0,0,0,3
2,6264,67,0,0,0,0,3
2,6265,68,0,0,0,0,3
2,6266,69,0,0,0,0,3
2,6267,70,0,0,0,0,3
2,6268,71,0,0,0,0,3
2,6269,72,0,0,0,0,3
2,6274,73,0,0,0,0,3
2,6275,74,0,0,0,0,3
2,6276,75,0,0,0,0,3
2,6277,76,0,0,0,0,1
2,6278,77,0,0,0,0,2
2,6279,78,0,0,0,0,3
2,6280,79,0,0,0,0,3
2,6281,80,0,0,0,0,3
2,6282,81,0,0,0,0,3
2,6283,82,0,0,0,0,3
2,6287,83,0,0,0,0,3
2,6288,84,0,0,0,0,3
2,6289,85,0,0,0,0,3
2,6290,86,0,0,0,0,3
2,6292,87,0,0,0,0,3
2,6293,88,0,0,0,0,3
2,6294,89,0,0,0,0,3
2,6295,90,0,0,0,0,3
2,6296,91,0,0,0,0,3
2,6300,92,0,0,0,0,3
2,6301,93,0,0,0,0,3
2,6302,94,0,0,0,0,3
2,6303,95,0,0,0,0,1
2,6304,96,0,0,0,0,2
2,6306,97,0,0,0,0,3
2,6307,98,0,0,0,0,3
2,6308,99,0,0,0,0,3
2,6309,100,0,0,0,0,3
2,6313,101,0,0,0,0,3
2,6314,102,0,0,0,0,3
2,6315,103,0,0,0,0,3
2,6316,104,0,0,0,0,3
2,6317,105,0,0,0,0,3
2,6318,106,0,0,0,0,3
2,6320,107,0,0,0,0,3
2,6321,108,0,0,0,0,3
2,6322,109,0,0,0,0,3
2,6326,110,0,0,0,0,3
2,6327,111,0,0,0,0,3
2,6328,112,0,0,0,0,3
2,6329,113,0,0,0,0,3
2,6330,114,0,0,0,0,1
2,6331,115,0,0,0,0,2
2,6332,116,0,0,0,0,3
2,6334,117,0,0,0,0,3
2,6335,118,0,0,0,0,3
2,6339,119,0,0,0,0,3
2,6340,120,0,0,0,0,3
2,6341,121,0,0,0,0,3
2,6342,122,0,0,0,0,3
2,6343,123,0,0,0,0,3
2,6344,124,0,0,0,0,3
2,6345,125,0,0,0,0,3
2,6346,126,0,0,0,0,3
2,6348,127,0,0,0,0,3
2,6352,128,0,0,0,0,3
2,6353,129,0,0,0,0,3
2,6354,130,0,0,0,0,3
2,6355,131,0,0,0,0,3
2,6356,132,0,0,0,0,3
2,6357,133,0,0,0,0,1
2,6358,134,0,0,0,0,2
2,6359,135,0,0,0,0,3
2,6360,136,0,0,0,0,3
2,6365,137,0,0,0,0,3
2,6366,138,0,0,0,0,3
2,6367,139,0,0,0,0,3
2,6368,140,0,0,0,0,3
2,6369,141,0,0,0,0,3
2,6370,142,0,0,0,0,3
2,6371,143,0,0,0,0,3
2,6372,144,0,0,0,0,3
2,6373,145,0,0,0,0,3
2,6374,146,0,0,0,0,3
2,6378,147,0,0,0,0,3
2,6379,148,0,0,0,0,3
2,6380,149,0,0,0,0,3
2,6381,150,0,0,0,0,3
2,6383,151,0,0,0,0,3
2,6384,152,0,0,0,0,1
2,6385,153,0,0,0,0,2
2,6386,154,0,0,0,0,3
2,6387,155,0,0,0,0,3
2,6391,156,0,0,0,0,3
2,6392,157,0,0,0,0,3
2,6393,158,0,0,0,0,3
2,6394,159,0,0,0,0,3
2,6395,160,0,0,0,0,3
2,6397,161,0,0,0,0,3
2,6398,162,0,0,0,0,3
2,6399,163,0,0,0,0,3
2,6400,164,0,0,0,0,3
2,6404,165,0,0,0,0,3
2,6405,166,0,0,0,0,3
2,6406,167,0,0,0,0,3
2,6407,168,0,0,0,0,3
2,6408,169,0,0,0,0,3
2,6409,170,0,0,0,0,3
2,6411,171,0,0,0,0,1
2,6412,172,0,0,0,0,2
2,6413,173,0,0,0,0,3
2,6417,174,0,0,0,0,3
2,6418,175,0,0,0,0,3
2,6419,176,0,0,0,0,3
2,6420,177,0,0,0,0,3
2,6421,178,0,0,0,0,3
2,6422,179,0,0,0,0,3
2,6423,180,0,0,0,0,3
2,6425,181,0,0,0,0,3
2,6426,182,0,0,0,0,3
2,6430,183,0,0,0,0,3
2,6431,184,0,0,0,0,3
2,6432,185,0,0,0,0,3
2,6433,186,0,0,0,0,3
2,6434,187,0,0,0,0,3
2,6435,188,0,0,0,0,3
2,6436,189,0,0,0,0,3
2,6437,190,0,0,0,0,1
2,6439,191,0,0,0,0,2
2,6443,192,0,0,0,0,3
2,6444,193,0,0,0,0,3
2,6445,194,0,0,0,0,3
2,6446,195,0,0,0,0,3
2,6447,196,0,0,0,0,3
2,6448,197,0,0,0,0,3
2,6449,198,0,0,0,0,3
2,6450,199,0,0,0,0,3
2,6451,200,0,0,0,0,3
2,6456,201,0,0,0,0,3
2,6457,202,0,0,0,0,3
2,6458,203,0,0,0,0,3
2,6459,204,0,0,0,0,3
2,6460,205,0,0,0,0,3
2,6461,206,0,0,0,0,3
2,6462,207,0,0,0,0,3
2,6463,208,0,0,0,0,3
2,6464,209,0,0,0,0,1
2,6465,210,0,0,0,0,2
2,6469,211,0,0,0,0,3
2,6470,212,0,0,0,0,3
2,6471,213,0,0,0,0,3
2,6472,214,0,0,0,0,3
2,6474,215,0,0,0,0,3
2,6475,216,0,0,0,0,3
2,6476,217,0,0,0,0,3
2,6477,218,0,0,0,0,3
2,6478,219,0,0,0,0,3
2,6482,220,0,0,0,0,3
2,6483,221,0,0,0,0,3
2,6484,222,0,0,0,0,3
2,6485,223,0,0,0,0,3
2,6486,224,0,0,0,0,3
2,6488,225,0,0,0,0,3
2,6489,226,0,0,0,0,3
2,6490,227,0,0,0,0,3
2,6491,228,0,0,0,0,1
2,6495,229,0,0,0,0,2
2,6496,230,0,0,0,0,3
2,6497,231,0,0,0,0,3
2,6498,232,0,0,0,0,3
2,6499,233,0,0,0,0,3
2,6500,234,0,0,0,0,3
2,6502,235,0,0,0,0,3
2,6503,236,0,0,0,0,3
2,6504,237,0,0,0,0,3
2,6508,238,0,0,0,0,3
2,6509,239,0,0,0,0,3
2,6510,240,0,0,0,0,3
2,6511,241,0,0,0,0,3
2,6512,242,0,0,0,0,3
2,6513,243,0,0,0,0,3
2,6514,244,0,0,0,0,3
2,6516,245,0,0,0,0,3
2,6517,246,0,0,0,0,3
2,6521,247,0,0,0,0,1
2,6522,248,0,0,0,0,2
2,6523,249,0,0,0,0,3
2,6524,250,0,0,0,0,3
2,6525,251,0,0,0,0,3
2,6526,252,0,0,0,0,3
2,6527,253,0,0,0,0,3
2,6528,254,0,0,0,0,3
2,6530,255,0,0,0,0,3
2,6534,256,0,0,0,0,3
2,6535,257,0,0,0,0,3
2,6536,258,0,0,0,0,3
2,6537,259,0,0,0,0,3
2,6538,260,0,0,0,0,3
2,6539,261,0,0,0,0,3
2,6540,262,0,0,0,0,3
2,6541,263,0,0,0,0,3
2,6542,264,0,0,0,0,3
2,6547,265,0,0,0,0,3
2,6548,266,0,0,0,0,1
2,6549,267,0,0,0,0,2
2,6550,268,0,0,0,0,3
2,6551,269,0,0,0,0,3
2,6552,270,0,0,0,0,3
2,6553,271,0,0,0,0,3
2,6554,272,0,0,0,0,3
2,6555,273,0,0,0,0,3
2,6556,274,0,0,0,0,3
2,6560,275,0,0,0,0,3
2,6561,276,0,0,0,0,3
2,6562,277,0,0,0,0,3
2,6563,278,0,0,0,0,3
2,6565,279,0,0,0,0,3
2,6566,280,0,0,0,0,3
2,6567,281,0,0,0,0,3
2,6568,282,0,0,0,0,3
2,6569,283,0,0,0,0,3
2,6573,284,0,0,0,0,3
2,6574,285,0,0,0,0,1
2,6575,286,0,0,0,0,2
2,6576,287,0,0,0,0,3
2,6577,288,0,0,0,0,3
2,6579,289,0,0,0,0,3
2,6580,290,0,0,0,0,3
2,6581,291,0,0,0,0,3
2,6582,292,0,0,0,0,3
2,6586,293,0,0,0,0,3
2,6587,294,0,0,0,0,3
2,6588,295,0,0,0,0,3
2,6589,296,0,0,0,0,3
2,6590,297,0,0,0,0,3
2,6591,298,0,0,0,0,3
2,6593,299,0,0,0,0,3
2,6594,300,0,0,0,0,3
2,6595,301,0,0,0,0,3
2,6599,302,0,0,0,0,3
2,6600,303,0,0,0,0,3
2,6601,304,0,0,0,0,1
2,6602,305,0,0,0,0,2
2,6603,306,0,0,0,0,3
2,6604,307,0,0,0,0,3
2,6605,308,0,0,0,0,3
2,6607,309,0,0,0,0,3
2,6608,310,0,0,0,0,3
2,6612,311,0,0,0,0,3
2,6613,312,0,0,0,0,3
2,6614,313,0,0,0,0,3
2,6615,314,0,0,0,0,3
2,6616,315,0,0,0,0,3
2,6617,316,0,0,0,0,3
2,6618,317,0,0,0,0,3
2,6619,318,0,0,0,0,3
2,6621,319,0,0,0,0,3
2,6625,320,0,0,0,0,3
2,6626,321,0,0,0,0,3
2,6627,322,0,0,0,0,3
2,6628,323,0,0,0,0,1
2,6629,324,0,0,0,0,2
2,6630,325,0,0,0,0,3
2,6631,326,0,0,0,0,3
2,6632,327,0,0,0,0,3
2,6633,328,0,0,0,0,3
2,6638,329,0,0,0,0,3
2,6639,330,0,0,0,0,3
2,6640,331,0,0,0,0,3
2,6641,332,0,0,0,0,3
2,6642,333,0,0,0,0,3
2,6643,334,0,0,0,0,3
2,6644,335,0,0,0,0,3
2,6645,336,0,0,0,0,3
2,6646,337,0,0,0,0,3
2,6647,338,0,0,0,0,3
2,6651,339,0,0,0,0,3
2,6652,340,0,0,0,0,3
2,6653,341,0,0,0,0,3
2,6654,342,0,0,0,0,1
2,6656,343,0,0,0,0,2
2,6657,344,0,0,0,0,3
2,6658,345,0,0,0,0,3
2,6659,346,0,0,0,0,3
2,6660,347,0,0,0,0,3
2,6664,348,0,0,0,0,3
2,6665,349,0,0,0,0,3
2,6666,350,0,0,0,0,3
2,6667,351,0,0,0,0,3
2,6668,352,0,0,0,0,3
2,6670,353,0,0,0,0,3
2,6671,354,0,0,0,0,3
2,6672,355,0,0,0,0,3
2,6673,356,0,0,0,0,3
2,6677,357,0,0,0,0,3
2,6678,358,0,0,0,0,3
2,6679,359,0,0,0,0,3
2,6680,360,0,0,0,0,3
2,6681,361,0,0,0,0,1
2,6682,362,0,0,0,0,2
2,6684,363,0,0,0,0,3
2,6685,364,0,0,0,0,3
2,6686,365,0,0,0,0,3
2,6690,366,0,0,0,0,3
2,6691,367,0,0,0,0,3
2,6692,368,0,0,0,0,3
2,6693,369,0,0,0,0,3
2,6694,370,0,0,0,0,3
2,6695,371,0,0,0,0,3
2,6696,372,0,0,0,0,3
2,6698,373,0,0,0,0,3
2,6699,374,0,0,0,0,3
2,6703,375,0,0,0,0,3
2,6704,376,0,0,0,0,3
2,6705,377,0,0,0,0,3
2,6706,378,0,0,0,0,3
2,6707,379,0,0,0,0,3
2,6708,380,0,0,0,0,1
2,6709,381,0,0,0,0,2
2,6710,382,0,0,0,0,3
2,6712,383,0,0,0,0,3
2,6716,384,0,0,0,0,3
2,6717,385,0,0,0,0,3
2,6718,386,0,0,0,0,3
2,6719,387,0,0,0,0,3
2,6720,388,0,0,0,0,3
2,6721,389,0,0,0,0,3
2,6722,390,0,0,0,0,3
2,6723,391,0,0,0,0,3
2,6724,392,0,0,0,0,3
2,6729,393,0,0,0,0,3
2,6730,394,0,0,0,0,3
2,6731,395,0,0,0,0,3
2,6732,396,0,0,0,0,3
2,6733,397,0,0,0,0,3
2,6734,398,0,0,0,0,3
2,6735,399,0,0,0,0,1
2,6736,400,0,0,0,0,2
2,6737,401,0,0,0,0,3
2,6738,402,0,0,0,0,3
2,6742,403,0,0,0,0,3
2,6743,404,0,0,0,0,3
2,6744,405,0,0,0,0,3
2,6745,406,0,0,0,0,3
2,6747,407,0,0,0,0,3
2,6748,408,0,0,0,0,3
2,6749,409,0,0,0,0,3
2,6750,410,0,0,0,0,3
2,6751,411,0,0,0,0,3
2,6755,412,0,0,0,0,3
2,6756,413,0,0,0,0,3
2,6757,414,0,0,0,0,3
2,6758,415,0,0,0,0,3
2,6759,416,0,0,0,0,3
2,6761,417,0,0,0,0,3
2,6762,418,0,0,0,0,1
2,6763,419,0,0,0,0,2
2,6764,420,0,0,0,0,3
2,6768,421,0,0,0,0,3
2,6769,422,0,0,0,0,3
2,6770,423,0,0,0,0,3
2,6771,424,0,0,0,0,3
2,6772,425,0,0,0,0,3
2,6773,426,0,0,0,0,3
2,6775,427,0,0,0,0,3
2,6776,428,0,0,0,0,3
2,6777,429,0,0,0,0,3
2,6781,430,0,0,0,0,3
2,6782,431,0,0,0,0,3
2,6783,432,0,0,0,0,3
2,6784,433,0,0,0,0,3
2,6785,434,0,0,0,0,3
2,6786,435,0,0,0,0,3
2,6787,436,0,0,0,0,3
2,6789,437,0,0,0,0,1
2,6790,438,0,0,0,0,2
2,6794,439,0,0,0,0,3
2,6795,440,0,0,0,0,3
2,6796,441,0,0,0,0,3
2,6797,442,0,0,0,0,3
2,6798,443,0,0,0,0,3
2,6799,444,0,0,0,0,3
2,6800,445,0,0,0,0,3
2,6801,446,0,0,0,0,3
2,6803,447,0,0,0,0,3
2,6807,448,0,0,0,0,3
2,6808,449,0,0,0,0,3
2,6809,450,0,0,0,0,3
2,6810,451,0,0,0,0,3
2,6811,452,0,0,0,0,3
2,6812,453,0,0,0,0,3
2,6813,454,0,0,0,0,3
2,6814,455,0,0,0,0,3
2,6815,456,0,0,0,0,1
2,6820,457,0,0,0,0,2
2,6821,458,0,0,0,0,3
2,6822,459,0,0,0,0,3
2,6823,460,0,0,0,0,3
2,6824,461,0,0,0,0,3
2,6825,462,0,0,0,0,3
2,6826,463,0,0,0,0,3
2,6827,464,0,0,0,0,3
2,6828,465,0,0,0,0,3
2,6829,466,0,0,0,0,3
2,6833,467,0,0,0,0,3
2,6834,468,0,0,0,0,3
2,6835,469,0,0,0,0,3
2,6836,470,0,0,0,0,3
2,6838,471,0,0,0,0,3
2,6839,472,0,0,0,0,3
2,6840,473,0,0,0,0,3
2,6841,474,0,0,0,0,3
2,6842,475,0,0,0,0,1
2,6846,476,0,0,0,0,2
2,6847,477,0,0,0,0,3
2,6848,478,0,0,0,0,3
2,6849,479,0,0,0,0,3
2,6850,480,0,0,0,0,3
2,6852,481,0,0,0,0,3
2,6853,482,0,0,0,0,3
2,6854,483,0,0,0,0,3
2,6855,484,0,0,0,0,3
2,6859,485,0,0,0,0,3
2,6860,486,0,0,0,0,3
2,6861,487,0,0,0,0,3
2,6862,488,0,0,0,0,3
2,6863,489,0,0,0,0,3
2,6864,490,0,0,0,0,3
2,6866,491,0,0,0,0,3
2,6867,492,0,0,0,0,3
2,6868,493,0,0,0,0,3
2,6872,494,0,0,0,0,1
2,6873,495,0,0,0,0,2
2,6874,496,0,0,0,0,3
2,6875,497,0,0,0,0,3
2,6876,498,0,0,0,0,3
2,6877,499,0,0,0,0,3
2,6878,500,0,0,0,0,3
2,6880,501,0,0,0,0,3
2,6881,502,0,0,0,0,3
2,6885,503,0,0,0,0,3
2,6886,504,0,0,0,0,3
2,6887,505,0,0,0,0,3
2,6888,506,0,0,0,0,3
2,6889,507,0,0,0,0,3
2,6890,508,0,0,0,0,3
2,6891,509,0,0,0,0,3
2,6892,510,0,0,0,0,3
2,6894,511,0,0,0,0,3
2,6898,512,0,0,0,0,3
2,6899,513,0,0,0,0,1
2,6900,514,0,0,0,0,2
2,6901,515,0,0,0,0,3
2,6902,516,0,0,0,0,3
2,6903,517,0,0,0,0,3
2,6904,518,0,0,0,0,3
2,6905,519,0,0,0,0,3
2,6906,520,0,0,0,0,3
2,6911,521,0,0,0,0,3
2,6912,522,0,0,0,0,3
2,6913,523,0,0,0,0,3
2,6914,524,0,0,0,0,3
2,6915,525,0,0,0,0,3
2,6916,526,0,0,0,0,3
2,6917,527,0,0,0,0,3
2,6918,528,0,0,0,0,3
2,6919,529,0,0,0,0,3
2,6920,530,0,0,0,0,3
2,6924,531,0,0,0,0,3
2,6925,532,0,0,0,0,1
2,6926,533,0,0,0,0,2
2,6927,534,0,0,0,0,3
2,6929,535,0,0,0,0,3
2,6930,536,0,0,0,0,3
2,6931,537,0,0,0,0,3
2,6932,538,0,0,0,0,3
2,6933,539,0,0,0,0,3
2,6937,540,0,0,0,0,3
2,6938,541,0,0,0,0,3
2,6939,542,0,0,0,0,3
2,6940,543,0,0,0,0,3
2,6941,544,0,0,0,0,3
2,6943,545,0,0,0,0,3
2,6944,546,0,0,0,0,3
2,6945,547,0,0,0,0,3
2,6946,548,0,0,0,0,3
2,6950,549,0,0,0,0,3
2,6951,550,0,0,0,0,3
2,6952,551,0,0,0,0,1
2,6953,552,0,0,0,0,2
2,6954,553,0,0,0,0,3
2,6955,554,0,0,0,0,3
2,6957,555,0,0,0,0,3
2,6958,556,0,0,0,0,3
2,6959,557,0,0,0,0,3
2,6963,558,0,0,0,0,3
2,6964,559,0,0,0,0,3
2,6965,560,0,0,0,0,3
2,6966,561,0,0,0,0,3
2,6967,562,0,0,0,0,3
2,6968,563,0,0,0,0,3
2,6969,564,0,0,0,0,3
2,6971,565,0,0,0,0,3
2,6972,566,0,0,0,0,3
2,6976,567,0,0,0,0,3
2,6977,568,0,0,0,0,3
2,6978,569,0,0,0,0,3
2,6979,570,0,0,0,0,1
2,6980,571,0,0,0,0,2
2,6981,572,0,0,0,0,3
2,6982,573,0,0,0,0,3
2,6983,574,0,0,0,0,3
2,6985,575,0,0,0,0,3
2,6989,576,0,0,0,0,3
2,6990,577,0,0,0,0,3
2,6991,578,0,0,0,0,3
2,6992,579,0,0,0,0,3
2,6993,580,0,0,0,0,3
2,6994,581,0,0,0,0,3
2,6995,582,0,0,0,0,3
2,6996,583,0,0,0,0,3
2,6997,584,0,0,0,0,3
2,7002,585,0,0,0,0,3
2,7003,586,0,0,0,0,3
2,7004,587,0,0,0,0,3
2,7005,588,0,0,0,0,3
2,7006,589,0,0,0,0,1
2,7007,590,0,0,0,0,2
2,7008,591,0,0,0,0,3
2,7009,592,0,0,0,0,3
2,7010,593,0,0,0,0,3
2,7011,594,0,0,0,0,3
2,7015,595,0,0,0,0,3
2,7016,596,0,0,0,0,3
2,7017,597,0,0,0,0,3
2,7018,598,0,0,0,0,3
2,7020,599,0,0,0,0,3
2,7021,600,0,0,0,0,3
2,7022,601,0,0,0,0,3
2,7023,602,0,0,0,0,3
2,7024,603,0,0,0,0,3
2,7028,604,0,0,0,0,3
2,7029,605,0,0,0,0,3
2,7030,606,0,0,0,0,3
2,7031,607,0,0,0,0,3
2,7032,608,0,0,0,0,1
2,7034,609,0,0,0,0,2
2,7035,610,0,0,0,0,3
2,7036,611,0,0,0,0,3
2,7037,612,0,0,0,0,3
2,7041,613,0,0,0,0,3
2,7042,614,0,0,0,0,3
2,7043,615,0,0,0,0,3
2,7044,616,0,0,0,0,3
2,7045,617,0,0,0,0,3
2,7046,618,0,0,0,0,3
2,7048,619,0,0,0,0,3
2,7049,620,0,0,0,0,3
2,7050,621,0,0,0,0,3
2,7054,622,0,0,0,0,3
2,7055,623,0,0,0,0,3
2,7056,624,0,0,0,0,3
2,7057,625,0,0,0,0,3
2,7058,626,0,0,0,0,3
2,7059,627,0,0,0,0,1
2,7060,628,0,0,0,0,2
2,7062,629,0,0,0,0,3
2,7063,630,0,0,0,0,3
2,7067,631,0,0,0,0,3
2,7068,632,0,0,0,0,3
2,7069,633,0,0,0,0,3
2,7070,634,0,0,0,0,3
2,7071,635,0,0,0,0,3
2,7072,636,0,0,0,0,3
2,7073,637,0,0,0,0,3
2,7074,638,0,0,0,0,3
2,7076,639,0,0,0,0,3
2,7080,640,0,0,0,0,3
2,7081,641,0,0,0,0,3
2,7082,642,0,0,0,0,3
2,7083,643,0,0,0,0,3
2,7084,644,0,0,0,0,3
2,7085,645,0,0,0,0,3
2,7086,646,0,0,0,0,1
2,7087,647,0,0,0,0,2
2,7088,648,0,0,0,0,3
2,7093,649,0,0,0,0,3
2,7094,650,0,0,0,0,3
2,7095,651,0,0,0,0,3
2,7096,652,0,0,0,0,3
2,7097,653,0,0,0,0,3
2,7098,654,0,0,0,0,3
2,7099,655,0,0,0,0,3
2,7100,656,0,0,0,0,3
2,7101,657,0,0,0,0,3
2,7102,658,0,0,0,0,3
2,7106,659,0,0,0,0,3
2,7107,660,0,0,0,0,3
2,7108,661,0,0,0,0,3
2,7109,662,0,0,0,0,3
2,7111,663,0,0,0,0,3
2,7112,664,0,0,0,0,3
2,7113,665,0,0,0,0,1
2,7114,666,0,0,0,0,2
2,7115,667,0,0,0,0,3
2,7119,668,0,0,0,0,3
2,7120,669,0,0,0,0,3
2,7121,670,0,0,0,0,3
2,7122,671,0,0,0,0,3
2,7123,672,0,0,0,0,3
2,7125,673,0,0,0,0,3
2,7126,674,0,0,0,0,3
2,7127,675,0,0,0,0,3
2,7128,676,0,0,0,0,3
2,7132,677,0,0,0,0,3
2,7133,678,0,0,0,0,3
2,7134,679,0,0,0,0,3
2,7135,680,0,0,0,0,3
2,7136,681,0,0,0,0,3
2,7137,682,0,0,0,0,3
2,7139,683,0,0,0,0,3
2,7140,684,0,0,0,0,1
2,7141,685,0,0,0,0,2
2,7145,686,0,0,0,0,3
2,7146,687,0,0,0,0,3
2,7147,688,0,0,0,0,3
2,7148,689,0,0,0,0,3
2,7149,690,0,0,0,0,3
2,7150,691,0,0,0,0,3
2,7151,692,0,0,0,0,3
2,7153,693,0,0,0,0,3
2,7154,694,0,0,0,0,3
2,7158,695,0,0,0,0,3
2,7159,696,0,0,0,0,3
2,7160,697,0,0,0,0,3
2,7161,698,0,0,0,0,3
2,7162,699,0,0,0,0,3
2,7163,700,0,0,0,0,3
2,7164,701,0,0,0,0,3
2,7165,702,0,0,0,0,3
2,7167,703,0,0,0,0,1
2,7171,704,0,0,0,0,2
2,7172,705,0,0,0,0,3
2,7173,706,0,0,0,0,3
2,7174,707,0,0,0,0,3
2,7175,708,0,0,0,0,3
2,7176,709,0,0,0,0,3
2,7177,710,0,0,0,0,3
2,7178,711,0,0,0,0,3
2,7179,712,0,0,0,0,3
2,7184,713,0,0,0,0,3
2,7185,714,0,0,0,0,3
2,7186,715,0,0,0,0,3
2,7187,716,0,0,0,0,3
2,7188,717,0,0,0,0,3
2,7189,718,0,0,0,0,3
2,7190,719,0,0,0,0,3
2,7191,720,0,0,0,0,3
2,7192,721,0,0,0,0,3
2,7193,722,0,0,0,0,1
2,7197,723,0,0,0,0,2
2,7198,724,0,0,0,0,3
2,7199,725,0,0,0,0,3
2,7200,726,0,0,0,0,3
2,7202,727,0,0,0,0,3
2,7203,728,0,0,0,0,3
2,7204,729,0,0,0,0,3
2,7205,730,0,0,0,0,3
2,7206,731,0,0,0,0,3
2,7210,732,0,0,0,0,3
2,7211,733,0,0,0,0,3
2,7212,734,0,0,0,0,3
2,7213,735,0,0,0,0,3
2,7214,736,0,0,0,0,3
2,7216,737,0,0,0,0,3
2,7217,738,0,0,0,0,3
2,7218,739,0,0,0,0,3
2,7219,740,0,0,0,0,3
2,7223,741,0,0,0,0,1
2,7224,742,0,0,0,0,2
2,7225,743,0,0,0,0,3
2,7226,744,0,0,0,0,3
2,7227,745,0,0,0,0,3
2,7228,746,0,0,0,0,3
2,7230,747,0,0,0,0,3
2,7231,748,0,0,0,0,3
2,7232,749,0,0,0,0,3
2,7236,750,0,0,0,0,3
2,7237,751,0,0,0,0,3
2,7238,752,0,0,0,0,3
2,7239,753,0,0,0,0,3
2,7240,754,0,0,0,0,3
2,7241,755,0,0,0,0,3
2,7242,756,0,0,0,0,3
2,7244,757,0,0,0,0,3
2,7245,758,0,0,0,0,3
2,7249,759,0,0,0,0,3
2,7250,760,0,0,0,0,1
2,7251,761,0,0,0,0,2
2,7252,762,0,0,0,0,3
2,7253,763,0,0,0,0,3
2,7254,764,0,0,0,0,3
2,7255,765,0,0,0,0,3
2,7256,766,0,0,0,0,3
2,7258,767,0,0,0,0,3
2,7262,768,0,0,0,0,3
2,7263,769,0,0,0,0,3
2,7264,770,0,0,0,0,3
2,7265,771,0,0,0,0,3
2,7266,772,0,0,0,0,3
2,7267,773,0,0,0,0,3
2,7268,774,0,0,0,0,3
2,7269,775,0,0,0,0,3
2,7270,776,0,0,0,0,3
2,7275,777,0,0,0,0,3
2,7276,778,0,0,0,0,3
2,7277,779,0,0,0,0,1
2,7278,780,0,0,0,0,2
2,7279,781,0,0,0,0,3
2,7280,782,0,0,0,0,3
2,7281,783,0,0,0,0,3
2,7282,784,0,0,0,0,3
2,7283,785,0,0,0,0,3
2,7284,786,0,0,0,0,3
2,7288,787,0,0,0,0,3
2,7289,788,0,0,0,0,3
2,7290,789,0,0,0,0,3
2,7291,790,0,0,0,0,3
2,7293,791,0,0,0,0,3
2,7294,792,0,0,0,0,3
2,7295,793,0,0,0,0,3
2,7296,794,0,0,0,0,3
2,7297,795,0,0,0,0,3
2,7301,796,0,0,0,0,3
2,7302,797,0,0,0,0,3
2,7303,798,0,0,0,0,1
2,7304,799,0,0,0,0,2
2,7305,800,0,0,0,0,3
2,7307,801,0,0,0,0,3
2,7308,802,0,0,0,0,3
2,7309,803,0,0,0,0,3
2,7310,804,0,0,0,0,3
2,7314,805,0,0,0,0,3
2,7315,806,0,0,0,0,3
2,7316,807,0,0,0,0,3
2,7317,808,0,0,0,0,3
2,7318,809,0,0,0,0,3
2,7319,810,0,0,0,0,3
2,7321,811,0,0,0,0,3
2,7322,812,0,0,0,0,3
2,7323,813,0,0,0,0,3
2,7327,814,0,0,0,0,3
2,7328,815,0,0,0,0,3
2,7329,816,0,0,0,0,3
2,7330,817,0,0,0,0,1
2,7331,818,0,0,0,0,2
2,7332,819,0,0,0,0,3
2,7333,820,0,0,0,0,3
2,7335,821,0,0,0,0,3
2,7336,822,0,0,0,0,3
2,7340,823,0,0,0,0,3
2,7341,824,0,0,0,0,3
2,7342,825,0,0,0,0,3
2,7343,826,0,0,0,0,3
2,7344,827,0,0,0,0,3
2,7345,828,0,0,0,0,3
2,7346,829,0,0,0,0,3
2,7347,830,0,0,0,0,3
2,7349,831,0,0,0,0,3
2,7353,832,0,0,0,0,3
2,7354,833,0,0,0,0,3
2,7355,834,0,0,0,0,3
2,7356,835,0,0,0,0,3
2,7357,836,0,0,0,0,1
2,7358,837,0,0,0,0,2
2,7359,838,0,0,0,0,3
2,7360,839,0,0,0,0,3
2,7361,840,0,0,0,0,3
2,7366,841,0,0,0,0,3
2,7367,842,0,0,0,0,3
2,7368,843,0,0,0,0,3
2,7369,844,0,0,0,0,3
2,7370,845,0,0,0,0,3
2,7371,846,0,0,0,0,3
2,7372,847,0,0,0,0,3
2,7373,848,0,0,0,0,3
2,7374,849,0,0,0,0,3
2,7375,850,0,0,0,0,3
2,7379,851,0,0,0,0,3
2,7380,852,0,0,0,0,3
2,7381,853,0,0,0,0,3
2,7382,854,0,0,0,0,3
2,7384,855,0,0,0,0,1
2,7385,856,0,0,0,0,2
2,7386,857,0,0,0,0,3
2,7387,858,0,0,0,0,3
2,7388,859,0,0,0,0,3
2,7392,860,0,0,0,0,3
2,7393,861,0,0,0,0,3
2,7394,862,0,0,0,0,3
2,7395,863,0,0,0,0,3
2,7396,864,0,0,0,0,3
2,7398,865,0,0,0,0,3
2,7399,866,0,0,0,0,3
2,7400,867,0,0,0,0,3
2,7401,868,0,0,0,0,3
2,7405,869,0,0,0,0,3
2,7406,870,0,0,0,0,3
2,7407,871,0,0,0,0,3
2,7408,872,0,0,0,0,3
2,7409,873,0,0,0,0,3
2,7410,874,0,0,0,0,1
2,7412,875,0,0,0,0,2
2,7413,876,0,0,0,0,3
2,7414,877,0,0,0,0,3
2,7418,878,0,0,0,0,3
2,7419,879,0,0,0,0,3
2,7420,880,0,0,0,0,3
2,7421,881,0,0,0,0,3
2,7422,882,0,0,0,0,3
2,7423,883,0,0,0,0,3
2,7424,884,0,0,0,0,3
2,7426,885,0,0,0,0,3
2,7427,886,0,0,0,0,3
2,7431,887,0,0,0,0,3
2,7432,888,0,0,0,0,3
2,7433,889,0,0,0,0,3
2,7434,890,0,0,0,0,3
2,7435,891,0,0,0,0,3
2,7436,892,0,0,0,0,3
2,7437,893,0,0,0,0,1
2,7438,894,0,0,0,0,2
2,7440,895,0,0,0,0,3
2,7444,896,0,0,0,0,3
2,7445,897,0,0,0,0,3
2,7446,898,0,0,0,0,3
2,7447,899,0,0,0,0,3
2,7448,900,0,0,0,0,3
2,7449,901,0,0,0,0,3
2,7450,902,0,0,0,0,3
2,7451,903,0,0,0,0,3
2,7452,904,0,0,0,0,3
2,7457,905,0,0,0,0,3
2,7458,906,0,0,0,0,3
2,7459,907,0,0,0,0,3
2,7460,908,0,0,0,0,3
2,7461,909,0,0,0,0,3
2,7462,910,0,0,0,0,3
2,7463,911,0,0,0,0,3
2,7464,912,0,0,0,0,1
2,7465,913,0,0,0,0,2
2,7466,914,0,0,0,0,3
2,7470,915,0,0,0,0,3
2,7471,916,0,0,0,0,3
2,7472,917,0,0,0,0,3
2,7473,918,0,0,0,0,3
2,7475,919,0,0,0,0,3
2,7476,920,0,0,0,0,3
2,7477,921,0,0,0,0,3
2,7478,922,0,0,0,0,3
2,7479,923,0,0,0,0,3
2,7483,924,0,0,0,0,3
2,7484,925,0,0,0,0,3
2,7485,926,0,0,0,0,3
2,7486,927,0,0,0,0,3
2,7487,928,0,0,0,0,3
2,7489,929,0,0,0,0,3
2,7490,930,0,0,0,0,3
2,7491,931,0,0,0,0,1
2,7492,932,0,0,0,0,2
2,7496,933,0,0,0,0,3
2,7497,934,0,0,0,0,3
2,7498,935,0,0,0,0,3
2,7499,936,0,0,0,0,3
2,7500,937,0,0,0,0,3
2,7501,938,0,0,0,0,3
2,7503,939,0,0,0,0,3
2,7504,940,0,0,0,0,3
2,7505,941,0,0,0,0,3
2,7509,942,0,0,0,0,3
2,7510,943,0,0,0,0,3
2,7511,944,0,0,0,0,3
2,7512,945,0,0,0,0,3
2,7513,946,0,0,0,0,3
2,7514,947,0,0,0,0,3
2,7515,948,0,0,0,0,3
2,7517,949,0,0,0,0,3
2,7518,950,0,0,0,0,1
2,7522,951,0,0,0,0,2
2,7523,952,0,0,0,0,3
2,7524,953,0,0,0,0,3
2,7525,954,0,0,0,0,3
2,7526,955,0,0,0,0,3
2,7527,956,0,0,0,0,3
2,7528,957,0,0,0,0,3
2,7529,958,0,0,0,0,3
2,7531,959,0,0,0,0,3
2,7535,960,0,0,0,0,3
2,7536,961,0,0,0,0,3
2,7537,962,0,0,0,0,3
2,7538,963,0,0,0,0,3
2,7539,964,0,0,0,0,3
2,7540,965,0,0,0,0,3
2,7541,966,0,0,0,0,3
2,7542,967,0,0,0,0,3
2,7543,968,0,0,0,0,3
2,7548,969,0,0,0,0,1
2,7549,970,0,0,0,0,2
2,7550,971,0,0,0,0,3
2,7551,972,0,0,0,0,3
2,7552,973,0,0,0,0,3
2,7553,974,0,0,0,0,3
2,7554,975,0,0,0,0,3
2,7555,976,0,0,0,0,3
2,7556,977,0,0,0,0,3
2,7557,978,0,0,0,0,3
2,7561,979,0,0,0,0,3
2,7562,980,0,0,0,0,3
2,7563,981,0,0,0,0,3
2,7564,982,0,0,0,0,3
2,7566,983,0,0,0,0,3
2,7567,984,0,0,0,0,3
2,7568,985,0,0,0,0,3
2,7569,986,0,0,0,0,3
2,7570,987,0,0,0,0,3
2,7574,988,0,0,0,0,1
2,7575,989,0,0,0,0,2
2,7576,990,0,0,0,0,3
2,7577,991,0,0,0,0,3
2,7578,992,0,0,0,0,3
2,7580,993,0,0,0,0,3
2,7581,994,0,0,0,0,3
2,7582,995,0,0,0,0,3
2,7583,996,0,0,0,0,3
2,7587,997,0,0,0,0,3
2,7588,998,0,0,0,0,3
2,7589,999,0,0,0,0,3
2,7590,1000,0,0,0,0,3
2,7591,1001,0,0,0,0,3
2,7592,1002,0,0,0,0,3
2,7594,1003,0,0,0,0,3
2,7595,1004,0,0,0,0,3
2,7596,1005,0,0,0,0,3
2,7600,1006,0,0,0,0,3
2,7601,1007,0,0,0,0,1
2,7602,1008,0,0,0,0,2
2,7603,1009,0,0,0,0,3
2,7604,1010,0,0,0,0,3
2,7605,1011,0,0,0,0,3
2,7606,1012,0,0,0,0,3
2,7608,1013,0,0,0,0,3
2,7609,1014,0,0,0,0,3
2,7613,1015,0,0,0,0,3
2,7614,1016,0,0,0,0,3
2,7615,1017,0,0,0,0,3
2,7616,1018,0,0,0,0,3
2,7617,1019,0,0,0,0,3
2,7618,1020,0,0,0,0,3
2,7619,1021,0,0,0,0,3
2,7620,1022,0,0,0,0,3
2,7622,1023,0,0,0,0,3
2,7626,1024,0,0,0,0,3
2,7627,1025,0,0,0,0,3
2,7628,1026,0,0,0,0,1
2,7629,1027,0,0,0,0,2
2,7630,1028,0,0,0,0,3
2,7631,1029,0,0,0,0,3
2,7632,1030,0,0,0,0,3
2,7633,1031,0,0,0,0,3
2,7634,1032,0,0,0,0,3
2,7639,1033,0,0,0,0,3
2,7640,1034,0,0,0,0,3
2,7641,1035,0,0,0,0,3
2,7642,1036,0,0,0,0,3
2,7643,1037,0,0,0,0,3
2,7644,1038,0,0,0,0,3
2,7645,1039,0,0,0,0,3
2,7646,1040,0,0,0,0,3
2,7647,1041,0,0,0,0,3
2,7648,1042,0,0,0,0,3
2,7652,1043,0,0,0,0,3
2,7653,1044,0,0,0,0,3
2,7654,1045,0,0,0,0,1
2,7655,1046,0,0,0,0,2
2,7657,1047,0,0,0,0,3
2,7658,1048,0,0,0,0,3
2,7659,1049,0,0,0,0,3
2,7660,1050,0,0,0,0,3
2,7661,1051,0,0,0,0,3
2,7665,1052,0,0,0,0,3
2,7666,1053,0,0,0,0,3
2,7667,1054,0,0,0,0,3
2,7668,1055,0,0,0,0,3
2,7669,1056,0,0,0,0,3
2,7671,1057,0,0,0,0,3
2,7672,1058,0,0,0,0,3
2,7673,1059,0,0,0,0,3
2,7674,1060,0,0,0,0,3
2,7678,1061,0,0,0,0,3
2,7679,1062,0,0,0,0,3
2,7680,1063,0,0,0,0,3
2,7681,1064,0,0,0,0,1
2,7682,1065,0,0,0,0,2
2,7683,1066,0,0,0,0,3
2,7685,1067,0,0,0,0,3
2,7686,1068,0,0,0,0,3
2,7687,1069,0,0,0,0,3
2,7691,1070,0,0,0,0,3
2,7692,1071,0,0,0,0,3
2,7693,1072,0,0,0,0,3
2,7694,1073,0,0,0,0,3
2,7695,1074,0,0,0,0,3
2,7696,1075,0,0,0,0,3
2,7697,1076,0,0,0,0,3
2,7699,1077,0,0,0,0,3
2,7700,1078,0,0,0,0,3
2,7704,1079,0,0,0,0,3
2,7705,1080,0,0,0,0,3
2,7706,1081,0,0,0,0,3
2,7707,1082,0,0,0,0,3
2,7708,1083,0,0,0,0,1
2,7709,1084,0,0,0,0,2
2,7710,1085,0,0,0,0,3
2,7711,1086,0,0,0,0,3
2,7713,1087,0,0,0,0,3
2,7717,1088,0,0,0,0,3
2,7718,1089,0,0,0,0,3
2,7719,1090,0,0,0,0,3
2,7720,1091,0,0,0,0,3
2,7721,1092,0,0,0,0,3
2,7722,1093,0,0,0,0,3
2,7723,1094,0,0,0,0,3
2,7724,1095,0,0,0,0,3
2,7725,1096,0,0,0,0,3
2,7730,1097,0,0,0,0,3
2,7731,1098,0,0,0,0,3
2,7732,1099,0,0,0,0,3
2,7733,1100,0,0,0,0,3
2,7734,1101,0,0,0,0,3
2,7735,1102,0,0,0,0,1
2,7736,1103,0,0,0,0,2
2,7737,1104,0,0,0,0,3
2,7738,1105,0,0,0,0,3
2,7739,1106,0,0,0,0,3
2,7743,1107,0,0,0,0,3
2,7744,1108,0,0,0,0,3
2,7745,1109,0,0,0,0,3
2,7746,1110,0,0,0,0,3
2,7748,1111,0,0,0,0,3
2,7749,1112,0,0,0,0,3
2,7750,1113,0,0,0,0,3
2,7751,1114,0,0,0,0,3
2,7752,1115,0,0,0,0,3
2,7756,1116,0,0,0,0,3
2,7757,1117,0,0,0,0,3
2,7758,1118,0,0,0,0,3
2,7759,1119,0,0,0,0,3
2,7760,1120,0,0,0,0,3
2,7762,1121,0,0,0,0,1
2,7763,1122,0,0,0,0,2
2,7764,1123,0,0,0,0,3
2,7765,1124,0,0,0,0,3
2,7769,1125,0,0,0,0,3
2,7770,1126,0,0,0,0,3
2,7771,1127,0,0,0,0,3
2,7772,1128,0,0,0,0,3
2,7773,1129,0,0,0,0,3
2,7774,1130,0,0,0,0,3
2,7776,1131,0,0,0,0,3
2,7777,1132,0,0,0,0,3
2,7778,1133,0,0,0,0,3
2,7782,1134,0,0,0,0,3
2,7783,1135,0,0,0,0,3
2,7784,1136,0,0,0,0,3
2,7785,1137,0,0,0,0,3
2,7786,1138,0,0,0,0,3
2,7787,1139,0,0,0,0,3
2,7788,1140,0,0,0,0,1
2,7790,1141,0,0,0,0,2
2,7791,1142,0,0,0,0,3
2,7795,1143,0,0,0,0,3
2,7796,1144,0,0,0,0,3
2,7797,1145,0,0,0,0,3
2,7798,1146,0,0,0,0,3
2,7799,1147,0,0,0,0,3
2,7800,1148,0,0,0,0,3
2,7801,1149,0,0,0,0,3
2,7802,1150,0,0,0,0,3
2,7804,1151,0,0,0,0,3
2,7808,1152,0,0,0,0,3
2,7809,1153,0,0,0,0,3
2,7810,1154,0,0,0,0,3
2,7811,1155,0,0,0,0,3
2,7812,1156,0,0,0,0,3
2,7813,1157,0,0,0,0,3
2,7814,1158,0,0,0,0,3
2,7815,1159,0,0,0,0,1
2,7816,1160,0,0,0,0,2
2,7821,1161,0,0,0,0,3
2,7822,1162,0,0,0,0,3
2,7823,1163,0,0,0,0,3
2,7824,1164,0,0,0,0,3
2,7825,1165,0,0,0,0,3
2,7826,1166,0,0,0,0,3
2,7827,1167,0,0,0,0,3
2,7828,1168,0,0,0,0,3
2,7829,1169,0,0,0,0,3
2,7830,1170,0,0,0,0,3
2,7834,1171,0,0,0,0,3
2,7835,1172,0,0,0,0,3
2,7836,1173,0,0,0,0,3
2,7837,1174,0,0,0,0,3
2,7839,1175,0,0,0,0,3
2,7840,1176,0,0,0,0,3
2,7841,1177,0,0,0,0,3
2,7842,1178,0,0,0,0,1
2,7843,1179,0,0,0,0,2
2,7847,1180,0,0,0,0,3
2,7848,1181,0,0,0,0,3
2,7849,1182,0,0,0,0,3
2,7850,1183,0,0,0,0,3
2,7851,1184,0,0,0,0,3
2,7853,1185,0,0,0,0,3
2,7854,1186,0,0,0,0,3
2,7855,1187,0,0,0,0,3
2,7856,1188,0,0,0,0,3
2,7860,1189,0,0,0,0,3
2,7861,1190,0,0,0,0,3
2,7862,1191,0,0,0,0,3
2,7863,1192,0,0,0,0,3
2,7864,1193,0,0,0,0,3
2,7865,1194,0,0,0,0,3
2,7867,1195,0,0,0,0,3
2,7868,1196,0,0,0,0,3
2,7869,1197,0,0,0,0,1
2,7873,1198,0,0,0,0,2
2,7874,1199,0,0,0,0,3
2,7875,1200,0,0,0,0,3
2,7876,1201,0,0,0,0,3
2,7877,1202,0,0,0,0,3
2,7878,1203,0,0,0,0,3
2,7879,1204,0,0,0,0,3
2,7881,1205,0,0,0,0,3
2,7882,1206,0,0,0,0,3
2,7886,1207,0,0,0,0,3
2,7887,1208,0,0,0,0,3
2,7888,1209,0,0,0,0,3
2,7889,1210,0,0,0,0,3
2,7890,1211,0,0,0,0,3
2,7891,1212,0,0,0,0,3
2,7892,1213,0,0,0,0,3
2,7893,1214,0,0,0,0,3
2,7895,1215,0,0,0,0,3
2,7899,1216,0,0,0,0,1
2,7900,1217,0,0,0,0,2
2,7901,1218,0,0,0,0,3
2,7902,1219,0,0,0,0,3
2,7903,1220,0,0,0,0,3
2,7904,1221,0,0,0,0,3
2,7905,1222,0,0,0,0,3
2,7906,1223,0,0,0,0,3
2,7907,1224,0,0,0,0,3
2,7912,1225,0,0,0,0,3
2,7913,1226,0,0,0,0,3
2,7914,1227,0,0,0,0,3
2,7915,1228,0,0,0,0,3
2,7916,1229,0,0,0,0,3
2,7917,1230,0,0,0,0,3
2,7918,1231,0,0,0,0,3
2,7919,1232,0,0,0,0,3
2,7920,1233,0,0,0,0,3
2,7921,1234,0,0,0,0,3
2,7925,1235,0,0,0,0,1
2,7926,1236,0,0,0,0,2
2,7927,1237,0,0,0,0,3
2,7928,1238,0,0,0,0,3
2,7930,1239,0,0,0,0,3
2,7931,1240,0,0,0,0,3
2,7932,1241,0,0,0,0,3
2,7933,1242,0,0,0,0,3
2,7934,1243,0,0,0,0,3
2,7938,1244,0,0,0,0,3
2,7939,1245,0,0,0,0,3
2,7940,1246,0,0,0,0,3
2,7941,1247,0,0,0,0,3
2,7942,1248,0,0,0,0,3
2,7944,1249,0,0,0,0,3
2,7945,1250,0,0,0,0,3
2,7946,1251,0,0,0,0,3
2,7947,1252,0,0,0,0,3
2,7951,1253,0,0,0,0,3
2,7952,1254,0,0,0,0,1
2,7953,1255,0,0,0,0,2
2,7954,1256,0,0,0,0,3
2,7955,1257,0,0,0,0,3
2,7956,1258,0,0,0,0,3
2,7958,1259,0,0,0,0,3
2,7959,1260,0,0,0,0,3
2,7960,1261,0,0,0,0,3
2,7964,1262,0,0,0,0,3
2,7965,1263,0,0,0,0,3
2,7966,1264,0,0,0,0,3
2,7967,1265,0,0,0,0,3
2,7968,1266,0,0,0,0,3
2,7969,1267,0,0,0,0,3
2,7970,1268,0,0,0,0,3
2,7972,1269,0,0,0,0,3
2,7973,1270,0,0,0,0,3
2,7977,1271,0,0,0,0,3
2,7978,1272,0,0,0,0,3
2,7979,1273,0,0,0,0,1
2,7980,1274,0,0,0,0,2
2,7981,1275,0,0,0,0,3
2,7982,1276,0,0,0,0,3
2,7983,1277,0,0,0,0,3
2,7984,1278,0,0,0,0,3
2,7986,1279,0,0,0,0,3
2,7990,1280,0,0,0,0,3
2,7991,1281,0,0,0,0,3
2,7992,1282,0,0,0,0,3
2,7993,1283,0,0,0,0,3
2,7994,1284,0,0,0,0,3
2,7995,1285,0,0,0,0,3
2,7996,1286,0,0,0,0,3
2,7997,1287,0,0,0,0,3
2,7998,1288,0,0,0,0,3
2,8003,1289,0,0,0,0,3
2,8004,1290,0,0,0,0,3
2,8005,1291,0,0,0,0,3
2,8006,1292,0,0,0,0,1
2,8007,1293,0,0,0,0,2
2,8008,1294,0,0,0,0,3
2,8009,1295,0,0,0,0,3
2,8010,1296,0,0,0,0,3
2,8011,1297,0,0,0,0,3
2,8012,1298,0,0,0,0,3
2,8016,1299,0,0,0,0,3
2,8017,1300,0,0,0,0,3
2,8018,1301,0,0,0,0,3
2,8019,1302,0,0,0,0,3
2,8021,1303,0,0,0,0,3
2,8022,1304,0,0,0,0,3
2,8023,1305,0,0,0,0,3
2,8024,1306,0,0,0,0,3
2,8025,1307,0,0,0,0,3
2,8029,1308,0,0,0,0,3
2,8030,1309,0,0,0,0,3
2,8031,1310,0,0,0,0,3
2,8032,1311,0,0,0,0,1
2,8033,1312,0,0,0,0,2
2,8035,1313,0,0,0,0,3
2,8036,1314,0,0,0,0,3
2,8037,1315,0,0,0,0,3
2,8038,1316,0,0,0,0,3
2,8042,1317,0,0,0,0,3
2,8043,1318,0,0,0,0,3
2,8044,1319,0,0,0,0,3
2,8045,1320,0,0,0,0,3
2,8046,1321,0,0,0,0,3
2,8047,1322,0,0,0,0,3
2,8049,1323,0,0,0,0,3
2,8050,1324,0,0,0,0,3
2,8051,1325,0,0,0,0,3
2,8055,1326,0,0,0,0,3
2,8056,1327,0,0,0,0,3
2,8057,1328,0,0,0,0,3
2,8058,1329,0,0,0,0,3
2,8059,1330,0,0,0,0,1
2,8060,1331,0,0,0,0,2
2,8061,1332,0,0,0,0,3
2,8063,1333,0,0,0,0,3
2,8064,1334,0,0,0,0,3
2,8068,1335,0,0,0,0,3
2,8069,1336,0,0,0,0,3
2,8070,1337,0,0,0,0,3
2,8071,1338,0,0,0,0,3
2,8072,1339,0,0,0,0,3
2,8073,1340,0,0,0,0,3
2,8074,1341,0,0,0,0,3
2,8075,1342,0,0,0,0,3
2,8077,1343,0,0,0,0,3
2,8081,1344,0,0,0,0,3
2,8082,1345,0,0,0,0,3
2,8083,1346,0,0,0,0,3
2,8084,1347,0,0,0,0,3
2,8085,1348,0,0,0,0,3
2,8086,1349,0,0,0,0,1
2,8087,1350,0,0,0,0,2
2,8088,1351,0,0,0,0,3
2,8089,1352,0,0,0,0,3
2,8094,1353,0,0,0,0,3
2,8095,1354,0,0,0,0,3
2,8096,1355,0,0,0,0,3
2,8097,1356,0,0,0,0,3
2,8098,1357,0,0,0,0,3
2,8099,1358,0,0,0,0,3
2,8100,1359,0,0,0,0,3
2,8101,1360,0,0,0,0,3
2,8102,1361,0,0,0,0,3
2,8103,1362,0,0,0,0,3
2,8107,1363,0,0,0,0,3
2,8108,1364,0,0,0,0,3
2,8109,1365,0,0,0,0,3
2,8110,1366,0,0,0,0,3
2,8112,1367,0,0,0,0,3
2,8113,1368,0,0,0,0,1
2,8114,1369,0,0,0,0,2
2,8115,1370,0,0,0,0,3
2,8116,1371,0,0,0,0,3
2,8120,1372,0,0,0,0,3
2,8121,1373,0,0,0,0,3
2,8122,1374,0,0,0,0,3
2,8123,1375,0,0,0,0,3
2,8124,1376,0,0,0,0,3
2,8126,1377,0,0,0,0,3
2,8127,1378,0,0,0,0,3
2,8128,1379,0,0,0,0,3
2,8129,1380,0,0,0,0,3
2,8133,1381,0,0,0,0,3
2,8134,1382,0,0,0,0,3
2,8135,1383,0,0,0,0,3
2,8136,1384,0,0,0,0,3
2,8137,1385,0,0,0,0,3
2,8138,1386,0,0,0,0,3
2,8140,1387,0,0,0,0,1
2,8141,1388,0,0,0,0,2
2,8142,1389,0,0,0,0,3
2,8146,1390,0,0,0,0,3
2,8147,1391,0,0,0,0,3
2,8148,1392,0,0,0,0,3
2,8149,1393,0,0,0,0,3
2,8150,1394,0,0,0,0,3
2,8151,1395,0,0,0,0,3
2,8152,1396,0,0,0,0,3
2,8154,1397,0,0,0,0,3
2,8155,1398,0,0,0,0,3
2,8159,1399,0,0,0,0,3
2,8160,1400,0,0,0,0,3
2,8161,1401,0,0,0,0,3
2,8162,1402,0,0,0,0,3
2,8163,1403,0,0,0,0,3
2,8164,1404,0,0,0,0,3
2,8165,1405,0,0,0,0,3
2,8166,1406,0,0,0,0,1
2,8168,1407,0,0,0,0,2
2,8172,1408,0,0,0,0,3
2,8173,1409,0,0,0,0,3
2,8174,1410,0,0,0,0,3
2,8175,1411,0,0,0,0,3
2,8176,1412,0,0,0,0,3
2,8177,1413,0,0,0,0,3
2,8178,1414,0,0,0,0,3
2,8179,1415,0,0,0,0,3
2,8180,1416,0,0,0,0,3
2,8185,1417,0,0,0,0,3
2,8186,1418,0,0,0,0,3
2,8187,1419,0,0,0,0,3
2,8188,1420,0,0,0,0,3
2,8189,1421,0,0,0,0,3
2,8190,1422,0,0,0,0,3
2,8191,1423,0,0,0,0,3
2,8192,1424,0,0,0,0,3
2,8193,1425,0,0,0,0,1
2,8194,1426,0,0,0,0,2
2,8198,1427,0,0,0,0,3
2,8199,1428,0,0,0,0,3
2,8200,1429,0,0,0,0,3
2,8201,1430,0,0,0,0,3
2,8203,1431,0,0,0,0,3
2,8204,1432,0,0,0,0,3
2,8205,1433,0,0,0,0,3
2,8206,1434,0,0,0,0,3
2,8207,1435,0,0,0,0,3
2,8211,1436,0,0,0,0,3
2,8212,1437,0,0,0,0,3
2,8213,1438,0,0,0,0,3
2,8214,1439,0,0,0,0,3
2,8215,1440,0,0,0,0,3
2,8217,1441,0,0,0,0,3
2,8218,1442,0,0,0,0,3
2,8219,1443,0,0,0,0,3
2,8220,1444,0,0,0,0,1
2,8224,1445,0,0,0,0,2
2,8225,1446,0,0,0,0,3
2,8226,1447,0,0,0,0,3
2,8227,1448,0,0,0,0,3
2,8228,1449,0,0,0,0,3
2,8229,1450,0,0,0,0,3
2,8231,1451,0,0,0,0,3
2,8232,1452,0,0,0,0,3
2,8233,1453,0,0,0,0,3
2,8237,1454,0,0,0,0,3
2,8238,1455,0,0,0,0,3
2,8239,1456,0,0,0,0,3
2,8240,1457,0,0,0,0,3
2,8241,1458,0,0,0,0,3
2,8242,1459,0,0,0,0,3
2,8243,1460,0,0,0,0,3
2,8245,1461,0,0,0,0,3
2,8246,1462,0,0,0,0,3
2,8250,1463,0,0,0,0,1
2,8251,1464,0,0,0,0,2
2,8252,1465,0,0,0,0,3
2,8253,1466,0,0,0,0,3
2,8254,1467,0,0,0,0,3
2,8255,1468,0,0,0,0,3
2,8256,1469,0,0,0,0,3
2,8257,1470,0,0,0,0,3
2,8259,1471,0,0,0,0,3
2,8263,1472,0,0,0,0,3
2,8264,1473,0,0,0,0,3
2,8265,1474,0,0,0,0,3
2,8266,1475,0,0,0,0,3
2,8267,1476,0,0,0,0,3
2,8268,1477,0,0,0,0,3
2,8269,1478,0,0,0,0,3
2,8270,1479,0,0,0,0,3
2,8271,1480,0,0,0,0,3
2,8276,1481,0,0,0,0,3
2,8277,1482,0,0,0,0,1
2,8278,1483,0,0,0,0,2
2,8279,1484,0,0,0,0,3
2,8280,1485,0,0,0,0,3
2,8281,1486,0,0,0,0,3
2,8282,1487,0,0,0,0,3
2,8283,1488,0,0,0,0,3
2,8284,1489,0,0,0,0,3
2,8285,1490,0,0,0,0,3
2,8289,1491,0,0,0,0,3
2,8290,1492,0,0,0,0,3
2,8291,1493,0,0,0,0,3
2,8292,1494,0,0,0,0,3
2,8294,1495,0,0,0,0,3
2,8295,1496,0,0,0,0,3
2,8296,1497,0,0,0,0,3
2,8297,1498,0,0,0,0,3
2,8298,1499,0,0,0,0,3
2,8302,1500,0,0,0,0,3
2,8303,1501,0,0,0,0,1
2,8304,1502,0,0,0,0,2
2,8305,1503,0,0,0,0,3
2,8306,1504,0,0,0,0,3
2,8308,1505,0,0,0,0,3
2,8309,1506,0,0,0,0,3
2,8310,1507,0,0,0,0,3
2,8311,1508,0,0,0,0,3
2,8315,1509,0,0,0,0,3
2,8316,1510,0,0,0,0,3
2,8317,1511,0,0,0,0,3
2,8318,1512,0,0,0,0,3
2,8319,1513,0,0,0,0,3
2,8320,1514,0,0,0,0,3
2,8322,1515,0,0,0,0,3
2,8323,1516,0,0,0,0,3
2,8324,1517,0,0,0,0,3
2,8328,1518,0,0,0,0,3
2,8329,1519,0,0,0,0,3
2,8330,1520,0,0,0,0,1
2,8331,1521,0,0,0,0,2
2,8332,1522,0,0,0,0,3
2,8333,1523,0,0,0,0,3
2,8334,1524,0,0,0,0,3
2,8336,1525,0,0,0,0,3
2,8337,1526,0,0,0,0,3
2,8341,1527,0,0,0,0,3
2,8342,1528,0,0,0,0,3
2,8343,1529,0,0,0,0,3
2,8344,1530,0,0,0,0,3
2,8345,1531,0,0,0,0,3
2,8346,1532,0,0,0,0,3
2,8347,1533,0,0,0,0,3
2,8348,1534,0,0,0,0,3
2,8350,1535,0,0,0,0,3
2,8354,1536,0,0,0,0,3
2,8355,1537,0,0,0,0,3
2,8356,1538,0,0,0,0,3
2,8357,1539,0,0,0,0,1
2,8358,1540,0,0,0,0,2
2,8359,1541,0,0,0,0,3
2,8360,1542,0,0,0,0,3
2,8361,1543,0,0,0,0,3
2,8362,1544,0,0,0,0,3
2,8367,1545,0,0,0,0,3
2,8368,1546,0,0,0,0,3
2,8369,1547,0,0,0,0,3
2,8370,1548,0,0,0,0,3
2,8371,1549,0,0,0,0,3
2,8372,1550,0,0,0,0,3
2,8373,1551,0,0,0,0,3
2,8374,1552,0,0,0,0,3
2,8375,1553,0,0,0,0,3
2,8376,1554,0,0,0,0,3
2,8380,1555,0,0,0,0,3
2,8381,1556,0,0,0,0,3
2,8382,1557,0,0,0,0,3
2,8383,1558,0,0,0,0,1
2,8385,1559,0,0,0,0,2
2,8386,1560,0,0,0,0,3
2,8387,1561,0,0,0,0,3
2,8388,1562,0,0,0,0,3
2,8389,1563,0,0,0,0,3
2,8393,1564,0,0,0,0,3
2,8394,1565,0,0,0,0,3
2,8395,1566,0,0,0,0,3
2,8396,1567,0,0,0,0,3
2,8397,1568,0,0,0,0,3
2,8399,1569,0,0,0,0,3
2,8400,1570,0,0,0,0,3
2,8401,1571,0,0,0,0,3
2,8402,1572,0,0,0,0,3
2,8406,1573,0,0,0,0,3
2,8407,1574,0,0,0,0,3
2,8408,1575,0,0,0,0,3
2,8409,1576,0,0,0,0,3
2,8410,1577,0,0,0,0,1
2,8411,1578,0,0,0,0,2
2,8413,1579,0,0,0,0,3
2,8414,1580,0,0,0,0,3
2,8415,1581,0,0,0,0,3
2,8419,1582,0,0,0,0,3
2,8420,1583,0,0,0,0,3
2,8421,1584,0,0,0,0,3
2,8422,1585,0,0,0,0,3
2,8423,1586,0,0,0,0,3
2,8424,1587,0,0,0,0,3
2,8425,1588,0,0,0,0,3
2,8427,1589,0,0,0,0,3
2,8428,1590,0,0,0,0,3
2,8432,1591,0,0,0,0,3
2,8433,1592,0,0,0,0,3
2,8434,1593,0,0,0,0,3
2,8435,1594,0,0,0,0,3
2,8436,1595,0,0,0,0,3
2,8437,1596,0,0,0,0,1
2,8438,1597,0,0,0,0,2
2,8439,1598,0,0,0,0,3
2,8441,1599,0,0,0,0,3
2,8445,1600,0,0,0,0,3
2,8446,1601,0,0,0,0,3
2,8447,1602,0,0,0,0,3
2,8448,1603,0,0,0,0,3
2,8449,1604,0,0,0,0,3
2,8450,1605,0,0,0,0,3
2,8451,1606,0,0,0,0,3
2,8452,1607,0,0,0,0,3
2,8453,1608,0,0,0,0,3
2,8458,1609,0,0,0,0,3
2,8459,1610,0,0,0,0,3
2,8460,1611,0,0,0,0,3
2,8461,1612,0,0,0,0,3
2,8462,1613,0,0,0,0,3
2,8463,1614,0,0,0,0,3
2,8464,1615,0,0,0,0,1
2,8465,1616,0,0,0,0,2
2,8466,1617,0,0,0,0,3
2,8467,1618,0,0,0,0,3
2,8471,1619,0,0,0,0,3
2,8472,1620,0,0,0,0,3
2,8473,1621,0,0,0,0,3
2,8474,1622,0,0,0,0,3
2,8476,1623,0,0,0,0,3
2,8477,1624,0,0,0,0,3
2,8478,1625,0,0,0,0,3
2,8479,1626,0,0,0,0,3
2,8480,1627,0,0,0,0,3
2,8484,1628,0,0,0,0,3
2,8485,1629,0,0,0,0,3
2,8486,1630,0,0,0,0,3
2,8487,1631,0,0,0,0,3
2,8488,1632,0,0,0,0,3
2,8490,1633,0,0,0,0,3
2,8491,1634,0,0,0,0,1
2,8492,1635,0,0,0,0,2
2,8493,1636,0,0,0,0,3
2,8497,1637,0,0,0,0,3
2,8498,1638,0,0,0,0,3
2,8499,1639,0,0,0,0,3
2,8500,1640,0,0,0,0,3
2,8501,1641,0,0,0,0,3
2,8502,1642,0,0,0,0,3
2,8504,1643,0,0,0,0,3
2,8505,1644,0,0,0,0,3
2,8506,1645,0,0,0,0,3
2,8510,1646,0,0,0,0,3
2,8511,1647,0,0,0,0,3
2,8512,1648,0,0,0,0,3
2,8513,1649,0,0,0,0,3
2,8514,1650,0,0,0,0,3
2,8515,1651,0,0,0,0,3
2,8516,1652,0,0,0,0,3
2,8518,1653,0,0,0,0,1
2,8519,1654,0,0,0,0,2
2,8523,1655,0,0,0,0,3
2,8524,1656,0,0,0,0,3
2,8525,1657,0,0,0,0,3
2,8526,1658,0,0,0,0,3
2,8527,1659,0,0,0,0,3
2,8528,1660,0,0,0,0,3
2,8529,1661,0,0,0,0,3
2,8530,1662,0,0,0,0,3
2,8532,1663,0,0,0,0,3
2,8536,1664,0,0,0,0,3
2,8537,1665,0,0,0,0,3
2,8538,1666,0,0,0,0,3
2,8539,1667,0,0,0,0,3
2,8540,1668,0,0,0,0,3
2,8541,1669,0,0,0,0,3
2,8542,1670,0,0,0,0,3
2,8543,1671,0,0,0,0,3
2,8544,1672,0,0,0,0,1
2,8549,1673,0,0,0,0,2
2,8550,1674,0,0,0,0,3
2,8551,1675,0,0,0,0,3
2,8552,1676,0,0,0,0,3
2,8553,1677,0,0,0,0,3
2,8554,1678,0,0,0,0,3
2,8555,1679,0,0,0,0,3
2,8556,1680,0,0,0,0,3
2,8557,1681,0,0,0,0,3
2,8558,1682,0,0,0,0,3
2,8562,1683,0,0,0,0,3
2,8563,1684,0,0,0,0,3
2,8564,1685,0,0,0,0,3
2,8565,1686,0,0,0,0,3
2,8567,1687,0,0,0,0,3
2,8568,1688,0,0,0,0,3
2,8569,1689,0,0,0,0,3
2,8570,1690,0,0,0,0,3
2,8571,1691,0,0,0,0,1
2,8575,1692,0,0,0,0,2
2,8576,1693,0,0,0,0,3
2,8577,1694,0,0,0,0,3
2,8578,1695,0,0,0,0,3
2,8579,1696,0,0,0,0,3
2,8581,1697,0,0,0,0,3
2,8582,1698,0,0,0,0,3
2,8583,1699,0,0,0,0,3
2,8584,1700,0,0,0,0,3
2,8588,1701,0,0,0,0,3
2,8589,1702,0,0,0,0,3
2,8590,1703,0,0,0,0,3
2,8591,1704,0,0,0,0,3
2,8592,1705,0,0,0,0,3
2,8593,1706,0,0,0,0,3
2,8595,1707,0,0,0,0,3
2,8596,1708,0,0,0,0,3
2,8597,1709,0,0,0,0,3
2,8601,1710,0,0,0,0,1
2,8602,1711,0,0,0,0,2
2,8603,1712,0,0,0,0,3
2,8604,1713,0,0,0,0,3
2,8605,1714,0,0,0,0,3
2,8606,1715,0,0,0,0,3
2,8607,1716,0,0,0,0,3
2,8609,1717,0,0,0,0,3
2,8610,1718,0,0,0,0,3
2,8614,1719,0,0,0,0,3
2,8615,1720,0,0,0,0,3
2,8616,1721,0,0,0,0,3
2,8617,1722,0,0,0,0,3
2,8618,1723,0,0,0,0,3
2,8619,1724,0,0,0,0,3
2,8620,1725,0,0,0,0,3
2,8621,1726,0,0,0,0,3
2,8623,1727,0,0,0,0,3
2,8627,1728,0,0,0,0,3
2,8628,1729,0,0,0,0,1
2,8629,1730,0,0,0,0,2
2,8630,1731,0,0,0,0,3
2,8631,1732,0,0,0,0,3
2,8632,1733,0,0,0,0,3
2,8633,1734,0,0,0,0,3
2,8634,1735,0,0,0,0,3
2,8635,1736,0,0,0,0,3
2,8640,1737,0,0,0,0,3
2,8641,1738,0,0,0,0,3
2,8642,1739,0,0,0,0,3
2,8643,1740,0,0,0,0,3
2,8644,1741,0,0,0,0,3
2,8645,1742,0,0,0,0,3
2,8646,1743,0,0,0,0,3
2,8647,1744,0,0,0,0,3
2,8648,1745,0,0,0,0,3
2,8649,1746,0,0,0,0,3
2,8653,1747,0,0,0,0,3
2,8654,1748,0,0,0,0,1
2,8655,1749,0,0,0,0,2
2,8656,1750,0,0,0,0,3
2,8658,1751,0,0,0,0,3
2,8659,1752,0,0,0,0,3
2,8660,1753,0,0,0,0,3
2,8661,1754,0,0,0,0,3
2,8662,1755,0,0,0,0,3
2,8666,1756,0,0,0,0,3
2,8667,1757,0,0,0,0,3
2,8668,1758,0,0,0,0,3
2,8669,1759,0,0,0,0,3
2,8670,1760,0,0,0,0,3
2,8672,1761,0,0,0,0,3
2,8673,1762,0,0,0,0,3
2,8674,1763,0,0,0,0,3
2,8675,1764,0,0,0,0,3
2,8679,1765,0,0,0,0,3
2,8680,1766,0,0,0,0,3
2,8681,1767,0,0,0,0,1
2,8682,1768,0,0,0,0,2
2,8683,1769,0,0,0,0,3
2,8684,1770,0,0,0,0,3
2,8686,1771,0,0,0,0,3
2,8687,1772,0,0,0,0,3
2,8688,1773,0,0,0,0,3
2,8692,1774,0,0,0,0,3
2,8693,1775,0,0,0,0,3
2,8694,1776,0,0,0,0,3
2,8695,1777,0,0,0,0,3
2,8696,1778,0,0,0,0,3
2,8697,1779,0,0,0,0,3
2,8698,1780,0,0,0,0,3
2,8700,1781,0,0,0,0,3
2,8701,1782,0,0,0,0,3
2,8705,1783,0,0,0,0,3
2,8706,1784,0,0,0,0,3
2,8707,1785,0,0,0,0,3
2,8708,1786,0,0,0,0,1
2,8709,1787,0,0,0,0,2
2,8710,1788,0,0,0,0,3
2,8711,1789,0,0,0,0,3
2,8712,1790,0,0,0,0,3
2,8714,1791,0,0,0,0,3
2,8718,1792,0,0,0,0,3
2,8719,1793,0,0,0,0,3
2,8720,1794,0,0,0,0,3
2,8721,1795,0,0,0,0,3
2,8722,1796,0,0,0,0,3
2,8723,1797,0,0,0,0,3
2,8724,1798,0,0,0,0,3
2,8725,1799,0,0,0,0,3
2,8726,1800,0,0,0,0,3
2,8731,1801,0,0,0,0,3
2,8732,1802,0,0,0,0,3
2,8733,1803,0,0,0,0,3
2,8734,1804,0,0,0,0,3
2,8735,1805,0,0,0,0,1
2,8736,1806,0,0,0,0,2
2,8737,1807,0,0,0,0,3
2,8738,1808,0,0,0,0,3
2,8739,1809,0,0,0,0,3
2,8740,1810,0,0,0,0,3
2,8744,1811,0,0,0,0,3
2,8745,1812,0,0,0,0,3
2,8746,1813,0,0,0,0,3
2,8747,1814,0,0,0,0,3
2,8749,1815,0,0,0,0,3
2,8750,1816,0,0,0,0,3
2,8751,1817,0,0,0,0,3
2,8752,1818,0,0,0,0,3
2,8753,1819,0,0,0,0,3
2,8757,1820,0,0,0,0,3
2,8758,1821,0,0,0,0,3
2,8759,1822,0,0,0,0,3
2,8760,1823,0,0,0,0,3
2,8761,1824,0,0,0,0,1
2,8763,1825,0,0,0,0,2
2,8764,1826,0,0,0,0,3
2,8765,1827,0,0,0,0,3
2,8766,1828,0,0,0,0,3
2,8770,1829,0,0,0,0,3
2,8771,1830,0,0,0,0,3
2,8772,1831,0,0,0,0,3
2,8773,1832,0,0,0,0,3
2,8774,1833,0,0,0,0,3
2,8775,1834,0,0,0,0,3
2,8777,1835,0,0,0,0,3
2,8778,1836,0,0,0,0,3
2,8779,1837,0,0,0,0,3
2,8783,1838,0,0,0,0,3
2,8784,1839,0,0,0,0,3
2,8785,1840,0,0,0,0,3
2,8786,1841,0,0,0,0,3
2,8787,1842,0,0,0,0,3
2,8788,1843,0,0,0,0,1
2,8789,1844,0,0,0,0,2
2,8791,1845,0,0,0,0,3
2,8792,1846,0,0,0,0,3
2,8796,1847,0,0,0,0,3
2,8797,1848,0,0,0,0,3
2,8798,1849,0,0,0,0,3
2,8799,1850,0,0,0,0,3
2,8800,1851,0,0,0,0,3
2,8801,1852,0,0,0,0,3
2,8802,1853,0,0,0,0,3
2,8803,1854,0,0,0,0,3
2,8805,1855,0,0,0,0,3
2,8809,1856,0,0,0,0,3
2,8810,1857,0,0,0,0,3
2,8811,1858,0,0,0,0,3
2,8812,1859,0,0,0,0,3
2,8813,1860,0,0,0,0,3
2,8814,1861,0,0,0,0,3
2,8815,1862,0,0,0,0,1
2,8816,1863,0,0,0,0,2
2,8817,1864,0,0,0,0,3
2,8822,1865,0,0,0,0,3
2,8823,1866,0,0,0,0,3
2,8824,1867,0,0,0,0,3
2,8825,1868,0,0,0,0,3
2,8826,1869,0,0,0,0,3
2,8827,1870,0,0,0,0,3
2,8828,1871,0,0,0,0,3
2,8829,1872,0,0,0,0,3
2,8830,1873,0,0,0,0,3
2,8831,1874,0,0,0,0,3
2,8835,1875,0,0,0,0,3
2,8836,1876,0,0,0,0,3
2,8837,1877,0,0,0,0,3
2,8838,1878,0,0,0,0,3
2,8840,1879,0,0,0,0,3
2,8841,1880,0,0,0,0,3
2,8842,1881,0,0,0,0,1
2,8843,1882,0,0,0,0,2
2,8844,1883,0,0,0,0,3
2,8848,1884,0,0,0,0,3
2,8849,1885,0,0,0,0,3
2,8850,1886,0,0,0,0,3
2,8851,1887,0,0,0,0,3
2,8852,1888,0,0,0,0,3
2,8854,1889,0,0,0,0,3
2,8855,1890,0,0,0,0,3
2,8856,1891,0,0,0,0,3
2,8857,1892,0,0,0,0,3
2,8861,1893,0,0,0,0,3
2,8862,1894,0,0,0,0,3
2,8863,1895,0,0,0,0,3
2,8864,1896,0,0,0,0,3
2,8865,1897,0,0,0,0,3
2,8866,1898,0,0,0,0,3
2,8868,1899,0,0,0,0,3
2,8869,1900,0,0,0,0,1
2,8870,1901,0,0,0,0,2
2,8874,1902,0,0,0,0,3
2,8875,1903,0,0,0,0,3
2,8876,1904,0,0,0,0,3
2,8877,1905,0,0,0,0,3
2,8878,1906,0,0,0,0,3
2,8879,1907,0,0,0,0,3
2,8880,1908,0,0,0,0,3
2,8882,1909,0,0,0,0,3
2,8883,1910,0,0,0,0,3
2,8887,1911,0,0,0,0,3
2,8888,1912,0,0,0,0,3
2,8889,1913,0,0,0,0,3
2,8890,1914,0,0,0,0,3
2,8891,1915,0,0,0,0,3
2,8892,1916,0,0,0,0,3
2,8893,1917,0,0,0,0,3
2,8894,1918,0,0,0,0,3
2,8896,1919,0,0,0,0,1
2,8900,1920,0,0,0,0,2
2,8901,1921,0,0,0,0,3
2,8902,1922,0,0,0,0,3
2,8903,1923,0,0,0,0,3
2,8904,1924,0,0,0,0,3
2,8905,1925,0,0,0,0,3
2,8906,1926,0,0,0,0,3
2,8907,1927,0,0,0,0,3
2,8908,1928,0,0,0,0,3
2,8913,1929,0,0,0,0,3
2,8914,1930,0,0,0,0,3
2,8915,1931,0,0,0,0,3
2,8916,1932,0,0,0,0,3
2,8917,1933,0,0,0,0,3
2,8918,1934,0,0,0,0,3
2,8919,1935,0,0,0,0,3
2,8920,1936,0,0,0,0,3
2,8921,1937,0,0,0,0,3
2,8922,1938,0,0,0,0,1
2,8926,1939,0,0,0,0,2
2,8927,1940,0,0,0,0,3
2,8928,1941,0,0,0,0,3
2,8929,1942,0,0,0,0,3
2,8931,1943,0,0,0,0,3
2,8932,1944,0,0,0,0,3
2,8933,1945,0,0,0,0,3
2,8934,1946,0,0,0,0,3
2,8935,1947,0,0,0,0,3
2,8939,1948,0,0,0,0,3
2,8940,1949,0,0,0,0,3
2,8941,1950,0,0,0,0,3
2,8942,1951,0,0,0,0,3
2,8943,1952,0,0,0,0,3
2,8945,1953,0,0,0,0,3
2,8946,1954,0,0,0,0,3
2,8947,1955,0,0,0,0,3
2,8948,1956,0,0,0,0,3
2,8952,1957,0,0,0,0,1
2,8953,1958,0,0,0,0,2
2,8954,1959,0,0,0,0,3
2,8955,1960,0,0,0,0,3
2,8956,1961,0,0,0,0,3
2,8957,1962,0,0,0,0,3
2,8959,1963,0,0,0,0,3
2,8960,1964,0,0,0,0,3
2,8961,1965,0,0,0,0,3
2,8965,1966,0,0,0,0,3
2,8966,1967,0,0,0,0,3
2,8967,1968,0,0,0,0,3
2,8968,1969,0,0,0,0,3
2,8969,1970,0,0,0,0,3
2,8970,1971,0,0,0,0,3
2,8971,1972,0,0,0,0,3
2,8973,1973,0,0,0,0,3
2,8974,1974,0,0,0,0,3
2,8978,1975,0,0,0,0,3
2,8979,1976,0,0,0,0,1
2,8980,1977,0,0,0,0,2
2,8981,1978,0,0,0,0,3
2,8982,1979,0,0,0,0,3
2,8983,1980,0,0,0,0,3
2,8984,1981,0,0,0,0,3
2,8985,1982,0,0,0,0,3
2,8987,1983,0,0,0,0,3
2,8991,1984,0,0,0,0,3
2,8992,1985,0,0,0,0,3
2,8993,1986,0,0,0,0,3
2,8994,1987,0,0,0,0,3
2,8995,1988,0,0,0,0,3
2,8996,1989,0,0,0,0,3
2,8997,1990,0,0,0,0,3
2,8998,1991,0,0,0,0,3
2,8999,1992,0,0,0,0,3
2,9000,1993,0,0,0,0,3
2,9004,1994,0,0,0,0,3
2,9005,1995,0,0,0,0,1
2,9006,1996,0,0,0,0,2
2,9007,1997,0,0,0,0,3
2,9008,1998,0,0,0,0,3
2,9009,1999,0,0,0,0,3
2,9010,2000,0,0,0,0,3
2,9011,2001,0,0,0,0,3
2,9012,2002,0,0,0,0,3
2,9013,2003,0,0,0,0,3
2,9017,2004,0,0,0,0,3
2,9018,2005,0,0,0,0,3
2,9019,2006,0,0,0,0,3
2,9020,2007,0,0,0,0,3
2,9021,2008,0,0,0,0,3
2,9022,2009,0,0,0,0,3
2,9023,2010,0,0,0,0,3
2,9024,2011,0,0,0,0,3
2,9025,2012,0,0,0,0,3
2,9026,2013,0,0,0,0,3
2,9030,2014,0,0,0,0,1
2,9031,2015,0,0,0,0,2
2,9032,2016,0,0,0,0,3
2,9033,2017,0,0,0,0,3
2,9034,2018,0,0,0,0,3
2,9035,2019,0,0,0,0,3
2,9036,2020,0,0,0,0,3
2,9037,2021,0,0,0,0,3
2,9038,2022,0,0,0,0,3
2,9039,2023,0,0,0,0,3
2,9043,2024,0,0,0,0,3
2,9044,2025,0,0,0,0,3
2,9045,2026,0,0,0,0,3
2,9046,2027,0,0,0,0,3
2,9047,2028,0,0,0,0,3
2,9048,2029,0,0,0,0,3
2,9049,2030,0,0,0,0,3
2,9050,2031,0,0,0,0,3
2,9051,2032,0,0,0,0,3
2,9052,2033,0,0,0,0,1
2,9056,2034,0,0,0,0,2
2,9057,2035,0,0,0,0,3
2,9058,2036,0,0,0,0,3
2,9059,2037,0,0,0,0,3
2,9060,2038,0,0,0,0,3
2,9061,2039,0,0,0,0,3
2,9062,2040,0,0,0,0,3
2,9063,2041,0,0,0,0,3
2,9064,2042,0,0,0,0,3
2,9065,2043,0,0,0,0,3
2,9069,2044,0,0,0,0,3
2,9070,2045,0,0,0,0,3
2,9071,2046,0,0,0,0,3
2,9072,2047,0,0,0,1,3
2,9192,2048,0,0,0,0,3
2,9193,2049,1926,0,0,0,3
2,9194,2050,2728,-1,-1,0,3
2,9195,2051,2084,-3,-3,0,3
2,9199,2052,700,-4,-4,0,1
2,9200,2053,-193,-6,-6,0,2
2,9201,2054,274,-5,-5,0,3
2,9202,2055,1994,-3,-3,0,3
2,9204,2056,3949,-2,-2,0,3
2,9205,2057,4944,-3,-3,0,3
2,9206,2058,4454,-6,-6,0,3
2,9207,2059,3000,-11,-11,0,3
2,9208,2060,1774,-16,-16,0,3
2,9212,2061,1788,-19,-19,0,3
2,9213,2062,3149,-18,-18,0,3
2,9214,2063,4980,-16,-16,0,3
2,9215,2064,6051,-13,-13,0,3
2,9216,2065,5649,-13,-13,0,3
2,9218,2066,4096,-16,-16,0,3
2,9219,2067,2512,-24,-24,0,3
2,9220,2068,2017,-33,-33,0,3
2,9221,2069,2932,-42,-42,0,3
2,9225,2070,4549,-46,-46,0,3
2,9226,2071,5637,-44,-44,0,1
2,9227,2072,5321,-38,-38,0,2
2,9228,2073,3711,-31,-31,0,3
2,9229,2074,1821,-28,-28,0,3
2,9230,2075,848,-35,-35,0,3
2,9232,2076,1316,-51,-51,0,3
2,9233,2077,2705,-71,-71,0,3
2,9234,2078,3822,-87,-87,0,3
2,9238,2079,3656,-92,-92,0,3
2,9239,2080,2101,-83,-83,0,3
2,9240,2081,36,-65,-65,0,3
2,9241,2082,-1306,-48,-48,0,3
2,9242,2083,-1212,-44,-44,0,3
2,9243,2084,0,-58,-58,0,3
2,9244,2085,1212,-89,-89,0,3
2,9246,2086,1306,-123,-123,0,3
2,9247,2087,-36,-147,-147,0,3
2,9251,2088,-2101,-150,-150,0,3
2,9252,2089,-3656,-129,-129,0,3
2,9253,2090,-3822,-94,-94,0,1
2,9254,2091,-2705,-63,-63,0,2
2,9255,2092,-1316,-53,-53,0,3
2,9256,2093,-848,-76,-76,0,3
2,9257,2094,-1821,-126,-126,0,3
2,9258,2095,-3711,-185,-185,0,3
2,9260,2096,-5321,-226,-226,0,3
2,9264,2097,-5637,-229,-229,0,3
2,9265,2098,-4549,-189,-189,0,3
2,9266,2099,-2932,-121,-121,0,3
2,9267,2100,-2017,-54,-54,0,3
2,9268,2101,-2512,-22,-22,0,3
2,9269,2102,-4096,-50,-50,0,3
2,9270,2103,-5649,-136,-136,0,3
2,9271,2104,-6051,-253,-253,0,3
2,9272,2105,-4980,-356,-356,0,3
2,9277,2106,-3149,-396,-396,0,3
2,9278,2107,-1788,-337,-337,0,3
2,9279,2108,-1774,-175,-175,0,3
2,9280,2109,-3000,64,64,0,1
2,9281,2110,-4454,330,330,0,2
2,9282,2111,-4944,569,569,0,3
2,9283,2112,-3949,749,749,0,3
2,9284,2113,-1994,865,865,0,3
2,9285,2114,-274,948,948,0,3
2,9286,2115,193,1049,1049,0,3
2,9290,2116,-700,1218,1218,0,3
2,9291,2117,-2084,1480,1480,0,3
2,9292,2118,-2728,1829,1829,0,3
2,9293,2119,-1926,2226,2226,0,3
2,9295,2120,0,2618,2618,0,3
2,9296,2121,1926,2956,2956,0,3
2,9297,2122,2728,3209,3209,0,3
2,9298,2123,2084,3378,3378,0,3
2,9299,2124,700,3487,3487,0,3
2,9303,2125,-193,3569,3569,0,3
2,9304,2126,274,3654,3654,0,3
2,9305,2127,1994,3753,3753,0,3
2,9306,2128,3949,3856,3856,0,1
2,9307,2129,4944,3943,3943,0,2
2,9309,2130,4454,3990,3990,0,3
2,9310,2131,3000,3979,3979,0,3
2,9311,2132,1774,3909,3909,0,3
2,9312,2133,1788,3788,3788,0,3
2,9316,2134,3149,3635,3635,0,3
2,9317,2135,4980,3465,3465,0,3
2,9318,2136,6051,3289,3289,0,3
2,9319,2137,5649,3106,3106,0,3
2,9320,2138,4096,2909,2909,0,3
2,9321,2139,2512,2688,2688,0,3
2,9323,2140,2017,2433,2433,0,3
2,9324,2141,2932,2142,2142,0,3
2,9325,2142,4549,1819,1819,0,3
2,9329,2143,5637,1478,1478,0,3
2,9330,2144,5321,1132,1132,0,3
2,9331,2145,3711,791,791,0,3
2,9332,2146,1821,457,457,0,3
2,9333,2147,848,125,125,0,1
2,9334,2148,1316,-211,-211,0,2
2,9335,2149,2705,-555,-555,0,3
2,9337,2150,3822,-909,-909,0,3
2,9338,2151,3656,-1262,-1262,0,3
2,9342,2152,2101,-1605,-1605,0,3
2,9343,2153,36,-1931,-1931,0,3
2,9344,2154,-1306,-2232,-2232,0,3
2,9345,2155,-1212,-2511,-2511,0,3
2,9346,2156,0,-2771,-2771,0,3
2,9347,2157,1212,-3015,-3015,0,3
2,9348,2158,1306,-3242,-3242,0,3
2,9349,2159,-36,-3449,-3449,0,3
2,9351,2160,-2101,-3631,-3631,0,3
2,9355,2161,-3656,-3783,-3783,0,3
2,9356,2162,-3822,-3901,-3901,0,3
2,9357,2163,-2705,-3987,-3987,0,3
2,9358,2164,-1316,-4044,-4044,0,3
2,9359,2165,-848,-4072,-4072,0,3
2,9360,2166,-1821,-4073,-4073,0,1
2,9361,2167,-3711,-4043,-4043,0,2
2,9362,2168,-5321,-3982,-3982,0,3
2,9363,2169,-5637,-3889,-3889,0,3
2,9368,2170,-4549,-3765,-3765,0,3
2,9369,2171,-2932,-3612,-3612,0,3
2,9370,2172,-2017,-3434,-3434,0,3
2,9371,2173,-2512,-3232,-3232,0,3
2,9372,2174,-4096,-3006,-3006,0,3
2,9373,2175,-5649,-2755,-2755,0,3
2,9374,2176,-6051,-2480,-2480,0,3
2,9375,2177,-4980,-2186,-2186,0,3
2,9376,2178,-3149,-1876,-1876,0,3
2,9377,2179,-1788,-1556,-1556,0,3
2,9381,2180,-1774,-1225,-1225,0,3
2,9382,2181,-3000,-885,-885,0,3
2,9383,2182,-4454,-536,-536,0,3
2,9384,2183,-4944,-180,-180,0,3
2,9386,2184,-3949,179,179,0,3
2,9387,2185,-1994,535,535,0,1
2,9388,2186,-274,884,884,0,2
2,9389,2187,193,1224,1224,0,3
2,9390,2188,-700,1554,1554,0,3
2,9394,2189,-2084,1875,1875,0,3
2,9395,2190,-2728,2184,2184,0,3
2,9396,2191,-1926,2479,2479,0,3
2,9397,2192,0,2754,2754,0,3
2,9398,2193,1926,3005,3005,0,3
2,9400,2194,2728,3231,3231,0,3
2,9401,2195,2084,3431,3431,0,3
2,9402,2196,700,3607,3607,0,3
2,9403,2197,-193,3758,3758,0,3
2,9407,2198,274,3883,3883,0,3
2,9408,2199,1994,3978,3978,0,3
2,9409,2200,3949,4040,4040,0,3
2,9410,2201,4944,4069,4069,0,3
2,9411,2202,4454,4065,4065,0,3
2,9412,2203,3000,4032,4032,0,3
2,9414,2204,1774,3971,3971,0,1
2,9415,2205,1788,3882,3882,0,2
2,9416,2206,3149,3764,3764,0,3
2,9420,2207,4980,3615,3615,0,3
2,9421,2208,6051,3435,3435,0,3
2,9422,2209,5649,3228,3228,0,3
2,9423,2210,4096,2997,2997,0,3
2,9424,2211,2512,2746,2746,0,3
2,9425,2212,2017,2477,2477,0,3
2,9426,2213,2932,2189,2189,0,3
2,9428,2214,4549,1883,1883,0,3
2,9429,2215,5637,1560,1560,0,3
2,9433,2216,5321,1223,1223,0,3
2,9434,2217,3711,877,877,0,3
2,9435,2218,1821,527,527,0,3
2,9436,2219,848,175,175,0,3
2,9437,2220,1316,-177,-177,0,3
2,9438,2221,2705,-528,-528,0,3
2,9439,2222,3822,-878,-878,0,3
2,9440,2223,3656,-1225,-1225,0,1
2,9442,2224,2101,-1562,-1562,0,2
2,9446,2225,36,-1885,-1885,0,3
2,9447,2226,-1306,-2191,-2191,0,3
2,9448,2227,-1212,-2478,-2478,0,3
2,9449,2228,0,-2747,-2747,0,3
2,9450,2229,1212,-2999,-2999,0,3
2,9451,2230,1306,-3230,-3230,0,3
2,9452,2231,-36,-3437,-3437,0,3
2,9453,2232,-2101,-3616,-3616,0,3
2,9454,2233,-3656,-3765,-3765,0,3
2,9459,2234,-3822,-3883,-3883,0,3
2,9460,2235,-2705,-3972,-3972,0,3
2,9461,2236,-1316,-4033,-4033,0,3
2,9462,2237,-848,-4066,-4066,0,3
2,9463,2238,-1821,-4070,-4070,0,3
2,9464,2239,-3711,-4041,-4041,0,3
2,9465,2240,-5321,-3979,-3979,0,3
2,9466,2241,-5637,-3884,-3884,0,3
2,9467,2242,-4549,-3759,-3759,0,1
2,9468,2243,-2932,-3608,-3608,0,2
2,9472,2244,-2017,-3432,-3432,0,3
2,9473,2245,-2512,-3232,-3232,0,3
2,9474,2246,-4096,-3006,-3006,0,3
2,9475,2247,-5649,-2755,-2755,0,3
2,9477,2248,-6051,-2480,-2480,0,3
2,9478,2249,-4980,-2186,-2186,0,3
2,9479,2250,-3149,-1876,-1876,0,3
2,9480,2251,-1788,-1556,-1556,0,3
2,9481,2252,-1774,-1225,-1225,0,3
2,9485,2253,-3000,-885,-885,0,3
2,9486,2254,-4454,-536,-536,0,3
2,9487,2255,-4944,-180,-180,0,3
2,9488,2256,-3949,179,179,0,3
2,9489,2257,-1994,535,535,0,3
2,9491,2258,-274,884,884,0,3
2,9492,2259,193,1224,1224,0,3
2,9493,2260,-700,1554,1554,0,3
2,9494,2261,-2084,1875,1875,0,1
2,9498,2262,-2728,2184,2184,0,2
2,9499,2263,-1926,2479,2479,0,3
2,9500,2264,0,2754,2754,0,3
2,9501,2265,1926,3005,3005,0,3
2,9502,2266,2728,3231,3231,0,3
2,9503,2267,2084,3431,3431,0,3
2,9505,2268,700,3607,3607,0,3
2,9506,2269,-193,3758,3758,0,3
2,9507,2270,274,3883,3883,0,3
2,9511,2271,1994,3978,3978,0,3
2,9512,2272,3949,4040,4040,0,3
2,9513,2273,4944,4069,4069,0,3
2,9514,2274,4454,4065,4065,0,3
2,9515,2275,3000,4032,4032,0,3
2,9516,2276,1774,3971,3971,0,3
2,9517,2277,1788,3882,3882,0,3
2,9519,2278,3149,3764,3764,0,3
2,9520,2279,4980,3615,3615,0,3
2,9524,2280,6051,3435,3435,0,1
2,9525,2281,5649,3228,3228,0,2
2,9526,2282,4096,2997,2997,0,3
2,9527,2283,2512,2746,2746,0,3
2,9528,2284,2017,2477,2477,0,3
2,9529,2285,2932,2189,2189,0,3
2,9530,2286,4549,1883,1883,0,3
2,9531,2287,5637,1560,1560,0,3
2,9533,2288,5321,1223,1223,0,3
2,9537,2289,3711,877,877,0,3
2,9538,2290,1821,527,527,0,3
2,9539,2291,848,175,175,0,3
2,9540,2292,1316,-177,-177,0,3
2,9541,2293,2705,-528,-528,0,3
2,9542,2294,3822,-878,-878,0,3
2,9543,2295,3656,-1225,-1225,0,3
2,9544,2296,2101,-1562,-1562,0,3
2,9545,2297,36,-1885,-1885,0,3
2,9550,2298,-1306,-2191,-2191,0,3
2,9551,2299,-1212,-2478,-2478,0,1
2,9552,2300,0,-2747,-2747,0,2
2,9553,2301,1212,-2999,-2999,0,3
2,9554,2302,1306,-3230,-3230,0,3
2,9555,2303,-36,-3437,-3437,0,3
2,9556,2304,-2101,-3616,-3616,0,3
2,9557,2305,-3656,-3765,-3765,0,3
2,9558,2306,-3822,-3883,-3883,0,3
2,9559,2307,-2705,-3972,-3972,0,3
2,9563,2308,-1316,-4033,-4033,0,3
2,9564,2309,-848,-4066,-4066,0,3
2,9565,2310,-1821,-4070,-4070,0,3
2,9566,2311,-3711,-4041,-4041,0,3
2,9568,2312,-5321,-3979,-3979,0,3
2,9569,2313,-5637,-3884,-3884,0,3
2,9570,2314,-4549,-3759,-3759,0,3
2,9571,2315,-2932,-3608,-3608,0,3
2,9572,2316,-2017,-3432,-3432,0,3
2,9576,2317,-2512,-3232,-3232,0,3
2,9577,2318,-4096,-3006,-3006,0,1
2,9578,2319,-5649,-2755,-2755,0,2
2,9579,2320,-6051,-2480,-2480,0,3
2,9580,2321,-4980,-2186,-2186,0,3
2,9582,2322,-3149,-1876,-1876,0,3
2,9583,2323,-1788,-1556,-1556,0,3
2,9584,2324,-1774,-1225,-1225,0,3
2,9585,2325,-3000,-885,-885,0,3
2,9589,2326,-4454,-536,-536,0,3
2,9590,2327,-4944,-180,-180,0,3
2,9591,2328,-3949,179,179,0,3
2,9592,2329,-1994,535,535,0,3
2,9593,2330,-274,884,884,0,3
2,9594,2331,193,1224,1224,0,3
2,9596,2332,-700,1554,1554,0,3
2,9597,2333,-2084,1875,1875,0,3
2,9598,2334,-2728,2184,2184,0,3
2,9602,2335,-1926,2479,2479,0,3
2,9603,2336,0,2754,2754,0,3
2,9604,2337,1926,3005,3005,0,1
2,9605,2338,2728,3231,3231,0,2
2,9606,2339,2084,3431,3431,0,3
2,9607,2340,700,3607,3607,0,3
2,9608,2341,-193,3758,3758,0,3
2,9610,2342,274,3883,3883,0,3
2,9611,2343,1994,3978,3978,0,3
2,9615,2344,3949,4040,4040,0,3
2,9616,2345,4944,4069,4069,0,3
2,9617,2346,4454,4065,4065,0,3
2,9618,2347,3000,4032,4032,0,3
2,9619,2348,1774,3971,3971,0,3
2,9620,2349,1788,3882,3882,0,3
2,9621,2350,3149,3764,3764,0,3
2,9622,2351,4980,3615,3615,0,3
2,9624,2352,6051,3435,3435,0,3
2,9628,2353,5649,3228,3228,0,3
2,9629,2354,4096,2997,2997,0,3
2,9630,2355,2512,2746,2746,0,3
2,9631,2356,2017,2477,2477,0,1
2,9632,2357,2932,2189,2189,0,2
2,9633,2358,4549,1883,1883,0,3
2,9634,2359,5637,1560,1560,0,3
2,9635,2360,5321,1223,1223,0,3
2,9636,2361,3711,877,877,0,3
2,9641,2362,1821,527,527,0,3
2,9642,2363,848,175,175,0,3
2,9643,2364,1316,-177,-177,0,3
2,9644,2365,2705,-528,-528,0,3
2,9645,2366,3822,-878,-878,0,3
2,9646,2367,3656,-1225,-1225,0,3
2,9647,2368,2101,-1562,-1562,0,3
2,9648,2369,36,-1885,-1885,0,3
2,9649,2370,-1306,-2191,-2191,0,3
2,9650,2371,-1212,-2478,-2478,0,3
2,9654,2372,0,-2747,-2747,0,3
2,9655,2373,1212,-2999,-2999,0,3
2,9656,2374,1306,-3230,-3230,0,3
2,9657,2375,-36,-3437,-3437,0,1
2,9659,2376,-2101,-3616,-3616,0,2
2,9660,2377,-3656,-3765,-3765,0,3
2,9661,2378,-3822,-3883,-3883,0,3
2,9662,2379,-2705,-3972,-3972,0,3
2,9663,2380,-1316,-4033,-4033,0,3
2,9667,2381,-848,-4066,-4066,0,3
2,9668,2382,-1821,-4070,-4070,0,3
2,9669,2383,-3711,-4041,-4041,0,3
2,9670,2384,-5321,-3979,-3979,0,3
2,9671,2385,-5637,-3884,-3884,0,3
2,9673,2386,-4549,-3759,-3759,0,3
2,9674,2387,-2932,-3608,-3608,0,3
2,9675,2388,-2017,-3432,-3432,0,3
2,9676,2389,-2512,-3232,-3232,0,3
2,9680,2390,-4096,-3006,-3006,0,3
2,9681,2391,-5649,-2755,-2755,0,3
2,9682,2392,-6051,-2480,-2480,0,3
2,9683,2393,-4980,-2186,-2186,0,3
2,9684,2394,-3149,-1876,-1876,0,1
2,9685,2395,-1788,-1556,-1556,0,2
2,9687,2396,-1774,-1225,-1225,0,3
2,9688,2397,-3000,-885,-885,0,3
2,9689,2398,-4454,-536,-536,0,3
2,9693,2399,-4944,-180,-180,0,3
2,9694,2400,-3949,179,179,0,3
2,9695,2401,-1994,535,535,0,3
2,9696,2402,-274,884,884,0,3
2,9697,2403,193,1224,1224,0,3
2,9698,2404,-700,1554,1554,0,3
2,9699,2405,-2084,1875,1875,0,3
2,9701,2406,-2728,2184,2184,0,3
2,9702,2407,-1926,2479,2479,0,3
2,9706,2408,0,2754,2754,0,3
2,9707,2409,1926,3005,3005,0,3
2,9708,2410,2728,3231,3231,0,3
2,9709,2411,2084,3431,3431,0,3
2,9710,2412,700,3607,3607,0,3
2,9711,2413,-193,3758,3758,0,1
2,9712,2414,274,3883,3883,0,2
2,9713,2415,1994,3978,3978,0,3
2,9715,2416,3949,4040,4040,0,3
2,9719,2417,4944,4069,4069,0,3
2,9720,2418,4454,4065,4065,0,3
2,9721,2419,3000,4032,4032,0,3
2,9722,2420,1774,3971,3971,0,3
2,9723,2421,1788,3882,3882,0,3
2,9724,2422,3149,3764,3764,0,3
2,9725,2423,4980,3615,3615,0,3
2,9726,2424,6051,3435,3435,0,3
2,9727,2425,5649,3228,3228,0,3
2,9732,2426,4096,2997,2997,0,3
2,9733,2427,2512,2746,2746,0,3
2,9734,2428,2017,2477,2477,0,3
2,9735,2429,2932,2189,2189,0,3
2,9736,2430,4549,1883,1883,0,3
2,9737,2431,5637,1560,1560,0,3
2,9738,2432,5321,1223,1223,0,1
2,9739,2433,3711,877,877,0,2
2,9740,2434,1821,527,527,0,3
2,9741,2435,848,175,175,0,3
2,9745,2436,1316,-177,-177,0,3
2,9746,2437,2705,-528,-528,0,3
2,9747,2438,3822,-878,-878,0,3
2,9748,2439,3656,-1225,-1225,0,3
2,9750,2440,2101,-1562,-1562,0,3
2,9751,2441,36,-1885,-1885,0,3
2,9752,2442,-1306,-2191,-2191,0,3
2,9753,2443,-1212,-2478,-2478,0,3
2,9754,2444,0,-2747,-2747,0,3
2,9758,2445,1212,-2999,-2999,0,3
2,9759,2446,1306,-3230,-3230,0,3
2,9760,2447,-36,-3437,-3437,0,3
2,9761,2448,-2101,-3616,-3616,0,3
2,9762,2449,-3656,-3765,-3765,0,3
2,9764,2450,-3822,-3883,-3883,0,3
2,9765,2451,-2705,-3972,-3972,0,1
2,9766,2452,-1316,-4033,-4033,0,2
2,9767,2453,-848,-4066,-4066,0,3
2,9771,2454,-1821,-4070,-4070,0,3
2,9772,2455,-3711,-4041,-4041,0,3
2,9773,2456,-5321,-3979,-3979,0,3
2,9774,2457,-5637,-3884,-3884,0,3
2,9775,2458,-4549,-3759,-3759,0,3
2,9776,2459,-2932,-3608,-3608,0,3
2,9778,2460,-2017,-3432,-3432,0,3
2,9779,2461,-2512,-3232,-3232,0,3
2,9780,2462,-4096,-3006,-3006,0,3
2,9784,2463,-5649,-2755,-2755,0,3
2,9785,2464,-6051,-2480,-2480,0,3
2,9786,2465,-4980,-2186,-2186,0,3
2,9787,2466,-3149,-1876,-1876,0,3
2,9788,2467,-1788,-1556,-1556,0,3
2,9789,2468,-1774,-1225,-1225,0,3
2,9790,2469,-3000,-885,-885,0,3
2,9792,2470,-4454,-536,-536,0,1
2,9793,2471,-4944,-180,-180,0,2
2,9797,2472,-3949,179,179,0,3
2,9798,2473,-1994,535,535,0,3
2,9799,2474,-274,884,884,0,3
2,9800,2475,193,1224,1224,0,3
2,9801,2476,-700,1554,1554,0,3
2,9802,2477,-2084,1875,1875,0,3
2,9803,2478,-2728,2184,2184,0,3
2,9804,2479,-1926,2479,2479,0,3
2,9806,2480,0,2754,2754,0,3
2,9810,2481,1926,3005,3005,0,3
2,9811,2482,2728,3231,3231,0,3
2,9812,2483,2084,3431,3431,0,3
2,9813,2484,700,3607,3607,0,3
2,9814,2485,-193,3758,3758,0,3
2,9815,2486,274,3883,3883,0,3
2,9816,2487,1994,3978,3978,0,3
2,9817,2488,3949,4040,4040,0,3
2,9818,2489,4944,4069,4069,0,1
2,9823,2490,4454,4065,4065,0,2
2,9824,2491,3000,4032,4032,0,3
2,9825,2492,1774,3971,3971,0,3
2,9826,2493,1788,3882,3882,0,3
2,9827,2494,3149,3764,3764,0,3
2,9828,2495,4980,3615,3615,0,3
2,9829,2496,6051,3435,3435,0,3
2,9830,2497,5649,3228,3228,0,3
2,9831,2498,4096,2997,2997,0,3
2,9832,2499,2512,2746,2746,0,3
2,9836,2500,2017,2477,2477,0,3
2,9837,2501,2932,2189,2189,0,3
2,9838,2502,4549,1883,1883,0,3
2,9839,2503,5637,1560,1560,0,3
2,9841,2504,5321,1223,1223,0,3
2,9842,2505,3711,877,877,0,3
2,9843,2506,1821,527,527,0,3
2,9844,2507,848,175,175,0,3
2,9845,2508,1316,-177,-177,0,1
2,9849,2509,2705,-528,-528,0,2
2,9850,2510,3822,-878,-878,0,3
2,9851,2511,3656,-1225,-1225,0,3
2,9852,2512,2101,-1562,-1562,0,3
2,9853,2513,36,-1885,-1885,0,3
2,9855,2514,-1306,-2191,-2191,0,3
2,9856,2515,-1212,-2478,-2478,0,3
2,9857,2516,0,-2747,-2747,0,3
2,9858,2517,1212,-2999,-2999,0,3
2,9862,2518,1306,-3230,-3230,0,3
2,9863,2519,-36,-3437,-3437,0,3
2,9864,2520,-2101,-3616,-3616,0,3
2,9865,2521,-3656,-3765,-3765,0,3
2,9866,2522,-3822,-3883,-3883,0,3
2,9867,2523,-2705,-3972,-3972,0,3
2,9869,2524,-1316,-4033,-4033,0,3
2,9870,2525,-848,-4066,-4066,0,3
2,9871,2526,-1821,-4070,-4070,0,3
2,9875,2527,-3711,-4041,-4041,0,1
2,9876,2528,-5321,-3979,-3979,0,2
2,9877,2529,-5637,-3884,-3884,0,3
2,9878,2530,-4549,-3759,-3759,0,3
2,9879,2531,-2932,-3608,-3608,0,3
2,9880,2532,-2017,-3432,-3432,0,3
2,9881,2533,-2512,-3232,-3232,0,3
2,9883,2534,-4096,-3006,-3006,0,3
2,9884,2535,-5649,-2755,-2755,0,3
2,9888,2536,-6051,-2480,-2480,0,3
2,9889,2537,-4980,-2186,-2186,0,3
2,9890,2538,-3149,-1876,-1876,0,3
2,9891,2539,-1788,-1556,-1556,0,3
2,9892,2540,-1774,-1225,-1225,0,3
2,9893,2541,-3000,-885,-885,0,3
2,9894,2542,-4454,-536,-536,0,3
2,9895,2543,-4944,-180,-180,0,3
2,9897,2544,-3949,179,179,0,3
2,9901,2545,-1994,535,535,0,3
2,9902,2546,-274,884,884,0,1
2,9903,2547,193,1224,1224,0,2
2,9904,2548,-700,1554,1554,0,3
2,9905,2549,-2084,1875,1875,0,3
2,9906,2550,-2728,2184,2184,0,3
2,9907,2551,-1926,2479,2479,0,3
2,9908,2552,0,2754,2754,0,3
2,9909,2553,1926,3005,3005,0,3
2,9914,2554,2728,3231,3231,0,3
2,9915,2555,2084,3431,3431,0,3
2,9916,2556,700,3607,3607,0,3
2,9917,2557,-193,3758,3758,0,3
2,9918,2558,274,3883,3883,0,3
2,9919,2559,1994,3978,3978,0,3
2,9920,2560,3949,4040,4040,0,3
2,9921,2561,4944,4069,4069,0,3
2,9922,2562,4454,4065,4065,0,3
2,9923,2563,3000,4032,4032,0,3
2,9927,2564,1774,3971,3971,0,3
2,9928,2565,1788,3882,3882,0,1
2,9929,2566,3149,3764,3764,0,2
2,9930,2567,4980,3615,3615,0,3
2,9932,2568,6051,3435,3435,0,3
2,9933,2569,5649,3228,3228,0,3
2,9934,2570,4096,2997,2997,0,3
2,9935,2571,2512,2746,2746,0,3
2,9936,2572,2017,2477,2477,0,3
2,9940,2573,2932,2189,2189,0,3
2,9941,2574,4549,1883,1883,0,3
2,9942,2575,5637,1560,1560,0,3
2,9943,2576,5321,1223,1223,0,3
2,9944,2577,3711,877,877,0,3
2,9946,2578,1821,527,527,0,3
2,9947,2579,848,175,175,0,3
2,9948,2580,1316,-177,-177,0,3
2,9949,2581,2705,-528,-528,0,3
2,9953,2582,3822,-878,-878,0,3
2,9954,2583,3656,-1225,-1225,0,3
2,9955,2584,2101,-1562,-1562,0,1
2,9956,2585,36,-1885,-1885,0,2
2,9957,2586,-1306,-2191,-2191,0,3
2,9958,2587,-1212,-2478,-2478,0,3
2,9960,2588,0,-2747,-2747,0,3
2,9961,2589,1212,-2999,-2999,0,3
2,9962,2590,1306,-3230,-3230,0,3
2,9966,2591,-36,-3437,-3437,0,3
2,9967,2592,-2101,-3616,-3616,0,3
2,9968,2593,-3656,-3765,-3765,0,3
2,9969,2594,-3822,-3883,-3883,0,3
2,9970,2595,-2705,-3972,-3972,0,3
2,9971,2596,-1316,-4033,-4033,0,3
2,9972,2597,-848,-4066,-4066,0,3
2,9974,2598,-1821,-4070,-4070,0,3
2,9975,2599,-3711,-4041,-4041,0,3
2,9979,2600,-5321,-3979,-3979,0,3
2,9980,2601,-5637,-3884,-3884,0,3
2,9981,2602,-4549,-3759,-3759,0,3
2,9982,2603,-2932,-3608,-3608,0,1
2,9983,2604,-2017,-3432,-3432,0,2
2,9984,2605,-2512,-3232,-3232,0,3
2,9985,2606,-4096,-3006,-3006,0,3
2,9986,2607,-5649,-2755,-2755,0,3
2,9988,2608,-6051,-2480,-2480,0,3
2,9992,2609,-4980,-2186,-2186,0,3
2,9993,2610,-3149,-1876,-1876,0,3
2,9994,2611,-1788,-1556,-1556,0,3
2,9995,2612,-1774,-1225,-1225,0,3
2,9996,2613,-3000,-885,-885,0,3
2,9997,2614,-4454,-536,-536,0,3
2,9998,2615,-4944,-180,-180,0,3
2,9999,2616,-3949,179,179,0,3
2,10000,2617,-1994,535,535,0,3
2,10005,2618,-274,884,884,0,3
2,10006,2619,193,1224,1224,0,3
2,10007,2620,-700,1554,1554,0,3
2,10008,2621,-2084,1875,1875,0,3
2,10009,2622,-2728,2184,2184,0,1
2,10010,2623,-1926,2479,2479,0,2
2,10011,2624,0,2754,2754,0,3
2,10012,2625,1926,3005,3005,0,3
2,10013,2626,2728,3231,3231,0,3
2,10014,2627,2084,3431,3431,0,3
2,10018,2628,700,3607,3607,0,3
2,10019,2629,-193,3758,3758,0,3
2,10020,2630,274,3883,3883,0,3
2,10021,2631,1994,3978,3978,0,3
2,10023,2632,3949,4040,4040,0,3
2,10024,2633,4944,4069,4069,0,3
2,10025,2634,4454,4065,4065,0,3
2,10026,2635,3000,4032,4032,0,3
2,10027,2636,1774,3971,3971,0,3
2,10031,2637,1788,3882,3882,0,3
2,10032,2638,3149,3764,3764,0,3
2,10033,2639,4980,3615,3615,0,3
2,10034,2640,6051,3435,3435,0,3
2,10035,2641,5649,3228,3228,0,1
2,10037,2642,4096,2997,2997,0,2
2,10038,2643,2512,2746,2746,0,3
2,10039,2644,2017,2477,2477,0,3
2,10040,2645,2932,2189,2189,0,3
2,10044,2646,4549,1883,1883,0,3
2,10045,2647,5637,1560,1560,0,3
2,10046,2648,5321,1223,1223,0,3
2,10047,2649,3711,877,877,0,3
2,10048,2650,1821,527,527,0,3
2,10049,2651,848,175,175,0,3
2,10051,2652,1316,-177,-177,0,3
2,10052,2653,2705,-528,-528,0,3
2,10053,2654,3822,-878,-878,0,3
2,10057,2655,3656,-1225,-1225,0,3
2,10058,2656,2101,-1562,-1562,0,3
2,10059,2657,36,-1885,-1885,0,3
2,10060,2658,-1306,-2191,-2191,0,3
2,10061,2659,-1212,-2478,-2478,0,3
2,10062,2660,0,-2747,-2747,0,1
2,10063,2661,1212,-2999,-2999,0,2
2,10065,2662,1306,-3230,-3230,0,3
2,10066,2663,-36,-3437,-3437,0,3
2,10070,2664,-2101,-3616,-3616,0,3
2,10071,2665,-3656,-3765,-3765,0,3
2,10072,2666,-3822,-3883,-3883,0,3
2,10073,2667,-2705,-3972,-3972,0,3
2,10074,2668,-1316,-4033,-4033,0,3
2,10075,2669,-848,-4066,-4066,0,3
2,10076,2670,-1821,-4070,-4070,0,3
2,10077,2671,-3711,-4041,-4041,0,3
2,10079,2672,-5321,-3979,-3979,0,3
2,10083,2673,-5637,-3884,-3884,0,3
2,10084,2674,-4549,-3759,-3759,0,3
2,10085,2675,-2932,-3608,-3608,0,3
2,10086,2676,-2017,-3432,-3432,0,3
2,10087,2677,-2512,-3232,-3232,0,3
2,10088,2678,-4096,-3006,-3006,0,3
2,10089,2679,-5649,-2755,-2755,0,1
2,10090,2680,-6051,-2480,-2480,0,2
2,10091,2681,-4980,-2186,-2186,0,3
2,10096,2682,-3149,-1876,-1876,0,3
2,10097,2683,-1788,-1556,-1556,0,3
2,10098,2684,-1774,-1225,-1225,0,3
2,10099,2685,-3000,-885,-885,0,3
2,10100,2686,-4454,-536,-536,0,3
2,10101,2687,-4944,-180,-180,0,3
2,10102,2688,-3949,179,179,0,3
2,10103,2689,-1994,535,535,0,3
2,10104,2690,-274,884,884,0,3
2,10105,2691,193,1224,1224,0,3
2,10109,2692,-700,1554,1554,0,3
2,10110,2693,-2084,1875,1875,0,3
2,10111,2694,-2728,2184,2184,0,3
2,10112,2695,-1926,2479,2479,0,3
2,10114,2696,0,2754,2754,0,3
2,10115,2697,1926,3005,3005,0,3
2,10116,2698,2728,3231,3231,0,1
2,10117,2699,2084,3431,3431,0,2
2,10118,2700,700,3607,3607,0,3
2,10122,2701,-193,3758,3758,0,3
2,10123,2702,274,3883,3883,0,3
2,10124,2703,1994,3978,3978,0,3
2,10125,2704,3949,4040,4040,0,3
2,10126,2705,4944,4069,4069,0,3
2,10128,2706,4454,4065,4065,0,3
2,10129,2707,3000,4032,4032,0,3
2,10130,2708,1774,3971,3971,0,3
2,10131,2709,1788,3882,3882,0,3
2,10135,2710,3149,3764,3764,0,3
2,10136,2711,4980,3615,3615,0,3
2,10137,2712,6051,3435,3435,0,3
2,10138,2713,5649,3228,3228,0,3
2,10139,2714,4096,2997,2997,0,3
2,10140,2715,2512,2746,2746,0,3
2,10142,2716,2017,2477,2477,0,3
2,10143,2717,2932,2189,2189,0,1
2,10144,2718,4549,1883,1883,0,2
2,10148,2719,5637,1560,1560,0,3
2,10149,2720,5321,1223,1223,0,3
2,10150,2721,3711,877,877,0,3
2,10151,2722,1821,527,527,0,3
2,10152,2723,848,175,175,0,3
2,10153,2724,1316,-177,-177,0,3
2,10154,2725,2705,-528,-528,0,3
2,10156,2726,3822,-878,-878,0,3
2,10157,2727,3656,-1225,-1225,0,3
2,10161,2728,2101,-1562,-1562,0,3
2,10162,2729,36,-1885,-1885,0,3
2,10163,2730,-1306,-2191,-2191,0,3
2,10164,2731,-1212,-2478,-2478,0,3
2,10165,2732,0,-2747,-2747,0,3
2,10166,2733,1212,-2999,-2999,0,3
2,10167,2734,1306,-3230,-3230,0,3
2,10168,2735,-36,-3437,-3437,0,3
2,10170,2736,-2101,-3616,-3616,0,1
2,10174,2737,-3656,-3765,-3765,0,2
2,10175,2738,-3822,-3883,-3883,0,3
2,10176,2739,-2705,-3972,-3972,0,3
2,10177,2740,-1316,-4033,-4033,0,3
2,10178,2741,-848,-4066,-4066,0,3
2,10179,2742,-1821,-4070,-4070,0,3
2,10180,2743,-3711,-4041,-4041,0,3
2,10181,2744,-5321,-3979,-3979,0,3
2,10182,2745,-5637,-3884,-3884,0,3
2,10187,2746,-4549,-3759,-3759,0,3
2,10188,2747,-2932,-3608,-3608,0,3
2,10189,2748,-2017,-3432,-3432,0,3
2,10190,2749,-2512,-3232,-3232,0,3
2,10191,2750,-4096,-3006,-3006,0,3
2,10192,2751,-5649,-2755,-2755,0,3
2,10193,2752,-6051,-2480,-2480,0,3
2,10194,2753,-4980,-2186,-2186,0,3
2,10195,2754,-3149,-1876,-1876,0,3
2,10196,2755,-1788,-1556,-1556,0,1
2,10200,2756,-1774,-1225,-1225,0,2
2,10201,2757,-3000,-885,-885,0,3
2,10202,2758,-4454,-536,-536,0,3
2,10203,2759,-4944,-180,-180,0,3
2,10205,2760,-3949,179,179,0,3
2,10206,2761,-1994,535,535,0,3
2,10207,2762,-274,884,884,0,3
2,10208,2763,193,1224,1224,0,3
2,10209,2764,-700,1554,1554,0,3
2,10213,2765,-2084,1875,1875,0,3
2,10214,2766,-2728,2184,2184,0,3
2,10215,2767,-1926,2479,2479,0,3
2,10216,2768,0,2754,2754,0,3
2,10217,2769,1926,3005,3005,0,3
2,10219,2770,2728,3231,3231,0,3
2,10220,2771,2084,3431,3431,0,3
2,10221,2772,700,3607,3607,0,3
2,10222,2773,-193,3758,3758,0,3
2,10226,2774,274,3883,3883,0,1
2,10227,2775,1994,3978,3978,0,2
2,10228,2776,3949,4040,4040,0,3
2,10229,2777,4944,4069,4069,0,3
2,10230,2778,4454,4065,4065,0,3
2,10231,2779,3000,4032,4032,0,3
2,10233,2780,1774,3971,3971,0,3
2,10234,2781,1788,3882,3882,0,3
2,10235,2782,3149,3764,3764,0,3
2,10239,2783,4980,3615,3615,0,3
2,10240,2784,6051,3435,3435,0,3
2,10241,2785,5649,3228,3228,0,3
2,10242,2786,4096,2997,2997,0,3
2,10243,2787,2512,2746,2746,0,3
2,10244,2788,2017,2477,2477,0,3
2,10245,2789,2932,2189,2189,0,3
2,10247,2790,4549,1883,1883,0,3
2,10248,2791,5637,1560,1560,0,3
2,10252,2792,5321,1223,1223,0,3
2,10253,2793,3711,877,877,0,1
2,10254,2794,1821,527,527,0,2
2,10255,2795,848,175,175,0,3
2,10256,2796,1316,-177,-177,0,3
2,10257,2797,2705,-528,-528,0,3
2,10258,2798,3822,-878,-878,0,3
2,10259,2799,3656,-1225,-1225,0,3
2,10261,2800,2101,-1562,-1562,0,3
2,10265,2801,36,-1885,-1885,0,3
2,10266,2802,-1306,-2191,-2191,0,3
2,10267,2803,-1212,-2478,-2478,0,3
2,10268,2804,0,-2747,-2747,0,3
2,10269,2805,1212,-2999,-2999,0,3
2,10270,2806,1306,-3230,-3230,0,3
2,10271,2807,-36,-3437,-3437,0,3
2,10272,2808,-2101,-3616,-3616,0,3
2,10273,2809,-3656,-3765,-3765,0,3
2,10278,2810,-3822,-3883,-3883,0,3
2,10279,2811,-2705,-3972,-3972,0,3
2,10280,2812,-1316,-4033,-4033,0,1
2,10281,2813,-848,-4066,-4066,0,2
2,10282,2814,-1821,-4070,-4070,0,3
2,10283,2815,-3711,-4041,-4041,0,3
2,10284,2816,-5321,-3979,-3979,0,3
2,10285,2817,-5637,-3884,-3884,0,3
2,10286,2818,-4549,-3759,-3759,0,3
2,10287,2819,-2932,-3608,-3608,0,3
2,10291,2820,-2017,-3432,-3432,0,3
2,10292,2821,-2512,-3232,-3232,0,3
2,10293,2822,-4096,-3006,-3006,0,3
2,10294,2823,-5649,-2755,-2755,0,3
2,10296,2824,-6051,-2480,-2480,0,3
2,10297,2825,-4980,-2186,-2186,0,3
2,10298,2826,-3149,-1876,-1876,0,3
2,10299,2827,-1788,-1556,-1556,0,3
2,10300,2828,-1774,-1225,-1225,0,3
2,10304,2829,-3000,-885,-885,0,3
2,10305,2830,-4454,-536,-536,0,3
2,10306,2831,-4944,-180,-180,0,1
2,10307,2832,-3949,179,179,0,2
2,10308,2833,-1994,535,535,0,3
2,10310,2834,-274,884,884,0,3
2,10311,2835,193,1224,1224,0,3
2,10312,2836,-700,1554,1554,0,3
2,10313,2837,-2084,1875,1875,0,3
2,10317,2838,-2728,2184,2184,0,3
2,10318,2839,-1926,2479,2479,0,3
2,10319,2840,0,2754,2754,0,3
2,10320,2841,1926,3005,3005,0,3
2,10321,2842,2728,3231,3231,0,3
2,10322,2843,2084,3431,3431,0,3
2,10324,2844,700,3607,3607,0,3
2,10325,2845,-193,3758,3758,0,3
2,10326,2846,274,3883,3883,0,3
2,10330,2847,1994,3978,3978,0,3
2,10331,2848,3949,4040,4040,0,3
2,10332,2849,4944,4069,4069,0,3
2,10333,2850,4454,4065,4065,0,1
2,10334,2851,3000,4032,4032,0,2
2,10335,2852,1774,3971,3971,0,3
2,10336,2853,1788,3882,3882,0,3
2,10338,2854,3149,3764,3764,0,3
2,10339,2855,4980,3615,3615,0,3
2,10343,2856,6051,3435,3435,0,3
2,10344,2857,5649,3228,3228,0,3
2,10345,2858,4096,2997,2997,0,3
2,10346,2859,2512,2746,2746,0,3
2,10347,2860,2017,2477,2477,0,3
2,10348,2861,2932,2189,2189,0,3
2,10349,2862,4549,1883,1883,0,3
2,10350,2863,5637,1560,1560,0,3
2,10352,2864,5321,1223,1223,0,3
2,10356,2865,3711,877,877,0,3
2,10357,2866,1821,527,527,0,3
2,10358,2867,848,175,175,0,3
2,10359,2868,1316,-177,-177,0,3
2,10360,2869,2705,-528,-528,0,1
2,10361,2870,3822,-878,-878,0,2
2,10362,2871,3656,-1225,-1225,0,3
2,10363,2872,2101,-1562,-1562,0,3
2,10364,2873,36,-1885,-1885,0,3
2,10369,2874,-1306,-2191,-2191,0,3
2,10370,2875,-1212,-2478,-2478,0,3
2,10371,2876,0,-2747,-2747,0,3
2,10372,2877,1212,-2999,-2999,0,3
2,10373,2878,1306,-3230,-3230,0,3
2,10374,2879,-36,-3437,-3437,0,3
2,10375,2880,-2101,-3616,-3616,0,3
2,10376,2881,-3656,-3765,-3765,0,3
2,10377,2882,-3822,-3883,-3883,0,3
2,10378,2883,-2705,-3972,-3972,0,3
2,10382,2884,-1316,-4033,-4033,0,3
2,10383,2885,-848,-4066,-4066,0,3
2,10384,2886,-1821,-4070,-4070,0,3
2,10385,2887,-3711,-4041,-4041,0,3
2,10387,2888,-5321,-3979,-3979,0,1
2,10388,2889,-5637,-3884,-3884,0,2
2,10389,2890,-4549,-3759,-3759,0,3
2,10390,2891,-2932,-3608,-3608,0,3
2,10391,2892,-2017,-3432,-3432,0,3
2,10395,2893,-2512,-3232,-3232,0,3
2,10396,2894,-4096,-3006,-3006,0,3
2,10397,2895,-5649,-2755,-2755,0,3
2,10398,2896,-6051,-2480,-2480,0,3
2,10399,2897,-4980,-2186,-2186,0,3
2,10401,2898,-3149,-1876,-1876,0,3
2,10402,2899,-1788,-1556,-1556,0,3
2,10403,2900,-1774,-1225,-1225,0,3
2,10404,2901,-3000,-885,-885,0,3
2,10408,2902,-4454,-536,-536,0,3
2,10409,2903,-4944,-180,-180,0,3
2,10410,2904,-3949,179,179,0,3
2,10411,2905,-1994,535,535,0,3
2,10412,2906,-274,884,884,0,3
2,10413,2907,193,1224,1224,0,1
2,10415,2908,-700,1554,1554,0,2
2,10416,2909,-2084,1875,1875,0,3
2,10417,2910,-2728,2184,2184,0,3
2,10421,2911,-1926,2479,2479,0,3
2,10422,2912,0,2754,2754,0,3
2,10423,2913,1926,3005,3005,0,3
2,10424,2914,2728,3231,3231,0,3
2,10425,2915,2084,3431,3431,0,3
2,10426,2916,700,3607,3607,0,3
2,10427,2917,-193,3758,3758,0,3
2,10429,2918,274,3883,3883,0,3
2,10430,2919,1994,3978,3978,0,3
2,10434,2920,3949,4040,4040,0,3
2,10435,2921,4944,4069,4069,0,3
2,10436,2922,4454,4065,4065,0,3
2,10437,2923,3000,4032,4032,0,3
2,10438,2924,1774,3971,3971,0,3
2,10439,2925,1788,3882,3882,0,3
2,10440,2926,3149,3764,3764,0,1
2,10441,2927,4980,3615,3615,0,2
2,10443,2928,6051,3435,3435,0,3
2,10447,2929,5649,3228,3228,0,3
2,10448,2930,4096,2997,2997,0,3
2,10449,2931,2512,2746,2746,0,3
2,10450,2932,2017,2477,2477,0,3
2,10451,2933,2932,2189,2189,0,3
2,10452,2934,4549,1883,1883,0,3
2,10453,2935,5637,1560,1560,0,3
2,10454,2936,5321,1223,1223,0,3
2,10455,2937,3711,877,877,0,3
2,10460,2938,1821,527,527,0,3
2,10461,2939,848,175,175,0,3
2,10462,2940,1316,-177,-177,0,3
2,10463,2941,2705,-528,-528,0,3
2,10464,2942,3822,-878,-878,0,3
2,10465,2943,3656,-1225,-1225,0,3
2,10466,2944,2101,-1562,-1562,0,3
2,10467,2945,36,-1885,-1885,0,1
2,10468,2946,-1306,-2191,-2191,0,2
2,10469,2947,-1212,-2478,-2478,0,3
2,10473,2948,0,-2747,-2747,0,3
2,10474,2949,1212,-2999,-2999,0,3
2,10475,2950,1306,-3230,-3230,0,3
2,10476,2951,-36,-3437,-3437,0,3
2,10478,2952,-2101,-3616,-3616,0,3
2,10479,2953,-3656,-3765,-3765,0,3
2,10480,2954,-3822,-3883,-3883,0,3
2,10481,2955,-2705,-3972,-3972,0,3
2,10482,2956,-1316,-4033,-4033,0,3
2,10486,2957,-848,-4066,-4066,0,3
2,10487,2958,-1821,-4070,-4070,0,3
2,10488,2959,-3711,-4041,-4041,0,3
2,10489,2960,-5321,-3979,-3979,0,3
2,10490,2961,-5637,-3884,-3884,0,3
2,10492,2962,-4549,-3759,-3759,0,3
2,10493,2963,-2932,-3608,-3608,0,3
2,10494,2964,-2017,-3432,-3432,0,1
2,10495,2965,-2512,-3232,-3232,0,2
2,10499,2966,-4096,-3006,-3006,0,3
2,10500,2967,-5649,-2755,-2755,0,3
2,10501,2968,-6051,-2480,-2480,0,3
2,10502,2969,-4980,-2186,-2186,0,3
2,10503,2970,-3149,-1876,-1876,0,3
2,10504,2971,-1788,-1556,-1556,0,3
2,10506,2972,-1774,-1225,-1225,0,3
2,10507,2973,-3000,-885,-885,0,3
2,10508,2974,-4454,-536,-536,0,3
2,10512,2975,-4944,-180,-180,0,3
2,10513,2976,-3949,179,179,0,3
2,10514,2977,-1994,535,535,0,3
2,10515,2978,-274,884,884,0,3
2,10516,2979,193,1224,1224,0,3
2,10517,2980,-700,1554,1554,0,3
2,10518,2981,-2084,1875,1875,0,3
2,10520,2982,-2728,2184,2184,0,3
2,10521,2983,-1926,2479,2479,0,1
2,10525,2984,0,2754,2754,0,2
2,10526,2985,1926,3005,3005,0,3
2,10527,2986,2728,3231,3231,0,3
2,10528,2987,2084,3431,3431,0,3
2,10529,2988,700,3607,3607,0,3
2,10530,2989,-193,3758,3758,0,3
2,10531,2990,274,3883,3883,0,3
2,10532,2991,1994,3978,3978,0,3
2,10534,2992,3949,4040,4040,0,3
2,10538,2993,4944,4069,4069,0,3
2,10539,2994,4454,4065,4065,0,3
2,10540,2995,3000,4032,4032,0,3
2,10541,2996,1774,3971,3971,0,3
2,10542,2997,1788,3882,3882,0,3
2,10543,2998,3149,3764,3764,0,3
2,10544,2999,4980,3615,3615,0,3
2,10545,3000,6051,3435,3435,0,3
2,10546,3001,5649,3228,3228,0,3
2,10551,3002,4096,2997,2997,0,1
2,10552,3003,2512,2746,2746,0,2
2,10553,3004,2017,2477,2477,0,3
2,10554,3005,2932,2189,2189,0,3
2,10555,3006,4549,1883,1883,0,3
2,10556,3007,5637,1560,1560,0,3
2,10557,3008,5321,1223,1223,0,3
2,10558,3009,3711,877,877,0,3
2,10559,3010,1821,527,527,0,3
2,10560,3011,848,175,175,0,3
2,10564,3012,1316,-177,-177,0,3
2,10565,3013,2705,-528,-528,0,3
2,10566,3014,3822,-878,-878,0,3
2,10567,3015,3656,-1225,-1225,0,3
2,10569,3016,2101,-1562,-1562,0,3
2,10570,3017,36,-1885,-1885,0,3
2,10571,3018,-1306,-2191,-2191,0,3
2,10572,3019,-1212,-2478,-2478,0,3
2,10573,3020,0,-2747,-2747,0,3
2,10577,3021,1212,-2999,-2999,0,1
2,10578,3022,1306,-3230,-3230,0,2
2,10579,3023,-36,-3437,-3437,0,3
2,10580,3024,-2101,-3616,-3616,0,3
2,10581,3025,-3656,-3765,-3765,0,3
2,10583,3026,-3822,-3883,-3883,0,3
2,10584,3027,-2705,-3972,-3972,0,3
2,10585,3028,-1316,-4033,-4033,0,3
2,10586,3029,-848,-4066,-4066,0,3
2,10590,3030,-1821,-4070,-4070,0,3
2,10591,3031,-3711,-4041,-4041,0,3
2,10592,3032,-5321,-3979,-3979,0,3
2,10593,3033,-5637,-3884,-3884,0,3
2,10594,3034,-4549,-3759,-3759,0,3
2,10595,3035,-2932,-3608,-3608,0,3
2,10597,3036,-2017,-3432,-3432,0,3
2,10598,3037,-2512,-3232,-3232,0,3
2,10599,3038,-4096,-3006,-3006,0,3
2,10603,3039,-5649,-2755,-2755,0,3
2,10604,3040,-6051,-2480,-2480,0,1
2,10605,3041,-4980,-2186,-2186,0,2
2,10606,3042,-3149,-1876,-1876,0,3
2,10607,3043,-1788,-1556,-1556,0,3
2,10608,3044,-1774,-1225,-1225,0,3
2,10609,3045,-3000,-885,-885,0,3
2,10611,3046,-4454,-536,-536,0,3
2,10612,3047,-4944,-180,-180,0,3
2,10616,3048,-3949,179,179,0,3
2,10617,3049,-1994,535,535,0,3
2,10618,3050,-274,884,884,0,3
2,10619,3051,193,1224,1224,0,3
2,10620,3052,-700,1554,1554,0,3
2,10621,3053,-2084,1875,1875,0,3
2,10622,3054,-2728,2184,2184,0,3
2,10623,3055,-1926,2479,2479,0,3
2,10625,3056,0,2754,2754,0,3
2,10629,3057,1926,3005,3005,0,3
2,10630,3058,2728,3231,3231,0,3
2,10631,3059,2084,3431,3431,0,1
2,10632,3060,700,3607,3607,0,2
2,10633,3061,-193,3758,3758,0,3
2,10634,3062,274,3883,3883,0,3
2,10635,3063,1994,3978,3978,0,3
2,10636,3064,3949,4040,4040,0,3
2,10637,3065,4944,4069,4069,0,3
2,10642,3066,4454,4065,4065,0,3
2,10643,3067,3000,4032,4032,0,3
2,10644,3068,1774,3971,3971,0,3
2,10645,3069,1788,3882,3882,0,3
2,10646,3070,3149,3764,3764,0,3
2,10647,3071,4980,3615,3615,0,3
2,10648,3072,6051,3435,3435,0,3
2,10649,3073,5649,3228,3228,0,3
2,10650,3074,4096,2997,2997,0,3
2,10651,3075,2512,2746,2746,0,3
2,10655,3076,2017,2477,2477,0,3
2,10656,3077,2932,2189,2189,0,3
2,10657,3078,4549,1883,1883,0,1
2,10658,3079,5637,1560,1560,0,2
2,10660,3080,5321,1223,1223,0,3
2,10661,3081,3711,877,877,0,3
2,10662,3082,1821,527,527,0,3
2,10663,3083,848,175,175,0,3
2,10664,3084,1316,-177,-177,0,3
2,10668,3085,2705,-528,-528,0,3
2,10669,3086,3822,-878,-878,0,3
2,10670,3087,3656,-1225,-1225,0,3
2,10671,3088,2101,-1562,-1562,0,3
2,10672,3089,36,-1885,-1885,0,3
2,10674,3090,-1306,-2191,-2191,0,3
2,10675,3091,-1212,-2478,-2478,0,3
2,10676,3092,0,-2747,-2747,0,3
2,10677,3093,1212,-2999,-2999,0,3
2,10681,3094,1306,-3230,-3230,0,3
2,10682,3095,-36,-3437,-3437,0,3
2,10683,3096,-2101,-3616,-3616,0,3
2,10684,3097,-3656,-3765,-3765,0,1
2,10685,3098,-3822,-3883,-3883,0,2
2,10686,3099,-2705,-3972,-3972,0,3
2,10688,3100,-1316,-4033,-4033,0,3
2,10689,3101,-848,-4066,-4066,0,3
2,10690,3102,-1821,-4070,-4070,0,3
2,10694,3103,-3711,-4041,-4041,0,3
2,10695,3104,-5321,-3979,-3979,0,3
2,10696,3105,-5637,-3884,-3884,0,3
2,10697,3106,-4549,-3759,-3759,0,3
2,10698,3107,-2932,-3608,-3608,0,3
2,10699,3108,-2017,-3432,-3432,0,3
2,10700,3109,-2512,-3232,-3232,0,3
2,10702,3110,-4096,-3006,-3006,0,3
2,10703,3111,-5649,-2755,-2755,0,3
2,10707,3112,-6051,-2480,-2480,0,3
2,10708,3113,-4980,-2186,-2186,0,3
2,10709,3114,-3149,-1876,-1876,0,3
2,10710,3115,-1788,-1556,-1556,0,3
2,10711,3116,-1774,-1225,-1225,0,1
2,10712,3117,-3000,-885,-885,0,2
2,10713,3118,-4454,-536,-536,0,3
2,10714,3119,-4944,-180,-180,0,3
2,10716,3120,-3949,179,179,0,3
2,10720,3121,-1994,535,535,0,3
2,10721,3122,-274,884,884,0,3
2,10722,3123,193,1224,1224,0,3
2,10723,3124,-700,1554,1554,0,3
2,10724,3125,-2084,1875,1875,0,3
2,10725,3126,-2728,2184,2184,0,3
2,10726,3127,-1926,2479,2479,0,3
2,10727,3128,0,2754,2754,0,3
2,10728,3129,1926,3005,3005,0,3
2,10733,3130,2728,3231,3231,0,3
2,10734,3131,2084,3431,3431,0,3
2,10735,3132,700,3607,3607,0,3
2,10736,3133,-193,3758,3758,0,3
2,10737,3134,274,3883,3883,0,3
2,10738,3135,1994,3978,3978,0,1
2,10739,3136,3949,4040,4040,0,2
2,10740,3137,4944,4069,4069,0,3
2,10741,3138,4454,4065,4065,0,3
2,10742,3139,3000,4032,4032,0,3
2,10746,3140,1774,3971,3971,0,3
2,10747,3141,1788,3882,3882,0,3
2,10748,3142,3149,3764,3764,0,3
2,10749,3143,4980,3615,3615,0,3
2,10751,3144,6051,3435,3435,0,3
2,10752,3145,5649,3228,3228,0,3
2,10753,3146,4096,2997,2997,0,3
2,10754,3147,2512,2746,2746,0,3
2,10755,3148,2017,2477,2477,0,3
2,10759,3149,2932,2189,2189,0,3
2,10760,3150,4549,1883,1883,0,3
2,10761,3151,5637,1560,1560,0,3
2,10762,3152,5321,1223,1223,0,3
2,10763,3153,3711,877,877,0,3
2,10765,3154,1821,527,527,0,1
2,10766,3155,848,175,175,0,2
2,10767,3156,1316,-177,-177,0,3
2,10768,3157,2705,-528,-528,0,3
2,10772,3158,3822,-878,-878,0,3
2,10773,3159,3656,-1225,-1225,0,3
2,10774,3160,2101,-1562,-1562,0,3
2,10775,3161,36,-1885,-1885,0,3
2,10776,3162,-1306,-2191,-2191,0,3
2,10777,3163,-1212,-2478,-2478,0,3
2,10779,3164,0,-2747,-2747,0,3
2,10780,3165,1212,-2999,-2999,0,3
2,10781,3166,1306,-3230,-3230,0,3
2,10785,3167,-36,-3437,-3437,0,3
2,10786,3168,-2101,-3616,-3616,0,3
2,10787,3169,-3656,-3765,-3765,0,3
2,10788,3170,-3822,-3883,-3883,0,3
2,10789,3171,-2705,-3972,-3972,0,3
2,10790,3172,-1316,-4033,-4033,0,3
2,10791,3173,-848,-4066,-4066,0,1
2,10793,3174,-1821,-4070,-4070,0,2
2,10794,3175,-3711,-4041,-4041,0,3
2,10798,3176,-5321,-3979,-3979,0,3
2,10799,3177,-5637,-3884,-3884,0,3
2,10800,3178,-4549,-3759,-3759,0,3
2,10801,3179,-2932,-3608,-3608,0,3
2,10802,3180,-2017,-3432,-3432,0,3
2,10803,3181,-2512,-3232,-3232,0,3
2,10804,3182,-4096,-3006,-3006,0,3
2,10805,3183,-5649,-2755,-2755,0,3
2,10807,3184,-6051,-2480,-2480,0,3
2,10811,3185,-4980,-2186,-2186,0,3
2,10812,3186,-3149,-1876,-1876,0,3
2,10813,3187,-1788,-1556,-1556,0,3
2,10814,3188,-1774,-1225,-1225,0,3
2,10815,3189,-3000,-885,-885,0,3
2,10816,3190,-4454,-536,-536,0,3
2,10817,3191,-4944,-180,-180,0,3
2,10818,3192,-3949,179,179,0,1
2,10819,3193,-1994,535,535,0,2
2,10824,3194,-274,884,884,0,3
2,10825,3195,193,1224,1224,0,3
2,10826,3196,-700,1554,1554,0,3
2,10827,3197,-2084,1875,1875,0,3
2,10828,3198,-2728,2184,2184,0,3
2,10829,3199,-1926,2479,2479,0,3
2,10830,3200,0,2754,2754,0,3
2,10831,3201,1926,3005,3005,0,3
2,10832,3202,2728,3231,3231,0,3
2,10833,3203,2084,3431,3431,0,3
2,10837,3204,700,3607,3607,0,3
2,10838,3205,-193,3758,3758,0,3
2,10839,3206,274,3883,3883,0,3
2,10840,3207,1994,3978,3978,0,3
2,10842,3208,3949,4040,4040,0,3
2,10843,3209,4944,4069,4069,0,3
2,10844,3210,4454,4065,4065,0,3
2,10845,3211,3000,4032,4032,0,1
2,10846,3212,1774,3971,3971,0,2
2,10850,3213,1788,3882,3882,0,3
2,10851,3214,3149,3764,3764,0,3
2,10852,3215,4980,3615,3615,0,3
2,10853,3216,6051,3435,3435,0,3
2,10854,3217,5649,3228,3228,0,3
2,10856,3218,4096,2997,2997,0,3
2,10857,3219,2512,2746,2746,0,3
2,10858,3220,2017,2477,2477,0,3
2,10859,3221,2932,2189,2189,0,3
2,10863,3222,4549,1883,1883,0,3
2,10864,3223,5637,1560,1560,0,3
2,10865,3224,5321,1223,1223,0,3
2,10866,3225,3711,877,877,0,3
2,10867,3226,1821,527,527,0,3
2,10868,3227,848,175,175,0,3
2,10870,3228,1316,-177,-177,0,3
2,10871,3229,2705,-528,-528,0,3
2,10872,3230,3822,-878,-878,0,1
2,10876,3231,3656,-1225,-1225,0,2
2,10877,3232,2101,-1562,-1562,0,3
2,10878,3233,36,-1885,-1885,0,3
2,10879,3234,-1306,-2191,-2191,0,3
2,10880,3235,-1212,-2478,-2478,0,3
2,10881,3236,0,-2747,-2747,0,3
2,10882,3237,1212,-2999,-2999,0,3
2,10884,3238,1306,-3230,-3230,0,3
2,10885,3239,-36,-3437,-3437,0,3
2,10889,3240,-2101,-3616,-3616,0,3
2,10890,3241,-3656,-3765,-3765,0,3
2,10891,3242,-3822,-3883,-3883,0,3
2,10892,3243,-2705,-3972,-3972,0,3
2,10893,3244,-1316,-4033,-4033,0,3
2,10894,3245,-848,-4066,-4066,0,3
2,10895,3246,-1821,-4070,-4070,0,3
2,10896,3247,-3711,-4041,-4041,0,3
2,10898,3248,-5321,-3979,-3979,0,3
2,10902,3249,-5637,-3884,-3884,0,1
2,10903,3250,-4549,-3759,-3759,0,2
2,10904,3251,-2932,-3608,-3608,0,3
2,10905,3252,-2017,-3432,-3432,0,3
2,10906,3253,-2512,-3232,-3232,0,3
2,10907,3254,-4096,-3006,-3006,0,3
2,10908,3255,-5649,-2755,-2755,0,3
2,10909,3256,-6051,-2480,-2480,0,3
2,10910,3257,-4980,-2186,-2186,0,3
2,10915,3258,-3149,-1876,-1876,0,3
2,10916,3259,-1788,-1556,-1556,0,3
2,10917,3260,-1774,-1225,-1225,0,3
2,10918,3261,-3000,-885,-885,0,3
2,10919,3262,-4454,-536,-536,0,3
2,10920,3263,-4944,-180,-180,0,3
2,10921,3264,-3949,179,179,0,3
2,10922,3265,-1994,535,535,0,3
2,10923,3266,-274,884,884,0,3
2,10924,3267,193,1224,1224,0,3
2,10928,3268,-700,1554,1554,0,1
2,10929,3269,-2084,1875,1875,0,2
2,10930,3270,-2728,2184,2184,0,3
2,10931,3271,-1926,2479,2479,0,3
2,10933,3272,0,2754,2754,0,3
2,10934,3273,1926,3005,3005,0,3
2,10935,3274,2728,3231,3231,0,3
2,10936,3275,2084,3431,3431,0,3
2,10937,3276,700,3607,3607,0,3
2,10941,3277,-193,3758,3758,0,3
2,10942,3278,274,3883,3883,0,3
2,10943,3279,1994,3978,3978,0,3
2,10944,3280,3949,4040,4040,0,3
2,10945,3281,4944,4069,4069,0,3
2,10947,3282,4454,4065,4065,0,3
2,10948,3283,3000,4032,4032,0,3
2,10949,3284,1774,3971,3971,0,3
2,10950,3285,1788,3882,3882,0,3
2,10954,3286,3149,3764,3764,0,3
2,10955,3287,4980,3615,3615,0,1
2,10956,3288,6051,3435,3435,0,2
2,10957,3289,5649,3228,3228,0,3
2,10958,3290,4096,2997,2997,0,3
2,10959,3291,2512,2746,2746,0,3
2,10961,3292,2017,2477,2477,0,3
2,10962,3293,2932,2189,2189,0,3
2,10963,3294,4549,1883,1883,0,3
2,10967,3295,5637,1560,1560,0,3
2,10968,3296,5321,1223,1223,0,3
2,10969,3297,3711,877,877,0,3
2,10970,3298,1821,527,527,0,3
2,10971,3299,848,175,175,0,3
2,10972,3300,1316,-177,-177,0,3
2,10973,3301,2705,-528,-528,0,3
2,10975,3302,3822,-878,-878,0,3
2,10976,3303,3656,-1225,-1225,0,3
2,10980,3304,2101,-1562,-1562,0,3
2,10981,3305,36,-1885,-1885,0,3
2,10982,3306,-1306,-2191,-2191,0,1
2,10983,3307,-1212,-2478,-2478,0,2
2,10984,3308,0,-2747,-2747,0,3
2,10985,3309,1212,-2999,-2999,0,3
2,10986,3310,1306,-3230,-3230,0,3
2,10987,3311,-36,-3437,-3437,0,3
2,10989,3312,-2101,-3616,-3616,0,3
2,10993,3313,-3656,-3765,-3765,0,3
2,10994,3314,-3822,-3883,-3883,0,3
2,10995,3315,-2705,-3972,-3972,0,3
2,10996,3316,-1316,-4033,-4033,0,3
2,10997,3317,-848,-4066,-4066,0,3
2,10998,3318,-1821,-4070,-4070,0,3
2,10999,3319,-3711,-4041,-4041,0,3
2,11000,3320,-5321,-3979,-3979,0,3
2,11001,3321,-5637,-3884,-3884,0,3
2,11006,3322,-4549,-3759,-3759,0,3
2,11007,3323,-2932,-3608,-3608,0,3
2,11008,3324,-2017,-3432,-3432,0,3
2,11009,3325,-2512,-3232,-3232,0,1
2,11010,3326,-4096,-3006,-3006,0,2
2,11011,3327,-5649,-2755,-2755,0,3
2,11012,3328,-6051,-2480,-2480,0,3
2,11013,3329,-4980,-2186,-2186,0,3
2,11014,3330,-3149,-1876,-1876,0,3
2,11015,3331,-1788,-1556,-1556,0,3
2,11019,3332,-1774,-1225,-1225,0,3
2,11020,3333,-3000,-885,-885,0,3
2,11021,3334,-4454,-536,-536,0,3
2,11022,3335,-4944,-180,-180,0,3
2,11024,3336,-3949,179,179,0,3
2,11025,3337,-1994,535,535,0,3
2,11026,3338,-274,884,884,0,3
2,11027,3339,193,1224,1224,0,3
2,11028,3340,-700,1554,1554,0,3
2,11032,3341,-2084,1875,1875,0,3
2,11033,3342,-2728,2184,2184,0,3
2,11034,3343,-1926,2479,2479,0,3
2,11035,3344,0,2754,2754,0,1
2,11036,3345,1926,3005,3005,0,2
2,11038,3346,2728,3231,3231,0,3
2,11039,3347,2084,3431,3431,0,3
2,11040,3348,700,3607,3607,0,3
2,11041,3349,-193,3758,3758,0,3
2,11045,3350,274,3883,3883,0,3
2,11046,3351,1994,3978,3978,0,3
2,11047,3352,3949,4040,4040,0,3
2,11048,3353,4944,4069,4069,0,3
2,11049,3354,4454,4065,4065,0,3
2,11050,3355,3000,4032,4032,0,3
2,11052,3356,1774,3971,3971,0,3
2,11053,3357,1788,3882,3882,0,3
2,11054,3358,3149,3764,3764,0,3
2,11058,3359,4980,3615,3615,0,3
2,11059,3360,6051,3435,3435,0,3
2,11060,3361,5649,3228,3228,0,3
2,11061,3362,4096,2997,2997,0,3
2,11062,3363,2512,2746,2746,0,1
2,11063,3364,2017,2477,2477,0,2
2,11064,3365,2932,2189,2189,0,3
2,11066,3366,4549,1883,1883,0,3
2,11067,3367,5637,1560,1560,0,3
2,11071,3368,5321,1223,1223,0,3
2,11072,3369,3711,877,877,0,3
2,11073,3370,1821,527,527,0,3
2,11074,3371,848,175,175,0,3
2,11075,3372,1316,-177,-177,0,3
2,11076,3373,2705,-528,-528,0,3
2,11077,3374,3822,-878,-878,0,3
2,11078,3375,3656,-1225,-1225,0,3
2,11080,3376,2101,-1562,-1562,0,3
2,11084,3377,36,-1885,-1885,0,3
2,11085,3378,-1306,-2191,-2191,0,3
2,11086,3379,-1212,-2478,-2478,0,3
2,11087,3380,0,-2747,-2747,0,3
2,11088,3381,1212,-2999,-2999,0,3
2,11089,3382,1306,-3230,-3230,0,1
2,11090,3383,-36,-3437,-3437,0,2
2,11091,3384,-2101,-3616,-3616,0,3
2,11092,3385,-3656,-3765,-3765,0,3
2,11097,3386,-3822,-3883,-3883,0,3
2,11098,3387,-2705,-3972,-3972,0,3
2,11099,3388,-1316,-4033,-4033,0,3
2,11100,3389,-848,-4066,-4066,0,3
2,11101,3390,-1821,-4070,-4070,0,3
2,11102,3391,-3711,-4041,-4041,0,3
2,11103,3392,-5321,-3979,-3979,0,3
2,11104,3393,-5637,-3884,-3884,0,3
2,11105,3394,-4549,-3759,-3759,0,3
2,11106,3395,-2932,-3608,-3608,0,3
2,11110,3396,-2017,-3432,-3432,0,3
2,11111,3397,-2512,-3232,-3232,0,3
2,11112,3398,-4096,-3006,-3006,0,3
2,11113,3399,-5649,-2755,-2755,0,3
2,11115,3400,-6051,-2480,-2480,0,3
2,11116,3401,-4980,-2186,-2186,0,1
2,11117,3402,-3149,-1876,-1876,0,2
2,11118,3403,-1788,-1556,-1556,0,3
2,11119,3404,-1774,-1225,-1225,0,3
2,11123,3405,-3000,-885,-885,0,3
2,11124,3406,-4454,-536,-536,0,3
2,11125,3407,-4944,-180,-180,0,3
2,11126,3408,-3949,179,179,0,3
2,11127,3409,-1994,535,535,0,3
2,11129,3410,-274,884,884,0,3
2,11130,3411,193,1224,1224,0,3
2,11131,3412,-700,1554,1554,0,3
2,11132,3413,-2084,1875,1875,0,3
2,11136,3414,-2728,2184,2184,0,3
2,11137,3415,-1926,2479,2479,0,3
2,11138,3416,0,2754,2754,0,3
2,11139,3417,1926,3005,3005,0,3
2,11140,3418,2728,3231,3231,0,3
2,11141,3419,2084,3431,3431,0,3
2,11143,3420,700,3607,3607,0,1
2,11144,3421,-193,3758,3758,0,2
2,11145,3422,274,3883,3883,0,3
2,11149,3423,1994,3978,3978,0,3
2,11150,3424,3949,4040,4040,0,3
2,11151,3425,4944,4069,4069,0,3
2,11152,3426,4454,4065,4065,0,3
2,11153,3427,3000,4032,4032,0,3
2,11154,3428,1774,3971,3971,0,3
2,11155,3429,1788,3882,3882,0,3
2,11157,3430,3149,3764,3764,0,3
2,11158,3431,4980,3615,3615,0,3
2,11162,3432,6051,3435,3435,0,3
2,11163,3433,5649,3228,3228,0,3
2,11164,3434,4096,2997,2997,0,3
2,11165,3435,2512,2746,2746,0,3
2,11166,3436,2017,2477,2477,0,3
2,11167,3437,2932,2189,2189,0,3
2,11168,3438,4549,1883,1883,0,3
2,11169,3439,5637,1560,1560,0,1
2,11171,3440,5321,1223,1223,0,2
2,11175,3441,3711,877,877,0,3
2,11176,3442,1821,527,527,0,3
2,11177,3443,848,175,175,0,3
2,11178,3444,1316,-177,-177,0,3
2,11179,3445,2705,-528,-528,0,3
2,11180,3446,3822,-878,-878,0,3
2,11181,3447,3656,-1225,-1225,0,3
2,11182,3448,2101,-1562,-1562,0,3
2,11183,3449,36,-1885,-1885,0,3
2,11188,3450,-1306,-2191,-2191,0,3
2,11189,3451,-1212,-2478,-2478,0,3
2,11190,3452,0,-2747,-2747,0,3
2,11191,3453,1212,-2999,-2999,0,3
2,11192,3454,1306,-3230,-3230,0,3
2,11193,3455,-36,-3437,-3437,0,3
2,11194,3456,-2101,-3616,-3616,0,3
2,11195,3457,-3656,-3765,-3765,0,3
2,11196,3458,-3822,-3883,-3883,0,1
2,11197,3459,-2705,-3972,-3972,0,2
2,11201,3460,-1316,-4033,-4033,0,3
2,11202,3461,-848,-4066,-4066,0,3
2,11203,3462,-1821,-4070,-4070,0,3
2,11204,3463,-3711,-4041,-4041,0,3
2,11206,3464,-5321,-3979,-3979,0,3
2,11207,3465,-5637,-3884,-3884,0,3
2,11208,3466,-4549,-3759,-3759,0,3
2,11209,3467,-2932,-3608,-3608,0,3
2,11210,3468,-2017,-3432,-3432,0,3
2,11214,3469,-2512,-3232,-3232,0,3
2,11215,3470,-4096,-3006,-3006,0,3
2,11216,3471,-5649,-2755,-2755,0,3
2,11217,3472,-6051,-2480,-2480,0,3
2,11218,3473,-4980,-2186,-2186,0,3
2,11220,3474,-3149,-1876,-1876,0,3
2,11221,3475,-1788,-1556,-1556,0,3
2,11222,3476,-1774,-1225,-1225,0,3
2,11223,3477,-3000,-885,-885,0,1
2,11227,3478,-4454,-536,-536,0,2
2,11228,3479,-4944,-180,-180,0,3
2,11229,3480,-3949,179,179,0,3
2,11230,3481,-1994,535,535,0,3
2,11231,3482,-274,884,884,0,3
2,11232,3483,193,1224,1224,0,3
2,11234,3484,-700,1554,1554,0,3
2,11235,3485,-2084,1875,1875,0,3
2,11236,3486,-2728,2184,2184,0,3
2,11240,3487,-1926,2479,2479,0,3
2,11241,3488,0,2754,2754,0,3
2,11242,3489,1926,3005,3005,0,3
2,11243,3490,2728,3231,3231,0,3
2,11244,3491,2084,3431,3431,0,3
2,11245,3492,700,3607,3607,0,3
2,11246,3493,-193,3758,3758,0,3
2,11248,3494,274,3883,3883,0,3
2,11249,3495,1994,3978,3978,0,3
2,11253,3496,3949,4040,4040,0,1
2,11254,3497,4944,4069,4069,0,2
2,11255,3498,4454,4065,4065,0,3
2,11256,3499,3000,4032,4032,0,3
2,11257,3500,1774,3971,3971,0,3
2,11258,3501,1788,3882,3882,0,3
2,11259,3502,3149,3764,3764,0,3
2,11260,3503,4980,3615,3615,0,3
2,11262,3504,6051,3435,3435,0,3
2,11266,3505,5649,3228,3228,0,3
2,11267,3506,4096,2997,2997,0,3
2,11268,3507,2512,2746,2746,0,3
2,11269,3508,2017,2477,2477,0,3
2,11270,3509,2932,2189,2189,0,3
2,11271,3510,4549,1883,1883,0,3
2,11272,3511,5637,1560,1560,0,3
2,11273,3512,5321,1223,1223,0,3
2,11274,3513,3711,877,877,0,3
2,11279,3514,1821,527,527,0,3
2,11280,3515,848,175,175,0,1
2,11281,3516,1316,-177,-177,0,2
2,11282,3517,2705,-528,-528,0,3
2,11283,3518,3822,-878,-878,0,3
2,11284,3519,3656,-1225,-1225,0,3
2,11285,3520,2101,-1562,-1562,0,3
2,11286,3521,36,-1885,-1885,0,3
2,11287,3522,-1306,-2191,-2191,0,3
2,11288,3523,-1212,-2478,-2478,0,3
2,11292,3524,0,-2747,-2747,0,3
2,11293,3525,1212,-2999,-2999,0,3
2,11294,3526,1306,-3230,-3230,0,3
2,11295,3527,-36,-3437,-3437,0,3
2,11297,3528,-2101,-3616,-3616,0,3
2,11298,3529,-3656,-3765,-3765,0,3
2,11299,3530,-3822,-3883,-3883,0,3
2,11300,3531,-2705,-3972,-3972,0,3
2,11301,3532,-1316,-4033,-4033,0,3
2,11305,3533,-848,-4066,-4066,0,3
2,11306,3534,-1821,-4070,-4070,0,1
2,11307,3535,-3711,-4041,-4041,0,2
2,11308,3536,-5321,-3979,-3979,0,3
2,11309,3537,-5637,-3884,-3884,0,3
2,11311,3538,-4549,-3759,-3759,0,3
2,11312,3539,-2932,-3608,-3608,0,3
2,11313,3540,-2017,-3432,-3432,0,3
2,11314,3541,-2512,-3232,-3232,0,3
2,11318,3542,-4096,-3006,-3006,0,3
2,11319,3543,-5649,-2755,-2755,0,3
2,11320,3544,-6051,-2480,-2480,0,3
2,11321,3545,-4980,-2186,-2186,0,3
2,11322,3546,-3149,-1876,-1876,0,3
2,11323,3547,-1788,-1556,-1556,0,3
2,11325,3548,-1774,-1225,-1225,0,3
2,11326,3549,-3000,-885,-885,0,3
2,11327,3550,-4454,-536,-536,0,3
2,11331,3551,-4944,-180,-180,0,3
2,11332,3552,-3949,179,179,0,3
2,11333,3553,-1994,535,535,0,1
2,11334,3554,-274,884,884,0,2
2,11335,3555,193,1224,1224,0,3
2,11336,3556,-700,1554,1554,0,3
2,11337,3557,-2084,1875,1875,0,3
2,11339,3558,-2728,2184,2184,0,3
2,11340,3559,-1926,2479,2479,0,3
2,11344,3560,0,2754,2754,0,3
2,11345,3561,1926,3005,3005,0,3
2,11346,3562,2728,3231,3231,0,3
2,11347,3563,2084,3431,3431,0,3
2,11348,3564,700,3607,3607,0,3
2,11349,3565,-193,3758,3758,0,3
2,11350,3566,274,3883,3883,0,3
2,11351,3567,1994,3978,3978,0,3
2,11353,3568,3949,4040,4040,0,3
2,11357,3569,4944,4069,4069,0,3
2,11358,3570,4454,4065,4065,0,3
2,11359,3571,3000,4032,4032,0,3
2,11360,3572,1774,3971,3971,0,1
2,11361,3573,1788,3882,3882,0,2
2,11362,3574,3149,3764,3764,0,3
2,11363,3575,4980,3615,3615,0,3
2,11364,3576,6051,3435,3435,0,3
2,11365,3577,5649,3228,3228,0,3
2,11370,3578,4096,2997,2997,0,3
2,11371,3579,2512,2746,2746,0,3
2,11372,3580,2017,2477,2477,0,3
2,11373,3581,2932,2189,2189,0,3
2,11374,3582,4549,1883,1883,0,3
2,11375,3583,5637,1560,1560,0,3
2,11376,3584,5321,1223,1223,0,3
2,11377,3585,3711,877,877,0,3
2,11378,3586,1821,527,527,0,3
2,11379,3587,848,175,175,0,3
2,11383,3588,1316,-177,-177,0,3
2,11384,3589,2705,-528,-528,0,3
2,11385,3590,3822,-878,-878,0,3
2,11386,3591,3656,-1225,-1225,0,1
2,11388,3592,2101,-1562,-1562,0,2
2,11389,3593,36,-1885,-1885,0,3
2,11390,3594,-1306,-2191,-2191,0,3
2,11391,3595,-1212,-2478,-2478,0,3
2,11392,3596,0,-2747,-2747,0,3
2,11396,3597,1212,-2999,-2999,0,3
2,11397,3598,1306,-3230,-3230,0,3
2,11398,3599,-36,-3437,-3437,0,3
2,11399,3600,-2101,-3616,-3616,0,3
2,11400,3601,-3656,-3765,-3765,0,3
2,11402,3602,-3822,-3883,-3883,0,3
2,11403,3603,-2705,-3972,-3972,0,3
2,11404,3604,-1316,-4033,-4033,0,3
2,11405,3605,-848,-4066,-4066,0,3
2,11409,3606,-1821,-4070,-4070,0,3
2,11410,3607,-3711,-4041,-4041,0,3
2,11411,3608,-5321,-3979,-3979,0,3
2,11412,3609,-5637,-3884,-3884,0,3
2,11413,3610,-4549,-3759,-3759,0,1
2,11414,3611,-2932,-3608,-3608,0,2
2,11416,3612,-2017,-3432,-3432,0,3
2,11417,3613,-2512,-3232,-3232,0,3
2,11418,3614,-4096,-3006,-3006,0,3
2,11422,3615,-5649,-2755,-2755,0,3
2,11423,3616,-6051,-2480,-2480,0,3
2,11424,3617,-4980,-2186,-2186,0,3
2,11425,3618,-3149,-1876,-1876,0,3
2,11426,3619,-1788,-1556,-1556,0,3
2,11427,3620,-1774,-1225,-1225,0,3
2,11428,3621,-3000,-885,-885,0,3
2,11430,3622,-4454,-536,-536,0,3
2,11431,3623,-4944,-180,-180,0,3
2,11435,3624,-3949,179,179,0,3
2,11436,3625,-1994,535,535,0,3
2,11437,3626,-274,884,884,0,3
2,11438,3627,193,1224,1224,0,3
2,11439,3628,-700,1554,1554,0,3
2,11440,3629,-2084,1875,1875,0,1
2,11441,3630,-2728,2184,2184,0,2
2,11442,3631,-1926,2479,2479,0,3
2,11444,3632,0,2754,2754,0,3
2,11448,3633,1926,3005,3005,0,3
2,11449,3634,2728,3231,3231,0,3
2,11450,3635,2084,3431,3431,0,3
2,11451,3636,700,3607,3607,0,3
2,11452,3637,-193,3758,3758,0,3
2,11453,3638,274,3883,3883,0,3
2,11454,3639,1994,3978,3978,0,3
2,11455,3640,3949,4040,4040,0,3
2,11456,3641,4944,4069,4069,0,3
2,11461,3642,4454,4065,4065,0,3
2,11462,3643,3000,4032,4032,0,3
2,11463,3644,1774,3971,3971,0,3
2,11464,3645,1788,3882,3882,0,3
2,11465,3646,3149,3764,3764,0,3
2,11466,3647,4980,3615,3615,0,3
2,11467,3648,6051,3435,3435,0,1
2,11468,3649,5649,3228,3228,0,2
2,11469,3650,4096,2997,2997,0,3
2,11470,3651,2512,2746,2746,0,3
2,11474,3652,2017,2477,2477,0,3
2,11475,3653,2932,2189,2189,0,3
2,11476,3654,4549,1883,1883,0,3
2,11477,3655,5637,1560,1560,0,3
2,11479,3656,5321,1223,1223,0,3
2,11480,3657,3711,877,877,0,3
2,11481,3658,1821,527,527,0,3
2,11482,3659,848,175,175,0,3
2,11483,3660,1316,-177,-177,0,3
2,11487,3661,2705,-528,-528,0,3
2,11488,3662,3822,-878,-878,0,3
2,11489,3663,3656,-1225,-1225,0,3
2,11490,3664,2101,-1562,-1562,0,3
2,11491,3665,36,-1885,-1885,0,3
2,11493,3666,-1306,-2191,-2191,0,3
2,11494,3667,-1212,-2478,-2478,0,1
2,11495,3668,0,-2747,-2747,0,2
2,11496,3669,1212,-2999,-2999,0,3
2,11500,3670,1306,-3230,-3230,0,3
2,11501,3671,-36,-3437,-3437,0,3
2,11502,3672,-2101,-3616,-3616,0,3
2,11503,3673,-3656,-3765,-3765,0,3
2,11504,3674,-3822,-3883,-3883,0,3
2,11505,3675,-2705,-3972,-3972,0,3
2,11507,3676,-1316,-4033,-4033,0,3
2,11508,3677,-848,-4066,-4066,0,3
2,11509,3678,-1821,-4070,-4070,0,3
2,11513,3679,-3711,-4041,-4041,0,3
2,11514,3680,-5321,-3979,-3979,0,3
2,11515,3681,-5637,-3884,-3884,0,3
2,11516,3682,-4549,-3759,-3759,0,3
2,11517,3683,-2932,-3608,-3608,0,3
2,11518,3684,-2017,-3432,-3432,0,3
2,11519,3685,-2512,-3232,-3232,0,3
2,11521,3686,-4096,-3006,-3006,0,1
2,11522,3687,-5649,-2755,-2755,0,2
2,11526,3688,-6051,-2480,-2480,0,3
2,11527,3689,-4980,-2186,-2186,0,3
2,11528,3690,-3149,-1876,-1876,0,3
2,11529,3691,-1788,-1556,-1556,0,3
2,11530,3692,-1774,-1225,-1225,0,3
2,11531,3693,-3000,-885,-885,0,3
2,11532,3694,-4454,-536,-536,0,3
2,11533,3695,-4944,-180,-180,0,3
2,11535,3696,-3949,179,179,0,3
2,11539,3697,-1994,535,535,0,3
2,11540,3698,-274,884,884,0,3
2,11541,3699,193,1224,1224,0,3
2,11542,3700,-700,1554,1554,0,3
2,11543,3701,-2084,1875,1875,0,3
2,11544,3702,-2728,2184,2184,0,3
2,11545,3703,-1926,2479,2479,0,3
2,11546,3704,0,2754,2754,0,3
2,11547,3705,1926,3005,3005,0,1
2,11552,3706,2728,3231,3231,0,2
2,11553,3707,2084,3431,3431,0,3
2,11554,3708,700,3607,3607,0,3
2,11555,3709,-193,3758,3758,0,3
2,11556,3710,274,3883,3883,0,3
2,11557,3711,1994,3978,3978,0,3
2,11558,3712,3949,4040,4040,0,3
2,11559,3713,4944,4069,4069,0,3
2,11560,3714,4454,4065,4065,0,3
2,11561,3715,3000,4032,4032,0,3
2,11565,3716,1774,3971,3971,0,3
2,11566,3717,1788,3882,3882,0,3
2,11567,3718,3149,3764,3764,0,3
2,11568,3719,4980,3615,3615,0,3
2,11570,3720,6051,3435,3435,0,3
2,11571,3721,5649,3228,3228,0,3
2,11572,3722,4096,2997,2997,0,3
2,11573,3723,2512,2746,2746,0,3
2,11574,3724,2017,2477,2477,0,1
2,11578,3725,2932,2189,2189,0,2
2,11579,3726,4549,1883,1883,0,3
2,11580,3727,5637,1560,1560,0,3
2,11581,3728,5321,1223,1223,0,3
2,11582,3729,3711,877,877,0,3
2,11584,3730,1821,527,527,0,3
2,11585,3731,848,175,175,0,3
2,11586,3732,1316,-177,-177,0,3
2,11587,3733,2705,-528,-528,0,3
2,11591,3734,3822,-878,-878,0,3
2,11592,3735,3656,-1225,-1225,0,3
2,11593,3736,2101,-1562,-1562,0,3
2,11594,3737,36,-1885,-1885,0,3
2,11595,3738,-1306,-2191,-2191,0,3
2,11596,3739,-1212,-2478,-2478,0,3
2,11598,3740,0,-2747,-2747,0,3
2,11599,3741,1212,-2999,-2999,0,3
2,11600,3742,1306,-3230,-3230,0,3
2,11604,3743,-36,-3437,-3437,0,1
2,11605,3744,-2101,-3616,-3616,0,2
2,11606,3745,-3656,-3765,-3765,0,3
2,11607,3746,-3822,-3883,-3883,0,3
2,11608,3747,-2705,-3972,-3972,0,3
2,11609,3748,-1316,-4033,-4033,0,3
2,11610,3749,-848,-4066,-4066,0,3
2,11612,3750,-1821,-4070,-4070,0,3
2,11613,3751,-3711,-4041,-4041,0,3
2,11617,3752,-5321,-3979,-3979,0,3
2,11618,3753,-5637,-3884,-3884,0,3
2,11619,3754,-4549,-3759,-3759,0,3
2,11620,3755,-2932,-3608,-3608,0,3
2,11621,3756,-2017,-3432,-3432,0,3
2,11622,3757,-2512,-3232,-3232,0,3
2,11623,3758,-4096,-3006,-3006,0,3
2,11624,3759,-5649,-2755,-2755,0,3
2,11626,3760,-6051,-2480,-2480,0,3
2,11630,3761,-4980,-2186,-2186,0,3
2,11631,3762,-3149,-1876,-1876,0,1
2,11632,3763,-1788,-1556,-1556,0,2
2,11633,3764,-1774,-1225,-1225,0,3
2,11634,3765,-3000,-885,-885,0,3
2,11635,3766,-4454,-536,-536,0,3
2,11636,3767,-4944,-180,-180,0,3
2,11637,3768,-3949,179,179,0,3
2,11638,3769,-1994,535,535,0,3
2,11643,3770,-274,884,884,0,3
2,11644,3771,193,1224,1224,0,3
2,11645,3772,-700,1554,1554,0,3
2,11646,3773,-2084,1875,1875,0,3
2,11647,3774,-2728,2184,2184,0,3
2,11648,3775,-1926,2479,2479,0,3
2,11649,3776,0,2754,2754,0,3
2,11650,3777,1926,3005,3005,0,3
2,11651,3778,2728,3231,3231,0,3
2,11652,3779,2084,3431,3431,0,3
2,11656,3780,700,3607,3607,0,3
2,11657,3781,-193,3758,3758,0,1
2,11658,3782,274,3883,3883,0,2
2,11659,3783,1994,3978,3978,0,3
2,11661,3784,3949,4040,4040,0,3
2,11662,3785,4944,4069,4069,0,3
2,11663,3786,4454,4065,4065,0,3
2,11664,3787,3000,4032,4032,0,3
2,11665,3788,1774,3971,3971,0,3
2,11669,3789,1788,3882,3882,0,3
2,11670,3790,3149,3764,3764,0,3
2,11671,3791,4980,3615,3615,0,3
2,11672,3792,6051,3435,3435,0,3
2,11673,3793,5649,3228,3228,0,3
2,11675,3794,4096,2997,2997,0,3
2,11676,3795,2512,2746,2746,0,3
2,11677,3796,2017,2477,2477,0,3
2,11678,3797,2932,2189,2189,0,3
2,11682,3798,4549,1883,1883,0,3
2,11683,3799,5637,1560,1560,0,3
2,11684,3800,5321,1223,1223,0,1
2,11685,3801,3711,877,877,0,2
2,11686,3802,1821,527,527,0,3
2,11687,3803,848,175,175,0,3
2,11689,3804,1316,-177,-177,0,3
2,11690,3805,2705,-528,-528,0,3
2,11691,3806,3822,-878,-878,0,3
2,11695,3807,3656,-1225,-1225,0,3
2,11696,3808,2101,-1562,-1562,0,3
2,11697,3809,36,-1885,-1885,0,3
2,11698,3810,-1306,-2191,-2191,0,3
2,11699,3811,-1212,-2478,-2478,0,3
2,11700,3812,0,-2747,-2747,0,3
2,11701,3813,1212,-2999,-2999,0,3
2,11703,3814,1306,-3230,-3230,0,3
2,11704,3815,-36,-3437,-3437,0,3
2,11708,3816,-2101,-3616,-3616,0,3
2,11709,3817,-3656,-3765,-3765,0,3
2,11710,3818,-3822,-3883,-3883,0,3
2,11711,3819,-2705,-3972,-3972,0,1
2,11712,3820,-1316,-4033,-4033,0,2
2,11713,3821,-848,-4066,-4066,0,3
2,11714,3822,-1821,-4070,-4070,0,3
2,11715,3823,-3711,-4041,-4041,0,3
2,11717,3824,-5321,-3979,-3979,0,3
2,11721,3825,-5637,-3884,-3884,0,3
2,11722,3826,-4549,-3759,-3759,0,3
2,11723,3827,-2932,-3608,-3608,0,3
2,11724,3828,-2017,-3432,-3432,0,3
2,11725,3829,-2512,-3232,-3232,0,3
2,11726,3830,-4096,-3006,-3006,0,3
2,11727,3831,-5649,-2755,-2755,0,3
2,11728,3832,-6051,-2480,-2480,0,3
2,11729,3833,-4980,-2186,-2186,0,3
2,11734,3834,-3149,-1876,-1876,0,3
2,11735,3835,-1788,-1556,-1556,0,3
2,11736,3836,-1774,-1225,-1225,0,3
2,11737,3837,-3000,-885,-885,0,3
2,11738,3838,-4454,-536,-536,0,1
2,11739,3839,-4944,-180,-180,0,2
2,11740,3840,-3949,179,179,0,3
2,11741,3841,-1994,535,535,0,3
2,11742,3842,-274,884,884,0,3
2,11743,3843,193,1224,1224,0,3
2,11747,3844,-700,1554,1554,0,3
2,11748,3845,-2084,1875,1875,0,3
2,11749,3846,-2728,2184,2184,0,3
2,11750,3847,-1926,2479,2479,0,3
2,11752,3848,0,2754,2754,0,3
2,11753,3849,1926,3005,3005,0,3
2,11754,3850,2728,3231,3231,0,3
2,11755,3851,2084,3431,3431,0,3
2,11756,3852,700,3607,3607,0,3
2,11760,3853,-193,3758,3758,0,3
2,11761,3854,274,3883,3883,0,3
2,11762,3855,1994,3978,3978,0,3
2,11763,3856,3949,4040,4040,0,3
2,11764,3857,4944,4069,4069,0,1
2,11766,3858,4454,4065,4065,0,2
2,11767,3859,3000,4032,4032,0,3
2,11768,3860,1774,3971,3971,0,3
2,11769,3861,1788,3882,3882,0,3
2,11773,3862,3149,3764,3764,0,3
2,11774,3863,4980,3615,3615,0,3
2,11775,3864,6051,3435,3435,0,3
2,11776,3865,5649,3228,3228,0,3
2,11777,3866,4096,2997,2997,0,3
2,11778,3867,2512,2746,2746,0,3
2,11780,3868,2017,2477,2477,0,3
2,11781,3869,2932,2189,2189,0,3
2,11782,3870,4549,1883,1883,0,3
2,11786,3871,5637,1560,1560,0,3
2,11787,3872,5321,1223,1223,0,3
2,11788,3873,3711,877,877,0,3
2,11789,3874,1821,527,527,0,3
2,11790,3875,848,175,175,0,3
2,11791,3876,1316,-177,-177,0,1
2,11792,3877,2705,-528,-528,0,2
2,11794,3878,3822,-878,-878,0,3
2,11795,3879,3656,-1225,-1225,0,3
2,11799,3880,2101,-1562,-1562,0,3
2,11800,3881,36,-1885,-1885,0,3
2,11801,3882,-1306,-2191,-2191,0,3
2,11802,3883,-1212,-2478,-2478,0,3
2,11803,3884,0,-2747,-2747,0,3
2,11804,3885,1212,-2999,-2999,0,3
2,11805,3886,1306,-3230,-3230,0,3
2,11806,3887,-36,-3437,-3437,0,3
2,11808,3888,-2101,-3616,-3616,0,3
2,11812,3889,-3656,-3765,-3765,0,3
2,11813,3890,-3822,-3883,-3883,0,3
2,11814,3891,-2705,-3972,-3972,0,3
2,11815,3892,-1316,-4033,-4033,0,3
2,11816,3893,-848,-4066,-4066,0,3
2,11817,3894,-1821,-4070,-4070,0,3
2,11818,3895,-3711,-4041,-4041,0,1
2,11819,3896,-5321,-3979,-3979,0,2
2,11820,3897,-5637,-3884,-3884,0,3
2,11825,3898,-4549,-3759,-3759,0,3
2,11826,3899,-2932,-3608,-3608,0,3
2,11827,3900,-2017,-3432,-3432,0,3
2,11828,3901,-2512,-3232,-3232,0,3
2,11829,3902,-4096,-3006,-3006,0,3
2,11830,3903,-5649,-2755,-2755,0,3
2,11831,3904,-6051,-2480,-2480,0,3
2,11832,3905,-4980,-2186,-2186,0,3
2,11833,3906,-3149,-1876,-1876,0,3
2,11834,3907,-1788,-1556,-1556,0,3
2,11838,3908,-1774,-1225,-1225,0,3
2,11839,3909,-3000,-885,-885,0,3
2,11840,3910,-4454,-536,-536,0,3
2,11841,3911,-4944,-180,-180,0,3
2,11843,3912,-3949,179,179,0,3
2,11844,3913,-1994,535,535,0,3
2,11845,3914,-274,884,884,0,1
2,11846,3915,193,1224,1224,0,2
2,11847,3916,-700,1554,1554,0,3
2,11851,3917,-2084,1875,1875,0,3
2,11852,3918,-2728,2184,2184,0,3
2,11853,3919,-1926,2479,2479,0,3
2,11854,3920,0,2754,2754,0,3
2,11855,3921,1926,3005,3005,0,3
2,11857,3922,2728,3231,3231,0,3
2,11858,3923,2084,3431,3431,0,3
2,11859,3924,700,3607,3607,0,3
2,11860,3925,-193,3758,3758,0,3
2,11864,3926,274,3883,3883,0,3
2,11865,3927,1994,3978,3978,0,3
2,11866,3928,3949,4040,4040,0,3
2,11867,3929,4944,4069,4069,0,3
2,11868,3930,4454,4065,4065,0,3
2,11869,3931,3000,4032,4032,0,3
2,11871,3932,1774,3971,3971,0,3
2,11872,3933,1788,3882,3882,0,1
2,11873,3934,3149,3764,3764,0,2
2,11877,3935,4980,3615,3615,0,3
2,11878,3936,6051,3435,3435,0,3
2,11879,3937,5649,3228,3228,0,3
2,11880,3938,4096,2997,2997,0,3
2,11881,3939,2512,2746,2746,0,3
2,11882,3940,2017,2477,2477,0,3
2,11883,3941,2932,2189,2189,0,3
2,11885,3942,4549,1883,1883,0,3
2,11886,3943,5637,1560,1560,0,3
2,11890,3944,5321,1223,1223,0,3
2,11891,3945,3711,877,877,0,3
2,11892,3946,1821,527,527,0,3
2,11893,3947,848,175,175,0,3
2,11894,3948,1316,-177,-177,0,3
2,11895,3949,2705,-528,-528,0,3
2,11896,3950,3822,-878,-878,0,3
2,11897,3951,3656,-1225,-1225,0,3
2,11899,3952,2101,-1562,-1562,0,1
2,11903,3953,36,-1885,-1885,0,2
2,11904,3954,-1306,-2191,-2191,0,3
2,11905,3955,-1212,-2478,-2478,0,3
2,11906,3956,0,-2747,-2747,0,3
2,11907,3957,1212,-2999,-2999,0,3
2,11908,3958,1306,-3230,-3230,0,3
2,11909,3959,-36,-3437,-3437,0,3
2,11910,3960,-2101,-3616,-3616,0,3
2,11911,3961,-3656,-3765,-3765,0,3
2,11916,3962,-3822,-3883,-3883,0,3
2,11917,3963,-2705,-3972,-3972,0,3
2,11918,3964,-1316,-4033,-4033,0,3
2,11919,3965,-848,-4066,-4066,0,3
2,11920,3966,-1821,-4070,-4070,0,3
2,11921,3967,-3711,-4041,-4041,0,3
2,11922,3968,-5321,-3979,-3979,0,3
2,11923,3969,-5637,-3884,-3884,0,3
2,11924,3970,-4549,-3759,-3759,0,3
2,11925,3971,-2932,-3608,-3608,0,1
2,11929,3972,-2017,-3432,-3432,0,2
2,11930,3973,-2512,-3232,-3232,0,3
2,11931,3974,-4096,-3006,-3006,0,3
2,11932,3975,-5649,-2755,-2755,0,3
2,11934,3976,-6051,-2480,-2480,0,3
2,11935,3977,-4980,-2186,-2186,0,3
2,11936,3978,-3149,-1876,-1876,0,3
2,11937,3979,-1788,-1556,-1556,0,3
2,11938,3980,-1774,-1225,-1225,0,3
2,11942,3981,-3000,-885,-885,0,3
2,11943,3982,-4454,-536,-536,0,3
2,11944,3983,-4944,-180,-180,0,3
2,11945,3984,-3949,179,179,0,3
2,11946,3985,-1994,535,535,0,3
2,11948,3986,-274,884,884,0,3
2,11949,3987,193,1224,1224,0,3
2,11950,3988,-700,1554,1554,0,3
2,11951,3989,-2084,1875,1875,0,3
2,11955,3990,-2728,2184,2184,0,1
2,11956,3991,-1926,2479,2479,0,2
2,11957,3992,0,2754,2754,0,3
2,11958,3993,1926,3005,3005,0,3
2,11959,3994,2728,3231,3231,0,3
2,11960,3995,2084,3431,3431,0,3
2,11962,3996,700,3607,3607,0,3
2,11963,3997,-193,3758,3758,0,3
2,11964,3998,274,3883,3883,0,3
2,11968,3999,1994,3978,3978,0,3
2,11969,4000,3949,4040,4040,0,3
2,11970,4001,4944,4069,4069,0,3
2,11971,4002,4454,4065,4065,0,3
2,11972,4003,3000,4032,4032,0,3
2,11973,4004,1774,3971,3971,0,3
2,11974,4005,1788,3882,3882,0,3
2,11976,4006,3149,3764,3764,0,3
2,11977,4007,4980,3615,3615,0,3
2,11981,4008,6051,3435,3435,0,3
2,11982,4009,5649,3228,3228,0,1
2,11983,4010,4096,2997,2997,0,2
2,11984,4011,2512,2746,2746,0,3
2,11985,4012,2017,2477,2477,0,3
2,11986,4013,2932,2189,2189,0,3
2,11987,4014,4549,1883,1883,0,3
2,11988,4015,5637,1560,1560,0,3
2,11990,4016,5321,1223,1223,0,3
2,11994,4017,3711,877,877,0,3
2,11995,4018,1821,527,527,0,3
2,11996,4019,848,175,175,0,3
2,11997,4020,1316,-177,-177,0,3
2,11998,4021,2705,-528,-528,0,3
2,11999,4022,3822,-878,-878,0,3
2,12000,4023,3656,-1225,-1225,0,3
2,12001,4024,2101,-1562,-1562,0,3
2,12002,4025,36,-1885,-1885,0,3
2,12007,4026,-1306,-2191,-2191,0,3
2,12008,4027,-1212,-2478,-2478,0,3
2,12009,4028,0,-2747,-2747,0,1
2,12010,4029,1212,-2999,-2999,0,2
2,12011,4030,1306,-3230,-3230,0,3
2,12012,4031,-36,-3437,-3437,0,3
2,12013,4032,-2101,-3616,-3616,0,3
2,12014,4033,-3656,-3765,-3765,0,3
2,12015,4034,-3822,-3883,-3883,0,3
2,12016,4035,-2705,-3972,-3972,0,3
2,12020,4036,-1316,-4033,-4033,0,3
2,12021,4037,-848,-4066,-4066,0,3
2,12022,4038,-1821,-4070,-4070,0,3
2,12023,4039,-3711,-4041,-4041,0,3
2,12024,4040,-5321,-3979,-3979,0,3
2,12025,4041,-5637,-3884,-3884,0,3
2,12026,4042,-4549,-3759,-3759,0,3
2,12027,4043,-2932,-3608,-3608,0,3
2,12028,4044,-2017,-3432,-3432,0,3
2,12029,4045,-2512,-3232,-3232,0,3
2,12033,4046,-4096,-3006,-3006,0,3
2,12034,4047,-5649,-2755,-2755,0,1
2,12035,4048,-6051,-2480,-2480,0,2
2,12036,4049,-4980,-2186,-2186,0,3
2,12037,4050,-3149,-1876,-1876,0,3
2,12038,4051,-1788,-1556,-1556,0,3
2,12039,4052,-1774,-1225,-1225,0,3
2,12040,4053,-3000,-885,-885,0,3
2,12041,4054,-4454,-536,-536,0,3
2,12042,4055,-4944,-180,-180,0,3
2,12046,4056,-3949,179,179,0,3
2,12047,4057,-1994,535,535,0,3
2,12048,4058,-274,884,884,0,3
2,12049,4059,193,1224,1224,0,3
2,12050,4060,-700,1554,1554,0,3
2,12051,4061,-2084,1875,1875,0,3
2,12052,4062,-2728,2184,2184,0,3
2,12053,4063,-1926,2479,2479,0,3
2,12054,4064,0,2754,2754,0,3
2,12055,4065,1926,3005,3005,0,3
2,12059,4066,2728,3231,3231,0,1
2,12060,4067,2084,3431,3431,0,2
2,12061,4068,700,3607,3607,0,3
2,12062,4069,-193,3758,3758,0,3
2,12063,4070,274,3883,3883,0,3
2,12064,4071,1994,3978,3978,0,3
2,12065,4072,3949,4040,4040,0,3
2,12066,4073,4944,4069,4069,0,3
2,12067,4074,4454,4065,4065,0,3
2,12068,4075,3000,4032,4032,0,3
2,12072,4076,1774,3971,3971,0,3
2,12073,4077,1788,3882,3882,0,3
2,12074,4078,3149,3764,3764,0,3
2,12075,4079,4980,3615,3615,0,3
2,12076,4080,6051,3435,3435,0,3
2,12077,4081,5649,3228,3228,0,3
2,12078,4082,4096,2997,2997,0,3
2,12079,4083,2512,2746,2746,0,3
2,12080,4084,2017,2477,2477,0,3
2,12081,4085,2932,2189,2189,0,1
2,12085,4086,4549,1883,1883,0,2
2,12086,4087,5637,1560,1560,0,3
2,12087,4088,5321,1223,1223,0,3
2,12088,4089,3711,877,877,0,3
2,12089,4090,1821,527,527,0,3
2,12090,4091,848,175,175,0,3
2,12091,4092,1316,-177,-177,0,3
2,12092,4093,2705,-528,-528,0,3
2,12093,4094,3822,-878,-878,0,3
2,12094,4095,3656,-1225,-1225,1,3
3,12246,0,0,-1562,-1562,0,1
3,12247,1,0,-1884,-1884,0,2
3,12249,2,0,-2189,-2189,0,3
3,12250,3,0,-2477,-2477,0,3
3,12254,4,0,-2747,-2747,0,3
3,12255,5,0,-3000,-3000,0,3
3,12256,6,0,-3231,-3231,0,3
3,12257,7,0,-3437,-3437,0,3
3,12258,8,0,-3614,-3614,0,3
3,12259,9,0,-3764,-3764,0,3
3,12260,10,0,-3883,-3883,0,3
3,12261,11,0,-3974,-3974,0,3
3,12263,12,0,-4039,-4039,0,3
3,12267,13,0,-4075,-4075,0,3
3,12268,14,0,-4079,-4079,0,3
3,12269,15,0,-4049,-4049,0,3
3,12270,16,0,-3984,-3984,0,3
3,12271,17,0,-3889,-3889,0,3
3,12272,18,0,-3766,-3766,0,3
3,12273,19,0,-3619,-3619,0,1
3,12274,20,0,-3448,-3448,0,2
3,12275,21,0,-3254,-3254,0,3
3,12280,22,0,-3033,-3033,0,3
3,12281,23,0,-2782,-2782,0,3
3,12282,24,0,-2505,-2505,0,3
3,12283,25,0,-2207,-2207,0,3
3,12284,26,0,-1895,-1895,0,3
3,12285,27,0,-1577,-1577,0,3
3,12286,28,0,-1255,-1255,0,3
3,12287,29,0,-928,-928,0,3
3,12288,30,0,-591,-591,0,3
3,12289,31,0,-241,-241,0,3
3,12293,32,0,120,120,0,3
3,12294,33,0,485,485,0,3
3,12295,34,0,844,844,0,3
3,12296,35,0,1189,1189,0,3
3,12298,36,0,1512,1512,0,3
3,12299,37,0,1814,1814,0,3
3,12300,38,0,2101,2101,0,1
3,12301,39,0,2379,2379,0,2
3,12302,40,0,2647,2647,0,3
3,12306,41,0,2907,2907,0,3
3,12307,42,0,3151,3151,0,3
3,12308,43,0,3369,3369,0,3
3,12309,44,0,3552,3552,0,3
3,12310,45,0,3692,3692,0,3
3,12312,46,0,3789,3789,0,3
3,12313,47,0,3848,3848,0,3
3,12314,48,0,3883,3883,0,3
3,12315,49,0,3903,3903,0,3
3,12319,50,0,3915,3915,0,3
3,12320,51,0,3915,3915,0,3
3,12321,52,0,3888,3888,0,3
3,12322,53,0,3819,3819,0,3
3,12323,54,0,3693,3693,0,3
3,12324,55,0,3507,3507,0,3
3,12326,56,0,3275,3275,0,3
3,12327,57,0,3017,3017,0,1
3,12328,58,0,2754,2754,0,2
3,12332,59,0,2496,2496,0,3
3,12333,60,0,2240,2240,0,3
3,12334,61,0,1968,1968,0,3
3,12335,62,0,1657,1657,0,3
3,12336,63,0,1294,1294,0,3
3,12337,64,0,886,886,0,3
3,12338,65,0,467,467,0,3
3,12340,66,0,86,86,0,3
3,12341,67,0,-208,-208,0,3
3,12345,68,0,-377,-377,0,3
3,12346,69,0,-417,-417,0,3
3,12347,70,0,-354,-354,0,3
3,12348,71,0,-235,-235,0,3
3,12349,72,0,-116,-116,0,3
3,12350,73,0,-39,-39,0,3
3,12351,74,0,-24,-24,0,3
3,12352,75,0,-65,-65,0,3
3,12354,76,0,-135,-135,0,1
3,12358,77,0,-200,-200,0,2
3,12359,78,0,-233,-233,0,3
3,12360,79,0,-224,-224,0,3
3,12361,80,0,-182,-182,0,3
3,12362,81,0,-126,-126,0,3
3,12363,82,0,-81,-81,0,3
3,12364,83,0,-63,-63,0,3
3,12365,84,0,-76,-76,0,3
3,12366,85,0,-107,-107,0,3
3,12371,86,0,-140,-140,0,3
3,12372,87,0,-157,-157,0,3
3,12373,88,0,-152,-152,0,3
3,12374,89,0,-127,-127,0,3
3,12375,90,0,-96,-96,0,3
3,12376,91,0,-68,-68,0,3
3,12377,92,0,-55,-55,0,3
3,12378,93,0,-60,-60,0,3
3,12379,94,0,-76,-76,0,3
3,12380,95,0,-93,-93,0,1
3,12384,96,0,-101,-101,0,2
3,12385,97,0,-95,-95,0,3
3,12386,98,0,-79,-79,0,3
3,12387,99,0,-58,-58,0,3
3,12389,100,0,-43,-43,0,3
3,12390,101,0,-37,-37,0,3
3,12391,102,0,-40,-40,0,3
3,12392,103,0,-48,-48,0,3
3,12393,104,0,-54,-54,0,3
3,12397,105,0,-55,-55,0,3
3,12398,106,0,-50,-50,0,3
3,12399,107,0,-40,-40,0,3
3,12400,108,0,-30,-30,0,3
3,12401,109,0,-23,-23,0,3
3,12403,110,0,-19,-19,0,3
3,12404,111,0,-19,-19,0,3
3,12405,112,0,-22,-22,0,3
3,12406,113,0,-24,-24,0,3
3,12410,114,0,-24,-24,0,1
3,12411,115,0,-21,-21,0,2
3,12412,116,0,-15,-15,0,3
3,12413,117,0,-10,-10,0,3
3,12414,118,0,-7,-7,0,3
3,12415,119,0,-5,-5,0,3
3,12417,120,0,-5,-5,0,3
3,12418,121,0,-7,-7,0,3
3,12419,122,0,-8,-8,0,3
3,12423,123,0,-7,-7,0,3
3,12424,124,0,-4,-4,0,3
3,12425,125,0,-1,-1,0,3
3,12426,126,0,0,0,0,3
3,12427,127,0,0,0,0,3
3,12428,128,0,0,0,0,3
3,12429,129,0,0,0,0,3
3,12431,130,0,0,0,0,3
3,12432,131,0,0,0,0,3
3,12436,132,0,0,0,0,3
3,12437,133,0,0,0,0,1
3,12438,134,0,0,0,0,2
3,12439,135,0,0,0,0,3
3,12440,136,0,0,0,0,3
3,12441,137,0,0,0,0,3
3,12442,138,0,0,0,0,3
3,12443,139,0,0,0,0,3
3,12445,140,0,0,0,0,3
3,12449,141,0,0,0,0,3
3,12450,142,0,0,0,0,3
3,12451,143,0,0,0,0,3
3,12452,144,0,0,0,0,3
3,12453,145,0,0,0,0,3
3,12454,146,0,0,0,0,3
3,12455,147,0,0,0,0,3
3,12456,148,0,0,0,0,3
3,12457,149,0,0,0,0,3
3,12462,150,0,0,0,0,3
3,12463,151,0,0,0,0,3
3,12464,152,0,0,0,0,1
3,12465,153,0,0,0,0,2
3,12466,154,0,0,0,0,3
3,12467,155,0,0,0,0,3
3,12468,156,0,0,0,0,3
3,12469,157,0,0,0,0,3
3,12470,158,0,0,0,0,3
3,12471,159,0,0,0,0,3
3,12475,160,0,0,0,0,3
3,12476,161,0,0,0,0,3
3,12477,162,0,0,0,0,3
3,12478,163,0,0,0,0,3
3,12480,164,0,0,0,0,3
3,12481,165,0,0,0,0,3
3,12482,166,0,0,0,0,3
3,12483,167,0,0,0,0,3
3,12484,168,0,0,0,0,3
3,12488,169,0,0,0,0,3
3,12489,170,0,0,0,0,3
3,12490,171,0,0,0,0,1
3,12491,172,0,0,0,0,2
3,12492,173,0,0,0,0,3
3,12494,174,0,0,0,0,3
3,12495,175,0,0,0,0,3
3,12496,176,0,0,0,0,3
3,12497,177,0,0,0,0,3
3,12501,178,0,0,0,0,3
3,12502,179,0,0,0,0,3
3,12503,180,0,0,0,0,3
3,12504,181,0,0,0,0,3
3,12505,182,0,0,0,0,3
3,12506,183,0,0,0,0,3
3,12508,184,0,0,0,0,3
3,12509,185,0,0,0,0,3
3,12510,186,0,0,0,0,3
3,12514,187,0,0,0,0,3
3,12515,188,0,0,0,0,3
3,12516,189,0,0,0,0,3
3,12517,190,0,0,0,0,1
3,12518,191,0,0,0,0,2
3,12519,192,0,0,0,0,3
3,12520,193,0,0,0,0,3
3,12522,194,0,0,0,0,3
3,12523,195,0,0,0,0,3
3,12527,196,0,0,0,0,3
3,12528,197,0,0,0,0,3
3,12529,198,0,0,0,0,3
3,12530,199,0,0,0,0,3
3,12531,200,0,0,0,0,3
3,12532,201,0,0,0,0,3
3,12533,202,0,0,0,0,3
3,12534,203,0,0,0,0,3
3,12536,204,0,0,0,0,3
3,12540,205,0,0,0,0,3
3,12541,206,0,0,0,0,3
3,12542,207,0,0,0,0,3
3,12543,208,0,0,0,0,3
3,12544,209,0,0,0,0,1
3,12545,210,0,0,0,0,2
3,12546,211,0,0,0,0,3
3,12547,212,0,0,0,0,3
3,12548,213,0,0,0,0,3
3,12553,214,0,0,0,0,3
3,12554,215,0,0,0,0,3
3,12555,216,0,0,0,0,3
3,12556,217,0,0,0,0,3
3,12557,218,0,0,0,0,3
3,12558,219,0,0,0,0,3
3,12559,220,0,0,0,0,3
3,12560,221,0,0,0,0,3
3,12561,222,0,0,0,0,3
3,12562,223,0,0,0,0,3
3,12566,224,0,0,0,0,3
3,12567,225,0,0,0,0,3
3,12568,226,0,0,0,0,3
3,12569,227,0,0,0,0,3
3,12571,228,0,0,0,0,1
3,12572,229,0,0,0,0,2
3,12573,230,0,0,0,0,3
3,12574,231,0,0,0,0,3
3,12575,232,0,0,0,0,3
3,12579,233,0,0,0,0,3
3,12580,234,0,0,0,0,3
3,12581,235,0,0,0,0,3
3,12582,236,0,0,0,0,3
3,12583,237,0,0,0,0,3
3,12585,238,0,0,0,0,3
3,12586,239,0,0,0,0,3
3,12587,240,0,0,0,0,3
3,12588,241,0,0,0,0,3
3,12592,242,0,0,0,0,3
3,12593,243,0,0,0,0,3
3,12594,244,0,0,0,0,3
3,12595,245,0,0,0,0,3
3,12596,246,0,0,0,0,3
3,12597,247,0,0,0,0,1
3,12599,248,0,0,0,0,2
3,12600,249,0,0,0,0,3
3,12601,250,0,0,0,0,3
3,12605,251,0,0,0,0,3
3,12606,252,0,0,0,0,3
3,12607,253,0,0,0,0,3
3,12608,254,0,0,0,0,3
3,12609,255,0,0,0,0,3
3,12610,256,0,0,0,0,3
3,12611,257,0,0,0,0,3
3,12613,258,0,0,0,0,3
3,12614,259,0,0,0,0,3
3,12618,260,0,0,0,0,3
3,12619,261,0,0,0,0,3
3,12620,262,0,0,0,0,3
3,12621,263,0,0,0,0,3
3,12622,264,0,0,0,0,3
3,12623,265,0,0,0,0,3
3,12624,266,0,0,0,0,1
3,12625,267,0,0,0,0,2
3,12627,268,0,0,0,0,3
3,12631,269,0,0,0,0,3
3,12632,270,0,0,0,0,3
3,12633,271,0,0,0,0,3
3,12634,272,0,0,0,0,3
3,12635,273,0,0,0,0,3
3,12636,274,0,0,0,0,3
3,12637,275,0,0,0,0,3
3,12638,276,0,0,0,0,3
3,12639,277,0,0,0,0,3
3,12644,278,0,0,0,0,3
3,12645,279,0,0,0,0,3
3,12646,280,0,0,0,0,3
3,12647,281,0,0,0,0,3
3,12648,282,0,0,0,0,3
3,12649,283,0,0,0,0,3
3,12650,284,0,0,0,0,3
3,12651,285,0,0,0,0,1
3,12652,286,0,0,0,0,2
3,12653,287,0,0,0,0,3
3,12657,288,0,0,0,0,3
3,12658,289,0,0,0,0,3
3,12659,290,0,0,0,0,3
3,12660,291,0,0,0,0,3
3,12662,292,0,0,0,0,3
3,12663,293,0,0,0,0,3
3,12664,294,0,0,0,0,3
3,12665,295,0,0,0,0,3
3,12666,296,0,0,0,0,3
3,12670,297,0,0,0,0,3
3,12671,298,0,0,0,0,3
3,12672,299,0,0,0,0,3
3,12673,300,0,0,0,0,3
3,12674,301,0,0,0,0,3
3,12676,302,0,0,0,0,3
3,12677,303,0,0,0,0,3
3,12678,304,0,0,0,0,1
3,12679,305,0,0,0,0,2
3,12683,306,0,0,0,0,3
3,12684,307,0,0,0,0,3
3,12685,308,0,0,0,0,3
3,12686,309,0,0,0,0,3
3,12687,310,0,0,0,0,3
3,12688,311,0,0,0,0,3
3,12690,312,0,0,0,0,3
3,12691,313,0,0,0,0,3
3,12692,314,0,0,0,0,3
3,12696,315,0,0,0,0,3
3,12697,316,0,0,0,0,3
3,12698,317,0,0,0,0,3
3,12699,318,0,0,0,0,3
3,12700,319,0,0,0,0,3
3,12701,320,0,0,0,0,3
3,12702,321,0,0,0,0,3
3,12704,322,0,0,0,0,3
3,12705,323,0,0,0,0,1
3,12709,324,0,0,0,0,2
3,12710,325,0,0,0,0,3
3,12711,326,0,0,0,0,3
3,12712,327,0,0,0,0,3
3,12713,328,0,0,0,0,3
3,12714,329,0,0,0,0,3
3,12715,330,0,0,0,0,3
3,12716,331,0,0,0,0,3
3,12718,332,0,0,0,0,3
3,12722,333,0,0,0,0,3
3,12723,334,0,0,0,0,3
3,12724,335,0,0,0,0,3
3,12725,336,0,0,0,0,3
3,12726,337,0,0,0,0,3
3,12727,338,0,0,0,0,3
3,12728,339,0,0,0,0,3
3,12729,340,0,0,0,0,3
3,12730,341,0,0,0,0,3
3,12735,342,0,0,0,0,1
3,12736,343,0,0,0,0,2
3,12737,344,0,0,0,0,3
3,12738,345,0,0,0,0,3
3,12739,346,0,0,0,0,3
3,12740,347,0,0,0,0,3
3,12741,348,0,0,0,0,3
3,12742,349,0,0,0,0,3
3,12743,350,0,0,0,0,3
3,12744,351,0,0,0,0,3
3,12748,352,0,0,0,0,3
3,12749,353,0,0,0,0,3
3,12750,354,0,0,0,0,3
3,12751,355,0,0,0,0,3
3,12753,356,0,0,0,0,3
3,12754,357,0,0,0,0,3
3,12755,358,0,0,0,0,3
3,12756,359,0,0,0,0,3
3,12757,360,0,0,0,0,3
3,12761,361,0,0,0,0,1
3,12762,362,0,0,0,0,2
3,12763,363,0,0,0,0,3
3,12764,364,0,0,0,0,3
3,12765,365,0,0,0,0,3
3,12767,366,0,0,0,0,3
3,12768,367,0,0,0,0,3
3,12769,368,0,0,0,0,3
3,12770,369,0,0,0,0,3
3,12774,370,0,0,0,0,3
3,12775,371,0,0,0,0,3
3,12776,372,0,0,0,0,3
3,12777,373,0,0,0,0,3
3,12778,374,0,0,0,0,3
3,12779,375,0,0,0,0,3
3,12781,376,0,0,0,0,3
3,12782,377,0,0,0,0,3
3,12783,378,0,0,0,0,3
3,12787,379,0,0,0,0,3
3,12788,380,0,0,0,0,1
3,12789,381,0,0,0,0,2
3,12790,382,0,0,0,0,3
3,12791,383,0,0,0,0,3
3,12792,384,0,0,0,0,3
3,12793,385,0,0,0,0,3
3,12795,386,0,0,0,0,3
3,12796,387,0,0,0,0,3
3,12800,388,0,0,0,0,3
3,12801,389,0,0,0,0,3
3,12802,390,0,0,0,0,3
3,12803,391,0,0,0,0,3
3,12804,392,0,0,0,0,3
3,12805,393,0,0,0,0,3
3,12806,394,0,0,0,0,3
3,12807,395,0,0,0,0,3
3,12809,396,0,0,0,0,3
3,12813,397,0,0,0,0,3
3,12814,398,0,0,0,0,3
3,12815,399,0,0,0,0,1
3,12816,400,0,0,0,0,2
3,12817,401,0,0,0,0,3
3,12818,402,0,0,0,0,3
3,12819,403,0,0,0,0,3
3,12820,404,0,0,0,0,3
3,12821,405,0,0,0,0,3
3,12826,406,0,0,0,0,3
3,12827,407,0,0,0,0,3
3,12828,408,0,0,0,0,3
3,12829,409,0,0,0,0,3
3,12830,410,0,0,0,0,3
3,12831,411,0,0,0,0,3
3,12832,412,0,0,0,0,3
3,12833,413,0,0,0,0,3
3,12834,414,0,0,0,0,3
3,12835,415,0,0,0,0,3
3,12839,416,0,0,0,0,3
3,12840,417,0,0,0,0,3
3,12841,418,0,0,0,0,1
3,12842,419,0,0,0,0,2
3,12844,420,0,0,0,0,3
3,12845,421,0,0,0,0,3
3,12846,422,0,0,0,0,3
3,12847,423,0,0,0,0,3
3,12848,424,0,0,0,0,3
3,12852,425,0,0,0,0,3
3,12853,426,0,0,0,0,3
3,12854,427,0,0,0,0,3
3,12855,428,0,0,0,0,3
3,12856,429,0,0,0,0,3
3,12858,430,0,0,0,0,3
3,12859,431,0,0,0,0,3
3,12860,432,0,0,0,0,3
3,12861,433,0,0,0,0,3
3,12865,434,0,0,0,0,3
3,12866,435,0,0,0,0,3
3,12867,436,0,0,0,0,3
3,12868,437,0,0,0,0,1
3,12869,438,0,0,0,0,2
3,12870,439,0,0,0,0,3
3,12872,440,0,0,0,0,3
3,12873,441,0,0,0,0,3
3,12874,442,0,0,0,0,3
3,12878,443,0,0,0,0,3
3,12879,444,0,0,0,0,3
3,12880,445,0,0,0,0,3
3,12881,446,0,0,0,0,3
3,12882,447,0,0,0,0,3
3,12883,448,0,0,0,0,3
3,12884,449,0,0,0,0,3
3,12886,450,0,0,0,0,3
3,12887,451,0,0,0,0,3
3,12891,452,0,0,0,0,3
3,12892,453,0,0,0,0,3
3,12893,454,0,0,0,0,3
3,12894,455,0,0,0,0,3
3,12895,456,0,0,0,0,1
3,12896,457,0,0,0,0,2
3,12897,458,0,0,0,0,3
3,12898,459,0,0,0,0,3
3,12900,460,0,0,0,0,3
3,12904,461,0,0,0,0,3
3,12905,462,0,0,0,0,3
3,12906,463,0,0,0,0,3
3,12907,464,0,0,0,0,3
3,12908,465,0,0,0,0,3
3,12909,466,0,0,0,0,3
3,12910,467,0,0,0,0,3
3,12911,468,0,0,0,0,3
3,12912,469,0,0,0,0,3
3,12917,470,0,0,0,0,3
3,12918,471,0,0,0,0,3
3,12919,472,0,0,0,0,3
3,12920,473,0,0,0,0,3
3,12921,474,0,0,0,0,3
3,12922,475,0,0,0,0,1
3,12923,476,0,0,0,0,2
3,12924,477,0,0,0,0,3
3,12925,478,0,0,0,0,3
3,12926,479,0,0,0,0,3
3,12930,480,0,0,0,0,3
3,12931,481,0,0,0,0,3
3,12932,482,0,0,0,0,3
3,12933,483,0,0,0,0,3
3,12935,484,0,0,0,0,3
3,12936,485,0,0,0,0,3
3,12937,486,0,0,0,0,3
3,12938,487,0,0,0,0,3
3,12939,488,0,0,0,0,3
3,12943,489,0,0,0,0,3
3,12944,490,0,0,0,0,3
3,12945,491,0,0,0,0,3
3,12946,492,0,0,0,0,3
3,12947,493,0,0,0,0,3
3,12949,494,0,0,0,0,1
3,12950,495,0,0,0,0,2
3,12951,496,0,0,0,0,3
3,12952,497,0,0,0,0,3
3,12956,498,0,0,0,0,3
3,12957,499,0,0,0,0,3
3,12958,500,0,0,0,0,3
3,12959,501,0,0,0,0,3
3,12960,502,0,0,0,0,3
3,12961,503,0,0,0,0,3
3,12963,504,0,0,0,0,3
3,12964,505,0,0,0,0,3
3,12965,506,0,0,0,0,3
3,12969,507,0,0,0,0,3
3,12970,508,0,0,0,0,3
3,12971,509,0,0,0,0,3
3,12972,510,0,0,0,0,3
3,12973,511,0,0,0,0,3
3,12974,512,0,0,0,0,3
3,12975,513,0,0,0,0,1
3,12977,514,0,0,0,0,2
3,12978,515,0,0,0,0,3
3,12982,516,0,0,0,0,3
3,12983,517,0,0,0,0,3
3,12984,518,0,0,0,0,3
3,12985,519,0,0,0,0,3
3,12986,520,0,0,0,0,3
3,12987,521,0,0,0,0,3
3,12988,522,0,0,0,0,3
3,12989,523,0,0,0,0,3
3,12991,524,0,0,0,0,3
3,12995,525,0,0,0,0,3
3,12996,526,0,0,0,0,3
3,12997,527,0,0,0,0,3
3,12998,528,0,0,0,0,3
3,12999,529,0,0,0,0,3
3,13000,530,0,0,0,0,3
3,13001,531,0,0,0,0,3
3,13002,532,0,0,0,0,1
3,13003,533,0,0,0,0,2
3,13008,534,0,0,0,0,3
3,13009,535,0,0,0,0,3
3,13010,536,0,0,0,0,3
3,13011,537,0,0,0,0,3
3,13012,538,0,0,0,0,3
3,13013,539,0,0,0,0,3
3,13014,540,0,0,0,0,3
3,13015,541,0,0,0,0,3
3,13016,542,0,0,0,0,3
3,13017,543,0,0,0,0,3
3,13021,544,0,0,0,0,3
3,13022,545,0,0,0,0,3
3,13023,546,0,0,0,0,3
3,13024,547,0,0,0,0,3
3,13026,548,0,0,0,0,3
3,13027,549,0,0,0,0,3
3,13028,550,0,0,0,0,3
3,13029,551,0,0,0,0,1
3,13030,552,0,0,0,0,2
3,13034,553,0,0,0,0,3
3,13035,554,0,0,0,0,3
3,13036,555,0,0,0,0,3
3,13037,556,0,0,0,0,3
3,13038,557,0,0,0,0,3
3,13040,558,0,0,0,0,3
3,13041,559,0,0,0,0,3
3,13042,560,0,0,0,0,3
3,13043,561,0,0,0,0,3
3,13047,562,0,0,0,0,3
3,13048,563,0,0,0,0,3
3,13049,564,0,0,0,0,3
3,13050,565,0,0,0,0,3
3,13051,566,0,0,0,0,3
3,13052,567,0,0,0,0,3
3,13054,568,0,0,0,0,3
3,13055,569,0,0,0,0,3
3,13056,570,0,0,0,0,1
3,13060,571,0,0,0,0,2
3,13061,572,0,0,0,0,3
3,13062,573,0,0,0,0,3
3,13063,574,0,0,0,0,3
3,13064,575,0,0,0,0,3
3,13065,576,0,0,0,0,3
3,13066,577,0,0,0,0,3
3,13068,578,0,0,0,0,3
3,13069,579,0,0,0,0,3
3,13073,580,0,0,0,0,3
3,13074,581,0,0,0,0,3
3,13075,582,0,0,0,0,3
3,13076,583,0,0,0,0,3
3,13077,584,0,0,0,0,3
3,13078,585,0,0,0,0,3
3,13079,586,0,0,0,0,3
3,13080,587,0,0,0,0,3
3,13082,588,0,0,0,0,3
3,13086,589,0,0,0,0,1
3,13087,590,0,0,0,0,2
3,13088,591,0,0,0,0,3
3,13089,592,0,0,0,0,3
3,13090,593,0,0,0,0,3
3,13091,594,0,0,0,0,3
3,13092,595,0,0,0,0,3
3,13093,596,0,0,0,0,3
3,13094,597,0,0,0,0,3
3,13099,598,0,0,0,0,3
3,13100,599,0,0,0,0,3
3,13101,600,0,0,0,0,3
3,13102,601,0,0,0,0,3
3,13103,602,0,0,0,0,3
3,13104,603,0,0,0,0,3
3,13105,604,0,0,0,0,3
3,13106,605,0,0,0,0,3
3,13107,606,0,0,0,0,3
3,13108,607,0,0,0,0,3
3,13112,608,0,0,0,0,1
3,13113,609,0,0,0,0,2
3,13114,610,0,0,0,0,3
3,13115,611,0,0,0,0,3
3,13117,612,0,0,0,0,3
3,13118,613,0,0,0,0,3
3,13119,614,0,0,0,0,3
3,13120,615,0,0,0,0,3
3,13121,616,0,0,0,0,3
3,13125,617,0,0,0,0,3
3,13126,618,0,0,0,0,3
3,13127,619,0,0,0,0,3
3,13128,620,0,0,0,0,3
3,13129,621,0,0,0,0,3
3,13131,622,0,0,0,0,3
3,13132,623,0,0,0,0,3
3,13133,624,0,0,0,0,3
3,13134,625,0,0,0,0,3
3,13138,626,0,0,0,0,3
3,13139,627,0,0,0,0,1
3,13140,628,0,0,0,0,2
3,13141,629,0,0,0,0,3
3,13142,630,0,0,0,0,3
3,13143,631,0,0,0,0,3
3,13145,632,0,0,0,0,3
3,13146,633,0,0,0,0,3
3,13147,634,0,0,0,0,3
3,13151,635,0,0,0,0,3
3,13152,636,0,0,0,0,3
3,13153,637,0,0,0,0,3
3,13154,638,0,0,0,0,3
3,13155,639,0,0,0,0,3
3,13156,640,0,0,0,0,3
3,13157,641,0,0,0,0,3
3,13159,642,0,0,0,0,3
3,13160,643,0,0,0,0,3
3,13164,644,0,0,0,0,3
3,13165,645,0,0,0,0,3
3,13166,646,0,0,0,0,1
3,13167,647,0,0,0,0,2
3,13168,648,0,0,0,0,3
3,13169,649,0,0,0,0,3
3,13170,650,0,0,0,0,3
3,13171,651,0,0,0,0,3
3,13173,652,0,0,0,0,3
3,13177,653,0,0,0,0,3
3,13178,654,0,0,0,0,3
3,13179,655,0,0,0,0,3
3,13180,656,0,0,0,0,3
3,13181,657,0,0,0,0,3
3,13182,658,0,0,0,0,3
3,13183,659,0,0,0,0,3
3,13184,660,0,0,0,0,3
3,13185,661,0,0,0,0,3
3,13190,662,0,0,0,0,3
3,13191,663,0,0,0,0,3
3,13192,664,0,0,0,0,3
3,13193,665,0,0,0,0,1
3,13194,666,0,0,0,0,2
3,13195,667,0,0,0,0,3
3,13196,668,0,0,0,0,3
3,13197,669,0,0,0,0,3
3,13198,670,0,0,0,0,3
3,13199,671,0,0,0,0,3
3,13203,672,0,0,0,0,3
3,13204,673,0,0,0,0,3
3,13205,674,0,0,0,0,3
3,13206,675,0,0,0,0,3
3,13208,676,0,0,0,0,3
3,13209,677,0,0,0,0,3
3,13210,678,0,0,0,0,3
3,13211,679,0,0,0,0,3
3,13212,680,0,0,0,0,3
3,13216,681,0,0,0,0,3
3,13217,682,0,0,0,0,3
3,13218,683,0,0,0,0,3
3,13219,684,0,0,0,0,1
3,13220,685,0,0,0,0,2
3,13222,686,0,0,0,0,3
3,13223,687,0,0,0,0,3
3,13224,688,0,0,0,0,3
3,13225,689,0,0,0,0,3
3,13229,690,0,0,0,0,3
3,13230,691,0,0,0,0,3
3,13231,692,0,0,0,0,3
3,13232,693,0,0,0,0,3
3,13233,694,0,0,0,0,3
3,13234,695,0,0,0,0,3
3,13236,696,0,0,0,0,3
3,13237,697,0,0,0,0,3
3,13238,698,0,0,0,0,3
3,13242,699,0,0,0,0,3
3,13243,700,0,0,0,0,3
3,13244,701,0,0,0,0,3
3,13245,702,0,0,0,0,3
3,13246,703,0,0,0,0,1
3,13247,704,0,0,0,0,2
3,13248,705,0,0,0,0,3
3,13250,706,0,0,0,0,3
3,13251,707,0,0,0,0,3
3,13255,708,0,0,0,0,3
3,13256,709,0,0,0,0,3
3,13257,710,0,0,0,0,3
3,13258,711,0,0,0,0,3
3,13259,712,0,0,0,0,3
3,13260,713,0,0,0,0,3
3,13261,714,0,0,0,0,3
3,13262,715,0,0,0,0,3
3,13264,716,0,0,0,0,3
3,13268,717,0,0,0,0,3
3,13269,718,0,0,0,0,3
3,13270,719,0,0,0,0,3
3,13271,720,0,0,0,0,3
3,13272,721,0,0,0,0,3
3,13273,722,0,0,0,0,1
3,13274,723,0,0,0,0,2
3,13275,724,0,0,0,0,3
3,13276,725,0,0,0,0,3
3,13281,726,0,0,0,0,3
3,13282,727,0,0,0,0,3
3,13283,728,0,0,0,0,3
3,13284,729,0,0,0,0,3
3,13285,730,0,0,0,0,3
3,13286,731,0,0,0,0,3
3,13287,732,0,0,0,0,3
3,13288,733,0,0,0,0,3
3,13289,734,0,0,0,0,3
3,13290,735,0,0,0,0,3
3,13294,736,0,0,0,0,3
3,13295,737,0,0,0,0,3
3,13296,738,0,0,0,0,3
3,13297,739,0,0,0,0,3
3,13299,740,0,0,0,0,3
3,13300,741,0,0,0,0,1
3,13301,742,0,0,0,0,2
3,13302,743,0,0,0,0,3
3,13303,744,0,0,0,0,3
3,13307,745,0,0,0,0,3
3,13308,746,0,0,0,0,3
3,13309,747,0,0,0,0,3
3,13310,748,0,0,0,0,3
3,13311,749,0,0,0,0,3
3,13313,750,0,0,0,0,3
3,13314,751,0,0,0,0,3
3,13315,752,0,0,0,0,3
3,13316,753,0,0,0,0,3
3,13320,754,0,0,0,0,3
3,13321,755,0,0,0,0,3
3,13322,756,0,0,0,0,3
3,13323,757,0,0,0,0,3
3,13324,758,0,0,0,0,3
3,13325,759,0,0,0,0,3
3,13327,760,0,0,0,0,1
3,13328,761,0,0,0,0,2
3,13329,762,0,0,0,0,3
3,13333,763,0,0,0,0,3
3,13334,764,0,0,0,0,3
3,13335,765,0,0,0,0,3
3,13336,766,0,0,0,0,3
3,13337,767,0,0,0,0,3
3,13338,768,0,0,0,0,3
3,13339,769,0,0,0,0,3
3,13341,770,0,0,0,0,3
3,13342,771,0,0,0,0,3
3,13346,772,0,0,0,0,3
3,13347,773,0,0,0,0,3
3,13348,774,0,0,0,0,3
3,13349,775,0,0,0,0,3
3,13350,776,0,0,0,0,3
3,13351,777,0,0,0,0,3
3,13352,778,0,0,0,0,3
3,13353,779,0,0,0,0,1
3,13355,780,0,0,0,0,2
3,13359,781,0,0,0,0,3
3,13360,782,0,0,0,0,3
3,13361,783,0,0,0,0,3
3,13362,784,0,0,0,0,3
3,13363,785,0,0,0,0,3
3,13364,786,0,0,0,0,3
3,13365,787,0,0,0,0,3
3,13366,788,0,0,0,0,3
3,13367,789,0,0,0,0,3
3,13372,790,0,0,0,0,3
3,13373,791,0,0,0,0,3
3,13374,792,0,0,0,0,3
3,13375,793,0,0,0,0,3
3,13376,794,0,0,0,0,3
3,13377,795,0,0,0,0,3
3,13378,796,0,0,0,0,3
3,13379,797,0,0,0,0,3
3,13380,798,0,0,0,0,1
3,13381,799,0,0,0,0,2
3,13385,800,0,0,0,0,3
3,13386,801,0,0,0,0,3
3,13387,802,0,0,0,0,3
3,13388,803,0,0,0,0,3
3,13390,804,0,0,0,0,3
3,13391,805,0,0,0,0,3
3,13392,806,0,0,0,0,3
3,13393,807,0,0,0,0,3
3,13394,808,0,0,0,0,3
3,13398,809,0,0,0,0,3
3,13399,810,0,0,0,0,3
3,13400,811,0,0,0,0,3
3,13401,812,0,0,0,0,3
3,13402,813,0,0,0,0,3
3,13404,814,0,0,0,0,3
3,13405,815,0,0,0,0,3
3,13406,816,0,0,0,0,3
3,13407,817,0,0,0,0,1
3,13411,818,0,0,0,0,2
3,13412,819,0,0,0,0,3
3,13413,820,0,0,0,0,3
3,13414,821,0,0,0,0,3
3,13415,822,0,0,0,0,3
3,13416,823,0,0,0,0,3
3,13418,824,0,0,0,0,3
3,13419,825,0,0,0,0,3
3,13420,826,0,0,0,0,3
3,13424,827,0,0,0,0,3
3,13425,828,0,0,0,0,3
3,13426,829,0,0,0,0,3
3,13427,830,0,0,0,0,3
3,13428,831,0,0,0,0,3
3,13429,832,0,0,0,0,3
3,13430,833,0,0,0,0,3
3,13432,834,0,0,0,0,3
3,13433,835,0,0,0,0,3
3,13437,836,0,0,0,0,1
3,13438,837,0,0,0,0,2
3,13439,838,0,0,0,0,3
3,13440,839,0,0,0,0,3
3,13441,840,0,0,0,0,3
3,13442,841,0,0,0,0,3
3,13443,842,0,0,0,0,3
3,13444,843,0,0,0,0,3
3,13446,844,0,0,0,0,3
3,13450,845,0,0,0,0,3
3,13451,846,0,0,0,0,3
3,13452,847,0,0,0,0,3
3,13453,848,0,0,0,0,3
3,13454,849,0,0,0,0,3
3,13455,850,0,0,0,0,3
3,13456,851,0,0,0,0,3
3,13457,852,0,0,0,0,3
3,13458,853,0,0,0,0,3
3,13463,854,0,0,0,0,3
3,13464,855,0,0,0,0,1
3,13465,856,0,0,0,0,2
3,13466,857,0,0,0,0,3
3,13467,858,0,0,0,0,3
3,13468,859,0,0,0,0,3
3,13469,860,0,0,0,0,3
3,13470,861,0,0,0,0,3
3,13471,862,0,0,0,0,3
3,13472,863,0,0,0,0,3
3,13476,864,0,0,0,0,3
3,13477,865,0,0,0,0,3
3,13478,866,0,0,0,0,3
3,13479,867,0,0,0,0,3
3,13481,868,0,0,0,0,3
3,13482,869,0,0,0,0,3
3,13483,870,0,0,0,0,3
3,13484,871,0,0,0,0,3
3,13485,872,0,0,0,0,3
3,13489,873,0,0,0,0,3
3,13490,874,0,0,0,0,1
3,13491,875,0,0,0,0,2
3,13492,876,0,0,0,0,3
3,13493,877,0,0,0,0,3
3,13495,878,0,0,0,0,3
3,13496,879,0,0,0,0,3
3,13497,880,0,0,0,0,3
3,13498,881,0,0,0,0,3
3,13502,882,0,0,0,0,3
3,13503,883,0,0,0,0,3
3,13504,884,0,0,0,0,3
3,13505,885,0,0,0,0,3
3,13506,886,0,0,0,0,3
3,13507,887,0,0,0,0,3
3,13509,888,0,0,0,0,3
3,13510,889,0,0,0,0,3
3,13511,890,0,0,0,0,3
3,13515,891,0,0,0,0,3
3,13516,892,0,0,0,0,3
3,13517,893,0,0,0,0,1
3,13518,894,0,0,0,0,2
3,13519,895,0,0,0,0,3
3,13520,896,0,0,0,0,3
3,13521,897,0,0,0,0,3
3,13523,898,0,0,0,0,3
3,13524,899,0,0,0,0,3
3,13528,900,0,0,0,0,3
3,13529,901,0,0,0,0,3
3,13530,902,0,0,0,0,3
3,13531,903,0,0,0,0,3
3,13532,904,0,0,0,0,3
3,13533,905,0,0,0,0,3
3,13534,906,0,0,0,0,3
3,13535,907,0,0,0,0,3
3,13537,908,0,0,0,0,3
3,13541,909,0,0,0,0,3
3,13542,910,0,0,0,0,3
3,13543,911,0,0,0,0,3
3,13544,912,0,0,0,0,1
3,13545,913,0,0,0,0,2
3,13546,914,0,0,0,0,3
3,13547,915,0,0,0,0,3
3,13548,916,0,0,0,0,3
3,13549,917,0,0,0,0,3
3,13554,918,0,0,0,0,3
3,13555,919,0,0,0,0,3
3,13556,920,0,0,0,0,3
3,13557,921,0,0,0,0,3
3,13558,922,0,0,0,0,3
3,13559,923,0,0,0,0,3
3,13560,924,0,0,0,0,3
3,13561,925,0,0,0,0,3
3,13562,926,0,0,0,0,3
3,13563,927,0,0,0,0,3
3,13567,928,0,0,0,0,3
3,13568,929,0,0,0,0,3
3,13569,930,0,0,0,0,3
3,13570,931,0,0,0,0,1
3,13572,932,0,0,0,0,2
3,13573,933,0,0,0,0,3
3,13574,934,0,0,0,0,3
3,13575,935,0,0,0,0,3
3,13576,936,0,0,0,0,3
3,13580,937,0,0,0,0,3
3,13581,938,0,0,0,0,3
3,13582,939,0,0,0,0,3
3,13583,940,0,0,0,0,3
3,13584,941,0,0,0,0,3
3,13586,942,0,0,0,0,3
3,13587,943,0,0,0,0,3
3,13588,944,0,0,0,0,3
3,13589,945,0,0,0,0,3
3,13593,946,0,0,0,0,3
3,13594,947,0,0,0,0,3
3,13595,948,0,0,0,0,3
3,13596,949,0,0,0,0,3
3,13597,950,0,0,0,0,1
3,13598,951,0,0,0,0,2
3,13600,952,0,0,0,0,3
3,13601,953,0,0,0,0,3
3,13602,954,0,0,0,0,3
3,13606,955,0,0,0,0,3
3,13607,956,0,0,0,0,3
3,13608,957,0,0,0,0,3
3,13609,958,0,0,0,0,3
3,13610,959,0,0,0,0,3
3,13611,960,0,0,0,0,3
3,13612,961,0,0,0,0,3
3,13614,962,0,0,0,0,3
3,13615,963,0,0,0,0,3
3,13619,964,0,0,0,0,3
3,13620,965,0,0,0,0,3
3,13621,966,0,0,0,0,3
3,13622,967,0,0,0,0,3
3,13623,968,0,0,0,0,3
3,13624,969,0,0,0,0,1
3,13625,970,0,0,0,0,2
3,13626,971,0,0,0,0,3
3,13628,972,0,0,0,0,3
3,13632,973,0,0,0,0,3
3,13633,974,0,0,0,0,3
3,13634,975,0,0,0,0,3
3,13635,976,0,0,0,0,3
3,13636,977,0,0,0,0,3
3,13637,978,0,0,0,0,3
3,13638,979,0,0,0,0,3
3,13639,980,0,0,0,0,3
3,13640,981,0,0,0,0,3
3,13645,982,0,0,0,0,3
3,13646,983,0,0,0,0,3
3,13647,984,0,0,0,0,3
3,13648,985,0,0,0,0,3
3,13649,986,0,0,0,0,3
3,13650,987,0,0,0,0,3
3,13651,988,0,0,0,0,1
3,13652,989,0,0,0,0,2
3,13653,990,0,0,0,0,3
3,13654,991,0,0,0,0,3
3,13658,992,0,0,0,0,3
3,13659,993,0,0,0,0,3
3,13660,994,0,0,0,0,3
3,13661,995,0,0,0,0,3
3,13663,996,0,0,0,0,3
3,13664,997,0,0,0,0,3
3,13665,998,0,0,0,0,3
3,13666,999,0,0,0,0,3
3,13667,1000,0,0,0,0,3
3,13671,1001,0,0,0,0,3
3,13672,1002,0,0,0,0,3
3,13673,1003,0,0,0,0,3
3,13674,1004,0,0,0,0,3
3,13675,1005,0,0,0,0,3
3,13677,1006,0,0,0,0,3
3,13678,1007,0,0,0,0,1
3,13679,1008,0,0,0,0,2
3,13680,1009,0,0,0,0,3
3,13684,1010,0,0,0,0,3
3,13685,1011,0,0,0,0,3
3,13686,1012,0,0,0,0,3
3,13687,1013,0,0,0,0,3
3,13688,1014,0,0,0,0,3
3,13689,1015,0,0,0,0,3
3,13691,1016,0,0,0,0,3
3,13692,1017,0,0,0,0,3
3,13693,1018,0,0,0,0,3
3,13697,1019,0,0,0,0,3
3,13698,1020,0,0,0,0,3
3,13699,1021,0,0,0,0,3
3,13700,1022,0,0,0,0,3
3,13701,1023,0,0,0,0,3
3,13702,1024,0,0,0,0,3
3,13703,1025,0,0,0,0,3
3,13705,1026,0,0,0,0,1
3,13706,1027,0,0,0,0,2
3,13710,1028,0,0,0,0,3
3,13711,1029,0,0,0,0,3
3,13712,1030,0,0,0,0,3
3,13713,1031,0,0,0,0,3
3,13714,1032,0,0,0,0,3
3,13715,1033,0,0,0,0,3
3,13716,1034,0,0,0,0,3
3,13717,1035,0,0,0,0,3
3,13719,1036,0,0,0,0,3
3,13723,1037,0,0,0,0,3
3,13724,1038,0,0,0,0,3
3,13725,1039,0,0,0,0,3
3,13726,1040,0,0,0,0,3
3,13727,1041,0,0,0,0,3
3,13728,1042,0,0,0,0,3
3,13729,1043,0,0,0,0,3
3,13730,1044,0,0,0,0,3
3,13731,1045,0,0,0,0,1
3,13736,1046,0,0,0,0,2
3,13737,1047,0,0,0,0,3
3,13738,1048,0,0,0,0,3
3,13739,1049,0,0,0,0,3
3,13740,1050,0,0,0,0,3
3,13741,1051,0,0,0,0,3
3,13742,1052,0,0,0,0,3
3,13743,1053,0,0,0,0,3
3,13744,1054,0,0,0,0,3
3,13745,1055,0,0,0,0,3
3,13749,1056,0,0,0,0,3
3,13750,1057,0,0,0,0,3
3,13751,1058,0,0,0,0,3
3,13752,1059,0,0,0,0,3
3,13754,1060,0,0,0,0,3
3,13755,1061,0,0,0,0,3
3,13756,1062,0,0,0,0,3
3,13757,1063,0,0,0,0,3
3,13758,1064,0,0,0,0,1
3,13762,1065,0,0,0,0,2
3,13763,1066,0,0,0,0,3
3,13764,1067,0,0,0,0,3
3,13765,1068,0,0,0,0,3
3,13766,1069,0,0,0,0,3
3,13768,1070,0,0,0,0,3
3,13769,1071,0,0,0,0,3
3,13770,1072,0,0,0,0,3
3,13771,1073,0,0,0,0,3
3,13775,1074,0,0,0,0,3
3,13776,1075,0,0,0,0,3
3,13777,1076,0,0,0,0,3
3,13778,1077,0,0,0,0,3
3,13779,1078,0,0,0,0,3
3,13780,1079,0,0,0,0,3
3,13782,1080,0,0,0,0,3
3,13783,1081,0,0,0,0,3
3,13784,1082,0,0,0,0,3
3,13788,1083,0,0,0,0,1
3,13789,1084,0,0,0,0,2
3,13790,1085,0,0,0,0,3
3,13791,1086,0,0,0,0,3
3,13792,1087,0,0,0,0,3
3,13793,1088,0,0,0,0,3
3,13794,1089,0,0,0,0,3
3,13796,1090,0,0,0,0,3
3,13797,1091,0,0,0,0,3
3,13801,1092,0,0,0,0,3
3,13802,1093,0,0,0,0,3
3,13803,1094,0,0,0,0,3
3,13804,1095,0,0,0,0,3
3,13805,1096,0,0,0,0,3
3,13806,1097,0,0,0,0,3
3,13807,1098,0,0,0,0,3
3,13808,1099,0,0,0,0,3
3,13810,1100,0,0,0,0,3
3,13814,1101,0,0,0,0,3
3,13815,1102,0,0,0,0,1
3,13816,1103,0,0,0,0,2
3,13817,1104,0,0,0,0,3
3,13818,1105,0,0,0,0,3
3,13819,1106,0,0,0,0,3
3,13820,1107,0,0,0,0,3
3,13821,1108,0,0,0,0,3
3,13822,1109,0,0,0,0,3
3,13827,1110,0,0,0,0,3
3,13828,1111,0,0,0,0,3
3,13829,1112,0,0,0,0,3
3,13830,1113,0,0,0,0,3
3,13831,1114,0,0,0,0,3
3,13832,1115,0,0,0,0,3
3,13833,1116,0,0,0,0,3
3,13834,1117,0,0,0,0,3
3,13835,1118,0,0,0,0,3
3,13836,1119,0,0,0,0,3
3,13840,1120,0,0,0,0,3
3,13841,1121,0,0,0,0,1
3,13842,1122,0,0,0,0,2
3,13843,1123,0,0,0,0,3
3,13845,1124,0,0,0,0,3
3,13846,1125,0,0,0,0,3
3,13847,1126,0,0,0,0,3
3,13848,1127,0,0,0,0,3
3,13849,1128,0,0,0,0,3
3,13853,1129,0,0,0,0,3
3,13854,1130,0,0,0,0,3
3,13855,1131,0,0,0,0,3
3,13856,1132,0,0,0,0,3
3,13857,1133,0,0,0,0,3
3,13859,1134,0,0,0,0,3
3,13860,1135,0,0,0,0,3
3,13861,1136,0,0,0,0,3
3,13862,1137,0,0,0,0,3
3,13866,1138,0,0,0,0,3
3,13867,1139,0,0,0,0,3
3,13868,1140,0,0,0,0,1
3,13869,1141,0,0,0,0,2
3,13870,1142,0,0,0,0,3
3,13871,1143,0,0,0,0,3
3,13873,1144,0,0,0,0,3
3,13874,1145,0,0,0,0,3
3,13875,1146,0,0,0,0,3
3,13879,1147,0,0,0,0,3
3,13880,1148,0,0,0,0,3
3,13881,1149,0,0,0,0,3
3,13882,1150,0,0,0,0,3
3,13883,1151,0,0,0,0,3
3,13884,1152,0,0,0,0,3
3,13885,1153,0,0,0,0,3
3,13887,1154,0,0,0,0,3
3,13888,1155,0,0,0,0,3
3,13892,1156,0,0,0,0,3
3,13893,1157,0,0,0,0,3
3,13894,1158,0,0,0,0,3
3,13895,1159,0,0,0,0,1
3,13896,1160,0,0,0,0,2
3,13897,1161,0,0,0,0,3
3,13898,1162,0,0,0,0,3
3,13899,1163,0,0,0,0,3
3,13901,1164,0,0,0,0,3
3,13905,1165,0,0,0,0,3
3,13906,1166,0,0,0,0,3
3,13907,1167,0,0,0,0,3
3,13908,1168,0,0,0,0,3
3,13909,1169,0,0,0,0,3
3,13910,1170,0,0,0,0,3
3,13911,1171,0,0,0,0,3
3,13912,1172,0,0,0,0,3
3,13913,1173,0,0,0,0,3
3,13918,1174,0,0,0,0,3
3,13919,1175,0,0,0,0,3
3,13920,1176,0,0,0,0,3
3,13921,1177,0,0,0,0,3
3,13922,1178,0,0,0,0,1
3,13923,1179,0,0,0,0,2
3,13924,1180,0,0,0,0,3
3,13925,1181,0,0,0,0,3
3,13926,1182,0,0,0,0,3
3,13927,1183,0,0,0,0,3
3,13931,1184,0,0,0,0,3
3,13932,1185,0,0,0,0,3
3,13933,1186,0,0,0,0,3
3,13934,1187,0,0,0,0,3
3,13936,1188,0,0,0,0,3
3,13937,1189,0,0,0,0,3
3,13938,1190,0,0,0,0,3
3,13939,1191,0,0,0,0,3
3,13940,1192,0,0,0,0,3
3,13944,1193,0,0,0,0,3
3,13945,1194,0,0,0,0,3
3,13946,1195,0,0,0,0,3
3,13947,1196,0,0,0,0,3
3,13948,1197,0,0,0,0,1
3,13950,1198,0,0,0,0,2
3,13951,1199,0,0,0,0,3
3,13952,1200,0,0,0,0,3
3,13953,1201,0,0,0,0,3
3,13957,1202,0,0,0,0,3
3,13958,1203,0,0,0,0,3
3,13959,1204,0,0,0,0,3
3,13960,1205,0,0,0,0,3
3,13961,1206,0,0,0,0,3
3,13962,1207,0,0,0,0,3
3,13964,1208,0,0,0,0,3
3,13965,1209,0,0,0,0,3
3,13966,1210,0,0,0,0,3
3,13970,1211,0,0,0,0,3
3,13971,1212,0,0,0,0,3
3,13972,1213,0,0,0,0,3
3,13973,1214,0,0,0,0,3
3,13974,1215,0,0,0,0,3
3,13975,1216,0,0,0,0,1
3,13976,1217,0,0,0,0,2
3,13978,1218,0,0,0,0,3
3,13979,1219,0,0,0,0,3
3,13983,1220,0,0,0,0,3
3,13984,1221,0,0,0,0,3
3,13985,1222,0,0,0,0,3
3,13986,1223,0,0,0,0,3
3,13987,1224,0,0,0,0,3
3,13988,1225,0,0,0,0,3
3,13989,1226,0,0,0,0,3
3,13990,1227,0,0,0,0,3
3,13992,1228,0,0,0,0,3
3,13996,1229,0,0,0,0,3
3,13997,1230,0,0,0,0,3
3,13998,1231,0,0,0,0,3
3,13999,1232,0,0,0,0,3
3,14000,1233,0,0,0,0,3
3,14001,1234,0,0,0,0,3
3,14002,1235,0,0,0,0,1
3,14003,1236,0,0,0,0,2
3,14004,1237,0,0,0,0,3
3,14009,1238,0,0,0,0,3
3,14010,1239,0,0,0,0,3
3,14011,1240,0,0,0,0,3
3,14012,1241,0,0,0,0,3
3,14013,1242,0,0,0,0,3
3,14014,1243,0,0,0,0,3
3,14015,1244,0,0,0,0,3
3,14016,1245,0,0,0,0,3
3,14017,1246,0,0,0,0,3
3,14018,1247,0,0,0,0,3
3,14022,1248,0,0,0,0,3
3,14023,1249,0,0,0,0,3
3,14024,1250,0,0,0,0,3
3,14025,1251,0,0,0,0,3
3,14027,1252,0,0,0,0,3
3,14028,1253,0,0,0,0,3
3,14029,1254,0,0,0,0,1
3,14030,1255,0,0,0,0,2
3,14031,1256,0,0,0,0,3
3,14035,1257,0,0,0,0,3
3,14036,1258,0,0,0,0,3
3,14037,1259,0,0,0,0,3
3,14038,1260,0,0,0,0,3
3,14039,1261,0,0,0,0,3
3,14041,1262,0,0,0,0,3
3,14042,1263,0,0,0,0,3
3,14043,1264,0,0,0,0,3
3,14044,1265,0,0,0,0,3
3,14048,1266,0,0,0,0,3
3,14049,1267,0,0,0,0,3
3,14050,1268,0,0,0,0,3
3,14051,1269,0,0,0,0,3
3,14052,1270,0,0,0,0,3
3,14053,1271,0,0,0,0,3
3,14055,1272,0,0,0,0,3
3,14056,1273,0,0,0,0,1
3,14057,1274,0,0,0,0,2
3,14061,1275,0,0,0,0,3
3,14062,1276,0,0,0,0,3
3,14063,1277,0,0,0,0,3
3,14064,1278,0,0,0,0,3
3,14065,1279,0,0,0,0,3
3,14066,1280,0,0,0,0,3
3,14067,1281,0,0,0,0,3
3,14069,1282,0,0,0,0,3
3,14070,1283,0,0,0,0,3
3,14074,1284,0,0,0,0,3
3,14075,1285,0,0,0,0,3
3,14076,1286,0,0,0,0,3
3,14077,1287,0,0,0,0,3
3,14078,1288,0,0,0,0,3
3,14079,1289,0,0,0,0,3
3,14080,1290,0,0,0,0,3
3,14081,1291,0,0,0,0,3
3,14083,1292,0,0,0,0,1
3,14087,1293,0,0,0,0,2
3,14088,1294,0,0,0,0,3
3,14089,1295,0,0,0,0,3
3,14090,1296,0,0,0,0,3
3,14091,1297,0,0,0,0,3
3,14092,1298,0,0,0,0,3
3,14093,1299,0,0,0,0,3
3,14094,1300,0,0,0,0,3
3,14095,1301,0,0,0,0,3
3,14100,1302,0,0,0,0,3
3,14101,1303,0,0,0,0,3
3,14102,1304,0,0,0,0,3
3,14103,1305,0,0,0,0,3
3,14104,1306,0,0,0,0,3
3,14105,1307,0,0,0,0,3
3,14106,1308,0,0,0,0,3
3,14107,1309,0,0,0,0,3
3,14108,1310,0,0,0,0,3
3,14109,1311,0,0,0,0,1
3,14113,1312,0,0,0,0,2
3,14114,1313,0,0,0,0,3
3,14115,1314,0,0,0,0,3
3,14116,1315,0,0,0,0,3
3,14118,1316,0,0,0,0,3
3,14119,1317,0,0,0,0,3
3,14120,1318,0,0,0,0,3
3,14121,1319,0,0,0,0,3
3,14122,1320,0,0,0,0,3
3,14126,1321,0,0,0,0,3
3,14127,1322,0,0,0,0,3
3,14128,1323,0,0,0,0,3
3,14129,1324,0,0,0,0,3
3,14130,1325,0,0,0,0,3
3,14132,1326,0,0,0,0,3
3,14133,1327,0,0,0,0,3
3,14134,1328,0,0,0,0,3
3,14135,1329,0,0,0,0,3
3,14139,1330,0,0,0,0,1
3,14140,1331,0,0,0,0,2
3,14141,1332,0,0,0,0,3
3,14142,1333,0,0,0,0,3
3,14143,1334,0,0,0,0,3
3,14144,1335,0,0,0,0,3
3,14146,1336,0,0,0,0,3
3,14147,1337,0,0,0,0,3
3,14148,1338,0,0,0,0,3
3,14152,1339,0,0,0,0,3
3,14153,1340,0,0,0,0,3
3,14154,1341,0,0,0,0,3
3,14155,1342,0,0,0,0,3
3,14156,1343,0,0,0,0,3
3,14157,1344,0,0,0,0,3
3,14158,1345,0,0,0,0,3
3,14160,1346,0,0,0,0,3
3,14161,1347,0,0,0,0,3
3,14165,1348,0,0,0,0,3
3,14166,1349,0,0,0,0,1
3,14167,1350,0,0,0,0,2
3,14168,1351,0,0,0,0,3
3,14169,1352,0,0,0,0,3
3,14170,1353,0,0,0,0,3
3,14171,1354,0,0,0,0,3
3,14172,1355,0,0,0,0,3
3,14174,1356,0,0,0,0,3
3,14178,1357,0,0,0,0,3
3,14179,1358,0,0,0,0,3
3,14180,1359,0,0,0,0,3
3,14181,1360,0,0,0,0,3
3,14182,1361,0,0,0,0,3
3,14183,1362,0,0,0,0,3
3,14184,1363,0,0,0,0,3
3,14185,1364,0,0,0,0,3
3,14186,1365,0,0,0,0,3
3,14191,1366,0,0,0,0,3
3,14192,1367,0,0,0,0,3
3,14193,1368,0,0,0,0,1
3,14194,1369,0,0,0,0,2
3,14195,1370,0,0,0,0,3
3,14196,1371,0,0,0,0,3
3,14197,1372,0,0,0,0,3
3,14198,1373,0,0,0,0,3
3,14199,1374,0,0,0,0,3
3,14200,1375,0,0,0,0,3
3,14204,1376,0,0,0,0,3
3,14205,1377,0,0,0,0,3
3,14206,1378,0,0,0,0,3
3,14207,1379,0,0,0,0,3
3,14209,1380,0,0,0,0,3
3,14210,1381,0,0,0,0,3
3,14211,1382,0,0,0,0,3
3,14212,1383,0,0,0,0,3
3,14213,1384,0,0,0,0,3
3,14217,1385,0,0,0,0,3
3,14218,1386,0,0,0,0,3
3,14219,1387,0,0,0,0,1
3,14220,1388,0,0,0,0,2
3,14221,1389,0,0,0,0,3
3,14223,1390,0,0,0,0,3
3,14224,1391,0,0,0,0,3
3,14225,1392,0,0,0,0,3
3,14226,1393,0,0,0,0,3
3,14230,1394,0,0,0,0,3
3,14231,1395,0,0,0,0,3
3,14232,1396,0,0,0,0,3
3,14233,1397,0,0,0,0,3
3,14234,1398,0,0,0,0,3
3,14235,1399,0,0,0,0,3
3,14237,1400,0,0,0,0,3
3,14238,1401,0,0,0,0,3
3,14239,1402,0,0,0,0,3
3,14243,1403,0,0,0,0,3
3,14244,1404,0,0,0,0,3
3,14245,1405,0,0,0,0,3
3,14246,1406,0,0,0,0,1
3,14247,1407,0,0,0,0,2
3,14248,1408,0,0,0,0,3
3,14249,1409,0,0,0,0,3
3,14251,1410,0,0,0,0,3
3,14252,1411,0,0,0,0,3
3,14256,1412,0,0,0,0,3
3,14257,1413,0,0,0,0,3
3,14258,1414,0,0,0,0,3
3,14259,1415,0,0,0,0,3
3,14260,1416,0,0,0,0,3
3,14261,1417,0,0,0,0,3
3,14262,1418,0,0,0,0,3
3,14263,1419,0,0,0,0,3
3,14265,1420,0,0,0,0,3
3,14269,1421,0,0,0,0,3
3,14270,1422,0,0,0,0,3
3,14271,1423,0,0,0,0,3
3,14272,1424,0,0,0,0,3
3,14273,1425,0,0,0,0,1
3,14274,1426,0,0,0,0,2
3,14275,1427,0,0,0,0,3
3,14276,1428,0,0,0,0,3
3,14277,1429,0,0,0,0,3
3,14282,1430,0,0,0,0,3
3,14283,1431,0,0,0,0,3
3,14284,1432,0,0,0,0,3
3,14285,1433,0,0,0,0,3
3,14286,1434,0,0,0,0,3
3,14287,1435,0,0,0,0,3
3,14288,1436,0,0,0,0,3
3,14289,1437,0,0,0,0,3
3,14290,1438,0,0,0,0,3
3,14291,1439,0,0,0,0,3
3,14295,1440,0,0,0,0,3
3,14296,1441,0,0,0,0,3
3,14297,1442,0,0,0,0,3
3,14298,1443,0,0,0,0,3
3,14300,1444,0,0,0,0,1
3,14301,1445,0,0,0,0,2
3,14302,1446,0,0,0,0,3
3,14303,1447,0,0,0,0,3
3,14304,1448,0,0,0,0,3
3,14308,1449,0,0,0,0,3
3,14309,1450,0,0,0,0,3
3,14310,1451,0,0,0,0,3
3,14311,1452,0,0,0,0,3
3,14312,1453,0,0,0,0,3
3,14314,1454,0,0,0,0,3
3,14315,1455,0,0,0,0,3
3,14316,1456,0,0,0,0,3
3,14317,1457,0,0,0,0,3
3,14321,1458,0,0,0,0,3
3,14322,1459,0,0,0,0,3
3,14323,1460,0,0,0,0,3
3,14324,1461,0,0,0,0,3
3,14325,1462,0,0,0,0,3
3,14326,1463,0,0,0,0,1
3,14328,1464,0,0,0,0,2
3,14329,1465,0,0,0,0,3
3,14330,1466,0,0,0,0,3
3,14334,1467,0,0,0,0,3
3,14335,1468,0,0,0,0,3
3,14336,1469,0,0,0,0,3
3,14337,1470,0,0,0,0,3
3,14338,1471,0,0,0,0,3
3,14339,1472,0,0,0,0,3
3,14340,1473,0,0,0,0,3
3,14342,1474,0,0,0,0,3
3,14343,1475,0,0,0,0,3
3,14347,1476,0,0,0,0,3
3,14348,1477,0,0,0,0,3
3,14349,1478,0,0,0,0,3
3,14350,1479,0,0,0,0,3
3,14351,1480,0,0,0,0,3
3,14352,1481,0,0,0,0,3
3,14353,1482,0,0,0,0,1
3,14354,1483,0,0,0,0,2
3,14356,1484,0,0,0,0,3
3,14360,1485,0,0,0,0,3
3,14361,1486,0,0,0,0,3
3,14362,1487,0,0,0,0,3
3,14363,1488,0,0,0,0,3
3,14364,1489,0,0,0,0,3
3,14365,1490,0,0,0,0,3
3,14366,1491,0,0,0,0,3
3,14367,1492,0,0,0,0,3
3,14368,1493,0,0,0,0,3
3,14373,1494,0,0,0,0,3
3,14374,1495,0,0,0,0,3
3,14375,1496,0,0,0,0,3
3,14376,1497,0,0,0,0,3
3,14377,1498,0,0,0,0,3
3,14378,1499,0,0,0,0,3
3,14379,1500,0,0,0,0,3
3,14380,1501,0,0,0,0,1
3,14381,1502,0,0,0,0,2
3,14382,1503,0,0,0,0,3
3,14386,1504,0,0,0,0,3
3,14387,1505,0,0,0,0,3
3,14388,1506,0,0,0,0,3
3,14389,1507,0,0,0,0,3
3,14391,1508,0,0,0,0,3
3,14392,1509,0,0,0,0,3
3,14393,1510,0,0,0,0,3
3,14394,1511,0,0,0,0,3
3,14395,1512,0,0,0,0,3
3,14399,1513,0,0,0,0,3
3,14400,1514,0,0,0,0,3
3,14401,1515,0,0,0,0,3
3,14402,1516,0,0,0,0,3
3,14403,1517,0,0,0,0,3
3,14405,1518,0,0,0,0,3
3,14406,1519,0,0,0,0,3
3,14407,1520,0,0,0,0,1
3,14408,1521,0,0,0,0,2
3,14412,1522,0,0,0,0,3
3,14413,1523,0,0,0,0,3
3,14414,1524,0,0,0,0,3
3,14415,1525,0,0,0,0,3
3,14416,1526,0,0,0,0,3
3,14417,1527,0,0,0,0,3
3,14419,1528,0,0,0,0,3
3,14420,1529,0,0,0,0,3
3,14421,1530,0,0,0,0,3
3,14425,1531,0,0,0,0,3
3,14426,1532,0,0,0,0,3
3,14427,1533,0,0,0,0,3
3,14428,1534,0,0,0,0,3
3,14429,1535,0,0,0,0,3
3,14430,1536,0,0,0,0,3
3,14431,1537,0,0,0,0,3
3,14433,1538,0,0,0,0,3
3,14434,1539,0,0,0,0,1
3,14438,1540,0,0,0,0,2
3,14439,1541,0,0,0,0,3
3,14440,1542,0,0,0,0,3
3,14441,1543,0,0,0,0,3
3,14442,1544,0,0,0,0,3
3,14443,1545,0,0,0,0,3
3,14444,1546,0,0,0,0,3
3,14445,1547,0,0,0,0,3
3,14447,1548,0,0,0,0,3
3,14451,1549,0,0,0,0,3
3,14452,1550,0,0,0,0,3
3,14453,1551,0,0,0,0,3
3,14454,1552,0,0,0,0,3
3,14455,1553,0,0,0,0,3
3,14456,1554,0,0,0,0,3
3,14457,1555,0,0,0,0,3
3,14458,1556,0,0,0,0,3
3,14459,1557,0,0,0,0,3
3,14464,1558,0,0,0,0,1
3,14465,1559,0,0,0,0,2
3,14466,1560,0,0,0,0,3
3,14467,1561,0,0,0,0,3
3,14468,1562,0,0,0,0,3
3,14469,1563,0,0,0,0,3
3,14470,1564,0,0,0,0,3
3,14471,1565,0,0,0,0,3
3,14472,1566,0,0,0,0,3
3,14473,1567,0,0,0,0,3
3,14477,1568,0,0,0,0,3
3,14478,1569,0,0,0,0,3
3,14479,1570,0,0,0,0,3
3,14480,1571,0,0,0,0,3
3,14482,1572,0,0,0,0,3
3,14483,1573,0,0,0,0,3
3,14484,1574,0,0,0,0,3
3,14485,1575,0,0,0,0,3
3,14486,1576,0,0,0,0,3
3,14490,1577,0,0,0,0,1
3,14491,1578,0,0,0,0,2
3,14492,1579,0,0,0,0,3
3,14493,1580,0,0,0,0,3
3,14494,1581,0,0,0,0,3
3,14496,1582,0,0,0,0,3
3,14497,1583,0,0,0,0,3
3,14498,1584,0,0,0,0,3
3,14499,1585,0,0,0,0,3
3,14503,1586,0,0,0,0,3
3,14504,1587,0,0,0,0,3
3,14505,1588,0,0,0,0,3
3,14506,1589,0,0,0,0,3
3,14507,1590,0,0,0,0,3
3,14508,1591,0,0,0,0,3
3,14510,1592,0,0,0,0,3
3,14511,1593,0,0,0,0,3
3,14512,1594,0,0,0,0,3
3,14516,1595,0,0,0,0,3
3,14517,1596,0,0,0,0,1
3,14518,1597,0,0,0,0,2
3,14519,1598,0,0,0,0,3
3,14520,1599,0,0,0,0,3
3,14521,1600,0,0,0,0,3
3,14522,1601,0,0,0,0,3
3,14524,1602,0,0,0,0,3
3,14525,1603,0,0,0,0,3
3,14529,1604,0,0,0,0,3
3,14530,1605,0,0,0,0,3
3,14531,1606,0,0,0,0,3
3,14532,1607,0,0,0,0,3
3,14533,1608,0,0,0,0,3
3,14534,1609,0,0,0,0,3
3,14535,1610,0,0,0,0,3
3,14536,1611,0,0,0,0,3
3,14538,1612,0,0,0,0,3
3,14542,1613,0,0,0,0,3
3,14543,1614,0,0,0,0,3
3,14544,1615,0,0,0,0,1
3,14545,1616,0,0,0,0,2
3,14546,1617,0,0,0,0,3
3,14547,1618,0,0,0,0,3
3,14548,1619,0,0,0,0,3
3,14549,1620,0,0,0,0,3
3,14550,1621,0,0,0,0,3
3,14555,1622,0,0,0,0,3
3,14556,1623,0,0,0,0,3
3,14557,1624,0,0,0,0,3
3,14558,1625,0,0,0,0,3
3,14559,1626,0,0,0,0,3
3,14560,1627,0,0,0,0,3
3,14561,1628,0,0,0,0,3
3,14562,1629,0,0,0,0,3
3,14563,1630,0,0,0,0,3
3,14564,1631,0,0,0,0,3
3,14568,1632,0,0,0,0,3
3,14569,1633,0,0,0,0,3
3,14570,1634,0,0,0,0,1
3,14571,1635,0,0,0,0,2
3,14573,1636,0,0,0,0,3
3,14574,1637,0,0,0,0,3
3,14575,1638,0,0,0,0,3
3,14576,1639,0,0,0,0,3
3,14577,1640,0,0,0,0,3
3,14581,1641,0,0,0,0,3
3,14582,1642,0,0,0,0,3
3,14583,1643,0,0,0,0,3
3,14584,1644,0,0,0,0,3
3,14585,1645,0,0,0,0,3
3,14587,1646,0,0,0,0,3
3,14588,1647,0,0,0,0,3
3,14589,1648,0,0,0,0,3
3,14590,1649,0,0,0,0,3
3,14594,1650,0,0,0,0,3
3,14595,1651,0,0,0,0,3
3,14596,1652,0,0,0,0,3
3,14597,1653,0,0,0,0,1
3,14598,1654,0,0,0,0,2
3,14599,1655,0,0,0,0,3
3,14601,1656,0,0,0,0,3
3,14602,1657,0,0,0,0,3
3,14603,1658,0,0,0,0,3
3,14607,1659,0,0,0,0,3
3,14608,1660,0,0,0,0,3
3,14609,1661,0,0,0,0,3
3,14610,1662,0,0,0,0,3
3,14611,1663,0,0,0,0,3
3,14612,1664,0,0,0,0,3
3,14613,1665,0,0,0,0,3
3,14615,1666,0,0,0,0,3
3,14616,1667,0,0,0,0,3
3,14620,1668,0,0,0,0,3
3,14621,1669,0,0,0,0,3
3,14622,1670,0,0,0,0,3
3,14623,1671,0,0,0,0,3
3,14624,1672,0,0,0,0,1
3,14625,1673,0,0,0,0,2
3,14626,1674,0,0,0,0,3
3,14627,1675,0,0,0,0,3
3,14629,1676,0,0,0,0,3
3,14633,1677,0,0,0,0,3
3,14634,1678,0,0,0,0,3
3,14635,1679,0,0,0,0,3
3,14636,1680,0,0,0,0,3
3,14637,1681,0,0,0,0,3
3,14638,1682,0,0,0,0,3
3,14639,1683,0,0,0,0,3
3,14640,1684,0,0,0,0,3
3,14641,1685,0,0,0,0,3
3,14646,1686,0,0,0,0,3
3,14647,1687,0,0,0,0,3
3,14648,1688,0,0,0,0,3
3,14649,1689,0,0,0,0,3
3,14650,1690,0,0,0,0,3
3,14651,1691,0,0,0,0,1
3,14652,1692,0,0,0,0,2
3,14653,1693,0,0,0,0,3
3,14654,1694,0,0,0,0,3
3,14655,1695,0,0,0,0,3
3,14659,1696,0,0,0,0,3
3,14660,1697,0,0,0,0,3
3,14661,1698,0,0,0,0,3
3,14662,1699,0,0,0,0,3
3,14664,1700,0,0,0,0,3
3,14665,1701,0,0,0,0,3
3,14666,1702,0,0,0,0,3
3,14667,1703,0,0,0,0,3
3,14668,1704,0,0,0,0,3
3,14672,1705,0,0,0,0,3
3,14673,1706,0,0,0,0,3
3,14674,1707,0,0,0,0,3
3,14675,1708,0,0,0,0,3
3,14676,1709,0,0,0,0,3
3,14678,1710,0,0,0,0,1
3,14679,1711,0,0,0,0,2
3,14680,1712,0,0,0,0,3
3,14681,1713,0,0,0,0,3
3,14685,1714,0,0,0,0,3
3,14686,1715,0,0,0,0,3
3,14687,1716,0,0,0,0,3
3,14688,1717,0,0,0,0,3
3,14689,1718,0,0,0,0,3
3,14690,1719,0,0,0,0,3
3,14692,1720,0,0,0,0,3
3,14693,1721,0,0,0,0,3
3,14694,1722,0,0,0,0,3
3,14698,1723,0,0,0,0,3
3,14699,1724,0,0,0,0,3
3,14700,1725,0,0,0,0,3
3,14701,1726,0,0,0,0,3
3,14702,1727,0,0,0,0,3
3,14703,1728,0,0,0,0,3
3,14704,1729,0,0,0,0,1
3,14706,1730,0,0,0,0,2
3,14707,1731,0,0,0,0,3
3,14711,1732,0,0,0,0,3
3,14712,1733,0,0,0,0,3
3,14713,1734,0,0,0,0,3
3,14714,1735,0,0,0,0,3
3,14715,1736,0,0,0,0,3
3,14716,1737,0,0,0,0,3
3,14717,1738,0,0,0,0,3
3,14718,1739,0,0,0,0,3
3,14720,1740,0,0,0,0,3
3,14724,1741,0,0,0,0,3
3,14725,1742,0,0,0,0,3
3,14726,1743,0,0,0,0,3
3,14727,1744,0,0,0,0,3
3,14728,1745,0,0,0,0,3
3,14729,1746,0,0,0,0,3
3,14730,1747,0,0,0,0,3
3,14731,1748,0,0,0,0,1
3,14732,1749,0,0,0,0,2
3,14737,1750,0,0,0,0,3
3,14738,1751,0,0,0,0,3
3,14739,1752,0,0,0,0,3
3,14740,1753,0,0,0,0,3
3,14741,1754,0,0,0,0,3
3,14742,1755,0,0,0,0,3
3,14743,1756,0,0,0,0,3
3,14744,1757,0,0,0,0,3
3,14745,1758,0,0,0,0,3
3,14746,1759,0,0,0,0,3
3,14750,1760,0,0,0,0,3
3,14751,1761,0,0,0,0,3
3,14752,1762,0,0,0,0,3
3,14753,1763,0,0,0,0,3
3,14755,1764,0,0,0,0,3
3,14756,1765,0,0,0,0,3
3,14757,1766,0,0,0,0,3
3,14758,1767,0,0,0,0,1
3,14759,1768,0,0,0,0,2
3,14763,1769,0,0,0,0,3
3,14764,1770,0,0,0,0,3
3,14765,1771,0,0,0,0,3
3,14766,1772,0,0,0,0,3
3,14767,1773,0,0,0,0,3
3,14769,1774,0,0,0,0,3
3,14770,1775,0,0,0,0,3
3,14771,1776,0,0,0,0,3
3,14772,1777,0,0,0,0,3
3,14776,1778,0,0,0,0,3
3,14777,1779,0,0,0,0,3
3,14778,1780,0,0,0,0,3
3,14779,1781,0,0,0,0,3
3,14780,1782,0,0,0,0,3
3,14781,1783,0,0,0,0,3
3,14783,1784,0,0,0,0,3
3,14784,1785,0,0,0,0,3
3,14785,1786,0,0,0,0,1
3,14789,1787,0,0,0,0,2
3,14790,1788,0,0,0,0,3
3,14791,1789,0,0,0,0,3
3,14792,1790,0,0,0,0,3
3,14793,1791,0,0,0,0,3
3,14794,1792,0,0,0,0,3
3,14795,1793,0,0,0,0,3
3,14797,1794,0,0,0,0,3
3,14798,1795,0,0,0,0,3
3,14802,1796,0,0,0,0,3
3,14803,1797,0,0,0,0,3
3,14804,1798,0,0,0,0,3
3,14805,1799,0,0,0,0,3
3,14806,1800,0,0,0,0,3
3,14807,1801,0,0,0,0,3
3,14808,1802,0,0,0,0,3
3,14809,1803,0,0,0,0,3
3,14811,1804,0,0,0,0,3
3,14815,1805,0,0,0,0,1
3,14816,1806,0,0,0,0,2
3,14817,1807,0,0,0,0,3
3,14818,1808,0,0,0,0,3
3,14819,1809,0,0,0,0,3
3,14820,1810,0,0,0,0,3
3,14821,1811,0,0,0,0,3
3,14822,1812,0,0,0,0,3
3,14823,1813,0,0,0,0,3
3,14828,1814,0,0,0,0,3
3,14829,1815,0,0,0,0,3
3,14830,1816,0,0,0,0,3
3,14831,1817,0,0,0,0,3
3,14832,1818,0,0,0,0,3
3,14833,1819,0,0,0,0,3
3,14834,1820,0,0,0,0,3
3,14835,1821,0,0,0,0,3
3,14836,1822,0,0,0,0,3
3,14837,1823,0,0,0,0,3
3,14841,1824,0,0,0,0,1
3,14842,1825,0,0,0,0,2
3,14843,1826,0,0,0,0,3
3,14844,1827,0,0,0,0,3
3,14846,1828,0,0,0,0,3
3,14847,1829,0,0,0,0,3
3,14848,1830,0,0,0,0,3
3,14849,1831,0,0,0,0,3
3,14850,1832,0,0,0,0,3
3,14854,1833,0,0,0,0,3
3,14855,1834,0,0,0,0,3
3,14856,1835,0,0,0,0,3
3,14857,1836,0,0,0,0,3
3,14858,1837,0,0,0,0,3
3,14860,1838,0,0,0,0,3
3,14861,1839,0,0,0,0,3
3,14862,1840,0,0,0,0,3
3,14863,1841,0,0,0,0,3
3,14867,1842,0,0,0,0,3
3,14868,1843,0,0,0,0,1
3,14869,1844,0,0,0,0,2
3,14870,1845,0,0,0,0,3
3,14871,1846,0,0,0,0,3
3,14872,1847,0,0,0,0,3
3,14874,1848,0,0,0,0,3
3,14875,1849,0,0,0,0,3
3,14876,1850,0,0,0,0,3
3,14880,1851,0,0,0,0,3
3,14881,1852,0,0,0,0,3
3,14882,1853,0,0,0,0,3
3,14883,1854,0,0,0,0,3
3,14884,1855,0,0,0,0,3
3,14885,1856,0,0,0,0,3
3,14886,1857,0,0,0,0,3
3,14888,1858,0,0,0,0,3
3,14889,1859,0,0,0,0,3
3,14893,1860,0,0,0,0,3
3,14894,1861,0,0,0,0,3
3,14895,1862,0,0,0,0,1
3,14896,1863,0,0,0,0,2
3,14897,1864,0,0,0,0,3
3,14898,1865,0,0,0,0,3
3,14899,1866,0,0,0,0,3
3,14900,1867,0,0,0,0,3
3,14902,1868,0,0,0,0,3
3,14906,1869,0,0,0,0,3
3,14907,1870,0,0,0,0,3
3,14908,1871,0,0,0,0,3
3,14909,1872,0,0,0,0,3
3,14910,1873,0,0,0,0,3
3,14911,1874,0,0,0,0,3
3,14912,1875,0,0,0,0,3
3,14913,1876,0,0,0,0,3
3,14914,1877,0,0,0,0,3
3,14919,1878,0,0,0,0,3
3,14920,1879,0,0,0,0,3
3,14921,1880,0,0,0,0,3
3,14922,1881,0,0,0,0,1
3,14923,1882,0,0,0,0,2
3,14924,1883,0,0,0,0,3
3,14925,1884,0,0,0,0,3
3,14926,1885,0,0,0,0,3
3,14927,1886,0,0,0,0,3
3,14928,1887,0,0,0,0,3
3,14932,1888,0,0,0,0,3
3,14933,1889,0,0,0,0,3
3,14934,1890,0,0,0,0,3
3,14935,1891,0,0,0,0,3
3,14937,1892,0,0,0,0,3
3,14938,1893,0,0,0,0,3
3,14939,1894,0,0,0,0,3
3,14940,1895,0,0,0,0,3
3,14941,1896,0,0,0,0,3
3,14945,1897,0,0,0,0,3
3,14946,1898,0,0,0,0,3
3,14947,1899,0,0,0,0,3
3,14948,1900,0,0,0,0,1
3,14949,1901,0,0,0,0,2
3,14951,1902,0,0,0,0,3
3,14952,1903,0,0,0,0,3
3,14953,1904,0,0,0,0,3
3,14954,1905,0,0,0,0,3
3,14958,1906,0,0,0,0,3
3,14959,1907,0,0,0,0,3
3,14960,1908,0,0,0,0,3
3,14961,1909,0,0,0,0,3
3,14962,1910,0,0,0,0,3
3,14963,1911,0,0,0,0,3
3,14965,1912,0,0,0,0,3
3,14966,1913,0,0,0,0,3
3,14967,1914,0,0,0,0,3
3,14971,1915,0,0,0,0,3
3,14972,1916,0,0,0,0,3
3,14973,1917,0,0,0,0,3
3,14974,1918,0,0,0,0,3
3,14975,1919,0,0,0,0,1
3,14976,1920,0,0,0,0,2
3,14977,1921,0,0,0,0,3
3,14979,1922,0,0,0,0,3
3,14980,1923,0,0,0,0,3
3,14984,1924,0,0,0,0,3
3,14985,1925,0,0,0,0,3
3,14986,1926,0,0,0,0,3
3,14987,1927,0,0,0,0,3
3,14988,1928,0,0,0,0,3
3,14989,1929,0,0,0,0,3
3,14990,1930,0,0,0,0,3
3,14991,1931,0,0,0,0,3
3,14993,1932,0,0,0,0,3
3,14997,1933,0,0,0,0,3
3,14998,1934,0,0,0,0,3
3,14999,1935,0,0,0,0,3
3,15000,1936,0,0,0,0,3
3,15001,1937,0,0,0,0,3
3,15002,1938,0,0,0,0,1
3,15003,1939,0,0,0,0,2
3,15004,1940,0,0,0,0,3
3,15005,1941,0,0,0,0,3
3,15010,1942,0,0,0,0,3
3,15011,1943,0,0,0,0,3
3,15012,1944,0,0,0,0,3
3,15013,1945,0,0,0,0,3
3,15014,1946,0,0,0,0,3
3,15015,1947,0,0,0,0,3
3,15016,1948,0,0,0,0,3
3,15017,1949,0,0,0,0,3
3,15018,1950,0,0,0,0,3
3,15019,1951,0,0,0,0,3
3,15023,1952,0,0,0,0,3
3,15024,1953,0,0,0,0,3
3,15025,1954,0,0,0,0,3
3,15026,1955,0,0,0,0,3
3,15028,1956,0,0,0,0,3
3,15029,1957,0,0,0,0,1
3,15030,1958,0,0,0,0,2
3,15031,1959,0,0,0,0,3
3,15032,1960,0,0,0,0,3
3,15036,1961,0,0,0,0,3
3,15037,1962,0,0,0,0,3
3,15038,1963,0,0,0,0,3
3,15039,1964,0,0,0,0,3
3,15040,1965,0,0,0,0,3
3,15042,1966,0,0,0,0,3
3,15043,1967,0,0,0,0,3
3,15044,1968,0,0,0,0,3
3,15045,1969,0,0,0,0,3
3,15049,1970,0,0,0,0,3
3,15050,1971,0,0,0,0,3
3,15051,1972,0,0,0,0,3
3,15052,1973,0,0,0,0,3
3,15053,1974,0,0,0,0,3
3,15054,1975,0,0,0,0,3
3,15056,1976,0,0,0,0,1
3,15057,1977,0,0,0,0,2
3,15058,1978,0,0,0,0,3
3,15062,1979,0,0,0,0,3
3,15063,1980,0,0,0,0,3
3,15064,1981,0,0,0,0,3
3,15065,1982,0,0,0,0,3
3,15066,1983,0,0,0,0,3
3,15067,1984,0,0,0,0,3
3,15068,1985,0,0,0,0,3
3,15069,1986,0,0,0,0,3
3,15070,1987,0,0,0,0,3
3,15071,1988,0,0,0,0,3
3,15075,1989,0,0,0,0,3
3,15076,1990,0,0,0,0,3
3,15077,1991,0,0,0,0,3
3,15078,1992,0,0,0,0,3
3,15079,1993,0,0,0,0,3
3,15080,1994,0,0,0,0,3
3,15081,1995,0,0,0,0,1
3,15082,1996,0,0,0,0,2
3,15083,1997,0,0,0,0,3
3,15084,1998,0,0,0,0,3
3,15088,1999,0,0,0,0,3
3,15089,2000,0,0,0,0,3
3,15090,2001,0,0,0,0,3
3,15091,2002,0,0,0,0,3
3,15092,2003,0,0,0,0,3
3,15093,2004,0,0,0,0,3
3,15094,2005,0,0,0,0,3
3,15095,2006,0,0,0,0,3
3,15096,2007,0,0,0,0,3
3,15097,2008,0,0,0,0,3
3,15101,2009,0,0,0,0,3
3,15102,2010,0,0,0,0,3
3,15103,2011,0,0,0,0,3
3,15104,2012,0,0,0,0,3
3,15105,2013,0,0,0,0,3
3,15106,2014,0,0,0,0,1
3,15107,2015,0,0,0,0,2
3,15108,2016,0,0,0,0,3
3,15109,2017,0,0,0,0,3
3,15110,2018,0,0,0,0,3
3,15114,2019,0,0,0,0,3
3,15115,2020,0,0,0,0,3
3,15116,2021,0,0,0,0,3
3,15117,2022,0,0,0,0,3
3,15118,2023,0,0,0,0,3
3,15119,2024,0,0,0,0,3
3,15120,2025,0,0,0,0,3
3,15121,2026,0,0,0,0,3
3,15122,2027,0,0,0,0,3
3,15123,2028,0,0,0,0,3
3,15127,2029,0,0,0,0,3
3,15128,2030,0,0,0,0,3
3,15129,2031,0,0,0,0,3
3,15130,2032,0,0,0,0,3
3,15131,2033,0,0,0,0,1
3,15132,2034,0,0,0,0,2
3,15133,2035,0,0,0,0,3
3,15134,2036,0,0,0,0,3
3,15135,2037,0,0,0,0,3
3,15136,2038,0,0,0,0,3
3,15140,2039,0,0,0,0,3
3,15141,2040,0,0,0,0,3
3,15142,2041,0,0,0,0,3
3,15143,2042,0,0,0,0,3
3,15144,2043,0,0,0,0,3
3,15145,2044,0,0,0,0,3
3,15146,2045,0,0,0,0,3
3,15147,2046,0,0,0,0,3
3,15148,2047,0,0,0,1,3
3,15270,2048,-32768,0,0,0,3
3,15271,2049,32767,8,8,0,3
3,15272,2050,0,16,16,0,3
3,15273,2051,1,0,0,0,3
3,15274,2052,-1,-1,-1,0,1
3,15275,2053,4096,-17,-17,0,2
3,15276,2054,-4096,-10,-10,0,3
3,15277,2055,16384,-3,-3,0,3
3,15278,2056,-313,-5,-5,0,3
3,15283,2057,1058,-12,-12,0,3
3,15284,2058,-2881,13,13,0,3
3,15285,2059,4787,5,5,0,3
3,15286,2060,5663,4,4,0,3
3,15287,2061,-7544,-12,-12,0,3
3,15288,2062,-2437,-20,-20,0,3
3,15289,2063,-15333,-28,-28,0,3
3,15290,2064,17625,-13,-13,0,3
3,15291,2065,-9203,-1,-1,0,3
3,15292,2066,18023,1,1,0,3
3,15296,2067,17522,26,26,0,3
3,15297,2068,26392,12,12,0,3
3,15298,2069,-10785,-34,-34,0,3
3,15299,2070,-9896,-72,-72,0,3
3,15301,2071,4310,-66,-66,0,1
3,15302,2072,27851,-81,-81,0,2
3,15303,2073,15632,-33,-33,0,3
3,15304,2074,22205,-13,-13,0,3
3,15305,2075,30555,-10,-10,0,3
3,15309,2076,-17530,-11,-11,0,3
3,15310,2077,-25498,-35,-35,0,3
3,15311,2078,17436,-90,-90,0,3
3,15312,2079,-1771,-116,-116,0,3
3,15313,2080,-20580,-139,-139,0,3
3,15315,2081,-15716,-104,-104,0,3
3,15316,2082,-29654,-57,-57,0,3
3,15317,2083,1062,27,27,0,3
3,15318,2084,32254,62,62,0,3
3,15322,2085,12223,-2,-2,0,3
3,15323,2086,-25126,-84,-84,0,3
3,15324,2087,29822,-207,-207,0,3
3,15325,2088,-14620,-279,-279,0,3
3,15326,2089,8957,-250,-250,0,3
3,15327,2090,-10063,-139,-139,0,1
3,15329,2091,-28452,-32,-32,0,2
3,15330,2092,-14765,120,120,0,3
3,15331,2093,8201,150,150,0,3
3,15335,2094,30832,25,25,0,3
3,15336,2095,22159,-201,-201,0,3
3,15337,2096,-23189,-343,-343,0,3
3,15338,2097,-6398,-496,-496,0,3
3,15339,2098,15633,-446,-446,0,3
3,15340,2099,12449,-242,-242,0,3
3,15341,2100,-3880,15,15,0,3
3,15343,2101,-9083,244,244,0,3
3,15344,2102,23238,341,341,0,3
3,15348,2103,-13089,208,208,0,3
3,15349,2104,-32554,-111,-111,0,3
3,15350,2105,16954,-492,-492,0,3
3,15351,2106,-24987,-892,-892,0,3
3,15352,2107,-29718,-1173,-1173,0,3
3,15353,2108,30952,-1282,-1282,0,3
3,15354,2109,-2983,-1327,-1327,0,1
3,15355,2110,31983,-1373,-1373,0,2
3,15357,2111,-873,-1260,-1260,0,3
3,15361,2112,22612,-1074,-1074,0,3
3,15362,2113,-31856,-562,-562,0,3
3,15363,2114,-31687,430,430,0,3
3,15364,2115,25719,1870,1870,0,3
3,15365,2116,7244,3498,3498,0,3
3,15366,2117,-17284,4874,4874,0,3
3,15367,2118,8454,5493,5493,0,3
3,15368,2119,4228,5042,5042,0,3
3,15369,2120,26641,3374,3374,0,3
3,15374,2121,-6778,918,918,0,3
3,15375,2122,32322,-1753,-1753,0,3
3,15376,2123,-25239,-3591,-3591,0,3
3,15377,2124,-11268,-3901,-3901,0,3
3,15378,2125,-25931,-2637,-2637,0,3
3,15379,2126,24443,-2,-2,0,3
3,15380,2127,-18083,3145,3145,0,3
3,15381,2128,12362,5667,5667,0,1
3,15382,2129,-11978,7135,7135,0,2
3,15383,2130,29904,7325,7325,0,3
3,15387,2131,13903,6721,6721,0,3
3,15388,2132,-29361,6268,6268,0,3
3,15389,2133,22215,6890,6890,0,3
3,15390,2134,-12459,8932,8932,0,3
3,15392,2135,-32538,11911,11911,0,3
3,15393,2136,-28509,14704,14704,0,3
3,15394,2137,-13800,15832,15832,0,3
3,15395,2138,17831,14128,14128,0,3
3,15396,2139,2757,9413,9413,0,3
3,15400,2140,-28515,2128,2128,0,3
3,15401,2141,-22564,-5809,-5809,0,3
3,15402,2142,11855,-12167,-12167,0,3
3,15403,2143,-6788,-15432,-15432,0,3
3,15404,2144,-10473,-14565,-14565,0,3
3,15406,2145,-4994,-10207,-10207,0,3
3,15407,2146,24402,-3865,-3865,0,3
3,15408,2147,-15956,2343,2343,0,1
3,15409,2148,-27234,6482,6482,0,2
3,15413,2149,-10455,7502,7502,0,3
3,15414,2150,-8326,5368,5368,0,3
3,15415,2151,-22839,1250,1250,0,3
3,15416,2152,-21994,-3248,-3248,0,3
3,15417,2153,590,-6771,-6771,0,3
3,15418,2154,15663,-7989,-7989,0,3
3,15420,2155,-419,-6798,-6798,0,3
3,15421,2156,30511,-3861,-3861,0,3
3,15422,2157,8314,141,141,0,3
3,15426,2158,18289,4072,4072,0,3
3,15427,2159,-6517,7152,7152,0,3
3,15428,2160,-25801,8854,8854,0,3
3,15429,2161,30975,8985,8985,0,3
3,15430,2162,135,7528,7528,0,3
3,15431,2163,26627,4470,4470,0,3
3,15432,2164,-9502,324,324,0,3
3,15434,2165,21076,-4328,-4328,0,3
3,15435,2166,31303,-8640,-8640,0,1
3,15439,2167,25198,-11190,-11190,0,2
3,15440,2168,5783,-11460,-11460,0,3
3,15441,2169,1924,-8939,-8939,0,3
3,15442,2170,-9706,-4116,-4116,0,3
3,15443,2171,31167,1650,1650,0,3
3,15444,2172,-8860,6556,6556,0,3
3,15445,2173,-16789,9046,9046,0,3
3,15446,2174,5282,8312,8312,0,3
3,15448,2175,-20441,4648,4648,0,3
3,15452,2176,17108,-573,-573,0,3
3,15453,2177,-6621,-5153,-5153,0,3
3,15454,2178,27528,-7276,-7276,0,3
3,15455,2179,22774,-5879,-5879,0,3
3,15456,2180,-14482,-1341,-1341,0,3
3,15457,2181,19461,4471,4471,0,3
3,15458,2182,11249,9611,9611,0,3
3,15459,2183,8664,11908,11908,0,3
3,15460,2184,31369,10295,10295,0,3
3,15465,2185,-27563,5456,5456,0,1
3,15466,2186,-26353,-996,-996,0,2
3,15467,2187,24720,-6583,-6583,0,3
3,15468,2188,-25759,-9404,-9404,0,3
3,15469,2189,-8832,-8525,-8525,0,3
3,15470,2190,-6080,-4365,-4365,0,3
3,15471,2191,5692,1207,1207,0,3
3,15472,2192,-32744,6323,6323,0,3
3,15473,2193,-15062,8806,8806,0,3
3,15474,2194,-30385,7736,7736,0,3
3,15478,2195,-20957,3679,3679,0,3
3,15479,2196,-32152,-2277,-2277,0,3
3,15480,2197,-6402,-8394,-8394,0,3
3,15481,2198,1720,-13011,-13011,0,3
3,15483,2199,32706,-15470,-15470,0,3
3,15484,2200,-16758,-15596,-15596,0,3
3,15485,2201,12037,-14058,-14058,0,3
3,15486,2202,-10993,-11531,-11531,0,3
3,15487,2203,-20472,-8796,-8796,0,3
3,15491,2204,-9831,-6254,-6254,0,1
3,15492,2205,-30903,-3926,-3926,0,2
3,15493,2206,31093,-2262,-2262,0,3
3,15494,2207,25585,-1469,-1469,0,3
3,15495,2208,22451,-1666,-1666,0,3
3,15497,2209,604,-3609,-3609,0,3
3,15498,2210,12223,-6833,-6833,0,3
3,15499,2211,-21183,-10881,-10881,0,3
3,15500,2212,16511,-14708,-14708,0,3
3,15504,2213,-1053,-16798,-16798,0,3
3,15505,2214,6325,-16244,-16244,0,3
3,15506,2215,-9180,-12466,-12466,0,3
3,15507,2216,-24963,-6173,-6173,0,3
3,15508,2217,-20998,1228,1228,0,3
3,15509,2218,-14792,7858,7858,0,3
3,15511,2219,-24584,12125,12125,0,3
3,15512,2220,12518,13263,13263,0,3
3,15513,2221,-436,11448,11448,0,3
3,15517,2222,-7080,7736,7736,0,3
3,15518,2223,26861,4302,4302,0,1
3,15519,2224,-27824,2395,2395,0,2
3,15520,2225,-6542,3033,3033,0,3
3,15521,2226,-19523,6296,6296,0,3
3,15522,2227,25776,11093,11093,0,3
3,15523,2228,25923,16123,16123,0,3
3,15525,2229,-7607,19512,19512,0,3
3,15526,2230,11371,20416,20416,0,3
3,15530,2231,-19334,18439,18439,0,3
3,15531,2232,-5832,13816,13816,0,3
3,15532,2233,-29019,7808,7808,0,3
3,15533,2234,-9591,1532,1532,0,3
3,15534,2235,453,-3606,-3606,0,3
3,15535,2236,25742,-6416,-6416,0,3
3,15536,2237,-26800,-6824,-6824,0,3
3,15537,2238,-10186,-4435,-4435,0,3
3,15539,2239,21202,-56,-56,0,3
3,15543,2240,20513,5220,5220,0,3
3,15544,2241,-32609,10299,10299,0,3
3,15545,2242,28549,13928,13928,0,1
3,15546,2243,25136,15327,15327,0,2
3,15547,2244,22437,14235,14235,0,3
3,15548,2245,-18819,10989,10989,0,3
3,15549,2246,-12613,6661,6661,0,3
3,15550,2247,-29054,2346,2346,0,3
3,15551,2248,9712,-979,-979,0,3
3,15556,2249,-32360,-2980,-2980,0,3
3,15557,2250,13806,-3940,-3940,0,3
3,15558,2251,22094,-4435,-4435,0,3
3,15559,2252,-9102,-5873,-5873,0,3
3,15560,2253,12771,-8709,-8709,0,3
3,15561,2254,-23128,-12990,-12990,0,3
3,15562,2255,8034,-17870,-17870,0,3
3,15563,2256,-1264,-21844,-21844,0,3
3,15564,2257,-18708,-23514,-23514,0,3
3,15565,2258,-16894,-21929,-21929,0,3
3,15569,2259,11393,-17163,-17163,0,3
3,15570,2260,-16876,-10469,-10469,0,3
3,15571,2261,-18778,-3752,-3752,0,1
3,15572,2262,-16772,963,963,0,2
3,15574,2263,24126,2529,2529,0,3
3,15575,2264,15487,1035,1035,0,3
3,15576,2265,-24679,-2671,-2671,0,3
3,15577,2266,4554,-6310,-6310,0,3
3,15578,2267,-22565,-7962,-7962,0,3
3,15582,2268,-31567,-6360,-6360,0,3
3,15583,2269,-7421,-1583,-1583,0,3
3,15584,2270,2094,5073,5073,0,3
3,15585,2271,-27460,11629,11629,0,3
3,15586,2272,8831,15947,15947,0,3
3,15588,2273,6419,16512,16512,0,3
3,15589,2274,19114,13089,13089,0,3
3,15590,2275,15431,6604,6604,0,3
3,15591,2276,-18950,-1135,-1135,0,3
3,15595,2277,16349,-8182,-8182,0,3
3,15596,2278,9055,-13178,-13178,0,3
3,15597,2279,30861,-15163,-15163,0,3
3,15598,2280,-21654,-14582,-14582,0,1
3,15599,2281,4739,-12288,-12288,0,2
3,15600,2282,16118,-9378,-9378,0,3
3,15602,2283,26639,-6718,-6718,0,3
3,15603,2284,30228,-4756,-4756,0,3
3,15604,2285,21675,-3470,-3470,0,3
3,15608,2286,1839,-2474,-2474,0,3
3,15609,2287,21384,-1123,-1123,0,3
3,15610,2288,14172,519,519,0,3
3,15611,2289,-19719,2329,2329,0,3
3,15612,2290,-10995,3899,3899,0,3
3,15613,2291,-24256,4590,4590,0,3
3,15614,2292,29938,4047,4047,0,3
3,15616,2293,-15849,1997,1997,0,3
3,15617,2294,1012,-1253,-1253,0,3
3,15621,2295,32666,-4920,-4920,0,3
3,15622,2296,16123,-8206,-8206,0,3
3,15623,2297,23482,-10372,-10372,0,3
3,15624,2298,-12901,-10709,-10709,0,3
3,15625,2299,-9405,-8928,-8928,0,1
3,15626,2300,-3985,-5125,-5125,0,2
3,15627,2301,19400,-127,-127,0,3
3,15628,2302,18918,5335,5335,0,3
3,15630,2303,21629,10042,10042,0,3
3,15634,2304,-5130,12843,12843,0,3
3,15635,2305,13816,13120,13120,0,3
3,15636,2306,26624,10589,10589,0,3
3,15637,2307,-16504,5781,5781,0,3
3,15638,2308,18950,-218,-218,0,3
3,15639,2309,4839,-5838,-5838,0,3
3,15640,2310,18096,-9691,-9691,0,3
3,15641,2311,19588,-10816,-10816,0,3
3,15642,2312,5034,-9070,-9070,0,3
3,15647,2313,23945,-5038,-5038,0,3
3,15648,2314,3210,-224,-224,0,3
3,15649,2315,-30579,3778,3778,0,3
3,15650,2316,14357,5483,5483,0,3
3,15651,2317,4179,4262,4262,0,3
3,15652,2318,10184,387,387,0,1
3,15653,2319,21283,-4933,-4933,0,2
3,15654,2320,19605,-10078,-10078,0,3
3,15655,2321,22184,-13465,-13465,0,3
3,15656,2322,4498,-13935,-13935,0,3
3,15660,2323,4440,-11512,-11512,0,3
3,15661,2324,405,-7044,-7044,0,3
3,15662,2325,1417,-2212,-2212,0,3
3,15663,2326,-9009,1135,1135,0,3
3,15665,2327,-5597,1595,1595,0,3
3,15666,2328,-4818,-1066,-1066,0,3
3,15667,2329,-8914,-6278,-6278,0,3
3,15668,2330,32640,-12364,-12364,0,3
3,15669,2331,-13539,-17263,-17263,0,3
3,15673,2332,-12865,-19038,-19038,0,3
3,15674,2333,4142,-16838,-16838,0,3
3,15675,2334,-28162,-11075,-11075,0,3
3,15676,2335,-21262,-3216,-3216,0,3
3,15677,2336,7901,4575,4575,0,3
3,15679,2337,31521,10180,10180,0,1
3,15680,2338,-16882,12301,12301,0,2
3,15681,2339,8178,10873,10873,0,3
3,15682,2340,-16729,7133,7133,0,3
3,15686,2341,22147,3267,3267,0,3
3,15687,2342,26362,1227,1227,0,3
3,15688,2343,31513,2386,2386,0,3
3,15689,2344,-3743,6902,6902,0,3
3,15690,2345,-8495,13434,13434,0,3
3,15691,2346,-5718,19760,19760,0,3
3,15693,2347,-12447,23612,23612,0,3
3,15694,2348,4377,23405,23405,0,3
3,15695,2349,-9584,18816,18816,0,3
3,15699,2350,-23856,11037,11037,0,3
3,15700,2351,6843,2314,2314,0,3
3,15701,2352,-18512,-4809,-4809,0,3
3,15702,2353,2958,-8497,-8497,0,3
3,15703,2354,-31445,-8057,-8057,0,3
3,15704,2355,-17898,-4255,-4255,0,3
3,15705,2356,9436,1332,1332,0,1
3,15707,2357,-8259,6631,6631,0,2
3,15708,2358,2043,10017,10017,0,3
3,15712,2359,13094,10898,10898,0,3
3,15713,2360,31072,9673,9673,0,3
3,15714,2361,1411,7341,7341,0,3
3,15715,2362,11152,5256,5256,0,3
3,15716,2363,-16795,4299,4299,0,3
3,15717,2364,-16730,4777,4777,0,3
3,15718,2365,15309,6283,6283,0,3
3,15719,2366,30315,8032,8032,0,3
3,15721,2367,-30179,9428,9428,0,3
3,15725,2368,6058,10170,10170,0,3
3,15726,2369,13518,10426,10426,0,3
3,15727,2370,-29254,10475,10475,0,3
3,15728,2371,-17985,10739,10739,0,3
3,15729,2372,-11982,11239,11239,0,3
3,15730,2373,-19846,11494,11494,0,3
3,15731,2374,-13980,11014,11014,0,3
3,15732,2375,17207,9409,9409,0,1
3,15733,2376,-12421,6763,6763,0,2
3,15738,2377,14183,3906,3906,0,3
3,15739,2378,20318,1734,1734,0,3
3,15740,2379,-8947,1261,1261,0,3
3,15741,2380,27935,3151,3151,0,3
3,15742,2381,-32524,6912,6912,0,3
3,15743,2382,29690,11438,11438,0,3
3,15744,2383,-32765,15106,15106,0,3
3,15745,2384,24966,16374,16374,0,3
3,15746,2385,-32008,14548,14548,0,3
3,15747,2386,32195,9913,9913,0,3
3,15751,2387,-24201,3860,3860,0,3
3,15752,2388,24801,-1887,-1887,0,3
3,15753,2389,-19744,-5635,-5635,0,3
3,15754,2390,11242,-6549,-6549,0,3
3,15756,2391,2638,-5039,-5039,0,3
3,15757,2392,25773,-2353,-2353,0,3
3,15758,2393,-5955,-81,-81,0,3
3,15759,2394,27529,208,208,0,1
3,15760,2395,13190,-1708,-1708,0,2
3,15764,2396,21343,-5280,-5280,0,3
3,15765,2397,21273,-9064,-9064,0,3
3,15766,2398,-4131,-11310,-11310,0,3
3,15767,2399,24850,-10628,-10628,0,3
3,15768,2400,16666,-6722,-6722,0,3
3,15770,2401,-31244,-513,-513,0,3
3,15771,2402,27397,6399,6399,0,3
3,15772,2403,-17373,12098,12098,0,3
3,15773,2404,3785,14949,14949,0,3
3,15777,2405,21373,14673,14673,0,3
3,15778,2406,6923,11519,11519,0,3
3,15779,2407,-5431,6766,6766,0,3
3,15780,2408,32458,1977,1977,0,3
3,15781,2409,-6918,-1943,-1943,0,3
3,15782,2410,23519,-4551,-4551,0,3
3,15784,2411,252,-6151,-6151,0,3
3,15785,2412,3828,-7505,-7505,0,3
3,15786,2413,-12544,-9131,-9131,0,1
3,15790,2414,32216,-11192,-11192,0,2
3,15791,2415,29589,-13317,-13317,0,3
3,15792,2416,29092,-14569,-14569,0,3
3,15793,2417,20223,-14088,-14088,0,3
3,15794,2418,-564,-11351,-11351,0,3
3,15795,2419,-15174,-6695,-6695,0,3
3,15796,2420,2002,-1064,-1064,0,3
3,15798,2421,-17656,4200,4200,0,3
3,15799,2422,17461,7749,7749,0,3
3,15803,2423,13060,9133,9133,0,3
3,15804,2424,-2593,8228,8228,0,3
3,15805,2425,483,6031,6031,0,3
3,15806,2426,10972,3686,3686,0,3
3,15807,2427,11109,2024,2024,0,3
3,15808,2428,16965,1225,1225,0,3
3,15809,2429,-3769,1066,1066,0,3
3,15810,2430,-1954,450,450,0,3
3,15812,2431,14446,-1266,-1266,0,3
3,15816,2432,-5990,-4509,-4509,0,1
3,15817,2433,-18781,-8941,-8941,0,2
3,15818,2434,16952,-13323,-13323,0,3
3,15819,2435,-27275,-16092,-16092,0,3
3,15820,2436,-2825,-16058,-16058,0,3
3,15821,2437,-1380,-12804,-12804,0,3
3,15822,2438,-9883,-6938,-6938,0,3
3,15823,2439,14959,24,24,0,3
3,15824,2440,6595,6059,6059,0,3
3,15829,2441,17146,9615,9615,0,3
3,15830,2442,-26450,9899,9899,0,3
3,15831,2443,-8381,7202,7202,0,3
3,15832,2444,29857,2848,2848,0,3
3,15833,2445,6016,-1519,-1519,0,3
3,15834,2446,-3268,-4448,-4448,0,3
3,15835,2447,-2653,-5328,-5328,0,3
3,15836,2448,17792,-4194,-4194,0,3
3,15837,2449,15756,-1910,-1910,0,3
3,15838,2450,7925,322,322,0,3
3,15842,2451,30776,1841,1841,0,1
3,15843,2452,29716,2503,2503,0,2
3,15844,2453,-655,2753,2753,0,3
3,15845,2454,-23700,3642,3642,0,3
3,15847,2455,27849,5853,5853,0,3
3,15848,2456,-12086,9390,9390,0,3
3,15849,2457,-24304,13710,13710,0,3
3,15850,2458,29382,17500,17500,0,3
3,15851,2459,17521,19447,19447,0,3
3,15855,2460,-17538,18564,18564,0,3
3,15856,2461,-32253,15014,15014,0,3
3,15857,2462,7051,9679,9679,0,3
3,15858,2463,14187,4124,4124,0,3
3,15859,2464,11912,42,42,0,3
3,15861,2465,-20911,-1540,-1540,0,3
3,15862,2466,17135,-389,-389,0,3
3,15863,2467,-30798,2693,2693,0,3
3,15864,2468,-11619,6338,6338,0,3
3,15868,2469,-23530,8985,8985,0,3
3,15869,2470,11468,9773,9773,0,1
3,15870,2471,14350,8751,8751,0,2
3,15871,2472,18770,6730,6730,0,3
3,15872,2473,-3841,5045,5045,0,3
3,15873,2474,-13238,5011,5011,0,3
3,15875,2475,-8484,6941,6941,0,3
3,15876,2476,30124,10532,10532,0,3
3,15877,2477,4235,14704,14704,0,3
3,15881,2478,20497,17547,17547,0,3
3,15882,2479,-14838,18068,18068,0,3
3,15883,2480,-19090,15763,15763,0,3
3,15884,2481,26590,10908,10908,0,3
3,15885,2482,-26464,4850,4850,0,3
3,15886,2483,-4847,-709,-709,0,3
3,15887,2484,-17306,-4279,-4279,0,3
3,15889,2485,14622,-4990,-4990,0,3
3,15890,2486,12723,-2872,-2872,0,3
3,15894,2487,-2471,1091,1091,0,3
3,15895,2488,5411,5587,5587,0,3
3,15896,2489,7552,9226,9226,0,1
3,15897,2490,25963,10942,10942,0,2
3,15898,2491,-29004,10372,10372,0,3
3,15899,2492,-27863,7827,7827,0,3
3,15900,2493,29321,3920,3920,0,3
3,15901,2494,-1370,-351,-351,0,3
3,15903,2495,-13166,-4126,-4126,0,3
3,15907,2496,24432,-6848,-6848,0,3
3,15908,2497,-29277,-8169,-8169,0,3
3,15909,2498,-26604,-7917,-7917,0,3
3,15910,2499,-21367,-6421,-6421,0,3
3,15911,2500,32641,-4131,-4131,0,3
3,15912,2501,-31203,-1652,-1652,0,3
3,15913,2502,20865,584,584,0,3
3,15914,2503,9062,2017,2017,0,3
3,15915,2504,622,2519,2519,0,3
3,15920,2505,17410,2184,2184,0,3
3,15921,2506,16753,1339,1339,0,3
3,15922,2507,-19584,760,760,0,3
3,15923,2508,-20892,1133,1133,0,1
3,15924,2509,32667,2772,2772,0,2
3,15925,2510,-548,5823,5823,0,3
3,15926,2511,-29846,9750,9750,0,3
3,15927,2512,32373,13545,13545,0,3
3,15928,2513,23815,16186,16186,0,3
3,15929,2514,-14055,16844,16844,0,3
3,15933,2515,-3171,15174,15174,0,3
3,15934,2516,13990,11429,11429,0,3
3,15935,2517,-13677,6698,6698,0,3
3,15936,2518,-18437,2035,2035,0,3
3,15938,2519,24866,-1724,-1724,0,3
3,15939,2520,23758,-3677,-3677,0,3
3,15940,2521,31204,-3836,-3836,0,3
3,15941,2522,-10077,-2731,-2731,0,3
3,15942,2523,28198,-1115,-1115,0,3
3,15946,2524,7090,179,179,0,3
3,15947,2525,-21771,513,513,0,3
3,15948,2526,-11615,-242,-242,0,3
3,15949,2527,13110,-1961,-1961,0,1
3,15950,2528,-30641,-4177,-4177,0,2
3,15952,2529,-2796,-6321,-6321,0,3
3,15953,2530,-5319,-7674,-7674,0,3
3,15954,2531,12474,-8202,-8202,0,3
3,15955,2532,-3918,-7530,-7530,0,3
3,15959,2533,-6034,-5603,-5603,0,3
3,15960,2534,22118,-2746,-2746,0,3
3,15961,2535,-22804,641,641,0,3
3,15962,2536,32484,4143,4143,0,3
3,15963,2537,-31965,6935,6935,0,3
3,15964,2538,-26971,8411,8411,0,3
3,15966,2539,-23251,8320,8320,0,3
3,15967,2540,-32591,6505,6505,0,3
3,15968,2541,-27115,3406,3406,0,3
3,15972,2542,-25490,-222,-222,0,3
3,15973,2543,19079,-3526,-3526,0,3
3,15974,2544,11767,-5730,-5730,0,3
3,15975,2545,21328,-6148,-6148,0,3
3,15976,2546,-17475,-5064,-5064,0,1
3,15977,2547,14249,-2907,-2907,0,2
3,15978,2548,23071,-188,-188,0,3
3,15980,2549,-26058,2143,2143,0,3
3,15981,2550,409,3574,3574,0,3
3,15985,2551,28556,4080,4080,0,3
3,15986,2552,-27671,4007,4007,0,3
3,15987,2553,-9287,3434,3434,0,3
3,15988,2554,-12889,2489,2489,0,3
3,15989,2555,-9754,1317,1317,0,3
3,15990,2556,-1591,-244,-244,0,3
3,15991,2557,-10597,-2522,-2522,0,3
3,15992,2558,-26461,-5301,-5301,0,3
3,15994,2559,11326,-8192,-8192,0,3
3,15998,2560,-29421,-10268,-10268,0,3
3,15999,2561,24028,-10898,-10898,0,3
3,16000,2562,-14253,-9639,-9639,0,3
3,16001,2563,22845,-6327,-6327,0,3
3,16002,2564,10593,-1740,-1740,0,3
3,16003,2565,30382,2952,2952,0,1
3,16004,2566,3248,6508,6508,0,2
3,16005,2567,-21720,7974,7974,0,3
3,16006,2568,15242,7333,7333,0,3
3,16011,2569,7479,5019,5019,0,3
3,16012,2570,-30611,2326,2326,0,3
3,16013,2571,28823,369,369,0,3
3,16014,2572,12925,-85,-85,0,3
3,16015,2573,-8845,1024,1024,0,3
3,16016,2574,-802,2901,2901,0,3
3,16017,2575,4368,4663,4663,0,3
3,16018,2576,17337,5332,5332,0,3
3,16019,2577,18351,4490,4490,0,3
3,16020,2578,9973,2547,2547,0,3
3,16024,2579,-15198,635,635,0,3
3,16025,2580,-2809,64,64,0,3
3,16026,2581,-19190,1493,1493,0,3
3,16027,2582,-7417,5079,5079,0,3
3,16029,2583,-13445,10061,10061,0,3
3,16030,2584,7585,14580,14580,0,1
3,16031,2585,21300,16906,16906,0,2
3,16032,2586,-2867,15843,15843,0,3
3,16033,2587,9402,10969,10969,0,3
3,16037,2588,-12147,3442,3442,0,3
3,16038,2589,-14339,-4805,-4805,0,3
3,16039,2590,30430,-11381,-11381,0,3
3,16040,2591,7413,-14670,-14670,0,3
3,16041,2592,-2537,-13579,-13579,0,3
3,16043,2593,13155,-8509,-8509,0,3
3,16044,2594,2110,-1451,-1451,0,3
3,16045,2595,-11976,5432,5432,0,3
3,16046,2596,3842,9651,9651,0,3
3,16050,2597,14584,9499,9499,0,3
3,16051,2598,24918,4857,4857,0,3
3,16052,2599,8898,-3405,-3405,0,3
3,16053,2600,9307,-13270,-13270,0,3
3,16054,2601,20809,-21974,-21974,0,3
3,16055,2602,27474,-27191,-27191,0,3
3,16057,2603,7190,-27829,-27829,0,1
3,16058,2604,-8022,-23751,-23751,0,2
3,16059,2605,-14329,-15918,-15918,0,3
3,16063,2606,-2274,-6509,-6509,0,3
3,16064,2607,31309,2245,2245,0,3
3,16065,2608,-7344,8596,8596,0,3
3,16066,2609,-6320,11389,11389,0,3
3,16067,2610,-15416,10754,10754,0,3
3,16068,2611,-10392,7735,7735,0,3
3,16069,2612,-18886,3407,3407,0,3
3,16071,2613,-14072,-764,-764,0,3
3,16072,2614,1286,-3822,-3822,0,3
3,16076,2615,24317,-5807,-5807,0,3
3,16077,2616,30041,-7012,-7012,0,3
3,16078,2617,25416,-7992,-7992,0,3
3,16079,2618,17829,-9167,-9167,0,3
3,16080,2619,-15897,-10760,-10760,0,3
3,16081,2620,-19924,-11967,-11967,0,3
3,16082,2621,8908,-12188,-12188,0,3
3,16083,2622,27956,-10703,-10703,0,1
3,16085,2623,-12904,-7095,-7095,0,2
3,16089,2624,-20025,-1786,-1786,0,3
3,16090,2625,-30430,4219,4219,0,3
3,16091,2626,12153,9597,9597,0,3
3,16092,2627,-29614,12891,12891,0,3
3,16093,2628,27663,13360,13360,0,3
3,16094,2629,-12099,11027,11027,0,3
3,16095,2630,-25845,6764,6764,0,3
3,16096,2631,20989,2152,2152,0,3
3,16097,2632,-19154,-1555,-1555,0,3
3,16102,2633,1011,-3058,-3058,0,3
3,16103,2634,10711,-2046,-2046,0,3
3,16104,2635,15962,953,953,0,3
3,16105,2636,9373,4958,4958,0,3
3,16106,2637,3390,8553,8553,0,3
3,16107,2638,-23187,10561,10561,0,3
3,16108,2639,-4476,10398,10398,0,3
3,16109,2640,-20789,7952,7952,0,3
3,16110,2641,-2104,3879,3879,0,1
3,16111,2642,17246,-872,-872,0,2
3,16115,2643,30362,-5038,-5038,0,3
3,16116,2644,-26870,-7791,-7791,0,3
3,16117,2645,-4257,-8542,-8542,0,3
3,16118,2646,24262,-7303,-7303,0,3
3,16120,2647,-1278,-4486,-4486,0,3
3,16121,2648,-1269,-837,-837,0,3
3,16122,2649,22369,2694,2694,0,3
3,16123,2650,328,5319,5319,0,3
3,16124,2651,-4881,6526,6526,0,3
3,16128,2652,13423,6276,6276,0,3
3,16129,2653,22682,4811,4811,0,3
3,16130,2654,-23189,2786,2786,0,3
3,16131,2655,-24646,1118,1118,0,3
3,16132,2656,18998,553,553,0,3
3,16134,2657,-19179,1386,1386,0,3
3,16135,2658,-20728,3693,3693,0,3
3,16136,2659,18370,6767,6767,0,3
3,16137,2660,-1911,9960,9960,0,1
3,16141,2661,-7144,12567,12567,0,2
3,16142,2662,30361,13977,13977,0,3
3,16143,2663,-21158,14050,14050,0,3
3,16144,2664,-2078,13165,13165,0,3
3,16145,2665,-7250,11752,11752,0,3
3,16146,2666,-17024,10010,10010,0,3
3,16148,2667,6380,8265,8265,0,3
3,16149,2668,17693,6250,6250,0,3
3,16150,2669,-26019,3509,3509,0,3
3,16154,2670,-2699,-39,-39,0,3
3,16155,2671,-3817,-4227,-4227,0,3
3,16156,2672,9469,-8548,-8548,0,3
3,16157,2673,17953,-11652,-11652,0,3
3,16158,2674,6137,-12556,-12556,0,3
3,16159,2675,4235,-10611,-10611,0,3
3,16160,2676,-3709,-5756,-5756,0,3
3,16162,2677,-3945,1173,1173,0,3
3,16163,2678,-31557,8267,8267,0,3
3,16167,2679,14882,13839,13839,0,1
3,16168,2680,-19395,16631,16631,0,2
3,16169,2681,6185,15782,15782,0,3
3,16170,2682,-6315,11901,11901,0,3
3,16171,2683,-28654,6214,6214,0,3
3,16172,2684,-31540,53,53,0,3
3,16173,2685,25322,-5013,-5013,0,3
3,16174,2686,32382,-8267,-8267,0,3
3,16176,2687,-7442,-9830,-9830,0,3
3,16180,2688,-14111,-10029,-10029,0,3
3,16181,2689,13140,-9470,-9470,0,3
3,16182,2690,11991,-8730,-8730,0,3
3,16183,2691,10838,-7943,-7943,0,3
3,16184,2692,8091,-6777,-6777,0,3
3,16185,2693,17963,-5028,-5028,0,3
3,16186,2694,-14895,-2631,-2631,0,3
3,16187,2695,-30008,270,270,0,3
3,16188,2696,-14728,2967,2967,0,3
3,16193,2697,-15589,4642,4642,0,3
3,16194,2698,17952,4826,4826,0,1
3,16195,2699,-5258,3262,3262,0,2
3,16196,2700,3877,436,436,0,3
3,16197,2701,-24344,-2582,-2582,0,3
3,16198,2702,3064,-4827,-4827,0,3
3,16199,2703,-25923,-5533,-5533,0,3
3,16200,2704,-20143,-4596,-4596,0,3
3,16201,2705,-27577,-2289,-2289,0,3
3,16202,2706,-2139,645,645,0,3
3,16206,2707,16969,3326,3326,0,3
3,16207,2708,25276,5305,5305,0,3
3,16208,2709,27030,6341,6341,0,3
3,16209,2710,-780,6707,6707,0,3
3,16211,2711,-23126,6923,6923,0,3
3,16212,2712,-11220,6962,6962,0,3
3,16213,2713,8259,6845,6845,0,3
3,16214,2714,9795,6251,6251,0,3
3,16215,2715,23186,4751,4751,0,3
3,16219,2716,30907,2179,2179,0,3
3,16220,2717,1633,-1277,-1277,0,1
3,16221,2718,-1685,-4811,-4811,0,2
3,16222,2719,-8955,-7470,-7470,0,3
3,16223,2720,9663,-8417,-8417,0,3
3,16225,2721,15195,-7259,-7259,0,3
3,16226,2722,4454,-4359,-4359,0,3
3,16227,2723,-30828,-671,-671,0,3
3,16228,2724,-15617,2400,2400,0,3
3,16232,2725,6581,3794,3794,0,3
3,16233,2726,32,3004,3004,0,3
3,16234,2727,-13361,215,215,0,3
3,16235,2728,-23541,-3483,-3483,0,3
3,16236,2729,31150,-6724,-6724,0,3
3,16237,2730,-7217,-8280,-8280,0,3
3,16239,2731,30485,-7492,-7492,0,3
3,16240,2732,11539,-4662,-4662,0,3
3,16241,2733,28391,-573,-573,0,3
3,16245,2734,21880,3447,3447,0,3
3,16246,2735,16410,6156,6156,0,3
3,16247,2736,23540,7069,7069,0,1
3,16248,2737,-19246,5974,5974,0,2
3,16249,2738,14978,3468,3468,0,3
3,16250,2739,-30595,423,423,0,3
3,16251,2740,-24718,-2633,-2633,0,3
3,16253,2741,27511,-5297,-5297,0,3
3,16254,2742,25693,-7308,-7308,0,3
3,16258,2743,10589,-8950,-8950,0,3
3,16259,2744,9554,-10244,-10244,0,3
3,16260,2745,14053,-10847,-10847,0,3
3,16261,2746,15164,-10373,-10373,0,3
3,16262,2747,-11478,-8396,-8396,0,3
3,16263,2748,18433,-4664,-4664,0,3
3,16264,2749,-26122,415,415,0,3
3,16265,2750,11282,5809,5809,0,3
3,16267,2751,11827,10274,10274,0,3
3,16271,2752,23381,12517,12517,0,3
3,16272,2753,-18473,11807,11807,0,3
3,16273,2754,24073,8396,8396,0,3
3,16274,2755,-31013,3267,3267,0,1
3,16275,2756,6038,-2043,-2043,0,2
3,16276,2757,-31184,-5994,-5994,0,3
3,16277,2758,-11553,-7879,-7879,0,3
3,16278,2759,-7684,-7637,-7637,0,3
3,16279,2760,32253,-6301,-6301,0,3
3,16284,2761,-19809,-5046,-5046,0,3
3,16285,2762,-31372,-5180,-5180,0,3
3,16286,2763,-15593,-6988,-6988,0,3
3,16287,2764,-15310,-10100,-10100,0,3
3,16288,2765,-2246,-13093,-13093,0,3
3,16289,2766,-21572,-14715,-14715,0,3
3,16290,2767,-32715,-13815,-13815,0,3
3,16291,2768,16468,-10286,-10286,0,3
3,16292,2769,-1039,-4962,-4962,0,3
3,16293,2770,23795,678,678,0,3
3,16297,2771,5143,5066,5066,0,3
3,16298,2772,12178,7354,7354,0,3
3,16299,2773,-19936,7427,7427,0,3
3,16300,2774,-19180,6031,6031,0,1
3,16302,2775,-4972,4469,4469,0,2
3,16303,2776,23833,3772,3772,0,3
3,16304,2777,-29421,4446,4446,0,3
3,16305,2778,9750,6439,6439,0,3
3,16306,2779,26266,8814,8814,0,3
3,16310,2780,-13771,10542,10542,0,3
3,16311,2781,8628,10852,10852,0,3
3,16312,2782,24540,9340,9340,0,3
3,16313,2783,-14170,6191,6191,0,3
3,16314,2784,20758,2092,2092,0,3
3,16316,2785,-23760,-2276,-2276,0,3
3,16317,2786,-24252,-6265,-6265,0,3
3,16318,2787,-17052,-9320,-9320,0,3
3,16319,2788,-10053,-11049,-11049,0,3
3,16323,2789,-21991,-11304,-11304,0,3
3,16324,2790,-15235,-9475,-9475,0,3
3,16325,2791,-27806,-5404,-5404,0,3
3,16326,2792,13504,781,781,0,3
3,16327,2793,29858,8453,8453,0,1
3,16328,2794,31013,16056,16056,0,2
3,16330,2795,-17018,21963,21963,0,3
3,16331,2796,-4950,24533,24533,0,3
3,16332,2797,5592,23041,23041,0,3
3,16336,2798,-783,17499,17499,0,3
3,16337,2799,-7921,9586,9586,0,3
3,16338,2800,18491,1586,1586,0,3
3,16339,2801,29062,-4206,-4206,0,3
3,16340,2802,30670,-6182,-6182,0,3
3,16341,2803,-12237,-3989,-3989,0,3
3,16342,2804,17161,1117,1117,0,3
3,16344,2805,-6790,7325,7325,0,3
3,16345,2806,-14195,12324,12324,0,3
3,16349,2807,12215,14440,14440,0,3
3,16350,2808,-502,13461,13461,0,3
3,16351,2809,22843,10222,10222,0,3
3,16352,2810,-21803,6277,6277,0,3
3,16353,2811,22999,3297,3297,0,3
3,16354,2812,11746,2021,2021,0,1
3,16355,2813,26019,2409,2409,0,2
3,16356,2814,9392,3500,3500,0,3
3,16358,2815,-30947,4177,4177,0,3
3,16362,2816,9330,3335,3335,0,3
3,16363,2817,32460,777,777,0,3
3,16364,2818,30433,-2736,-2736,0,3
3,16365,2819,-23460,-6288,-6288,0,3
3,16366,2820,8576,-8795,-8795,0,3
3,16367,2821,-19836,-9699,-9699,0,3
3,16368,2822,-28998,-9308,-9308,0,3
3,16369,2823,-32300,-8633,-8633,0,3
3,16370,2824,22798,-8675,-8675,0,3
3,16375,2825,-14730,-10050,-10050,0,3
3,16376,2826,-3494,-12651,-12651,0,3
3,16377,2827,17074,-15538,-15538,0,3
3,16378,2828,-8560,-17172,-17172,0,3
3,16379,2829,17453,-16369,-16369,0,3
3,16380,2830,-21112,-12632,-12632,0,3
3,16381,2831,-5740,-6518,-6518,0,1
3,16382,2832,-31602,214,214,0,2
3,16383,2833,14594,5838,5838,0,3
3,16384,2834,17238,8613,8613,0,3
3,16388,2835,-7272,7608,7608,0,3
3,16389,2836,-28504,3413,3413,0,3
3,16390,2837,-29995,-2381,-2381,0,3
3,16391,2838,-25346,-7306,-7306,0,3
3,16393,2839,-29207,-9636,-9636,0,3
3,16394,2840,-16543,-8103,-8103,0,3
3,16395,2841,-1296,-2982,-2982,0,3
3,16396,2842,-24014,4082,4082,0,3
3,16397,2843,29963,10731,10731,0,3
3,16401,2844,17231,14496,14496,0,3
3,16402,2845,-16255,13843,13843,0,3
3,16403,2846,-18453,8612,8612,0,3
3,16404,2847,14386,-36,-36,0,3
3,16405,2848,6797,-9801,-9801,0,3
3,16407,2849,28082,-18070,-18070,0,3
3,16408,2850,26772,-22718,-22718,0,1
3,16409,2851,-3250,-22742,-22742,0,2
3,16410,2852,-4788,-18538,-18538,0,3
3,16414,2853,-26166,-11480,-11480,0,3
3,16415,2854,-29639,-3810,-3810,0,3
3,16416,2855,-24612,2407,2407,0,3
3,16417,2856,-10974,6150,6150,0,3
3,16418,2857,-27172,7028,7028,0,3
3,16419,2858,-13820,5992,5992,0,3
3,16421,2859,23158,4393,4393,0,3
3,16422,2860,-1396,3412,3412,0,3
3,16423,2861,-26812,3967,3967,0,3
3,16427,2862,-510,5982,5982,0,3
3,16428,2863,29437,8815,8815,0,3
3,16429,2864,26552,11359,11359,0,3
3,16430,2865,23934,12661,12661,0,3
3,16431,2866,23737,12023,12023,0,3
3,16432,2867,32673,9692,9692,0,3
3,16433,2868,-13313,6468,6468,0,3
3,16435,2869,-17502,3099,3099,0,1
3,16436,2870,25144,696,696,0,2
3,16440,2871,-12463,-60,-60,0,3
3,16441,2872,15227,925,925,0,3
3,16442,2873,-25346,3268,3268,0,3
3,16443,2874,8811,6414,6414,0,3
3,16444,2875,21468,9460,9460,0,3
3,16445,2876,8755,11958,11958,0,3
3,16446,2877,5879,13288,13288,0,3
3,16447,2878,31824,13194,13194,0,3
3,16449,2879,12810,11583,11583,0,3
3,16453,2880,5863,8668,8668,0,3
3,16454,2881,-19173,4745,4745,0,3
3,16455,2882,16746,89,89,0,3
3,16456,2883,32371,-4421,-4421,0,3
3,16457,2884,22393,-8177,-8177,0,3
3,16458,2885,-821,-10863,-10863,0,3
3,16459,2886,-28703,-11767,-11767,0,3
3,16460,2887,31534,-10889,-10889,0,3
3,16461,2888,27316,-8595,-8595,0,1
3,16466,2889,-3194,-5465,-5465,0,2
3,16467,2890,-8115,-2215,-2215,0,3
3,16468,2891,22857,424,424,0,3
3,16469,2892,-1238,1899,1899,0,3
3,16470,2893,-668,1947,1947,0,3
3,16471,2894,-8992,539,539,0,3
3,16472,2895,7499,-2067,-2067,0,3
3,16473,2896,21987,-5355,-5355,0,3
3,16474,2897,24810,-9108,-9108,0,3
3,16475,2898,8395,-12885,-12885,0,3
3,16479,2899,-21993,-16090,-16090,0,3
3,16480,2900,-27878,-18483,-18483,0,3
3,16481,2901,18260,-19728,-19728,0,3
3,16482,2902,26247,-19623,-19623,0,3
3,16484,2903,25695,-18218,-18218,0,3
3,16485,2904,26390,-15355,-15355,0,3
3,16486,2905,-10439,-11404,-11404,0,3
3,16487,2906,-5994,-6438,-6438,0,3
3,16488,2907,-16978,-1123,-1123,0,1
3,16492,2908,24117,4051,4051,0,2
3,16493,2909,-27905,8525,8525,0,3
3,16494,2910,11310,11614,11614,0,3
3,16495,2911,-21884,12822,12822,0,3
3,16496,2912,-7156,11747,11747,0,3
3,16498,2913,-1883,8494,8494,0,3
3,16499,2914,-11128,3319,3319,0,3
3,16500,2915,1701,-3130,-3130,0,3
3,16501,2916,11581,-9903,-9903,0,3
3,16505,2917,25274,-15893,-15893,0,3
3,16506,2918,6816,-20195,-20195,0,3
3,16507,2919,-26961,-22040,-22040,0,3
3,16508,2920,30855,-21381,-21381,0,3
3,16509,2921,18052,-18185,-18185,0,3
3,16510,2922,16251,-12927,-12927,0,3
3,16512,2923,2020,-6215,-6215,0,3
3,16513,2924,13500,1245,1245,0,3
3,16514,2925,1326,8595,8595,0,3
3,16518,2926,10464,14966,14966,0,1
3,16519,2927,28335,19492,19492,0,2
3,16520,2928,26881,21454,21454,0,3
3,16521,2929,-22410,20662,20662,0,3
3,16522,2930,4323,17121,17121,0,3
3,16523,2931,6838,11573,11573,0,3
3,16524,2932,-7131,5270,5270,0,3
3,16526,2933,-270,-270,-270,0,3
3,16527,2934,-26628,-3750,-3750,0,3
3,16531,2935,18241,-4469,-4469,0,3
3,16532,2936,-30394,-2315,-2315,0,3
3,16533,2937,-19311,1970,1970,0,3
3,16534,2938,-22832,7060,7060,0,3
3,16535,2939,-651,11374,11374,0,3
3,16536,2940,-25105,13850,13850,0,3
3,16537,2941,-22859,14063,14063,0,3
3,16538,2942,-1764,12675,12675,0,3
3,16540,2943,483,10360,10360,0,3
3,16544,2944,-21256,8387,8387,0,3
3,16545,2945,14345,7474,7474,0,1
3,16546,2946,-27068,7768,7768,0,2
3,16547,2947,3268,8919,8919,0,3
3,16548,2948,27285,10061,10061,0,3
3,16549,2949,-2632,10446,10446,0,3
3,16550,2950,-7979,9612,9612,0,3
3,16551,2951,25511,7713,7713,0,3
3,16552,2952,19491,5484,5484,0,3
3,16557,2953,-31666,3635,3635,0,3
3,16558,2954,-12159,2811,2811,0,3
3,16559,2955,16879,3197,3197,0,3
3,16560,2956,-2338,4334,4334,0,3
3,16561,2957,30102,5586,5586,0,3
3,16562,2958,18736,6041,6041,0,3
3,16563,2959,9428,5496,5496,0,3
3,16564,2960,-22628,4237,4237,0,3
3,16565,2961,3411,2761,2761,0,3
3,16566,2962,19065,2045,2045,0,3
3,16570,2963,-27578,2643,2643,0,3
3,16571,2964,-30694,4728,4728,0,1
3,16572,2965,-14720,7637,7637,0,2
3,16573,2966,-28787,10196,10196,0,3
3,16575,2967,-3953,11547,11547,0,3
3,16576,2968,-30111,10568,10568,0,3
3,16577,2969,-6507,7196,7196,0,3
3,16578,2970,6727,2002,2002,0,3
3,16579,2971,31930,-3815,-3815,0,3
3,16583,2972,1926,-8733,-8733,0,3
3,16584,2973,-19075,-11781,-11781,0,3
3,16585,2974,-23073,-12343,-12343,0,3
3,16586,2975,29147,-10417,-10417,0,3
3,16587,2976,16864,-6788,-6788,0,3
3,16589,2977,27915,-2462,-2462,0,3
3,16590,2978,30064,1559,1559,0,3
3,16591,2979,3587,4712,4712,0,3
3,16592,2980,-18657,6832,6832,0,3
3,16596,2981,-8336,7930,7930,0,3
3,16597,2982,15787,8498,8498,0,3
3,16598,2983,-14719,8900,8900,0,1
3,16599,2984,-32312,9503,9503,0,2
3,16600,2985,-17107,10329,10329,0,3
3,16601,2986,15812,11185,11185,0,3
3,16603,2987,19244,11982,11982,0,3
3,16604,2988,-15511,12435,12435,0,3
3,16605,2989,-1509,12239,12239,0,3
3,16609,2990,4784,11486,11486,0,3
3,16610,2991,-31409,10126,10126,0,3
3,16611,2992,-17870,8151,8151,0,3
3,16612,2993,25727,5432,5432,0,3
3,16613,2994,21680,2163,2163,0,3
3,16614,2995,-26958,-1567,-1567,0,3
3,16615,2996,-25156,-5396,-5396,0,3
3,16617,2997,-14791,-8971,-8971,0,3
3,16618,2998,-6133,-11925,-11925,0,3
3,16622,2999,30018,-14055,-14055,0,3
3,16623,3000,-21188,-15293,-15293,0,3
3,16624,3001,25244,-15782,-15782,0,3
3,16625,3002,-9357,-15699,-15699,0,1
3,16626,3003,9107,-15373,-15373,0,2
3,16627,3004,-28104,-14803,-14803,0,3
3,16628,3005,14094,-13874,-13874,0,3
3,16629,3006,5929,-12254,-12254,0,3
3,16631,3007,-241,-9603,-9603,0,3
3,16635,3008,29190,-5912,-5912,0,3
3,16636,3009,-9716,-1573,-1573,0,3
3,16637,3010,30605,2807,2807,0,3
3,16638,3011,4192,6139,6139,0,3
3,16639,3012,-16244,7566,7566,0,3
3,16640,3013,23527,6804,6804,0,3
3,16641,3014,-1112,4419,4419,0,3
3,16642,3015,5811,1404,1404,0,3
3,16643,3016,7698,-844,-844,0,3
3,16648,3017,16529,-1031,-1031,0,3
3,16649,3018,-22475,1174,1174,0,3
3,16650,3019,21283,5316,5316,0,3
3,16651,3020,-20277,9895,9895,0,3
3,16652,3021,7941,13126,13126,0,1
3,16653,3022,21607,13479,13479,0,2
3,16654,3023,20085,10012,10012,0,3
3,16655,3024,-14663,3078,3078,0,3
3,16656,3025,12958,-5694,-5694,0,3
3,16657,3026,17439,-14214,-14214,0,3
3,16661,3027,21436,-20435,-20435,0,3
3,16662,3028,2540,-22971,-22971,0,3
3,16663,3029,-19315,-21660,-21660,0,3
3,16664,3030,-9137,-17438,-17438,0,3
3,16666,3031,-23482,-11923,-11923,0,3
3,16667,3032,4849,-6597,-6597,0,3
3,16668,3033,25700,-2673,-2673,0,3
3,16669,3034,4963,-182,-182,0,3
3,16670,3035,-11720,1470,1470,0,3
3,16674,3036,-15560,3112,3112,0,3
3,16675,3037,15534,5648,5648,0,3
3,16676,3038,26681,9106,9106,0,3
3,16677,3039,-12478,12720,12720,0,3
3,16678,3040,5187,15326,15326,0,1
3,16680,3041,7699,15686,15686,0,2
3,16681,3042,-23933,13075,13075,0,3
3,16682,3043,-26178,7572,7572,0,3
3,16683,3044,-29213,568,568,0,3
3,16687,3045,9951,-6260,-6260,0,3
3,16688,3046,15542,-11153,-11153,0,3
3,16689,3047,-19585,-12935,-12935,0,3
3,16690,3048,-3413,-11479,-11479,0,3
3,16691,3049,-9927,-7734,-7734,0,3
3,16692,3050,23579,-3185,-3185,0,3
3,16694,3051,-31540,478,478,0,3
3,16695,3052,-19272,2010,2010,0,3
3,16696,3053,-2570,1185,1185,0,3
3,16700,3054,-19310,-1585,-1585,0,3
3,16701,3055,-18314,-5120,-5120,0,3
3,16702,3056,2438,-8124,-8124,0,3
3,16703,3057,-13599,-9572,-9572,0,3
3,16704,3058,14703,-9293,-9293,0,3
3,16705,3059,-14887,-7360,-7360,0,1
3,16706,3060,-9418,-4674,-4674,0,2
3,16708,3061,-23154,-2149,-2149,0,3
3,16709,3062,463,-324,-324,0,3
3,16713,3063,-14141,403,403,0,3
3,16714,3064,-5577,298,298,0,3
3,16715,3065,4069,-113,-113,0,3
3,16716,3066,24572,-307,-307,0,3
3,16717,3067,4964,218,218,0,3
3,16718,3068,-30861,1539,1539,0,3
3,16719,3069,-14361,3509,3509,0,3
3,16720,3070,-8998,5728,5728,0,3
3,16722,3071,5678,7675,7675,0,3
3,16726,3072,4211,8976,8976,0,3
3,16727,3073,26878,9493,9493,0,3
3,16728,3074,-32639,9289,9289,0,3
3,16729,3075,-7574,8507,8507,0,3
3,16730,3076,15647,7386,7386,0,3
3,16731,3077,3196,6113,6113,0,3
3,16732,3078,-18949,4787,4787,0,1
3,16733,3079,16675,3523,3523,0,2
3,16734,3080,-8825,2470,2470,0,3
3,16739,3081,13842,1661,1661,0,3
3,16740,3082,-25896,1551,1551,0,3
3,16741,3083,18984,2277,2277,0,3
3,16742,3084,6699,3801,3801,0,3
3,16743,3085,-13305,6062,6062,0,3
3,16744,3086,24169,8606,8606,0,3
3,16745,3087,30279,10867,10867,0,3
3,16746,3088,-32709,11973,11973,0,3
3,16747,3089,29238,11340,11340,0,3
3,16748,3090,29191,8783,8783,0,3
3,16752,3091,17519,4582,4582,0,3
3,16753,3092,24611,-353,-353,0,3
3,16754,3093,1057,-4875,-4875,0,3
3,16755,3094,18103,-7692,-7692,0,3
3,16757,3095,20501,-7896,-7896,0,3
3,16758,3096,16255,-5461,-5461,0,3
3,16759,3097,14422,-973,-973,0,1
3,16760,3098,6527,4184,4184,0,2
3,16761,3099,7320,8383,8383,0,3
3,16765,3100,-26234,10186,10186,0,3
3,16766,3101,-18382,8829,8829,0,3
3,16767,3102,-28676,4602,4602,0,3
3,16768,3103,13806,-1340,-1340,0,3
3,16769,3104,-21939,-7466,-7466,0,3
3,16771,3105,-26925,-11923,-11923,0,3
3,16772,3106,-26602,-13767,-13767,0,3
3,16773,3107,1872,-12563,-12563,0,3
3,16774,3108,29401,-9223,-9223,0,3
3,16778,3109,18326,-5364,-5364,0,3
3,16779,3110,20201,-2295,-2295,0,3
3,16780,3111,22525,-1229,-1229,0,3
3,16781,3112,28340,-2397,-2397,0,3
3,16782,3113,-12506,-5288,-5288,0,3
3,16783,3114,3847,-8900,-8900,0,3
3,16785,3115,8046,-11800,-11800,0,3
3,16786,3116,31555,-13093,-13093,0,1
3,16787,3117,6419,-12734,-12734,0,2
3,16791,3118,-20905,-11088,-11088,0,3
3,16792,3119,-13458,-8956,-8956,0,3
3,16793,3120,-7707,-7245,-7245,0,3
3,16794,3121,-30239,-6559,-6559,0,3
3,16795,3122,-12379,-6858,-6858,0,3
3,16796,3123,20118,-7587,-7587,0,3
3,16797,3124,-711,-8118,-8118,0,3
3,16799,3125,7297,-7779,-7779,0,3
3,16800,3126,-12343,-6467,-6467,0,3
3,16804,3127,29214,-4450,-4450,0,3
3,16805,3128,-27106,-2376,-2376,0,3
3,16806,3129,-17957,-1065,-1065,0,3
3,16807,3130,-20296,-701,-701,0,3
3,16808,3131,1293,-1457,-1457,0,3
3,16809,3132,18009,-2802,-2802,0,3
3,16810,3133,-16314,-4095,-4095,0,3
3,16811,3134,26308,-4772,-4772,0,3
3,16813,3135,-1780,-4366,-4366,0,1
3,16817,3136,-17855,-3054,-3054,0,2
3,16818,3137,-12851,-1334,-1334,0,3
3,16819,3138,4081,330,330,0,3
3,16820,3139,17377,1354,1354,0,3
3,16821,3140,-29331,1480,1480,0,3
3,16822,3141,4457,754,754,0,3
3,16823,3142,-10220,-428,-428,0,3
3,16824,3143,-28972,-1431,-1431,0,3
3,16825,3144,24959,-1874,-1874,0,3
3,16830,3145,31479,-1419,-1419,0,3
3,16831,3146,4403,57,57,0,3
3,16832,3147,2657,2290,2290,0,3
3,16833,3148,-1497,5015,5015,0,3
3,16834,3149,28044,7762,7762,0,3
3,16835,3150,21360,10232,10232,0,3
3,16836,3151,-7156,12191,12191,0,3
3,16837,3152,-14473,13635,13635,0,3
3,16838,3153,-13381,14814,14814,0,3
3,16839,3154,16144,15784,15784,0,1
3,16843,3155,26960,16779,16779,0,2
3,16844,3156,29499,17767,17767,0,3
3,16845,3157,32296,18424,18424,0,3
3,16846,3158,-4177,18327,18327,0,3
3,16848,3159,28443,16983,16983,0,3
3,16849,3160,-25929,13672,13672,0,3
3,16850,3161,-19468,8437,8437,0,3
3,16851,3162,-31729,1549,1549,0,3
3,16852,3163,-22236,-6117,-6117,0,3
3,16856,3164,-16371,-13412,-13412,0,3
3,16857,3165,17539,-19018,-19018,0,3
3,16858,3166,23140,-21609,-21609,0,3
3,16859,3167,30134,-20840,-20840,0,3
3,16860,3168,-8609,-16795,-16795,0,3
3,16862,3169,9555,-10222,-10222,0,3
3,16863,3170,31064,-2331,-2331,0,3
3,16864,3171,1553,5567,5567,0,3
3,16865,3172,26649,12235,12235,0,3
3,16869,3173,-18783,16935,16935,0,1
3,16870,3174,24757,19467,19467,0,2
3,16871,3175,-32407,19742,19742,0,3
3,16872,3176,25656,18062,18062,0,3
3,16873,3177,-17518,14645,14645,0,3
3,16874,3178,4322,10037,10037,0,3
3,16876,3179,-22195,4675,4675,0,3
3,16877,3180,-14222,-1008,-1008,0,3
3,16878,3181,-21621,-6048,-6048,0,3
3,16882,3182,-5226,-9851,-9851,0,3
3,16883,3183,25349,-11649,-11649,0,3
3,16884,3184,22714,-11149,-11149,0,3
3,16885,3185,-372,-8712,-8712,0,3
3,16886,3186,26714,-5018,-5018,0,3
3,16887,3187,-29439,-1324,-1324,0,3
3,16888,3188,-9565,1164,1164,0,3
3,16890,3189,9873,1711,1711,0,3
3,16891,3190,-18787,9,9,0,3
3,16895,3191,32107,-3033,-3033,0,3
3,16896,3192,17610,-6465,-6465,0,1
3,16897,3193,19949,-8926,-8926,0,2
3,16898,3194,-19870,-9272,-9272,0,3
3,16899,3195,-9524,-7341,-7341,0,3
3,16900,3196,-23428,-3575,-3575,0,3
3,16901,3197,15746,709,709,0,3
3,16902,3198,-23350,3912,3912,0,3
3,16904,3199,18570,4688,4688,0,3
3,16908,3200,-7691,2560,2560,0,3
3,16909,3201,14059,-1937,-1937,0,3
3,16910,3202,-29296,-7356,-7356,0,3
3,16911,3203,-30133,-11753,-11753,0,3
3,16912,3204,-2370,-13102,-13102,0,3
3,16913,3205,-31953,-10651,-10651,0,3
3,16914,3206,-20086,-4541,-4541,0,3
3,16915,3207,-21396,3598,3598,0,3
3,16916,3208,-19374,11406,11406,0,3
3,16921,3209,-5650,16525,16525,0,3
3,16922,3210,-31540,17366,17366,0,3
3,16923,3211,-27049,13853,13853,0,1
3,16924,3212,28751,7481,7481,0,2
3,16925,3213,-31799,888,888,0,3
3,16926,3214,-15157,-3330,-3330,0,3
3,16927,3215,26917,-3120,-3120,0,3
3,16928,3216,-1732,1837,1837,0,3
3,16929,3217,7802,9893,9893,0,3
3,16930,3218,-31790,18092,18092,0,3
3,16934,3219,-23965,23415,23415,0,3
3,16935,3220,18168,23383,23383,0,3
3,16936,3221,7886,17483,17483,0,3
3,16937,3222,-14338,6882,6882,0,3
3,16939,3223,-11564,-5343,-5343,0,3
3,16940,3224,-9053,-15617,-15617,0,3
3,16941,3225,-11933,-21053,-21053,0,3
3,16942,3226,-12961,-20440,-20440,0,3
3,16943,3227,-20696,-14285,-14285,0,3
3,16947,3228,-30291,-4567,-4567,0,3
3,16948,3229,31636,5820,5820,0,3
3,16949,3230,30793,14073,14073,0,1
3,16950,3231,20013,18753,18753,0,2
3,16951,3232,-24626,19608,19608,0,3
3,16953,3233,7250,17566,17566,0,3
3,16954,3234,-20539,13992,13992,0,3
3,16955,3235,12942,9944,9944,0,3
3,16956,3236,-10332,6313,6313,0,3
3,16960,3237,-17645,2967,2967,0,3
3,16961,3238,-2669,-206,-206,0,3
3,16962,3239,-21593,-3550,-3550,0,3
3,16963,3240,22286,-6841,-6841,0,3
3,16964,3241,2122,-9391,-9391,0,3
3,16965,3242,32081,-10502,-10502,0,3
3,16967,3243,7048,-9544,-9544,0,3
3,16968,3244,11481,-6496,-6496,0,3
3,16969,3245,-16944,-2204,-2204,0,3
3,16973,3246,-8651,2247,2247,0,3
3,16974,3247,18133,5594,5594,0,3
3,16975,3248,-18601,6981,6981,0,3
3,16976,3249,-5899,6557,6557,0,1
3,16977,3250,29603,4831,4831,0,2
3,16978,3251,-18481,3079,3079,0,3
3,16979,3252,22088,2103,2103,0,3
3,16981,3253,-28298,2355,2355,0,3
3,16982,3254,-21553,3438,3438,0,3
3,16986,3255,30023,4580,4580,0,3
3,16987,3256,-8421,4947,4947,0,3
3,16988,3257,-28728,3807,3807,0,3
3,16989,3258,12797,1491,1491,0,3
3,16990,3259,-22268,-1428,-1428,0,3
3,16991,3260,-32306,-3988,-3988,0,3
3,16992,3261,31072,-5407,-5407,0,3
3,16993,3262,-2613,-5648,-5648,0,3
3,16995,3263,29796,-5173,-5173,0,3
3,16999,3264,27185,-4975,-4975,0,3
3,17000,3265,9473,-6257,-6257,0,3
3,17001,3266,-4002,-9254,-9254,0,3
3,17002,3267,-1753,-13847,-13847,0,3
3,17003,3268,3922,-19073,-19073,0,1
3,17004,3269,-27194,-23361,-23361,0,2
3,17005,3270,-3786,-25424,-25424,0,3
3,17006,3271,-18492,-24520,-24520,0,3
3,17007,3272,-22370,-20938,-20938,0,3
3,17012,3273,22729,-15780,-15780,0,3
3,17013,3274,-7413,-10388,-10388,0,3
3,17014,3275,1767,-6157,-6157,0,3
3,17015,3276,28633,-3665,-3665,0,3
3,17016,3277,-23495,-3096,-3096,0,3
3,17017,3278,-31087,-3653,-3653,0,3
3,17018,3279,9087,-4095,-4095,0,3
3,17019,3280,-8896,-4084,-4084,0,3
3,17020,3281,-9483,-3182,-3182,0,3
3,17021,3282,-8392,-1999,-1999,0,3
3,17025,3283,-12867,-1407,-1407,0,3
3,17026,3284,32588,-2223,-2223,0,3
3,17027,3285,9649,-4717,-4717,0,3
3,17028,3286,-10134,-8518,-8518,0,3
3,17030,3287,-27294,-12278,-12278,0,1
3,17031,3288,20228,-14586,-14586,0,2
3,17032,3289,-22081,-14128,-14128,0,3
3,17033,3290,-1650,-10561,-10561,0,3
3,17034,3291,-28085,-4445,-4445,0,3
3,17038,3292,-17375,2655,2655,0,3
3,17039,3293,-31355,8496,8496,0,3
3,17040,3294,-6691,11482,11482,0,3
3,17041,3295,24525,10553,10553,0,3
3,17042,3296,19929,6020,6020,0,3
3,17044,3297,25286,-532,-532,0,3
3,17045,3298,-9214,-7115,-7115,0,3
3,17046,3299,-17871,-11583,-11583,0,3
3,17047,3300,-1642,-12390,-12390,0,3
3,17051,3301,-14912,-9281,-9281,0,3
3,17052,3302,-3601,-3278,-3278,0,3
3,17053,3303,27525,3720,3720,0,3
3,17054,3304,-27602,9894,9894,0,3
3,17055,3305,-4475,13387,13387,0,3
3,17056,3306,-11437,13467,13467,0,1
3,17058,3307,5384,10431,10431,0,2
3,17059,3308,-1608,5448,5448,0,3
3,17060,3309,-24102,363,363,0,3
3,17064,3310,-10807,-3270,-3270,0,3
3,17065,3311,-11862,-4738,-4738,0,3
3,17066,3312,-3775,-3711,-3711,0,3
3,17067,3313,8876,-1013,-1013,0,3
3,17068,3314,31880,1870,1870,0,3
3,17069,3315,9910,3700,3700,0,3
3,17070,3316,8649,3320,3320,0,3
3,17072,3317,-28113,679,679,0,3
3,17073,3318,23205,-3808,-3808,0,3
3,17077,3319,25928,-8722,-8722,0,3
3,17078,3320,10068,-12497,-12497,0,3
3,17079,3321,-16932,-13730,-13730,0,3
3,17080,3322,-12670,-11499,-11499,0,3
3,17081,3323,7576,-6029,-6029,0,3
3,17082,3324,10184,1692,1692,0,3
3,17083,3325,-15385,9819,9819,0,1
3,17084,3326,3163,16057,16057,0,2
3,17086,3327,15969,18860,18860,0,3
3,17090,3328,7773,17240,17240,0,3
3,17091,3329,-15540,11510,11510,0,3
3,17092,3330,2489,3249,3249,0,3
3,17093,3331,729,-5444,-5444,0,3
3,17094,3332,23241,-12142,-12142,0,3
3,17095,3333,2786,-15166,-15166,0,3
3,17096,3334,-18966,-14073,-14073,0,3
3,17097,3335,17309,-9407,-9407,0,3
3,17098,3336,-10993,-3160,-3160,0,3
3,17103,3337,6800,2333,2333,0,3
3,17104,3338,15043,5149,5149,0,3
3,17105,3339,-10532,4267,4267,0,3
3,17106,3340,-16633,162,162,0,3
3,17107,3341,20268,-5602,-5602,0,3
3,17108,3342,-26606,-10712,-10712,0,3
3,17109,3343,31550,-13170,-13170,0,3
3,17110,3344,9180,-11856,-11856,0,1
3,17111,3345,28399,-7104,-7104,0,2
3,17112,3346,25121,-585,-585,0,3
3,17116,3347,-5449,5467,5467,0,3
3,17117,3348,9708,8692,8692,0,3
3,17118,3349,19370,7612,7612,0,3
3,17119,3350,14238,2376,2376,0,3
3,17121,3351,-18240,-5551,-5551,0,3
3,17122,3352,6858,-13746,-13746,0,3
3,17123,3353,27652,-19626,-19626,0,3
3,17124,3354,-2840,-21287,-21287,0,3
3,17125,3355,-19255,-18201,-18201,0,3
3,17129,3356,19443,-11454,-11454,0,3
3,17130,3357,-26633,-3136,-3136,0,3
3,17131,3358,18439,4223,4223,0,3
3,17132,3359,30094,8742,8742,0,3
3,17133,3360,18345,9481,9481,0,3
3,17135,3361,20845,6798,6798,0,3
3,17136,3362,23376,2155,2155,0,3
3,17137,3363,4381,-2544,-2544,0,1
3,17138,3364,27472,-5836,-5836,0,2
3,17142,3365,-5120,-6932,-6932,0,3
3,17143,3366,-20431,-6183,-6183,0,3
3,17144,3367,-17081,-4547,-4547,0,3
3,17145,3368,-21767,-3348,-3348,0,3
3,17146,3369,-24861,-3570,-3570,0,3
3,17147,3370,-6689,-5291,-5291,0,3
3,17149,3371,30971,-8023,-8023,0,3
3,17150,3372,-14951,-10340,-10340,0,3
3,17151,3373,-26113,-10932,-10932,0,3
3,17155,3374,23879,-9054,-9054,0,3
3,17156,3375,-364,-4712,-4712,0,3
3,17157,3376,-4567,1156,1156,0,3
3,17158,3377,14337,7156,7156,0,3
3,17159,3378,-1475,11705,11705,0,3
3,17160,3379,-15806,13622,13622,0,3
3,17161,3380,-26704,12744,12744,0,3
3,17163,3381,-13830,9586,9586,0,3
3,17164,3382,-5259,5413,5413,0,1
3,17168,3383,-16585,1460,1460,0,2
3,17169,3384,22689,-1178,-1178,0,3
3,17170,3385,7131,-2001,-2001,0,3
3,17171,3386,-23324,-1387,-1387,0,3
3,17172,3387,17267,39,39,0,3
3,17173,3388,-17179,1389,1389,0,3
3,17174,3389,7428,2137,2137,0,3
3,17175,3390,29823,2177,2177,0,3
3,17177,3391,-12800,1573,1573,0,3
3,17181,3392,-27350,1119,1119,0,3
3,17182,3393,24717,1266,1266,0,3
3,17183,3394,-20243,1941,1941,0,3
3,17184,3395,10215,3156,3156,0,3
3,17185,3396,-30794,4209,4209,0,3
3,17186,3397,-8409,4439,4439,0,3
3,17187,3398,19091,3619,3619,0,3
3,17188,3399,4280,1665,1665,0,3
3,17189,3400,-16180,-781,-781,0,3
3,17194,3401,-20962,-2919,-2919,0,1
3,17195,3402,-18635,-3758,-3758,0,2
3,17196,3403,18341,-2868,-2868,0,3
3,17197,3404,165,-244,-244,0,3
3,17198,3405,5218,3700,3700,0,3
3,17199,3406,19121,7977,7977,0,3
3,17200,3407,-23844,11720,11720,0,3
3,17201,3408,15690,14420,14420,0,3
3,17202,3409,-952,15422,15422,0,3
3,17203,3410,6792,15041,15041,0,3
3,17207,3411,-25177,13695,13695,0,3
3,17208,3412,-23250,11610,11610,0,3
3,17209,3413,-8686,9205,9205,0,3
3,17210,3414,-22222,6620,6620,0,3
3,17212,3415,19404,3932,3932,0,3
3,17213,3416,-2051,1347,1347,0,3
3,17214,3417,-27175,-789,-789,0,3
3,17215,3418,-11153,-1819,-1819,0,3
3,17216,3419,12814,-1108,-1108,0,3
3,17220,3420,-28068,1776,1776,0,1
3,17221,3421,-10438,6732,6732,0,2
3,17222,3422,1938,12697,12697,0,3
3,17223,3423,26133,18477,18477,0,3
3,17224,3424,11279,22292,22292,0,3
3,17226,3425,-17448,22690,22690,0,3
3,17227,3426,24851,19085,19085,0,3
3,17228,3427,-9715,11966,11966,0,3
3,17229,3428,8950,2556,2556,0,3
3,17233,3429,-31526,-7057,-7057,0,3
3,17234,3430,20024,-14661,-14661,0,3
3,17235,3431,4400,-18745,-18745,0,3
3,17236,3432,31070,-18705,-18705,0,3
3,17237,3433,11818,-14928,-14928,0,3
3,17238,3434,19232,-8857,-8857,0,3
3,17240,3435,-592,-2299,-2299,0,3
3,17241,3436,-32016,3103,3103,0,3
3,17242,3437,21868,5979,5979,0,3
3,17246,3438,-12521,5933,5933,0,3
3,17247,3439,-14275,3357,3357,0,1
3,17248,3440,1918,-849,-849,0,2
3,17249,3441,22330,-5688,-5688,0,3
3,17250,3442,-14155,-9803,-9803,0,3
3,17251,3443,2406,-12378,-12378,0,3
3,17252,3444,32197,-12889,-12889,0,3
3,17254,3445,1226,-11327,-11327,0,3
3,17255,3446,11625,-8155,-8155,0,3
3,17259,3447,13030,-4222,-4222,0,3
3,17260,3448,1467,-248,-248,0,3
3,17261,3449,4524,2882,2882,0,3
3,17262,3450,28064,4493,4493,0,3
3,17263,3451,27594,4420,4420,0,3
3,17264,3452,6787,3012,3012,0,3
3,17265,3453,-2048,805,805,0,3
3,17266,3454,-6422,-1415,-1415,0,3
3,17268,3455,10181,-2923,-2923,0,3
3,17272,3456,-2290,-3629,-3629,0,3
3,17273,3457,-16457,-3605,-3605,0,3
3,17274,3458,-18717,-3297,-3297,0,1
3,17275,3459,23448,-3363,-3363,0,2
3,17276,3460,32309,-4238,-4238,0,3
3,17277,3461,11293,-5742,-5742,0,3
3,17278,3462,-16955,-7390,-7390,0,3
3,17279,3463,6173,-8445,-8445,0,3
3,17280,3464,-17336,-7911,-7911,0,3
3,17285,3465,19702,-5696,-5696,0,3
3,17286,3466,3263,-2260,-2260,0,3
3,17287,3467,22551,1737,1737,0,3
3,17288,3468,12834,4896,4896,0,3
3,17289,3469,19293,6137,6137,0,3
3,17290,3470,-16599,5127,5127,0,3
3,17291,3471,9854,2067,2067,0,3
3,17292,3472,16049,-2128,-2128,0,3
3,17293,3473,16938,-6108,-6108,0,3
3,17294,3474,24579,-9014,-9014,0,3
3,17298,3475,-15363,-10454,-10454,0,3
3,17299,3476,4563,-10571,-10571,0,3
3,17300,3477,8125,-9975,-9975,0,1
3,17301,3478,-22095,-9529,-9529,0,2
3,17303,3479,603,-9546,-9546,0,3
3,17304,3480,-12602,-9783,-9783,0,3
3,17305,3481,29042,-9847,-9847,0,3
3,17306,3482,6183,-8856,-8856,0,3
3,17307,3483,30465,-6469,-6469,0,3
3,17311,3484,-5532,-2995,-2995,0,3
3,17312,3485,22105,798,798,0,3
3,17313,3486,-9114,3824,3824,0,3
3,17314,3487,22957,5162,5162,0,3
3,17315,3488,-19189,4535,4535,0,3
3,17317,3489,-17273,2579,2579,0,3
3,17318,3490,-23250,554,554,0,3
3,17319,3491,-11341,-442,-442,0,3
3,17320,3492,-15283,688,688,0,3
3,17324,3493,16077,3738,3738,0,3
3,17325,3494,14555,7660,7660,0,3
3,17326,3495,-25880,11134,11134,0,3
3,17327,3496,-32690,12608,12608,0,1
3,17328,3497,3260,11135,11135,0,2
3,17329,3498,26044,7167,7167,0,3
3,17331,3499,24383,1675,1675,0,3
3,17332,3500,21049,-3540,-3540,0,3
3,17333,3501,21918,-6830,-6830,0,3
3,17337,3502,-31744,-7317,-7317,0,3
3,17338,3503,-15540,-5002,-5002,0,3
3,17339,3504,28814,-976,-976,0,3
3,17340,3505,20699,3516,3516,0,3
3,17341,3506,24171,7164,7164,0,3
3,17342,3507,-31054,9315,9315,0,3
3,17343,3508,-2325,10224,10224,0,3
3,17345,3509,20971,10393,10393,0,3
3,17346,3510,871,10592,10592,0,3
3,17350,3511,4587,11290,11290,0,3
3,17351,3512,-27654,12307,12307,0,3
3,17352,3513,-8588,13032,13032,0,3
3,17353,3514,8764,12792,12792,0,3
3,17354,3515,21815,10973,10973,0,1
3,17355,3516,3039,7553,7553,0,2
3,17356,3517,-19183,3247,3247,0,3
3,17357,3518,29357,-833,-833,0,3
3,17359,3519,-8318,-3557,-3557,0,3
3,17363,3520,6366,-4229,-4229,0,3
3,17364,3521,-16089,-2666,-2666,0,3
3,17365,3522,-698,313,313,0,3
3,17366,3523,31085,3741,3741,0,3
3,17367,3524,14916,6404,6404,0,3
3,17368,3525,-31307,7429,7429,0,3
3,17369,3526,12783,6913,6913,0,3
3,17370,3527,-17004,5383,5383,0,3
3,17371,3528,-22435,3682,3682,0,3
3,17376,3529,-28208,2764,2764,0,3
3,17377,3530,-2627,3439,3439,0,3
3,17378,3531,-29273,5636,5636,0,3
3,17379,3532,-3420,8746,8746,0,3
3,17380,3533,-26382,11891,11891,0,3
3,17381,3534,12612,13955,13955,0,1
3,17382,3535,17494,14129,14129,0,2
3,17383,3536,-31236,12075,12075,0,3
3,17384,3537,-2461,8162,8162,0,3
3,17385,3538,-32103,3237,3237,0,3
3,17389,3539,-23180,-1318,-1318,0,3
3,17390,3540,5850,-4317,-4317,0,3
3,17391,3541,-6866,-5099,-5099,0,3
3,17392,3542,-22854,-3400,-3400,0,3
3,17394,3543,-3503,430,430,0,3
3,17395,3544,-17757,5332,5332,0,3
3,17396,3545,19263,10050,10050,0,3
3,17397,3546,-21069,13270,13270,0,3
3,17398,3547,-19886,13998,13998,0,3
3,17402,3548,-27038,12083,12083,0,3
3,17403,3549,-30225,7743,7743,0,3
3,17404,3550,-19281,1835,1835,0,3
3,17405,3551,16186,-4506,-4506,0,3
3,17406,3552,7427,-10019,-10019,0,3
3,17408,3553,22871,-13817,-13817,0,1
3,17409,3554,-2901,-15385,-15385,0,2
3,17410,3555,-24892,-14568,-14568,0,3
3,17411,3556,17143,-11763,-11763,0,3
3,17415,3557,29406,-7764,-7764,0,3
3,17416,3558,20247,-3253,-3253,0,3
3,17417,3559,28154,885,885,0,3
3,17418,3560,-14189,4155,4155,0,3
3,17419,3561,31755,6366,6366,0,3
3,17420,3562,-14732,7533,7533,0,3
3,17422,3563,9069,8008,8008,0,3
3,17423,3564,9365,8157,8157,0,3
3,17424,3565,2782,8196,8196,0,3
3,17428,3566,-601,8166,8166,0,3
3,17429,3567,-30875,8036,8036,0,3
3,17430,3568,32381,7464,7464,0,3
3,17431,3569,526,6302,6302,0,3
3,17432,3570,872,4404,4404,0,3
3,17433,3571,-13120,2097,2097,0,3
3,17434,3572,24044,-188,-188,0,1
3,17436,3573,-8121,-1807,-1807,0,2
3,17437,3574,-29803,-2382,-2382,0,3
3,17441,3575,-24428,-1793,-1793,0,3
3,17442,3576,32642,-389,-389,0,3
3,17443,3577,25638,1307,1307,0,3
3,17444,3578,-19004,2518,2518,0,3
3,17445,3579,-22528,2925,2925,0,3
3,17446,3580,-5986,2693,2693,0,3
3,17447,3581,-24425,2330,2330,0,3
3,17448,3582,-24896,2229,2229,0,3
3,17450,3583,19734,2912,2912,0,3
3,17454,3584,-31126,4301,4301,0,3
3,17455,3585,-28343,5846,5846,0,3
3,17456,3586,-2815,6576,6576,0,3
3,17457,3587,-31789,5342,5342,0,3
3,17458,3588,-19286,1748,1748,0,3
3,17459,3589,26096,-3850,-3850,0,3
3,17460,3590,-30848,-10312,-10312,0,3
3,17461,3591,16238,-16110,-16110,0,1
3,17462,3592,7171,-19536,-19536,0,2
3,17467,3593,18794,-19681,-19681,0,3
3,17468,3594,-19283,-16756,-16756,0,3
3,17469,3595,-11591,-12083,-12083,0,3
3,17470,3596,-17511,-7497,-7497,0,3
3,17471,3597,-10195,-4550,-4550,0,3
3,17472,3598,26136,-4109,-4109,0,3
3,17473,3599,20615,-6304,-6304,0,3
3,17474,3600,-11700,-9876,-9876,0,3
3,17475,3601,-28557,-13249,-13249,0,3
3,17476,3602,-2482,-15048,-15048,0,3
3,17480,3603,-27173,-14571,-14571,0,3
3,17481,3604,-5819,-12149,-12149,0,3
3,17482,3605,-14987,-8998,-8998,0,3
3,17483,3606,-7883,-6612,-6612,0,3
3,17485,3607,-13384,-6093,-6093,0,3
3,17486,3608,-9966,-7845,-7845,0,3
3,17487,3609,25831,-11248,-11248,0,3
3,17488,3610,17424,-14887,-14887,0,1
3,17489,3611,-21554,-17319,-17319,0,2
3,17493,3612,-22200,-17333,-17333,0,3
3,17494,3613,525,-14446,-14446,0,3
3,17495,3614,-5410,-9440,-9440,0,3
3,17496,3615,3522,-3164,-3164,0,3
3,17497,3616,-16794,3033,3033,0,3
3,17499,3617,15966,8226,8226,0,3
3,17500,3618,-6408,11876,11876,0,3
3,17501,3619,661,13972,13972,0,3
3,17502,3620,-29176,14949,14949,0,3
3,17506,3621,25545,14971,14971,0,3
3,17507,3622,-21139,14449,14449,0,3
3,17508,3623,1558,13463,13463,0,3
3,17509,3624,-16220,11703,11703,0,3
3,17510,3625,27621,9325,9325,0,3
3,17511,3626,16177,6566,6566,0,3
3,17513,3627,21999,3787,3787,0,3
3,17514,3628,-11073,1621,1621,0,3
3,17515,3629,-13633,441,441,0,1
3,17519,3630,28688,378,378,0,2
3,17520,3631,1936,1122,1122,0,3
3,17521,3632,-2586,2026,2026,0,3
3,17522,3633,-26395,2338,2338,0,3
3,17523,3634,31139,1831,1831,0,3
3,17524,3635,-18281,569,569,0,3
3,17525,3636,-8350,-1186,-1186,0,3
3,17527,3637,-20933,-2813,-2813,0,3
3,17528,3638,-14347,-3572,-3572,0,3
3,17532,3639,-18153,-3373,-3373,0,3
3,17533,3640,-22435,-2603,-2603,0,3
3,17534,3641,-15385,-2059,-2059,0,3
3,17535,3642,-1277,-2600,-2600,0,3
3,17536,3643,-32684,-4741,-4741,0,3
3,17537,3644,25054,-8704,-8704,0,3
3,17538,3645,32420,-13560,-13560,0,3
3,17539,3646,22396,-18152,-18152,0,3
3,17541,3647,6262,-21086,-21086,0,3
3,17545,3648,25842,-21336,-21336,0,1
3,17546,3649,7455,-18750,-18750,0,2
3,17547,3650,-18561,-13913,-13913,0,3
3,17548,3651,23665,-8152,-8152,0,3
3,17549,3652,-21670,-3033,-3033,0,3
3,17550,3653,-29267,303,303,0,3
3,17551,3654,-4069,1385,1385,0,3
3,17552,3655,-6381,557,557,0,3
3,17553,3656,-19863,-1048,-1048,0,3
3,17558,3657,-20701,-2382,-2382,0,3
3,17559,3658,1487,-2414,-2414,0,3
3,17560,3659,26217,-1284,-1284,0,3
3,17561,3660,-22195,394,394,0,3
3,17562,3661,-27377,1576,1576,0,3
3,17563,3662,15577,1124,1124,0,3
3,17564,3663,15496,-1377,-1377,0,3
3,17565,3664,10385,-5611,-5611,0,3
3,17566,3665,-14388,-10414,-10414,0,3
3,17567,3666,-15259,-14029,-14029,0,3
3,17571,3667,14624,-15487,-15487,0,1
3,17572,3668,30938,-14180,-14180,0,2
3,17573,3669,-5801,-10475,-10475,0,3
3,17574,3670,-20034,-5685,-5685,0,3
3,17576,3671,32259,-1342,-1342,0,3
3,17577,3672,-7983,1266,1266,0,3
3,17578,3673,-559,1660,1660,0,3
3,17579,3674,-24064,-3,-3,0,3
3,17580,3675,-18627,-2493,-2493,0,3
3,17584,3676,-10455,-4605,-4605,0,3
3,17585,3677,32315,-5526,-5526,0,3
3,17586,3678,-15677,-5130,-5130,0,3
3,17587,3679,-7579,-3777,-3777,0,3
3,17588,3680,-14743,-2404,-2404,0,3
3,17590,3681,-2787,-1691,-1691,0,3
3,17591,3682,8582,-2039,-2039,0,3
3,17592,3683,6164,-3123,-3123,0,3
3,17593,3684,-17243,-4017,-4017,0,3
3,17597,3685,-14985,-3760,-3760,0,3
3,17598,3686,-25781,-1910,-1910,0,1
3,17599,3687,-2749,1296,1296,0,2
3,17600,3688,-26593,5374,5374,0,3
3,17601,3689,8446,8913,8913,0,3
3,17602,3690,27889,10845,10845,0,3
3,17604,3691,632,10764,10764,0,3
3,17605,3692,27261,8774,8774,0,3
3,17606,3693,-717,5667,5667,0,3
3,17610,3694,30588,2609,2609,0,3
3,17611,3695,-15210,232,232,0,3
3,17612,3696,14193,-1296,-1296,0,3
3,17613,3697,-9348,-2381,-2381,0,3
3,17614,3698,26294,-3813,-3813,0,3
3,17615,3699,5792,-6454,-6454,0,3
3,17616,3700,-8096,-10474,-10474,0,3
3,17618,3701,18655,-15132,-15132,0,3
3,17619,3702,19824,-19295,-19295,0,3
3,17623,3703,-11558,-21135,-21135,0,3
3,17624,3704,22043,-19470,-19470,0,3
3,17625,3705,-9588,-13904,-13904,0,1
3,17626,3706,23157,-5228,-5228,0,2
3,17627,3707,-30040,5042,5042,0,3
3,17628,3708,13114,14378,14378,0,3
3,17629,3709,3042,20804,20804,0,3
3,17630,3710,20278,22840,22840,0,3
3,17632,3711,4441,20349,20349,0,3
3,17636,3712,20565,13949,13949,0,3
3,17637,3713,-5245,5504,5504,0,3
3,17638,3714,16106,-2967,-2967,0,3
3,17639,3715,-21237,-9970,-9970,0,3
3,17640,3716,13280,-14326,-14326,0,3
3,17641,3717,-31164,-15775,-15775,0,3
3,17642,3718,19292,-14748,-14748,0,3
3,17643,3719,-15246,-12128,-12128,0,3
3,17644,3720,6171,-8929,-8929,0,3
3,17649,3721,-5522,-5979,-5979,0,3
3,17650,3722,-13775,-3654,-3654,0,3
3,17651,3723,-12294,-2080,-2080,0,3
3,17652,3724,-24959,-1218,-1218,0,1
3,17653,3725,14408,-766,-766,0,2
3,17654,3726,-2627,-174,-174,0,3
3,17655,3727,8698,575,575,0,3
3,17656,3728,5671,1764,1764,0,3
3,17657,3729,22016,3284,3284,0,3
3,17658,3730,-6393,4893,4893,0,3
3,17662,3731,32173,6179,6179,0,3
3,17663,3732,2423,6530,6530,0,3
3,17664,3733,-23673,5629,5629,0,3
3,17665,3734,15196,3465,3465,0,3
3,17667,3735,6962,120,120,0,3
3,17668,3736,7721,-3805,-3805,0,3
3,17669,3737,-25392,-7404,-7404,0,3
3,17670,3738,8361,-9685,-9685,0,3
3,17671,3739,-4122,-9949,-9949,0,3
3,17675,3740,3134,-8333,-8333,0,3
3,17676,3741,30664,-5143,-5143,0,3
3,17677,3742,-16108,-1646,-1646,0,3
3,17678,3743,-27948,943,943,0,1
3,17679,3744,-11418,1382,1382,0,2
3,17681,3745,-32623,-787,-787,0,3
3,17682,3746,-3964,-5128,-5128,0,3
3,17683,3747,-8391,-10325,-10325,0,3
3,17684,3748,1659,-14655,-14655,0,3
3,17688,3749,27388,-16476,-16476,0,3
3,17689,3750,20953,-14823,-14823,0,3
3,17690,3751,345,-9628,-9628,0,3
3,17691,3752,31549,-2075,-2075,0,3
3,17692,3753,17524,5954,5954,0,3
3,17693,3754,-6848,12292,12292,0,3
3,17695,3755,-25070,15613,15613,0,3
3,17696,3756,-14877,15513,15513,0,3
3,17697,3757,9018,12661,12661,0,3
3,17701,3758,-11298,8476,8476,0,3
3,17702,3759,18019,4796,4796,0,3
3,17703,3760,-25971,2976,2976,0,3
3,17704,3761,27811,3539,3539,0,3
3,17705,3762,15656,5868,5868,0,1
3,17706,3763,27641,8718,8718,0,2
3,17707,3764,-24633,10675,10675,0,3
3,17709,3765,-7451,10786,10786,0,3
3,17710,3766,-21363,8832,8832,0,3
3,17714,3767,31820,5500,5500,0,3
3,17715,3768,26871,2134,2134,0,3
3,17716,3769,-23653,-129,-129,0,3
3,17717,3770,17051,-166,-166,0,3
3,17718,3771,23187,1935,1935,0,3
3,17719,3772,24848,5281,5281,0,3
3,17720,3773,-30761,8546,8546,0,3
3,17721,3774,-3133,10430,10430,0,3
3,17723,3775,28650,10181,10181,0,3
3,17727,3776,-20572,7880,7880,0,3
3,17728,3777,9232,4094,4094,0,3
3,17729,3778,10057,44,44,0,3
3,17730,3779,-21201,-3163,-3163,0,3
3,17731,3780,-9872,-4892,-4892,0,3
3,17732,3781,20926,-5358,-5358,0,1
3,17733,3782,-15447,-5260,-5260,0,2
3,17734,3783,-16295,-5261,-5261,0,3
3,17735,3784,-11174,-5980,-5980,0,3
3,17740,3785,-16113,-7396,-7396,0,3
3,17741,3786,-16686,-8790,-8790,0,3
3,17742,3787,-7678,-9321,-9321,0,3
3,17743,3788,-20871,-7829,-7829,0,3
3,17744,3789,-18934,-4025,-4025,0,3
3,17745,3790,-8822,1501,1501,0,3
3,17746,3791,-29401,7503,7503,0,3
3,17747,3792,-19061,12314,12314,0,3
3,17748,3793,-23595,14512,14512,0,3
3,17749,3794,-7036,13297,13297,0,3
3,17753,3795,-27128,9213,9213,0,3
3,17754,3796,2727,3577,3577,0,3
3,17755,3797,6811,-1711,-1711,0,3
3,17756,3798,-29413,-4659,-4659,0,3
3,17758,3799,-7198,-4482,-4482,0,3
3,17759,3800,-25844,-1651,-1651,0,1
3,17760,3801,-31045,2493,2493,0,2
3,17761,3802,-5109,5787,5787,0,3
3,17762,3803,16749,6227,6227,0,3
3,17766,3804,-18584,2880,2880,0,3
3,17767,3805,23250,-3812,-3812,0,3
3,17768,3806,28017,-11837,-11837,0,3
3,17769,3807,7029,-18499,-18499,0,3
3,17770,3808,-10858,-21099,-21099,0,3
3,17772,3809,-23050,-18348,-18348,0,3
3,17773,3810,25033,-10454,-10454,0,3
3,17774,3811,28970,779,779,0,3
3,17775,3812,16300,11890,11890,0,3
3,17779,3813,22561,19771,19771,0,3
3,17780,3814,17458,22257,22257,0,3
3,17781,3815,9490,18828,18828,0,3
3,17782,3816,-11635,10873,10873,0,3
3,17783,3817,2230,1237,1237,0,3
3,17784,3818,10613,-6847,-6847,0,3
3,17786,3819,26160,-11104,-11104,0,1
3,17787,3820,24120,-10518,-10518,0,2
3,17788,3821,20685,-5880,-5880,0,3
3,17792,3822,-14832,598,598,0,3
3,17793,3823,24441,6444,6444,0,3
3,17794,3824,-19606,9828,9828,0,3
3,17795,3825,-21072,9664,9664,0,3
3,17796,3826,2099,6906,6906,0,3
3,17797,3827,19877,3135,3135,0,3
3,17798,3828,4747,150,150,0,3
3,17800,3829,-10303,-657,-657,0,3
3,17801,3830,-20271,1120,1120,0,3
3,17805,3831,13456,4640,4640,0,3
3,17806,3832,-15793,8507,8507,0,3
3,17807,3833,24708,11198,11198,0,3
3,17808,3834,14866,11866,11866,0,3
3,17809,3835,-13917,10245,10245,0,3
3,17810,3836,12554,7260,7260,0,3
3,17811,3837,26031,3824,3824,0,3
3,17812,3838,-12417,970,970,0,1
3,17814,3839,-11210,-663,-663,0,2
3,17818,3840,17077,-1221,-1221,0,3
3,17819,3841,212,-1237,-1237,0,3
3,17820,3842,-31701,-1246,-1246,0,3
3,17821,3843,12207,-1887,-1887,0,3
3,17822,3844,-16169,-3385,-3385,0,3
3,17823,3845,-19886,-5451,-5451,0,3
3,17824,3846,-30479,-7775,-7775,0,3
3,17825,3847,-4787,-10018,-10018,0,3
3,17826,3848,-11401,-12114,-12114,0,3
3,17831,3849,25266,-13968,-13968,0,3
3,17832,3850,12262,-15806,-15806,0,3
3,17833,3851,15337,-17462,-17462,0,3
3,17834,3852,30125,-18676,-18676,0,3
3,17835,3853,-31815,-19400,-19400,0,3
3,17836,3854,-25348,-19165,-19165,0,3
3,17837,3855,-6449,-17861,-17861,0,3
3,17838,3856,-18047,-15971,-15971,0,3
3,17839,3857,2958,-13938,-13938,0,1
3,17840,3858,-4057,-12468,-12468,0,2
3,17844,3859,9211,-12179,-12179,0,3
3,17845,3860,17613,-12813,-12813,0,3
3,17846,3861,4888,-13992,-13992,0,3
3,17847,3862,25485,-14993,-14993,0,3
3,17849,3863,27968,-14982,-14982,0,3
3,17850,3864,-28547,-13232,-13232,0,3
3,17851,3865,-20290,-9835,-9835,0,3
3,17852,3866,-32386,-5409,-5409,0,3
3,17853,3867,13209,-589,-589,0,3
3,17857,3868,-27799,3597,3597,0,3
3,17858,3869,-12098,6572,6572,0,3
3,17859,3870,-8522,8553,8553,0,3
3,17860,3871,29665,9553,9553,0,3
3,17861,3872,-20762,10207,10207,0,3
3,17863,3873,16288,10963,10963,0,3
3,17864,3874,-11597,11863,11863,0,3
3,17865,3875,14679,12643,12643,0,3
3,17866,3876,-7220,13171,13171,0,1
3,17870,3877,-15764,13125,13125,0,2
3,17871,3878,23829,12467,12467,0,3
3,17872,3879,-25808,11630,11630,0,3
3,17873,3880,20280,11109,11109,0,3
3,17874,3881,3342,10932,10932,0,3
3,17875,3882,-268,11194,11194,0,3
3,17877,3883,-18437,11677,11677,0,3
3,17878,3884,31831,11429,11429,0,3
3,17879,3885,-28727,9991,9991,0,3
3,17883,3886,32170,7200,7200,0,3
3,17884,3887,-16369,3274,3274,0,3
3,17885,3888,-24323,-953,-953,0,3
3,17886,3889,20407,-4250,-4250,0,3
3,17887,3890,-26021,-6047,-6047,0,3
3,17888,3891,16060,-5810,-5810,0,3
3,17889,3892,-3445,-3716,-3716,0,3
3,17891,3893,17396,-774,-774,0,3
3,17892,3894,-28529,2029,2029,0,3
3,17896,3895,-27037,4052,4052,0,1
3,17897,3896,-24308,4918,4918,0,2
3,17898,3897,-15237,4890,4890,0,3
3,17899,3898,2334,4682,4682,0,3
3,17900,3899,-11842,4848,4848,0,3
3,17901,3900,-542,5474,5474,0,3
3,17902,3901,-14407,6193,6193,0,3
3,17903,3902,-29401,6102,6102,0,3
3,17905,3903,-18911,4202,4202,0,3
3,17909,3904,-30393,16,16,0,3
3,17910,3905,-713,-6110,-6110,0,3
3,17911,3906,14360,-12825,-12825,0,3
3,17912,3907,-15334,-18031,-18031,0,3
3,17913,3908,-4510,-19884,-19884,0,3
3,17914,3909,-29829,-17439,-17439,0,3
3,17915,3910,8079,-10761,-10761,0,3
3,17916,3911,-2108,-1657,-1657,0,3
3,17917,3912,28495,7069,7069,0,3
3,17922,3913,1564,12719,12719,0,3
3,17923,3914,-25780,13437,13437,0,1
3,17924,3915,6480,8899,8899,0,2
3,17925,3916,15542,672,672,0,3
3,17926,3917,-30879,-8409,-8409,0,3
3,17927,3918,-1148,-15100,-15100,0,3
3,17928,3919,32523,-16966,-16966,0,3
3,17929,3920,24082,-13043,-13043,0,3
3,17930,3921,-10161,-4512,-4512,0,3
3,17931,3922,13219,5822,5822,0,3
3,17935,3923,-13570,14775,14775,0,3
3,17936,3924,32530,19163,19163,0,3
3,17937,3925,11684,17610,17610,0,3
3,17938,3926,11082,10544,10544,0,3
3,17940,3927,-6680,279,279,0,3
3,17941,3928,-9070,-10239,-10239,0,3
3,17942,3929,21412,-17783,-17783,0,3
3,17943,3930,-11332,-20514,-20514,0,3
3,17944,3931,6733,-18227,-18227,0,3
3,17948,3932,17187,-12056,-12056,0,3
3,17949,3933,-22138,-4416,-4416,0,1
3,17950,3934,-20638,2107,2107,0,2
3,17951,3935,16850,5815,5815,0,3
3,17952,3936,27962,6165,6165,0,3
3,17954,3937,14354,3845,3845,0,3
3,17955,3938,11540,393,393,0,3
3,17956,3939,15354,-2513,-2513,0,3
3,17957,3940,-31667,-3520,-3520,0,3
3,17961,3941,-21505,-2451,-2451,0,3
3,17962,3942,-14754,120,120,0,3
3,17963,3943,-24209,2947,2947,0,3
3,17964,3944,-6216,4836,4836,0,3
3,17965,3945,-4663,5149,5149,0,3
3,17966,3946,-6473,3694,3694,0,3
3,17968,3947,-16481,1231,1231,0,3
3,17969,3948,28764,-1192,-1192,0,3
3,17970,3949,440,-2673,-2673,0,3
3,17974,3950,-2144,-2833,-2833,0,3
3,17975,3951,-30830,-1797,-1797,0,3
3,17976,3952,11809,-282,-282,0,1
3,17977,3953,14792,673,673,0,2
3,17978,3954,3945,66,66,0,3
3,17979,3955,13214,-2123,-2123,0,3
3,17980,3956,-12081,-5630,-5630,0,3
3,17982,3957,25075,-9487,-9487,0,3
3,17983,3958,-1761,-12789,-12789,0,3
3,17987,3959,16148,-14677,-14677,0,3
3,17988,3960,21551,-14879,-14879,0,3
3,17989,3961,26857,-13806,-13806,0,3
3,17990,3962,-12286,-12400,-12400,0,3
3,17991,3963,-209,-11438,-11438,0,3
3,17992,3964,-7670,-11486,-11486,0,3
3,17993,3965,19192,-12600,-12600,0,3
3,17994,3966,-22331,-14169,-14169,0,3
3,17996,3967,-30586,-15422,-15422,0,3
3,18000,3968,29327,-15273,-15273,0,3
3,18001,3969,26547,-13426,-13426,0,3
3,18002,3970,-2973,-9966,-9966,0,3
3,18003,3971,31242,-5712,-5712,0,1
3,18004,3972,-26883,-1717,-1717,0,2
3,18005,3973,-10774,1126,1126,0,3
3,18006,3974,22799,2191,2191,0,3
3,18007,3975,32764,1678,1678,0,3
3,18008,3976,23638,255,255,0,3
3,18013,3977,2396,-1268,-1268,0,3
3,18014,3978,-70,-1852,-1852,0,3
3,18015,3979,12149,-1162,-1162,0,3
3,18016,3980,-15472,648,648,0,3
3,18017,3981,28186,3224,3224,0,3
3,18018,3982,-21440,5794,5794,0,3
3,18019,3983,-3662,7863,7863,0,3
3,18020,3984,-16183,9142,9142,0,3
3,18021,3985,25213,9733,9733,0,3
3,18022,3986,-3440,9978,9978,0,3
3,18026,3987,5455,9932,9932,0,3
3,18027,3988,9444,9663,9663,0,3
3,18028,3989,4692,9028,9028,0,3
3,18029,3990,-17480,7511,7511,0,1
3,18031,3991,-18902,5077,5077,0,2
3,18032,3992,5901,1962,1962,0,3
3,18033,3993,5888,-1133,-1133,0,3
3,18034,3994,8194,-3271,-3271,0,3
3,18035,3995,-5839,-3492,-3492,0,3
3,18039,3996,-28116,-1435,-1435,0,3
3,18040,3997,15738,2527,2527,0,3
3,18041,3998,31856,7279,7279,0,3
3,18042,3999,16966,11064,11064,0,3
3,18043,4000,17329,12334,12334,0,3
3,18045,4001,-19637,10081,10081,0,3
3,18046,4002,-22132,4511,4511,0,3
3,18047,4003,-21974,-3387,-3387,0,3
3,18048,4004,29116,-11495,-11495,0,3
3,18052,4005,-29490,-17676,-17676,0,3
3,18053,4006,28379,-20384,-20384,0,3
3,18054,4007,-13890,-19094,-19094,0,3
3,18055,4008,3862,-14388,-14388,0,3
3,18056,4009,5071,-7875,-7875,0,1
3,18057,4010,-4869,-1632,-1632,0,2
3,18059,4011,-11782,2679,2679,0,3
3,18060,4012,23917,4169,4169,0,3
3,18061,4013,-6949,3004,3004,0,3
3,18065,4014,-26389,317,317,0,3
3,18066,4015,28515,-2114,-2114,0,3
3,18067,4016,-30617,-3066,-3066,0,3
3,18068,4017,-31779,-1565,-1565,0,3
3,18069,4018,6506,2275,2275,0,3
3,18070,4019,-8847,7405,7405,0,3
3,18071,4020,-24949,12333,12333,0,3
3,18073,4021,-10440,15650,15650,0,3
3,18074,4022,881,16270,16270,0,3
3,18078,4023,-12891,14033,14033,0,3
3,18079,4024,-8230,9821,9821,0,3
3,18080,4025,3045,4708,4708,0,3
3,18081,4026,21544,87,87,0,3
3,18082,4027,2060,-2884,-2884,0,3
3,18083,4028,-27371,-3696,-3696,0,1
3,18084,4029,10941,-2742,-2742,0,2
3,18085,4030,22901,-569,-569,0,3
3,18087,4031,19468,1825,1825,0,3
3,18091,4032,19583,3791,3791,0,3
3,18092,4033,3065,5098,5098,0,3
3,18093,4034,14204,6004,6004,0,3
3,18094,4035,-32408,6854,6854,0,3
3,18095,4036,-10464,8192,8192,0,3
3,18096,4037,16152,10069,10069,0,3
3,18097,4038,937,12045,12045,0,3
3,18098,4039,1200,13365,13365,0,3
3,18099,4040,11171,13320,13320,0,3
3,18100,4041,-7727,11309,11309,0,3
3,18104,4042,-14781,7507,7507,0,3
3,18105,4043,24300,2807,2807,0,3
3,18106,4044,676,-1668,-1668,0,3
3,18107,4045,-4911,-4547,-4547,0,3
3,18108,4046,-27281,-5090,-5090,0,3
3,18109,4047,14966,-3283,-3283,0,1
3,18110,4048,-18203,14,14,0,2
3,18111,4049,-21813,3438,3438,0,3
3,18112,4050,-5113,5464,5464,0,3
3,18113,4051,29673,5216,5216,0,3
3,18117,4052,24340,2573,2573,0,3
3,18118,4053,-15272,-1566,-1566,0,3
3,18119,4054,-3191,-5690,-5690,0,3
3,18120,4055,26797,-8111,-8111,0,3
3,18121,4056,-24459,-7922,-7922,0,3
3,18122,4057,21926,-4982,-4982,0,3
3,18123,4058,-14841,66,66,0,3
3,18124,4059,23621,5395,5395,0,3
3,18125,4060,6059,9433,9433,0,3
3,18126,4061,20320,10995,10995,0,3
3,18130,4062,-1861,9553,9553,0,3
3,18131,4063,-18142,5718,5718,0,3
3,18132,4064,22220,804,804,0,3
3,18133,4065,-23596,-3783,-3783,0,3
3,18134,4066,15793,-6814,-6814,0,1
3,18135,4067,19988,-7659,-7659,0,2
3,18136,4068,29218,-6413,-6413,0,3
3,18137,4069,5052,-3766,-3766,0,3
3,18138,4070,26108,-686,-686,0,3
3,18139,4071,-28067,1901,1901,0,3
3,18143,4072,-28759,3392,3392,0,3
3,18144,4073,-15683,3679,3679,0,3
3,18145,4074,14071,2701,2701,0,3
3,18146,4075,5358,687,687,0,3
3,18147,4076,10610,-1985,-1985,0,3
3,18148,4077,-7663,-5015,-5015,0,3
3,18149,4078,3111,-8057,-8057,0,3
3,18150,4079,-15831,-10660,-10660,0,3
3,18151,4080,-16188,-12675,-12675,0,3
3,18152,4081,-30268,-13579,-13579,0,3
3,18156,4082,20176,-13446,-13446,0,3
3,18157,4083,-23443,-12329,-12329,0,3
3,18158,4084,22041,-10591,-10591,0,3
3,18159,4085,-15554,-8734,-8734,0,1
3,18160,4086,-7539,-6909,-6909,0,2
3,18161,4087,-12569,-5211,-5211,0,3
3,18162,4088,-22254,-3443,-3443,0,3
3,18163,4089,-23,-1203,-1203,0,3
3,18164,4090,-20840,1730,1730,0,3
3,18165,4091,-23582,5286,5286,0,3
3,18169,4092,31066,9017,9017,0,3
3,18170,4093,21891,11924,11924,0,3
3,18171,4094,18465,13141,13141,0,3
3,18172,4095,9326,12076,12076,1,3
3,18292,4096,32216,8858,8858,0,3
3,18293,4097,-24124,4311,4311,0,3
3,18294,4098,-30544,-306,-306,0,3
3,18295,4099,-2642,-3527,-3527,0,3
3,18299,4100,-20163,-4486,-4486,0,3
3,18300,4101,-19609,-3014,-3014,0,3
3,18301,4102,-11999,-3,-3,0,3
3,18302,4103,1388,3148,3148,0,3
3,18304,4104,-9107,5105,5105,0,1
3,18305,4105,-13921,4880,4880,0,2
3,18306,4106,6989,2475,2475,0,3
3,18307,4107,-13137,-1379,-1379,0,3
3,18308,4108,21559,-5434,-5434,0,3
3,18312,4109,2327,-8225,-8225,0,3
3,18313,4110,16033,-9055,-9055,0,3
3,18314,4111,-16892,-7627,-7627,0,3
3,18315,4112,-26025,-4760,-4760,0,3
3,18316,4113,32169,-1301,-1301,0,3
3,18318,4114,-24413,1875,1875,0,3
3,18319,4115,26675,4082,4082,0,3
3,18320,4116,-2981,5307,5307,0,3
3,18321,4117,-28601,5848,5848,0,3
3,18325,4118,4616,6109,6109,0,3
3,18326,4119,-7097,6256,6256,0,3
3,18327,4120,-26655,6274,6274,0,3
3,18328,4121,27121,5940,5940,0,3
3,18329,4122,8924,5021,5021,0,3
3,18330,4123,22854,3764,3764,0,1
3,18332,4124,19960,2687,2687,0,2
3,18333,4125,1452,2175,2175,0,3
3,18334,4126,15778,2983,2983,0,3
3,18338,4127,20490,5073,5073,0,3
3,18339,4128,10621,7754,7754,0,3
3,18340,4129,2221,10260,10260,0,3
3,18341,4130,10810,11456,11456,0,3
3,18342,4131,30896,10645,10645,0,3
3,18343,4132,799,7863,7863,0,3
3,18344,4133,-30514,3851,3851,0,3
3,18346,4134,-28453,-224,-224,0,3
3,18347,4135,-25607,-3247,-3247,0,3
3,18351,4136,-4181,-4506,-4506,0,3
3,18352,4137,-11267,-4243,-4243,0,3
3,18353,4138,-14960,-3296,-3296,0,3
3,18354,4139,2838,-2411,-2411,0,3
3,18355,4140,-20253,-2589,-2589,0,3
3,18356,4141,-32223,-3884,-3884,0,3
3,18357,4142,-5309,-5734,-5734,0,1
3,18358,4143,-24663,-7342,-7342,0,2
3,18360,4144,1887,-7895,-7895,0,3
3,18364,4145,21111,-7180,-7180,0,3
3,18365,4146,-11238,-5970,-5970,0,3
3,18366,4147,-4679,-5094,-5094,0,3
3,18367,4148,-8856,-5489,-5489,0,3
3,18368,4149,-7859,-7584,-7584,0,3
3,18369,4150,-690,-10674,-10674,0,3
3,18370,4151,18333,-13369,-13369,0,3
3,18371,4152,-28452,-13873,-13873,0,3
3,18372,4153,26992,-11060,-11060,0,3
3,18377,4154,-6621,-4774,-4774,0,3
3,18378,4155,5453,3638,3638,0,3
3,18379,4156,11041,11905,11905,0,3
3,18380,4157,1178,17282,17282,0,3
3,18381,4158,-12717,17919,17919,0,3
3,18382,4159,-16370,13307,13307,0,3
3,18383,4160,31185,4630,4630,0,3
3,18384,4161,5633,-5835,-5835,0,1
3,18385,4162,16318,-15032,-15032,0,2
3,18386,4163,15406,-20644,-20644,0,3
3,18390,4164,-3596,-21564,-21564,0,3
3,18391,4165,-17914,-18292,-18292,0,3
3,18392,4166,-2958,-12379,-12379,0,3
3,18393,4167,19663,-5931,-5931,0,3
3,18395,4168,25135,-762,-762,0,3
3,18396,4169,-31899,2155,2155,0,3
3,18397,4170,-1117,2812,2812,0,3
3,18398,4171,15351,2122,2122,0,3
3,18399,4172,-5400,1151,1151,0,3
3,18403,4173,-15275,652,652,0,3
3,18404,4174,13856,687,687,0,3
3,18405,4175,-1868,1114,1114,0,3
3,18406,4176,-2496,1183,1183,0,3
3,18407,4177,15745,366,366,0,3
3,18409,4178,31371,-1404,-1404,0,3
3,18410,4179,-1096,-3703,-3703,0,3
3,18411,4180,32061,-5774,-5774,0,1
3,18412,4181,10966,-6613,-6613,0,2
3,18416,4182,-24806,-5690,-5690,0,3
3,18417,4183,-17140,-2875,-2875,0,3
3,18418,4184,16443,1377,1377,0,3
3,18419,4185,10296,6419,6419,0,3
3,18420,4186,-27044,11212,11212,0,3
3,18421,4187,21898,15039,15039,0,3
3,18423,4188,23821,17544,17544,0,3
3,18424,4189,1889,18472,18472,0,3
3,18425,4190,8379,17966,17966,0,3
3,18429,4191,2672,16062,16062,0,3
3,18430,4192,12989,13040,13040,0,3
3,18431,4193,-26896,9025,9025,0,3
3,18432,4194,-32685,4175,4175,0,3
3,18433,4195,-16424,-1132,-1132,0,3
3,18434,4196,32715,-6362,-6362,0,3
3,18435,4197,-5369,-11181,-11181,0,3
3,18437,4198,28087,-14949,-14949,0,3
3,18438,4199,-17595,-17352,-17352,0,1
3,18442,4200,10724,-18229,-18229,0,2
3,18443,4201,5963,-17669,-17669,0,3
3,18444,4202,-9193,-16102,-16102,0,3
3,18445,4203,-28979,-14010,-14010,0,3
3,18446,4204,8184,-11876,-11876,0,3
3,18447,4205,-7757,-9920,-9920,0,3
3,18448,4206,19991,-8519,-8519,0,3
3,18449,4207,31835,-7433,-7433,0,3
3,18451,4208,8636,-6443,-6443,0,3
3,18455,4209,6166,-5463,-5463,0,3
3,18456,4210,6463,-4231,-4231,0,3
3,18457,4211,8952,-2766,-2766,0,3
3,18458,4212,-20927,-1265,-1265,0,3
3,18459,4213,31544,78,78,0,3
3,18460,4214,-27725,1007,1007,0,3
3,18461,4215,-7719,1310,1310,0,3
3,18462,4216,-18185,1129,1129,0,3
3,18463,4217,-14379,781,781,0,3
3,18468,4218,-1482,552,552,0,1
3,18469,4219,-14491,774,774,0,2
3,18470,4220,5755,1754,1754,0,3
3,18471,4221,-19704,3215,3215,0,3
3,18472,4222,-11843,4767,4767,0,3
3,18473,4223,14181,5945,5945,0,3
3,18474,4224,-17495,6463,6463,0,3
3,18475,4225,-6848,6191,6191,0,3
3,18476,4226,-8620,5390,5390,0,3
3,18477,4227,10303,4424,4424,0,3
3,18481,4228,-6500,3736,3736,0,3
3,18482,4229,-22065,3359,3359,0,3
3,18483,4230,-26280,3182,3182,0,3
3,18484,4231,23043,2772,2772,0,3
3,18486,4232,-24059,1655,1655,0,3
3,18487,4233,-11005,-265,-265,0,3
3,18488,4234,1916,-2538,-2538,0,3
3,18489,4235,-9340,-4342,-4342,0,3
3,18490,4236,-8631,-4674,-4674,0,3
3,18494,4237,10688,-2631,-2631,0,1
3,18495,4238,-13172,1607,1607,0,2
3,18496,4239,29251,7361,7361,0,3
3,18497,4240,19186,12937,12937,0,3
3,18498,4241,-30790,16433,16433,0,3
3,18500,4242,-28715,16586,16586,0,3
3,18501,4243,-21314,13125,13125,0,3
3,18502,4244,30425,7043,7043,0,3
3,18503,4245,-25789,350,350,0,3
3,18507,4246,5519,-4729,-4729,0,3
3,18508,4247,-25552,-6147,-6147,0,3
3,18509,4248,10706,-3610,-3610,0,3
3,18510,4249,-3788,1849,1849,0,3
3,18511,4250,22803,8134,8134,0,3
3,18512,4251,-21433,12497,12497,0,3
3,18514,4252,-8666,13189,13189,0,3
3,18515,4253,-19029,9652,9652,0,3
3,18516,4254,4250,2871,2871,0,3
3,18520,4255,7211,-4575,-4575,0,3
3,18521,4256,-24296,-10183,-10183,0,1
3,18522,4257,-25172,-11966,-11966,0,2
3,18523,4258,16830,-9458,-9458,0,3
3,18524,4259,-14255,-3919,-3919,0,3
3,18525,4260,12027,2502,2502,0,3
3,18526,4261,6418,7196,7196,0,3
3,18528,4262,30221,8427,8427,0,3
3,18529,4263,-5397,5927,5927,0,3
3,18533,4264,11773,921,921,0,3
3,18534,4265,15925,-4286,-4286,0,3
3,18535,4266,-12708,-7459,-7459,0,3
3,18536,4267,18853,-6831,-6831,0,3
3,18537,4268,-10644,-2383,-2383,0,3
3,18538,4269,-20543,4448,4448,0,3
3,18539,4270,-25609,11603,11603,0,3
3,18540,4271,25844,16660,16660,0,3
3,18542,4272,-25369,17931,17931,0,3
3,18546,4273,2052,15154,15154,0,3
3,18547,4274,17173,9158,9158,0,3
3,18548,4275,-11779,1692,1692,0,1
3,18549,4276,17014,-5118,-5118,0,2
3,18550,4277,-7271,-9932,-9932,0,3
3,18551,4278,-15421,-12145,-12145,0,3
3,18552,4279,29532,-11987,-11987,0,3
3,18553,4280,28993,-10325,-10325,0,3
3,18554,4281,-13169,-8543,-8543,0,3
3,18559,4282,-13773,-7222,-7222,0,3
3,18560,4283,24970,-6768,-6768,0,3
3,18561,4284,-28475,-6922,-6922,0,3
3,18562,4285,29587,-7062,-7062,0,3
3,18563,4286,5636,-6757,-6757,0,3
3,18564,4287,2298,-5987,-5987,0,3
3,18565,4288,-21518,-4806,-4806,0,3
3,18566,4289,-10533,-3804,-3804,0,3
3,18567,4290,-31316,-3656,-3656,0,3
3,18568,4291,-20637,-4638,-4638,0,3
3,18572,4292,14218,-6635,-6635,0,3
3,18573,4293,31384,-9083,-9083,0,3
3,18574,4294,26761,-11120,-11120,0,1
3,18575,4295,19961,-11802,-11802,0,2
3,18577,4296,6156,-10716,-10716,0,3
3,18578,4297,30056,-7770,-7770,0,3
3,18579,4298,-6699,-3617,-3617,0,3
3,18580,4299,13978,506,506,0,3
3,18581,4300,32145,3611,3611,0,3
3,18585,4301,-14585,4835,4835,0,3
3,18586,4302,20919,3641,3641,0,3
3,18587,4303,29551,598,598,0,3
3,18588,4304,15725,-3528,-3528,0,3
3,18589,4305,-19766,-7555,-7555,0,3
3,18591,4306,-17359,-10342,-10342,0,3
3,18592,4307,23434,-11142,-11142,0,3
3,18593,4308,14066,-9926,-9926,0,3
3,18594,4309,-18655,-7150,-7150,0,3
3,18598,4310,4849,-3716,-3716,0,3
3,18599,4311,-20630,-741,-741,0,3
3,18600,4312,6695,952,952,0,3
3,18601,4313,-72,958,958,0,1
3,18602,4314,246,-706,-706,0,2
3,18603,4315,-9985,-3514,-3514,0,3
3,18605,4316,19853,-6616,-6616,0,3
3,18606,4317,-552,-9266,-9266,0,3
3,18607,4318,-26250,-10837,-10837,0,3
3,18611,4319,-27667,-10821,-10821,0,3
3,18612,4320,-2367,-9093,-9093,0,3
3,18613,4321,-2304,-5837,-5837,0,3
3,18614,4322,-24358,-1521,-1521,0,3
3,18615,4323,26048,3256,3256,0,3
3,18616,4324,-11902,7843,7843,0,3
3,18617,4325,-4581,11408,11408,0,3
3,18619,4326,23066,13253,13253,0,3
3,18620,4327,20815,12760,12760,0,3
3,18624,4328,-1773,10067,10067,0,3
3,18625,4329,-31567,5475,5475,0,3
3,18626,4330,-1062,-106,-106,0,3
3,18627,4331,19685,-5454,-5454,0,3
3,18628,4332,16873,-9254,-9254,0,1
3,18629,4333,446,-10790,-10790,0,2
3,18630,4334,4126,-9670,-9670,0,3
3,18631,4335,-12672,-6561,-6561,0,3
3,18633,4336,1120,-2362,-2362,0,3
3,18637,4337,30974,1636,1636,0,3
3,18638,4338,-26403,4295,4295,0,3
3,18639,4339,30868,5338,5338,0,3
3,18640,4340,-3314,4836,4836,0,3
3,18641,4341,-20551,3567,3567,0,3
3,18642,4342,-8872,2670,2670,0,3
3,18643,4343,-26640,2799,2799,0,3
3,18644,4344,18786,4262,4262,0,3
3,18645,4345,-6469,6297,6297,0,3
3,18650,4346,-10276,7717,7717,0,3
3,18651,4347,21549,7480,7480,0,3
3,18652,4348,19053,4871,4871,0,3
3,18653,4349,-16727,-5,-5,0,3
3,18654,4350,26032,-6155,-6155,0,3
3,18655,4351,-26319,-11599,-11599,0,1
3,18656,4352,9812,-14551,-14551,0,2
3,18657,4353,21472,-13707,-13707,0,3
3,18658,4354,31270,-8947,-8947,0,3
3,18659,4355,8994,-1127,-1127,0,3
3,18663,4356,-29598,7700,7700,0,3
3,18664,4357,-19847,15647,15647,0,3
3,18665,4358,-3630,20619,20619,0,3
3,18666,4359,-7268,21976,21976,0,3
3,18668,4360,-12825,20202,20202,0,3
3,18669,4361,-849,16470,16470,0,3
3,18670,4362,822,12525,12525,0,3
3,18671,4363,11029,9859,9859,0,3
3,18672,4364,-8860,8953,8953,0,3
3,18676,4365,-4541,9438,9438,0,3
3,18677,4366,-20587,10540,10540,0,3
3,18678,4367,-15424,10818,10818,0,3
3,18679,4368,-30635,9398,9398,0,3
3,18680,4369,9059,6215,6215,0,3
3,18682,4370,-27559,1826,1826,0,1
3,18683,4371,250,-2585,-2585,0,2
3,18684,4372,16823,-5616,-5616,0,3
3,18685,4373,1220,-6529,-6529,0,3
3,18689,4374,-6544,-5205,-5205,0,3
3,18690,4375,31678,-2392,-2392,0,3
3,18691,4376,25830,663,663,0,3
3,18692,4377,7773,2389,2389,0,3
3,18693,4378,26902,1901,1901,0,3
3,18694,4379,30012,-884,-884,0,3
3,18696,4380,-31789,-5312,-5312,0,3
3,18697,4381,19241,-10120,-10120,0,3
3,18698,4382,-6762,-13561,-13561,0,3
3,18702,4383,5787,-14671,-14671,0,3
3,18703,4384,30822,-12815,-12815,0,3
3,18704,4385,-19793,-8566,-8566,0,3
3,18705,4386,-19497,-3042,-3042,0,3
3,18706,4387,-32500,2337,2337,0,3
3,18707,4388,22824,6079,6079,0,3
3,18708,4389,-21451,7447,7447,0,1
3,18710,4390,6916,6476,6476,0,2
3,18711,4391,-15693,4006,4006,0,3
3,18715,4392,-25538,1145,1145,0,3
3,18716,4393,19530,-754,-754,0,3
3,18717,4394,14871,-1022,-1022,0,3
3,18718,4395,12856,320,320,0,3
3,18719,4396,23143,2909,2909,0,3
3,18720,4397,-15060,5727,5727,0,3
3,18721,4398,-24966,7490,7490,0,3
3,18722,4399,26806,7694,7694,0,3
3,18724,4400,-962,6037,6037,0,3
3,18728,4401,-3724,2883,2883,0,3
3,18729,4402,-23024,-840,-840,0,3
3,18730,4403,-18511,-4216,-4216,0,3
3,18731,4404,-15256,-6475,-6475,0,3
3,18732,4405,-12165,-7167,-7167,0,3
3,18733,4406,-21929,-6492,-6492,0,3
3,18734,4407,18865,-4913,-4913,0,3
3,18735,4408,-16108,-2906,-2906,0,1
3,18736,4409,27791,-784,-784,0,2
3,18741,4410,29512,1207,1207,0,3
3,18742,4411,-21296,3233,3233,0,3
3,18743,4412,13239,5486,5486,0,3
3,18744,4413,-23447,7708,7708,0,3
3,18745,4414,21366,9604,9604,0,3
3,18746,4415,797,10574,10574,0,3
3,18747,4416,-32427,9912,9912,0,3
3,18748,4417,1583,7354,7354,0,3
3,18749,4418,-16529,3106,3106,0,3
3,18750,4419,-22830,-2106,-2106,0,3
3,18754,4420,15890,-6880,-6880,0,3
3,18755,4421,-7996,-10019,-10019,0,3
3,18756,4422,-662,-10821,-10821,0,3
3,18757,4423,-1041,-9146,-9146,0,3
3,18759,4424,18263,-5812,-5812,0,3
3,18760,4425,-22001,-2267,-2267,0,3
3,18761,4426,13583,-220,-220,0,3
3,18762,4427,14208,-654,-654,0,1
3,18763,4428,-24042,-3702,-3702,0,2
3,18767,4429,-17334,-8631,-8631,0,3
3,18768,4430,-25574,-13827,-13827,0,3
3,18769,4431,-7054,-17491,-17491,0,3
3,18770,4432,2211,-18169,-18169,0,3
3,18771,4433,-18613,-15183,-15183,0,3
3,18773,4434,-12078,-9004,-9004,0,3
3,18774,4435,1824,-968,-968,0,3
3,18775,4436,32430,7285,7285,0,3
3,18776,4437,-28217,13958,13958,0,3
3,18780,4438,-27794,18057,18057,0,3
3,18781,4439,15724,19401,19401,0,3
3,18782,4440,-16437,18288,18288,0,3
3,18783,4441,-10377,15739,15739,0,3
3,18784,4442,-20741,12738,12738,0,3
3,18785,4443,19409,9850,9850,0,3
3,18787,4444,30125,7499,7499,0,3
3,18788,4445,20455,5319,5319,0,3
3,18789,4446,15318,2938,2938,0,1
3,18793,4447,11415,217,217,0,2
3,18794,4448,-10744,-2921,-2921,0,3
3,18795,4449,-25789,-6204,-6204,0,3
3,18796,4450,-8324,-9072,-9072,0,3
3,18797,4451,7766,-10863,-10863,0,3
3,18798,4452,10688,-11132,-11132,0,3
3,18799,4453,-8129,-9658,-9658,0,3
3,18801,4454,-25798,-6729,-6729,0,3
3,18802,4455,-42,-2766,-2766,0,3
3,18806,4456,11162,1615,1615,0,3
3,18807,4457,16155,5534,5534,0,3
3,18808,4458,7712,8370,8370,0,3
3,18809,4459,-9171,9621,9621,0,3
3,18810,4460,-25056,8896,8896,0,3
3,18811,4461,-20334,6317,6317,0,3
3,18812,4462,-4416,1962,1962,0,3
3,18813,4463,-25332,-3357,-3357,0,3
3,18815,4464,-17096,-8783,-8783,0,3
3,18819,4465,3957,-13276,-13276,0,1
3,18820,4466,29664,-15832,-15832,0,2
3,18821,4467,-8381,-15982,-15982,0,3
3,18822,4468,22969,-13439,-13439,0,3
3,18823,4469,1421,-8844,-8844,0,3
3,18824,4470,8181,-3174,-3174,0,3
3,18825,4471,-27159,2531,2531,0,3
3,18826,4472,-30991,6985,6985,0,3
3,18827,4473,8542,9461,9461,0,3
3,18832,4474,1515,9626,9626,0,3
3,18833,4475,-11783,7460,7460,0,3
3,18834,4476,29800,3757,3757,0,3
3,18835,4477,-8855,-848,-848,0,3
3,18836,4478,-3741,-5457,-5457,0,3
3,18837,4479,-5421,-9199,-9199,0,3
3,18838,4480,-1689,-11563,-11563,0,3
3,18839,4481,-2510,-12082,-12082,0,3
3,18840,4482,-13107,-10806,-10806,0,3
3,18841,4483,-19550,-7759,-7759,0,3
3,18845,4484,-22741,-3541,-3541,0,1
3,18846,4485,5725,861,861,0,2
3,18847,4486,13048,4475,4475,0,3
3,18848,4487,5806,6271,6271,0,3
3,18850,4488,-17162,5501,5501,0,3
3,18851,4489,11301,2342,2342,0,3
3,18852,4490,-28780,-2640,-2640,0,3
3,18853,4491,19609,-8228,-8228,0,3
3,18854,4492,3821,-12841,-12841,0,3
3,18858,4493,-10046,-15211,-15211,0,3
3,18859,4494,24097,-14726,-14726,0,3
3,18860,4495,-20533,-11685,-11685,0,3
3,18861,4496,-14781,-7217,-7217,0,3
3,18862,4497,-7727,-2937,-2937,0,3
3,18864,4498,6054,-378,-378,0,3
3,18865,4499,8943,-458,-458,0,3
3,18866,4500,17787,-3086,-3086,0,3
3,18867,4501,27882,-6996,-6996,0,3
3,18871,4502,5799,-10262,-10262,0,3
3,18872,4503,20158,-11252,-11252,0,1
3,18873,4504,-24241,-8756,-8756,0,2
3,18874,4505,-32083,-2964,-2964,0,3
3,18875,4506,-23779,4863,4863,0,3
3,18876,4507,-3673,12526,12526,0,3
3,18878,4508,23336,17526,17526,0,3
3,18879,4509,9947,18302,18302,0,3
3,18880,4510,30945,14460,14460,0,3
3,18884,4511,30772,6966,6966,0,3
3,18885,4512,-14716,-1871,-1871,0,3
3,18886,4513,5933,-9346,-9346,0,3
3,18887,4514,-10016,-13205,-13205,0,3
3,18888,4515,-30168,-12403,-12403,0,3
3,18889,4516,16020,-7448,-7448,0,3
3,18890,4517,-13673,-404,-404,0,3
3,18892,4518,17468,6028,6028,0,3
3,18893,4519,-6107,9500,9500,0,3
3,18897,4520,32262,8455,8455,0,3
3,18898,4521,-19992,3099,3099,0,3
3,18899,4522,29850,-4930,-4930,0,1
3,18900,4523,-30745,-12989,-12989,0,2
3,18901,4524,15853,-18537,-18537,0,3
3,18902,4525,-21070,-19454,-19454,0,3
3,18903,4526,24593,-15698,-15698,0,3
3,18904,4527,-29053,-8470,-8470,0,3
3,18906,4528,28725,0,0,0,3
3,18910,4529,12854,6985,6985,0,3
3,18911,4530,-17653,10374,10374,0,3
3,18912,4531,28194,9659,9659,0,3
3,18913,4532,8601,5417,5417,0,3
3,18914,4533,-22613,-542,-542,0,3
3,18915,4534,-21303,-6057,-6057,0,3
3,18916,4535,12813,-9252,-9252,0,3
3,18917,4536,28051,-9403,-9403,0,3
3,18918,4537,6301,-6824,-6824,0,3
3,18923,4538,31325,-2704,-2704,0,3
3,18924,4539,-6693,1215,1215,0,3
3,18925,4540,187,3746,3746,0,3
3,18926,4541,-24893,3949,3949,0,1
3,18927,4542,-19348,1654,1654,0,2
3,18928,4543,816,-2158,-2158,0,3
3,18929,4544,28245,-6429,-6429,0,3
3,18930,4545,14148,-10078,-10078,0,3
3,18931,4546,-12462,-12111,-12111,0,3
3,18932,4547,-23578,-12095,-12095,0,3
3,18936,4548,28645,-9915,-9915,0,3
3,18937,4549,-13667,-6226,-6226,0,3
3,18938,4550,18965,-1746,-1746,0,3
3,18939,4551,29284,2309,2309,0,3
3,18941,4552,-12292,4994,4994,0,3
3,18942,4553,-25419,5572,5572,0,3
3,18943,4554,-19319,3573,3573,0,3
3,18944,4555,31327,-347,-347,0,3
3,18945,4556,15656,-4821,-4821,0,3
3,18949,4557,14312,-8342,-8342,0,3
3,18950,4558,-21137,-9278,-9278,0,3
3,18951,4559,-6559,-6767,-6767,0,3
3,18952,4560,-11260,-1067,-1067,0,1
3,18953,4561,22219,6153,6153,0,2
3,18955,4562,25895,12552,12552,0,3
3,18956,4563,-30275,15821,15821,0,3
3,18957,4564,-13279,14385,14385,0,3
3,18958,4565,29731,8669,8669,0,3
3,18962,4566,23819,248,248,0,3
3,18963,4567,-4889,-7986,-7986,0,3
3,18964,4568,-29053,-12907,-12907,0,3
3,18965,4569,-21105,-12626,-12626,0,3
3,18966,4570,-9684,-7198,-7198,0,3
3,18967,4571,-513,1600,1600,0,3
3,18969,4572,7449,10523,10523,0,3
3,18970,4573,22125,16443,16443,0,3
3,18971,4574,-12515,17227,17227,0,3
3,18975,4575,-15229,12877,12877,0,3
3,18976,4576,-14051,5099,5099,0,3
3,18977,4577,-25685,-3035,-3035,0,3
3,18978,4578,-15002,-8448,-8448,0,3
3,18979,4579,6038,-9610,-9610,0,1
3,18980,4580,15973,-6439,-6439,0,2
3,18981,4581,-11274,-635,-635,0,3
3,18983,4582,-5167,5120,5120,0,3
3,18984,4583,-16588,8608,8608,0,3
3,18988,4584,1711,8600,8600,0,3
3,18989,4585,4107,5536,5536,0,3
3,18990,4586,5832,1092,1092,0,3
3,18991,4587,6370,-2561,-2561,0,3
3,18992,4588,-14300,-3867,-3867,0,3
3,18993,4589,23033,-2545,-2545,0,3
3,18994,4590,-25008,645,645,0,3
3,18995,4591,-22475,4119,4119,0,3
3,18997,4592,184,6111,6111,0,3
3,19001,4593,31004,5941,5941,0,3
3,19002,4594,21899,4032,4032,0,3
3,19003,4595,-4982,1488,1488,0,3
3,19004,4596,16782,-70,-70,0,3
3,19005,4597,-29517,389,389,0,3
3,19006,4598,-8200,2796,2796,0,1
3,19007,4599,-6073,6061,6061,0,2
3,19008,4600,8879,8737,8737,0,3
3,19009,4601,18317,9290,9290,0,3
3,19014,4602,-31750,7295,7295,0,3
3,19015,4603,-22314,3206,3206,0,3
3,19016,4604,-2131,-1607,-1607,0,3
3,19017,4605,25166,-5330,-5330,0,3
3,19018,4606,-2317,-6580,-6580,0,3
3,19019,4607,-32504,-5185,-5185,0,3
3,19020,4608,17906,-1697,-1697,0,3
3,19021,4609,12596,2399,2399,0,3
3,19022,4610,-18280,5653,5653,0,3
3,19023,4611,23251,7027,7027,0,3
3,19027,4612,11795,6350,6350,0,3
3,19028,4613,-10506,4292,4292,0,3
3,19029,4614,-7456,1927,1927,0,3
3,19030,4615,29961,286,286,0,3
3,19032,4616,6627,-172,-172,0,3
3,19033,4617,-25199,339,339,0,1
3,19034,4618,10233,1331,1331,0,2
3,19035,4619,-18090,2039,2039,0,3
3,19036,4620,24424,2086,2086,0,3
3,19040,4621,-3273,1642,1642,0,3
3,19041,4622,16346,1009,1009,0,3
3,19042,4623,9201,813,813,0,3
3,19043,4624,-10125,1357,1357,0,3
3,19044,4625,-7499,2652,2652,0,3
3,19046,4626,-26760,3919,3919,0,3
3,19047,4627,10706,4393,4393,0,3
3,19048,4628,-3040,3596,3596,0,3
3,19049,4629,-3896,1371,1371,0,3
3,19053,4630,27859,-1758,-1758,0,3
3,19054,4631,24339,-4871,-4871,0,3
3,19055,4632,14131,-6948,-6948,0,3
3,19056,4633,-12123,-7368,-7368,0,3
3,19057,4634,19078,-6308,-6308,0,3
3,19058,4635,30522,-4482,-4482,0,3
3,19060,4636,5914,-2876,-2876,0,1
3,19061,4637,31834,-2492,-2492,0,2
3,19062,4638,-26098,-3779,-3779,0,3
3,19066,4639,-1600,-6408,-6408,0,3
3,19067,4640,-28422,-9281,-9281,0,3
3,19068,4641,19333,-11374,-11374,0,3
3,19069,4642,2430,-11674,-11674,0,3
3,19070,4643,20078,-9859,-9859,0,3
3,19071,4644,5874,-6273,-6273,0,3
3,19072,4645,24082,-1990,-1990,0,3
3,19074,4646,-5571,1537,1537,0,3
3,19075,4647,13887,3199,3199,0,3
3,19079,4648,-22857,2813,2813,0,3
3,19080,4649,-4208,579,579,0,3
3,19081,4650,-21758,-2292,-2292,0,3
3,19082,4651,-17548,-4634,-4634,0,3
3,19083,4652,-23518,-5248,-5248,0,3
3,19084,4653,11190,-3945,-3945,0,3
3,19085,4654,-19916,-989,-989,0,3
3,19086,4655,15456,2708,2708,0,1
3,19088,4656,-3436,5844,5844,0,2
3,19092,4657,-30507,7344,7344,0,3
3,19093,4658,31392,6799,6799,0,3
3,19094,4659,4502,4425,4425,0,3
3,19095,4660,-31077,941,941,0,3
3,19096,4661,-4876,-2615,-2615,0,3
3,19097,4662,-19728,-5361,-5361,0,3
3,19098,4663,19345,-6814,-6814,0,3
3,19099,4664,-14783,-6941,-6941,0,3
3,19100,4665,29023,-6334,-6334,0,3
3,19105,4666,-14671,-5368,-5368,0,3
3,19106,4667,5445,-4449,-4449,0,3
3,19107,4668,5421,-3706,-3706,0,3
3,19108,4669,-17820,-2966,-2966,0,3
3,19109,4670,-4330,-1880,-1880,0,3
3,19110,4671,-26274,-270,-270,0,3
3,19111,4672,154,1726,1726,0,3
3,19112,4673,16783,3850,3850,0,3
3,19113,4674,2840,5532,5532,0,1
3,19114,4675,-20475,6239,6239,0,2
3,19118,4676,22715,5781,5781,0,3
3,19119,4677,-29034,4295,4295,0,3
3,19120,4678,16132,2281,2281,0,3
3,19121,4679,-3112,573,573,0,3
3,19123,4680,21919,-303,-303,0,3
3,19124,4681,25706,43,43,0,3
3,19125,4682,-16428,1454,1454,0,3
3,19126,4683,-29943,3216,3216,0,3
3,19127,4684,-29404,4441,4441,0,3
3,19131,4685,27175,4488,4488,0,3
3,19132,4686,-8387,3047,3047,0,3
3,19133,4687,19624,244,244,0,3
3,19134,4688,-10763,-3028,-3028,0,3
3,19135,4689,3680,-5627,-5627,0,3
3,19137,4690,-27512,-6445,-6445,0,3
3,19138,4691,2147,-4800,-4800,0,3
3,19139,4692,11124,-614,-614,0,3
3,19140,4693,-11624,5359,5359,0,1
3,19144,4694,4859,11974,11974,0,2
3,19145,4695,7676,17590,17590,0,3
3,19146,4696,-32578,20671,20671,0,3
3,19147,4697,-508,20528,20528,0,3
3,19148,4698,31088,17163,17163,0,3
3,19149,4699,-10730,11173,11173,0,3
3,19151,4700,-27228,4301,4301,0,3
3,19152,4701,-26820,-1644,-1644,0,3
3,19153,4702,12935,-5000,-5000,0,3
3,19157,4703,27712,-5049,-5049,0,3
3,19158,4704,22254,-1784,-1784,0,3
3,19159,4705,-13159,3672,3672,0,3
3,19160,4706,-19441,9339,9339,0,3
3,19161,4707,-32101,13316,13316,0,3
3,19162,4708,-20419,13986,13986,0,3
3,19163,4709,-32363,10750,10750,0,3
3,19165,4710,7607,4336,4336,0,3
3,19166,4711,8505,-3864,-3864,0,3
3,19170,4712,20568,-11576,-11576,0,1
3,19171,4713,25942,-16789,-16789,0,2
3,19172,4714,-10262,-18424,-18424,0,3
3,19173,4715,-31403,-16310,-16310,0,3
3,19174,4716,30377,-11525,-11525,0,3
3,19175,4717,7550,-5724,-5724,0,3
3,19176,4718,27332,-1026,-1026,0,3
3,19177,4719,17904,1432,1432,0,3
3,19179,4720,15070,1118,1118,0,3
3,19183,4721,-8615,-1374,-1374,0,3
3,19184,4722,-27230,-4728,-4728,0,3
3,19185,4723,12378,-7465,-7465,0,3
3,19186,4724,6286,-8348,-8348,0,3
3,19187,4725,-32404,-6847,-6847,0,3
3,19188,4726,29356,-3662,-3662,0,3
3,19189,4727,-1865,236,236,0,3
3,19190,4728,20702,3300,3300,0,3
3,19191,4729,31385,4433,4433,0,3
3,19196,4730,7929,3225,3225,0,3
3,19197,4731,1039,69,69,0,1
3,19198,4732,-11824,-3892,-3892,0,2
3,19199,4733,13716,-7401,-7401,0,3
3,19200,4734,-32366,-9246,-9246,0,3
3,19201,4735,339,-8822,-8822,0,3
3,19202,4736,28266,-6429,-6429,0,3
3,19203,4737,-2750,-2820,-2820,0,3
3,19204,4738,24162,972,972,0,3
3,19205,4739,1064,3875,3875,0,3
3,19209,4740,-30235,5352,5352,0,3
3,19210,4741,-15630,5248,5248,0,3
3,19211,4742,25448,3974,3974,0,3
3,19212,4743,89,2059,2059,0,3
3,19214,4744,9460,170,170,0,3
3,19215,4745,178,-1380,-1380,0,3
3,19216,4746,32223,-2600,-2600,0,3
3,19217,4747,11008,-3344,-3344,0,3
3,19218,4748,14753,-3790,-3790,0,3
3,19222,4749,16293,-4099,-4099,0,3
3,19223,4750,-9567,-4022,-4022,0,1
3,19224,4751,-32114,-3501,-3501,0,2
3,19225,4752,4296,-2553,-2553,0,3
3,19226,4753,-12336,-1231,-1231,0,3
3,19228,4754,-25010,-202,-202,0,3
3,19229,4755,-26517,251,251,0,3
3,19230,4756,12163,-311,-311,0,3
3,19231,4757,8338,-1823,-1823,0,3
3,19235,4758,2406,-3904,-3904,0,3
3,19236,4759,-26414,-5903,-5903,0,3
3,19237,4760,23077,-6771,-6771,0,3
3,19238,4761,14962,-6203,-6203,0,3
3,19239,4762,-11572,-4146,-4146,0,3
3,19240,4763,-30767,-1131,-1131,0,3
3,19242,4764,-24022,1515,1515,0,3
3,19243,4765,5177,2938,2938,0,3
3,19244,4766,-26612,2210,2210,0,3
3,19248,4767,-28257,-667,-667,0,3
3,19249,4768,-4193,-5056,-5056,0,3
3,19250,4769,-18072,-9659,-9659,0,1
3,19251,4770,28246,-13182,-13182,0,2
3,19252,4771,24471,-14750,-14750,0,3
3,19253,4772,-9542,-13935,-13935,0,3
3,19254,4773,26940,-10776,-10776,0,3
3,19256,4774,-16181,-6233,-6233,0,3
3,19257,4775,10444,-953,-953,0,3
3,19261,4776,-4895,4137,4137,0,3
3,19262,4777,-5439,8443,8443,0,3
3,19263,4778,-28526,11874,11874,0,3
3,19264,4779,23246,13934,13934,0,3
3,19265,4780,17636,14373,14373,0,3
3,19266,4781,13898,13117,13117,0,3
3,19267,4782,-18095,10203,10203,0,3
3,19268,4783,1426,5946,5946,0,3
3,19270,4784,32290,1228,1228,0,3
3,19274,4785,-10591,-2703,-2703,0,3
3,19275,4786,-1798,-4779,-4779,0,3
3,19276,4787,21791,-4136,-4136,0,3
3,19277,4788,30807,-801,-801,0,1
3,19278,4789,9391,4157,4157,0,2
3,19279,4790,2562,9235,9235,0,3
3,19280,4791,21295,12748,12748,0,3
3,19281,4792,-3917,13620,13620,0,3
3,19282,4793,13123,11638,11638,0,3
3,19287,4794,-26004,7557,7557,0,3
3,19288,4795,-24509,2838,2838,0,3
3,19289,4796,-9934,-768,-768,0,3
3,19290,4797,2046,-2219,-2219,0,3
3,19291,4798,31765,-1473,-1473,0,3
3,19292,4799,24132,575,575,0,3
3,19293,4800,-21795,2731,2731,0,3
3,19294,4801,26414,3707,3707,0,3
3,19295,4802,6307,2947,2947,0,3
3,19296,4803,-30870,904,904,0,3
3,19300,4804,1422,-1307,-1307,0,3
3,19301,4805,-6191,-2081,-2081,0,3
3,19302,4806,25845,-388,-388,0,3
3,19303,4807,-31720,3766,3766,0,1
3,19305,4808,-23962,9330,9330,0,2
3,19306,4809,-22934,14555,14555,0,3
3,19307,4810,-13093,17467,17467,0,3
3,19308,4811,-1364,16605,16605,0,3
3,19309,4812,-5583,11625,11625,0,3
3,19313,4813,-25166,3572,3572,0,3
3,19314,4814,10522,-5860,-5860,0,3
3,19315,4815,-20356,-14087,-14087,0,3
3,19316,4816,29858,-19090,-19090,0,3
3,19317,4817,-7084,-19899,-19899,0,3
3,19319,4818,-17617,-16507,-16507,0,3
3,19320,4819,-12138,-9978,-9978,0,3
3,19321,4820,-24236,-2374,-2374,0,3
3,19322,4821,-17416,4050,4050,0,3
3,19326,4822,-20524,7563,7563,0,3
3,19327,4823,-12947,7136,7136,0,3
3,19328,4824,-4984,2784,2784,0,3
3,19329,4825,-24187,-4324,-4324,0,3
3,19330,4826,28089,-12423,-12423,0,1
3,19331,4827,2350,-19350,-19350,0,2
3,19333,4828,-20594,-23042,-23042,0,3
3,19334,4829,-11359,-22582,-22582,0,3
3,19335,4830,17550,-17937,-17937,0,3
3,19339,4831,-23197,-10262,-10262,0,3
3,19340,4832,23072,-1571,-1571,0,3
3,19341,4833,-15316,5885,5885,0,3
3,19342,4834,31927,10363,10363,0,3
3,19343,4835,27652,11206,11206,0,3
3,19344,4836,4035,8673,8673,0,3
3,19345,4837,3203,4242,4242,0,3
3,19347,4838,1459,-32,-32,0,3
3,19348,4839,30868,-2888,-2888,0,3
3,19352,4840,10878,-3363,-3363,0,3
3,19353,4841,-20957,-1710,-1710,0,3
3,19354,4842,18764,1058,1058,0,3
3,19355,4843,31811,3679,3679,0,3
3,19356,4844,-5696,5165,5165,0,3
3,19357,4845,1600,5409,5409,0,1
3,19358,4846,-4073,4963,4963,0,2
3,19359,4847,16140,4988,4988,0,3
3,19361,4848,967,6357,6357,0,3
3,19365,4849,16757,9087,9087,0,3
3,19366,4850,-3584,12880,12880,0,3
3,19367,4851,14734,16188,16188,0,3
3,19368,4852,13463,17258,17258,0,3
3,19369,4853,9951,15361,15361,0,3
3,19370,4854,-23025,10383,10383,0,3
3,19371,4855,-14565,3519,3519,0,3
3,19372,4856,6920,-3274,-3274,0,3
3,19373,4857,19148,-8039,-8039,0,3
3,19378,4858,-25146,-9405,-9405,0,3
3,19379,4859,9189,-7172,-7172,0,3
3,19380,4860,-17567,-2220,-2220,0,3
3,19381,4861,-13132,3625,3625,0,3
3,19382,4862,-2145,8382,8382,0,3
3,19383,4863,-8846,10848,10848,0,3
3,19384,4864,-32513,10378,10378,0,1
3,19385,4865,29977,7408,7408,0,2
3,19386,4866,30459,2967,2967,0,3
3,19387,4867,-26979,-2007,-2007,0,3
3,19391,4868,-8622,-6451,-6451,0,3
3,19392,4869,-22215,-10094,-10094,0,3
3,19393,4870,-29596,-12819,-12819,0,3
3,19394,4871,-3001,-14709,-14709,0,3
3,19396,4872,-8812,-15766,-15766,0,3
3,19397,4873,8745,-15503,-15503,0,3
3,19398,4874,12438,-13886,-13886,0,3
3,19399,4875,24714,-10919,-10919,0,3
3,19400,4876,-7848,-6915,-6915,0,3
3,19404,4877,-8234,-2995,-2995,0,3
3,19405,4878,-25264,-221,-221,0,3
3,19406,4879,14235,322,322,0,3
3,19407,4880,25316,-1912,-1912,0,3
3,19408,4881,195,-6277,-6277,0,3
3,19410,4882,28178,-11746,-11746,0,3
3,19411,4883,785,-16579,-16579,0,1
3,19412,4884,-7758,-19306,-19306,0,2
3,19413,4885,7388,-19235,-19235,0,3
3,19417,4886,31069,-16239,-16239,0,3
3,19418,4887,-6471,-11636,-11636,0,3
3,19419,4888,-14840,-6752,-6752,0,3
3,19420,4889,12128,-2932,-2932,0,3
3,19421,4890,25543,-1123,-1123,0,3
3,19422,4891,-21261,-1038,-1038,0,3
3,19424,4892,3075,-1915,-1915,0,3
3,19425,4893,-2672,-2526,-2526,0,3
3,19426,4894,26639,-1790,-1790,0,3
3,19430,4895,-9937,698,698,0,3
3,19431,4896,21532,4727,4727,0,3
3,19432,4897,-9292,9267,9267,0,3
3,19433,4898,29645,13193,13193,0,3
3,19434,4899,-4827,15478,15478,0,3
3,19435,4900,9061,15556,15556,0,3
3,19436,4901,13508,13899,13899,0,3
3,19438,4902,27814,11139,11139,0,1
3,19439,4903,-7633,8279,8279,0,2
3,19443,4904,-29631,6240,6240,0,3
3,19444,4905,18872,5424,5424,0,3
3,19445,4906,-30524,5841,5841,0,3
3,19446,4907,11332,6847,6847,0,3
3,19447,4908,662,7713,7713,0,3
3,19448,4909,19806,8106,8106,0,3
3,19449,4910,-22546,7789,7789,0,3
3,19450,4911,3255,6964,6964,0,3
3,19452,4912,-7083,5971,5971,0,3
3,19456,4913,-25747,5198,5198,0,3
3,19457,4914,13483,4991,4991,0,3
3,19458,4915,-30321,4943,4943,0,3
3,19459,4916,-11302,4772,4772,0,3
3,19460,4917,-23440,3840,3840,0,3
3,19461,4918,-3014,1794,1794,0,3
3,19462,4919,-32021,-1193,-1193,0,3
3,19463,4920,-5392,-4736,-4736,0,3
3,19464,4921,13033,-8073,-8073,0,1
3,19469,4922,23826,-10046,-10046,0,2
3,19470,4923,-11136,-10157,-10157,0,3
3,19471,4924,4306,-8498,-8498,0,3
3,19472,4925,-10774,-5579,-5579,0,3
3,19473,4926,-263,-2510,-2510,0,3
3,19474,4927,-30339,-543,-543,0,3
3,19475,4928,-32051,-586,-586,0,3
3,19476,4929,26775,-2548,-2548,0,3
3,19477,4930,-21155,-6064,-6064,0,3
3,19478,4931,28437,-9772,-9772,0,3
3,19482,4932,-9884,-12238,-12238,0,3
3,19483,4933,30504,-12742,-12742,0,3
3,19484,4934,-7757,-10843,-10843,0,3
3,19485,4935,-9889,-7066,-7066,0,3
3,19487,4936,-5179,-2622,-2622,0,3
3,19488,4937,22297,1313,1313,0,3
3,19489,4938,11457,3759,3759,0,3
3,19490,4939,-12180,4492,4492,0,3
3,19491,4940,8231,3896,3896,0,1
3,19495,4941,-6537,2951,2951,0,2
3,19496,4942,29957,2606,2606,0,3
3,19497,4943,25557,3352,3352,0,3
3,19498,4944,-10260,5159,5159,0,3
3,19499,4945,17867,7584,7584,0,3
3,19501,4946,13648,9689,9689,0,3
3,19502,4947,15057,10597,10597,0,3
3,19503,4948,8626,10079,10079,0,3
3,19504,4949,-30157,8117,8117,0,3
3,19508,4950,-26355,5492,5492,0,3
3,19509,4951,-15098,3000,3000,0,3
3,19510,4952,-31273,1311,1311,0,3
3,19511,4953,29592,673,673,0,3
3,19512,4954,-22723,1146,1146,0,3
3,19513,4955,13099,2280,2280,0,3
3,19515,4956,-6566,3649,3649,0,3
3,19516,4957,-15342,4897,4897,0,3
3,19517,4958,31063,6054,6054,0,3
3,19521,4959,19369,7163,7163,0,1
3,19522,4960,-21927,8371,8371,0,2
3,19523,4961,20101,9722,9722,0,3
3,19524,4962,-2470,10668,10668,0,3
3,19525,4963,1801,10841,10841,0,3
3,19526,4964,-8448,9758,9758,0,3
3,19527,4965,-25829,7176,7176,0,3
3,19529,4966,-14964,3425,3425,0,3
3,19530,4967,7221,-693,-693,0,3
3,19534,4968,-11520,-4103,-4103,0,3
3,19535,4969,-32639,-5881,-5881,0,3
3,19536,4970,20018,-5572,-5572,0,3
3,19537,4971,-28251,-3579,-3579,0,3
3,19538,4972,16224,-898,-898,0,3
3,19539,4973,-22766,1117,1117,0,3
3,19540,4974,-19905,1201,1201,0,3
3,19541,4975,20730,-1318,-1318,0,3
3,19543,4976,-22495,-6145,-6145,0,3
3,19547,4977,-23560,-12122,-12122,0,3
3,19548,4978,29800,-17529,-17529,0,1
3,19549,4979,7473,-20616,-20616,0,2
3,19550,4980,27047,-20337,-20337,0,3
3,19551,4981,-28205,-16738,-16738,0,3
3,19552,4982,2735,-10545,-10545,0,3
3,19553,4983,-7122,-3511,-3511,0,3
3,19554,4984,31798,2175,2175,0,3
3,19555,4985,-22094,5081,5081,0,3
3,19560,4986,-23704,4433,4433,0,3
3,19561,4987,-24688,819,819,0,3
3,19562,4988,-29215,-4423,-4423,0,3
3,19563,4989,15967,-9482,-9482,0,3
3,19564,4990,-23048,-12719,-12719,0,3
3,19565,4991,27678,-12775,-12775,0,3
3,19566,4992,392,-9708,-9708,0,3
3,19567,4993,-11025,-4495,-4495,0,3
3,19568,4994,-1092,1459,1459,0,3
3,19569,4995,-17412,6505,6505,0,3
3,19573,4996,-16544,9267,9267,0,3
3,19574,4997,-13800,9364,9364,0,1
3,19575,4998,-12630,7155,7155,0,2
3,19576,4999,-2516,3738,3738,0,3
3,19578,5000,-31926,649,649,0,3
3,19579,5001,-10091,-905,-905,0,3
3,19580,5002,19166,-45,-45,0,3
3,19581,5003,15295,3009,3009,0,3
3,19582,5004,-32336,7709,7709,0,3
3,19586,5005,20447,12574,12574,0,3
3,19587,5006,25917,16320,16320,0,3
3,19588,5007,-12298,17814,17814,0,3
3,19589,5008,-20195,16336,16336,0,3
3,19590,5009,10341,11943,11943,0,3
3,19592,5010,-22195,5603,5603,0,3
3,19593,5011,584,-1590,-1590,0,3
3,19594,5012,17682,-8272,-8272,0,3
3,19595,5013,31938,-13221,-13221,0,3
3,19599,5014,-30310,-15660,-15660,0,3
3,19600,5015,-17025,-15339,-15339,0,3
3,19601,5016,-13791,-12570,-12570,0,1
3,19602,5017,10854,-8103,-8103,0,2
3,19603,5018,202,-2825,-2825,0,3
3,19604,5019,14514,2301,2301,0,3
3,19606,5020,32758,6436,6436,0,3
3,19607,5021,646,8981,8981,0,3
3,19608,5022,-3388,9619,9619,0,3
3,19612,5023,-29370,8441,8441,0,3
3,19613,5024,17858,5607,5607,0,3
3,19614,5025,15377,1707,1707,0,3
3,19615,5026,6517,-2592,-2592,0,3
3,19616,5027,16295,-6556,-6556,0,3
3,19617,5028,22808,-9655,-9655,0,3
3,19618,5029,5711,-11341,-11341,0,3
3,19620,5030,25742,-11519,-11519,0,3
3,19621,5031,31282,-10555,-10555,0,3
3,19625,5032,-1632,-9031,-9031,0,3
3,19626,5033,26664,-7455,-7455,0,3
3,19627,5034,786,-6528,-6528,0,3
3,19628,5035,13079,-6462,-6462,0,1
3,19629,5036,12416,-7102,-7102,0,2
3,19630,5037,-30832,-7897,-7897,0,3
3,19631,5038,-29470,-7891,-7891,0,3
3,19632,5039,10149,-6559,-6559,0,3
3,19634,5040,-22566,-3664,-3664,0,3
3,19638,5041,-20288,499,499,0,3
3,19639,5042,2368,5098,5098,0,3
3,19640,5043,8899,8578,8578,0,3
3,19641,5044,-9234,9628,9628,0,3
3,19642,5045,-28625,7685,7685,0,3
3,19643,5046,21361,2758,2758,0,3
3,19644,5047,5675,-4014,-4014,0,3
3,19645,5048,21614,-10815,-10815,0,3
3,19646,5049,-3631,-15848,-15848,0,3
3,19651,5050,24028,-17605,-17605,0,3
3,19652,5051,-2519,-15641,-15641,0,3
3,19653,5052,13998,-10687,-10687,0,3
3,19654,5053,27454,-4503,-4503,0,3
3,19655,5054,13611,834,834,0,1
3,19656,5055,-23463,3573,3573,0,2
3,19657,5056,-30839,2699,2699,0,3
3,19658,5057,3699,-1439,-1439,0,3
3,19659,5058,-2577,-7466,-7466,0,3
3,19660,5059,-801,-13509,-13509,0,3
3,19664,5060,-20847,-17541,-17541,0,3
3,19665,5061,-7514,-18418,-18418,0,3
3,19666,5062,3871,-16035,-16035,0,3
3,19667,5063,17561,-11189,-11189,0,3
3,19669,5064,-20686,-5318,-5318,0,3
3,19670,5065,26709,-191,-191,0,3
3,19671,5066,-31985,3163,3163,0,3
3,19672,5067,19490,4348,4348,0,3
3,19673,5068,8390,3695,3695,0,3
3,19677,5069,18878,2006,2006,0,3
3,19678,5070,-6887,219,219,0,3
3,19679,5071,318,-964,-964,0,3
3,19680,5072,-31447,-1306,-1306,0,3
3,19681,5073,-16427,-1185,-1185,0,1
3,19683,5074,-4817,-1028,-1028,0,2
3,19684,5075,3796,-1169,-1169,0,3
3,19685,5076,-19613,-1693,-1693,0,3
3,19686,5077,-9487,-2321,-2321,0,3
3,19690,5078,-23077,-2562,-2562,0,3
3,19691,5079,27840,-1836,-1836,0,3
3,19692,5080,-727,-108,-108,0,3
3,19693,5081,-18060,2195,2195,0,3
3,19694,5082,184,4599,4599,0,3
3,19695,5083,-29448,6408,6408,0,3
3,19697,5084,12484,7002,7002,0,3
3,19698,5085,12710,6338,6338,0,3
3,19699,5086,15875,4920,4920,0,3
3,19703,5087,8784,3651,3651,0,3
3,19704,5088,-10221,3475,3475,0,3
3,19705,5089,21890,5108,5108,0,3
3,19706,5090,-12978,8541,8541,0,3
3,19707,5091,19682,13330,13330,0,3
3,19708,5092,-7239,18311,18311,0,1
3,19709,5093,22171,22112,22112,0,2
3,19711,5094,28888,23536,23536,0,3
3,19712,5095,31082,22025,22025,0,3
3,19716,5096,30589,17641,17641,0,3
3,19717,5097,8066,11104,11104,0,3
3,19718,5098,23591,3701,3701,0,3
3,19719,5099,-1946,-3207,-3207,0,3
3,19720,5100,-22401,-8630,-8630,0,3
3,19721,5101,18459,-11990,-11990,0,3
3,19722,5102,-8598,-13200,-13200,0,3
3,19723,5103,3967,-12895,-12895,0,3
3,19725,5104,-25926,-11596,-11596,0,3
3,19729,5105,5797,-9887,-9887,0,3
3,19730,5106,16094,-7961,-7961,0,3
3,19731,5107,25746,-5876,-5876,0,3
3,19732,5108,20617,-3230,-3230,0,3
3,19733,5109,32603,81,81,0,3
3,19734,5110,2942,4158,4158,0,3
3,19735,5111,29650,8453,8453,0,1
3,19736,5112,-18832,12122,12122,0,2
3,19737,5113,-1038,14384,14384,0,3
3,19742,5114,10971,14690,14690,0,3
3,19743,5115,-13977,12581,12581,0,3
3,19744,5116,-576,8543,8543,0,3
3,19745,5117,-11011,3388,3388,0,3
3,19746,5118,20586,-1875,-1875,0,3
3,19747,5119,-9184,-6221,-6221,0,3
3,19748,5120,-26587,-9046,-9046,0,3
3,19749,5121,-21569,-10212,-10212,0,3
3,19750,5122,-618,-9907,-9907,0,3
3,19751,5123,-12871,-8488,-8488,0,3
3,19755,5124,-7448,-6516,-6516,0,3
3,19756,5125,8617,-4163,-4163,0,3
3,19757,5126,29394,-1644,-1644,0,3
3,19758,5127,20054,929,929,0,3
3,19760,5128,10917,3355,3355,0,3
3,19761,5129,-8671,5289,5289,0,3
3,19762,5130,-11734,6178,6178,0,1
3,19763,5131,14051,5597,5597,0,2
3,19764,5132,-2110,3340,3340,0,3
3,19768,5133,27756,-337,-337,0,3
3,19769,5134,7269,-4798,-4798,0,3
3,19770,5135,-10294,-8987,-8987,0,3
3,19771,5136,-26813,-11912,-11912,0,3
3,19772,5137,-4129,-13076,-13076,0,3
3,19774,5138,17420,-12310,-12310,0,3
3,19775,5139,-19569,-10313,-10313,0,3
3,19776,5140,6561,-7975,-7975,0,3
3,19777,5141,-12080,-6121,-6121,0,3
3,19781,5142,-5136,-5192,-5192,0,3
3,19782,5143,-20773,-5047,-5047,0,3
3,19783,5144,20009,-5233,-5233,0,3
3,19784,5145,6108,-4889,-4889,0,3
3,19785,5146,-22321,-3501,-3501,0,3
3,19786,5147,-21042,-987,-987,0,3
3,19788,5148,-4992,2134,2134,0,3
3,19789,5149,28775,4877,4877,0,1
3,19790,5150,15594,6480,6480,0,2
3,19794,5151,-23378,6660,6660,0,3
3,19795,5152,13897,5721,5721,0,3
3,19796,5153,-24708,4738,4738,0,3
3,19797,5154,-29670,4991,4991,0,3
3,19798,5155,11349,7474,7474,0,3
3,19799,5156,7207,12091,12091,0,3
3,19800,5157,-20673,18015,18015,0,3
3,19802,5158,20064,23415,23415,0,3
3,19803,5159,-13667,26273,26273,0,3
3,19807,5160,17079,25085,25085,0,3
3,19808,5161,4547,19547,19547,0,3
3,19809,5162,-20865,10666,10666,0,3
3,19810,5163,-10972,714,714,0,3
3,19811,5164,1717,-7603,-7603,0,3
3,19812,5165,10492,-11919,-11919,0,3
3,19813,5166,-6560,-11114,-11114,0,3
3,19814,5167,14819,-5563,-5563,0,3
3,19816,5168,-15932,3050,3050,0,1
3,19820,5169,-8862,12023,12023,0,2
3,19821,5170,6321,18960,18960,0,3
3,19822,5171,-22078,22093,22093,0,3
3,19823,5172,-22146,21082,21082,0,3
3,19824,5173,-26745,16922,16922,0,3
3,19825,5174,18710,11216,11216,0,3
3,19826,5175,13676,5609,5609,0,3
3,19827,5176,-31239,1517,1517,0,3
3,19828,5177,17202,-782,-782,0,3
3,19833,5178,-8931,-1730,-1730,0,3
3,19834,5179,15983,-2291,-2291,0,3
3,19835,5180,-17671,-3478,-3478,0,3
3,19836,5181,29258,-5643,-5643,0,3
3,19837,5182,31779,-8522,-8522,0,3
3,19838,5183,15887,-11217,-11217,0,3
3,19839,5184,-29415,-12633,-12633,0,3
3,19840,5185,10895,-11832,-11832,0,3
3,19841,5186,1567,-8653,-8653,0,3
3,19842,5187,-29145,-3616,-3616,0,1
3,19846,5188,10975,2244,2244,0,2
3,19847,5189,-29026,7557,7557,0,3
3,19848,5190,-5631,11124,11124,0,3
3,19849,5191,25171,12519,12519,0,3
3,19851,5192,-27048,11569,11569,0,3
3,19852,5193,1165,8961,8961,0,3
3,19853,5194,-29291,5619,5619,0,3
3,19854,5195,-3908,2485,2485,0,3
3,19855,5196,13283,159,159,0,3
3,19859,5197,26126,-1186,-1186,0,3
3,19860,5198,-26003,-1695,-1695,0,3
3,19861,5199,-25983,-1760,-1760,0,3
3,19862,5200,719,-1908,-1908,0,3
3,19863,5201,31291,-2451,-2451,0,3
3,19865,5202,-105,-3601,-3601,0,3
3,19866,5203,-6338,-5061,-5061,0,3
3,19867,5204,22501,-6408,-6408,0,3
3,19868,5205,15283,-7348,-7348,0,3
3,19872,5206,527,-7316,-7316,0,1
3,19873,5207,20478,-6274,-6274,0,2
3,19874,5208,31962,-4434,-4434,0,3
3,19875,5209,2681,-2206,-2206,0,3
3,19876,5210,-4882,-180,-180,0,3
3,19877,5211,-4956,1027,1027,0,3
3,19879,5212,18245,1032,1032,0,3
3,19880,5213,14742,-213,-213,0,3
3,19881,5214,-7878,-2307,-2307,0,3
3,19885,5215,-8740,-4492,-4492,0,3
3,19886,5216,-11784,-6258,-6258,0,3
3,19887,5217,-28764,-6934,-6934,0,3
3,19888,5218,19567,-6351,-6351,0,3
3,19889,5219,-25601,-4706,-4706,0,3
3,19890,5220,21174,-2623,-2623,0,3
3,19891,5221,-18924,-708,-708,0,3
3,19893,5222,-11842,566,566,0,3
3,19894,5223,-28688,874,874,0,3
3,19898,5224,-215,433,433,0,3
3,19899,5225,-27920,-382,-382,0,1
3,19900,5226,-9082,-1133,-1133,0,2
3,19901,5227,3323,-1392,-1392,0,3
3,19902,5228,11724,-1327,-1327,0,3
3,19903,5229,-14568,-1146,-1146,0,3
3,19904,5230,-23222,-1314,-1314,0,3
3,19905,5231,28578,-2209,-2209,0,3
3,19907,5232,30979,-3980,-3980,0,3
3,19911,5233,-6136,-6380,-6380,0,3
3,19912,5234,-7671,-8934,-8934,0,3
3,19913,5235,-28387,-10913,-10913,0,3
3,19914,5236,-3059,-11696,-11696,0,3
3,19915,5237,-27472,-10826,-10826,0,3
3,19916,5238,-27617,-8395,-8395,0,3
3,19917,5239,500,-4722,-4722,0,3
3,19918,5240,29747,-218,-218,0,3
3,19919,5241,31503,4206,4206,0,3
3,19924,5242,9380,8122,8122,0,3
3,19925,5243,11448,10732,10732,0,3
3,19926,5244,4322,11908,11908,0,1
3,19927,5245,8068,11507,11507,0,2
3,19928,5246,12269,9348,9348,0,3
3,19929,5247,28232,5895,5895,0,3
3,19930,5248,16519,1632,1632,0,3
3,19931,5249,-390,-2707,-2707,0,3
3,19932,5250,23231,-6487,-6487,0,3
3,19933,5251,-12736,-9143,-9143,0,3
3,19937,5252,-19165,-10189,-10189,0,3
3,19938,5253,-13091,-9737,-9737,0,3
3,19939,5254,-31000,-8172,-8172,0,3
3,19940,5255,13379,-6123,-6123,0,3
3,19942,5256,-18370,-4363,-4363,0,3
3,19943,5257,-8732,-3267,-3267,0,3
3,19944,5258,18851,-3053,-3053,0,3
3,19945,5259,7213,-3588,-3588,0,3
3,19946,5260,-17216,-4162,-4162,0,3
3,19950,5261,-13440,-4224,-4224,0,3
3,19951,5262,31941,-3372,-3372,0,3
3,19952,5263,8639,-1248,-1248,0,1
3,19953,5264,-18033,1732,1732,0,2
3,19954,5265,30725,5135,5135,0,3
3,19956,5266,-13853,8284,8284,0,3
3,19957,5267,-14237,10883,10883,0,3
3,19958,5268,-13754,12635,12635,0,3
3,19959,5269,29161,13458,13458,0,3
3,19963,5270,18304,13666,13666,0,3
3,19964,5271,14451,13382,13382,0,3
3,19965,5272,14006,12575,12575,0,3
3,19966,5273,-32510,11020,11020,0,3
3,19967,5274,8978,8656,8656,0,3
3,19968,5275,31912,5409,5409,0,3
3,19970,5276,-2159,1516,1516,0,3
3,19971,5277,29144,-2448,-2448,0,3
3,19972,5278,25031,-5756,-5756,0,3
3,19976,5279,-6177,-7724,-7724,0,3
3,19977,5280,27646,-8084,-8084,0,3
3,19978,5281,16138,-7279,-7279,0,3
3,19979,5282,9116,-6100,-6100,0,1
3,19980,5283,6141,-5478,-5478,0,2
3,19981,5284,25545,-6419,-6419,0,3
3,19982,5285,-20626,-8996,-8996,0,3
3,19984,5286,2876,-12494,-12494,0,3
3,19985,5287,-16940,-15664,-15664,0,3
3,19989,5288,17362,-17155,-17155,0,3
3,19990,5289,6568,-15791,-15791,0,3
3,19991,5290,8906,-11176,-11176,0,3
3,19992,5291,-3825,-4368,-4368,0,3
3,19993,5292,24979,2788,2788,0,3
3,19994,5293,27809,8230,8230,0,3
3,19995,5294,1016,10057,10057,0,3
3,19996,5295,-25035,7710,7710,0,3
3,19998,5296,20554,1772,1772,0,3
3,20002,5297,21842,-5955,-5955,0,3
3,20003,5298,7129,-12913,-12913,0,3
3,20004,5299,11349,-16830,-16830,0,3
3,20005,5300,8596,-16670,-16670,0,3
3,20006,5301,-30062,-12254,-12254,0,1
3,20007,5302,15885,-4828,-4828,0,2
3,20008,5303,-14525,3331,3331,0,3
3,20009,5304,3826,10462,10462,0,3
3,20010,5305,-5982,15250,15250,0,3
3,20015,5306,-13470,17297,17297,0,3
3,20016,5307,24345,17176,17176,0,3
3,20017,5308,26216,15931,15931,0,3
3,20018,5309,23816,14420,14420,0,3
3,20019,5310,20549,13007,13007,0,3
3,20020,5311,7426,11497,11497,0,3
3,20021,5312,-8323,9232,9232,0,3
3,20022,5313,5149,5574,5574,0,3
3,20023,5314,12582,537,537,0,3
3,20024,5315,-25138,-5414,-5414,0,3
3,20028,5316,-32592,-11076,-11076,0,3
3,20029,5317,23287,-14804,-14804,0,3
3,20030,5318,-28836,-15775,-15775,0,3
3,20031,5319,2266,-13714,-13714,0,3
3,20033,5320,29466,-8991,-8991,0,1
3,20034,5321,-16603,-3033,-3033,0,2
3,20035,5322,-25487,2375,2375,0,3
3,20036,5323,17744,5844,5844,0,3
3,20037,5324,-14410,6705,6705,0,3
3,20041,5325,-3819,5195,5195,0,3
3,20042,5326,25037,2312,2312,0,3
3,20043,5327,2757,-676,-676,0,3
3,20044,5328,-2283,-2482,-2482,0,3
3,20045,5329,2498,-2246,-2246,0,3
3,20047,5330,-24690,-313,-313,0,3
3,20048,5331,-10650,2611,2611,0,3
3,20049,5332,-9048,5557,5557,0,3
3,20050,5333,128,7498,7498,0,3
3,20054,5334,22735,7957,7957,0,3
3,20055,5335,-19479,7126,7126,0,3
3,20056,5336,10902,5835,5835,0,3
3,20057,5337,-2842,5114,5114,0,3
3,20058,5338,-23452,5809,5809,0,3
3,20059,5339,-30054,8271,8271,0,1
3,20061,5340,10667,12008,12008,0,2
3,20062,5341,28878,16012,16012,0,3
3,20063,5342,18004,18939,18939,0,3
3,20067,5343,705,19586,19586,0,3
3,20068,5344,9533,17642,17642,0,3
3,20069,5345,26157,13363,13363,0,3
3,20070,5346,-28099,7701,7701,0,3
3,20071,5347,21076,2317,2317,0,3
3,20072,5348,13249,-1484,-1484,0,3
3,20073,5349,13398,-2804,-2804,0,3
3,20075,5350,-16700,-1690,-1690,0,3
3,20076,5351,399,1122,1122,0,3
3,20080,5352,-18132,4585,4585,0,3
3,20081,5353,-14117,7395,7395,0,3
3,20082,5354,-8815,8940,8940,0,3
3,20083,5355,5934,9131,9131,0,3
3,20084,5356,27920,8490,8490,0,3
3,20085,5357,-17041,7843,7843,0,3
3,20086,5358,18927,7821,7821,0,1
3,20087,5359,12994,8405,8405,0,2
3,20089,5360,32094,9103,9103,0,3
3,20093,5361,7806,8973,8973,0,3
3,20094,5362,29152,7270,7270,0,3
3,20095,5363,-16146,3809,3809,0,3
3,20096,5364,-1816,-817,-817,0,3
3,20097,5365,-12803,-5396,-5396,0,3
3,20098,5366,-21449,-8218,-8218,0,3
3,20099,5367,-27643,-8016,-8016,0,3
3,20100,5368,17808,-4427,-4427,0,3
3,20101,5369,-32568,1934,1934,0,3
3,20106,5370,31179,9393,9393,0,3
3,20107,5371,10774,15873,15873,0,3
3,20108,5372,14027,19451,19451,0,3
3,20109,5373,-29094,19177,19177,0,3
3,20110,5374,-30011,15183,15183,0,3
3,20111,5375,28128,8505,8505,0,3
3,20112,5376,-27484,1072,1072,0,3
3,20113,5377,13614,-5272,-5272,0,1
3,20114,5378,-26092,-9555,-9555,0,2
3,20115,5379,-3207,-11137,-11137,0,3
3,20119,5380,-4657,-10389,-10389,0,3
3,20120,5381,1725,-8319,-8319,0,3
3,20121,5382,-30845,-5765,-5765,0,3
3,20122,5383,-17393,-3359,-3359,0,3
3,20124,5384,22678,-1647,-1647,0,3
3,20125,5385,-26441,-593,-593,0,3
3,20126,5386,268,97,97,0,3
3,20127,5387,-28680,336,336,0,3
3,20128,5388,18511,352,352,0,3
3,20132,5389,-13313,102,102,0,3
3,20133,5390,2506,-611,-611,0,3
3,20134,5391,-5978,-1612,-1612,0,3
3,20135,5392,-20175,-2601,-2601,0,3
3,20136,5393,-6789,-3523,-3523,0,3
3,20138,5394,-4813,-4131,-4131,0,3
3,20139,5395,-2476,-4376,-4376,0,3
3,20140,5396,30137,-4430,-4430,0,1
3,20141,5397,-32749,-4466,-4466,0,2
3,20145,5398,15776,-4767,-4767,0,3
3,20146,5399,-13826,-5110,-5110,0,3
3,20147,5400,-30986,-5337,-5337,0,3
3,20148,5401,-19863,-4837,-4837,0,3
3,20149,5402,15912,-3394,-3394,0,3
3,20150,5403,15622,-924,-924,0,3
3,20152,5404,902,2485,2485,0,3
3,20153,5405,20048,6170,6170,0,3
3,20154,5406,-31533,9421,9421,0,3
3,20158,5407,-17931,11761,11761,0,3
3,20159,5408,32626,12582,12582,0,3
3,20160,5409,30423,11834,11834,0,3
3,20161,5410,26846,9664,9664,0,3
3,20162,5411,-12670,6427,6427,0,3
3,20163,5412,16001,2494,2494,0,3
3,20164,5413,-24585,-1636,-1636,0,3
3,20166,5414,13822,-5438,-5438,0,3
3,20167,5415,16349,-8356,-8356,0,1
3,20171,5416,-21087,-9629,-9629,0,2
3,20172,5417,17905,-8597,-8597,0,3
3,20173,5418,15231,-5058,-5058,0,3
3,20174,5419,-12980,746,746,0,3
3,20175,5420,-25845,8015,8015,0,3
3,20176,5421,-8587,14921,14921,0,3
3,20177,5422,12946,19954,19954,0,3
3,20178,5423,9333,21438,21438,0,3
3,20180,5424,-28558,18703,18703,0,3
3,20184,5425,16340,12305,12305,0,3
3,20185,5426,-20095,3745,3745,0,3
3,20186,5427,4450,-4918,-4918,0,3
3,20187,5428,-17193,-11459,-11459,0,3
3,20188,5429,7771,-14378,-14378,0,3
3,20189,5430,16529,-13335,-13335,0,3
3,20190,5431,2628,-9187,-9187,0,3
3,20191,5432,18506,-3791,-3791,0,3
3,20192,5433,28423,997,997,0,3
3,20197,5434,-20326,3676,3676,0,1
3,20198,5435,7887,3675,3675,0,2
3,20199,5436,-24876,1226,1226,0,3
3,20200,5437,-30389,-2485,-2485,0,3
3,20201,5438,13122,-6049,-6049,0,3
3,20202,5439,-13617,-8530,-8530,0,3
3,20203,5440,25692,-9562,-9562,0,3
3,20204,5441,21514,-9323,-9323,0,3
3,20205,5442,19179,-8421,-8421,0,3
3,20206,5443,-737,-7666,-7666,0,3
3,20210,5444,-8034,-7398,-7398,0,3
3,20211,5445,22431,-7607,-7607,0,3
3,20212,5446,-27791,-8186,-8186,0,3
3,20213,5447,-30433,-8624,-8624,0,3
3,20215,5448,16129,-8615,-8615,0,3
3,20216,5449,27783,-8127,-8127,0,3
3,20217,5450,-28663,-7276,-7276,0,3
3,20218,5451,14153,-6473,-6473,0,3
3,20219,5452,12345,-5846,-5846,0,3
3,20223,5453,18670,-5510,-5510,0,1
3,20224,5454,25139,-5153,-5153,0,2
3,20225,5455,-11255,-4767,-4767,0,3
3,20226,5456,3511,-4263,-4263,0,3
3,20227,5457,-20469,-3531,-3531,0,3
3,20229,5458,-5238,-2986,-2986,0,3
3,20230,5459,-17557,-2896,-2896,0,3
3,20231,5460,27641,-3470,-3470,0,3
3,20232,5461,9020,-4571,-4571,0,3
3,20236,5462,7360,-5896,-5896,0,3
3,20237,5463,-3447,-6905,-6905,0,3
3,20238,5464,5163,-7065,-7065,0,3
3,20239,5465,-5857,-6029,-6029,0,3
3,20240,5466,-27011,-3928,-3928,0,3
3,20241,5467,-7412,-945,-945,0,3
3,20243,5468,17499,2259,2259,0,3
3,20244,5469,17575,5316,5316,0,3
3,20245,5470,-1355,7791,7791,0,3
3,20249,5471,-20691,9362,9362,0,3
3,20250,5472,-764,10288,10288,0,1
3,20251,5473,-9352,10536,10536,0,2
3,20252,5474,5997,10102,10102,0,3
3,20253,5475,-23560,8944,8944,0,3
3,20254,5476,26298,7142,7142,0,3
3,20255,5477,27645,4847,4847,0,3
3,20257,5478,-22431,2283,2283,0,3
3,20258,5479,32486,-68,-68,0,3
3,20262,5480,-31491,-1677,-1677,0,3
3,20263,5481,9945,-2345,-2345,0,3
3,20264,5482,30370,-2025,-2025,0,3
3,20265,5483,7396,-1492,-1492,0,3
3,20266,5484,-3139,-1225,-1225,0,3
3,20267,5485,-26808,-1785,-1785,0,3
3,20268,5486,-10995,-3570,-3570,0,3
3,20269,5487,-8666,-6111,-6111,0,3
3,20271,5488,-7151,-8216,-8216,0,3
3,20275,5489,12185,-8780,-8780,0,3
3,20276,5490,30857,-6903,-6903,0,3
3,20277,5491,22054,-2505,-2505,0,1
3,20278,5492,11837,3680,3680,0,2
3,20279,5493,24822,9609,9609,0,3
3,20280,5494,-13658,13346,13346,0,3
3,20281,5495,26936,13368,13368,0,3
3,20282,5496,20410,9172,9172,0,3
3,20283,5497,7297,2109,2109,0,3
3,20288,5498,-6852,-5598,-5598,0,3
3,20289,5499,11185,-11340,-11340,0,3
3,20290,5500,-16646,-12837,-12837,0,3
3,20291,5501,869,-9381,-9381,0,3
3,20292,5502,-26202,-2149,-2149,0,3
3,20293,5503,15733,6465,6465,0,3
3,20294,5504,-12544,13449,13449,0,3
3,20295,5505,26333,16257,16257,0,3
3,20296,5506,6072,13845,13845,0,3
3,20297,5507,3067,7247,7247,0,3
3,20301,5508,-26568,-1158,-1158,0,3
3,20302,5509,14422,-8386,-8386,0,3
3,20303,5510,-23512,-11664,-11664,0,1
3,20304,5511,-18762,-10023,-10023,0,2
3,20306,5512,16206,-4106,-4106,0,3
3,20307,5513,-14960,3844,3844,0,3
3,20308,5514,4549,10962,10962,0,3
3,20309,5515,23520,14829,14829,0,3
3,20310,5516,-25252,14286,14286,0,3
3,20314,5517,15071,9898,9898,0,3
3,20315,5518,-14998,3467,3467,0,3
3,20316,5519,-27668,-2519,-2519,0,3
3,20317,5520,10887,-5974,-5974,0,3
3,20318,5521,1006,-6239,-6239,0,3
3,20320,5522,-17340,-3535,-3535,0,3
3,20321,5523,15312,562,562,0,3
3,20322,5524,27720,4004,4004,0,3
3,20323,5525,32395,5439,5439,0,3
3,20327,5526,-9086,4459,4459,0,3
3,20328,5527,18106,1548,1548,0,3
3,20329,5528,18650,-1817,-1817,0,3
3,20330,5529,-3121,-4384,-4384,0,1
3,20331,5530,26885,-5257,-5257,0,2
3,20332,5531,-18478,-4423,-4423,0,3
3,20334,5532,-24365,-2694,-2694,0,3
3,20335,5533,-15121,-1016,-1016,0,3
3,20336,5534,-29522,-395,-395,0,3
3,20340,5535,-6159,-931,-931,0,3
3,20341,5536,-27873,-2220,-2220,0,3
3,20342,5537,-29917,-3402,-3402,0,3
3,20343,5538,-27007,-3197,-3197,0,3
3,20344,5539,-29205,-1264,-1264,0,3
3,20345,5540,30858,2139,2139,0,3
3,20346,5541,-5209,6210,6210,0,3
3,20348,5542,18123,9533,9533,0,3
3,20349,5543,17499,10819,10819,0,3
3,20353,5544,-5399,9510,9510,0,3
3,20354,5545,6306,5752,5752,0,3
3,20355,5546,22625,594,594,0,3
3,20356,5547,-31960,-4611,-4611,0,3
3,20357,5548,-28996,-8289,-8289,0,1
3,20358,5549,20880,-9363,-9363,0,2
3,20359,5550,-17956,-7628,-7628,0,3
3,20360,5551,14821,-3250,-3250,0,3
3,20362,5552,-5316,2708,2708,0,3
3,20366,5553,-8529,9141,9141,0,3
3,20367,5554,-18509,15014,15014,0,3
3,20368,5555,-12806,19022,19022,0,3
3,20369,5556,-19638,20819,20819,0,3
3,20370,5557,16790,20180,20180,0,3
3,20371,5558,18407,17108,17108,0,3
3,20372,5559,-16938,12214,12214,0,3
3,20373,5560,15142,6370,6370,0,3
3,20374,5561,-23332,739,739,0,3
3,20379,5562,19226,-3609,-3609,0,3
3,20380,5563,4759,-5909,-5909,0,3
3,20381,5564,-787,-5733,-5733,0,3
3,20382,5565,-19228,-3559,-3559,0,3
3,20383,5566,23169,-238,-238,0,3
3,20384,5567,-15720,2853,2853,0,1
3,20385,5568,13679,4210,4210,0,2
3,20386,5569,-27117,3559,3559,0,3
3,20387,5570,-25128,841,841,0,3
3,20388,5571,-19546,-2987,-2987,0,3
3,20392,5572,-32215,-6495,-6495,0,3
3,20393,5573,1210,-8420,-8420,0,3
3,20394,5574,13712,-8068,-8068,0,3
3,20395,5575,28350,-5672,-5672,0,3
3,20397,5576,17609,-2259,-2259,0,3
3,20398,5577,-939,652,652,0,3
3,20399,5578,-15884,1794,1794,0,3
3,20400,5579,-10506,807,807,0,3
3,20401,5580,21241,-2102,-2102,0,3
3,20405,5581,13018,-5615,-5615,0,3
3,20406,5582,31873,-8095,-8095,0,3
3,20407,5583,14174,-8367,-8367,0,3
3,20408,5584,-4998,-5698,-5698,0,3
3,20409,5585,20446,-472,-472,0,3
3,20411,5586,1134,6050,6050,0,1
3,20412,5587,-5664,12400,12400,0,2
3,20413,5588,-29247,16985,16985,0,3
3,20414,5589,14846,19137,19137,0,3
3,20418,5590,-9086,18507,18507,0,3
3,20419,5591,11504,15334,15334,0,3
3,20420,5592,-18776,10462,10462,0,3
3,20421,5593,-19048,4269,4269,0,3
3,20422,5594,-12050,-2457,-2457,0,3
3,20423,5595,9163,-9304,-9304,0,3
3,20425,5596,-3803,-16051,-16051,0,3
3,20426,5597,-6912,-21850,-21850,0,3
3,20427,5598,-15339,-25816,-25816,0,3
3,20431,5599,-32360,-27296,-27296,0,3
3,20432,5600,-20763,-25502,-25502,0,3
3,20433,5601,-28693,-20595,-20595,0,3
3,20434,5602,-21943,-13196,-13196,0,3
3,20435,5603,-14161,-4637,-4637,0,3
3,20436,5604,-29608,3313,3313,0,3
3,20437,5605,-21742,9097,9097,0,1
3,20439,5606,-24109,11588,11588,0,2
3,20440,5607,4101,10880,10880,0,3
3,20444,5608,14861,7430,7430,0,3
3,20445,5609,4202,2566,2566,0,3
3,20446,5610,-24667,-2267,-2267,0,3
3,20447,5611,24892,-6002,-6002,0,3
3,20448,5612,-3185,-7959,-7959,0,3
3,20449,5613,-10231,-8245,-8245,0,3
3,20450,5614,-25193,-7314,-7314,0,3
3,20451,5615,-15738,-5937,-5937,0,3
3,20453,5616,-23343,-4767,-4767,0,3
3,20457,5617,-4660,-4013,-4013,0,3
3,20458,5618,-25954,-3968,-3968,0,3
3,20459,5619,-7261,-4235,-4235,0,3
3,20460,5620,15923,-4199,-4199,0,3
3,20461,5621,21291,-3667,-3667,0,3
3,20462,5622,15273,-2241,-2241,0,3
3,20463,5623,-16861,72,72,0,3
3,20464,5624,14404,2740,2740,0,1
3,20465,5625,22720,5291,5291,0,2
3,20470,5626,-30102,6813,6813,0,3
3,20471,5627,-15268,6538,6538,0,3
3,20472,5628,21368,4133,4133,0,3
3,20473,5629,15420,-111,-111,0,3
3,20474,5630,15517,-5545,-5545,0,3
3,20475,5631,-9718,-11076,-11076,0,3
3,20476,5632,28650,-15051,-15051,0,3
3,20477,5633,701,-16540,-16540,0,3
3,20478,5634,-12102,-15215,-15215,0,3
3,20479,5635,-30415,-11142,-11142,0,3
3,20483,5636,29085,-5595,-5595,0,3
3,20484,5637,21979,108,108,0,3
3,20485,5638,27759,4711,4711,0,3
3,20486,5639,18339,7409,7409,0,3
3,20488,5640,-3779,8267,8267,0,3
3,20489,5641,10608,8154,8154,0,3
3,20490,5642,23521,7902,7902,0,3
3,20491,5643,-16958,8361,8361,0,1
3,20492,5644,2330,9756,9756,0,2
3,20496,5645,-23110,11767,11767,0,3
3,20497,5646,26460,13392,13392,0,3
3,20498,5647,-5737,13504,13504,0,3
3,20499,5648,15756,11585,11585,0,3
3,20500,5649,17400,7606,7606,0,3
3,20502,5650,8542,2369,2369,0,3
3,20503,5651,21803,-2826,-2826,0,3
3,20504,5652,-26388,-6798,-6798,0,3
3,20505,5653,27683,-8756,-8756,0,3
3,20509,5654,11125,-8459,-8459,0,3
3,20510,5655,-26117,-6798,-6798,0,3
3,20511,5656,-14452,-4754,-4754,0,3
3,20512,5657,-16041,-3329,-3329,0,3
3,20513,5658,2783,-3447,-3447,0,3
3,20514,5659,7930,-5325,-5325,0,3
3,20516,5660,-30286,-8563,-8563,0,3
3,20517,5661,20247,-12638,-12638,0,3
3,20518,5662,-2324,-16822,-16822,0,1
3,20522,5663,-2699,-20640,-20640,0,2
3,20523,5664,-2299,-23655,-23655,0,3
3,20524,5665,-23379,-25538,-25538,0,3
3,20525,5666,-31482,-25849,-25849,0,3
3,20526,5667,27528,-24356,-24356,0,3
3,20527,5668,24686,-20777,-20777,0,3
3,20528,5669,4894,-15169,-15169,0,3
3,20530,5670,-2092,-8179,-8179,0,3
3,20531,5671,-28005,-1039,-1039,0,3
3,20535,5672,20393,4530,4530,0,3
3,20536,5673,22723,7023,7023,0,3
3,20537,5674,23881,5477,5477,0,3
3,20538,5675,26734,278,278,0,3
3,20539,5676,-28222,-7377,-7377,0,3
3,20540,5677,28409,-15131,-15131,0,3
3,20541,5678,-17652,-20497,-20497,0,3
3,20542,5679,-26290,-21756,-21756,0,3
3,20544,5680,8311,-18412,-18412,0,3
3,20548,5681,9523,-11462,-11462,0,1
3,20549,5682,-22493,-2925,-2925,0,2
3,20550,5683,-8429,4709,4709,0,3
3,20551,5684,30882,9368,9368,0,3
3,20552,5685,29262,10264,10264,0,3
3,20553,5686,-9073,7974,7974,0,3
3,20554,5687,20545,4092,4092,0,3
3,20555,5688,-12040,795,795,0,3
3,20556,5689,-18311,-551,-551,0,3
3,20561,5690,12074,599,599,0,3
3,20562,5691,-7988,3572,3572,0,3
3,20563,5692,-3806,6760,6760,0,3
3,20564,5693,-10927,8678,8678,0,3
3,20565,5694,-13401,8390,8390,0,3
3,20566,5695,398,6129,6129,0,3
3,20567,5696,-16366,3076,3076,0,3
3,20568,5697,29062,910,910,0,3
3,20569,5698,22443,1100,1100,0,3
3,20570,5699,9956,4034,4034,0,3
3,20574,5700,21329,8990,8990,0,1
3,20575,5701,7450,14253,14253,0,2
3,20576,5702,-24365,17742,17742,0,3
3,20577,5703,32153,17901,17901,0,3
3,20579,5704,31999,14393,14393,0,3
3,20580,5705,15667,8211,8211,0,3
3,20581,5706,236,1361,1361,0,3
3,20582,5707,-29628,-3813,-3813,0,3
3,20583,5708,-11013,-5436,-5436,0,3
3,20587,5709,-3406,-3123,-3123,0,3
3,20588,5710,32420,2151,2151,0,3
3,20589,5711,-3974,8537,8537,0,3
3,20590,5712,-24611,13657,13657,0,3
3,20591,5713,-12126,15856,15856,0,3
3,20593,5714,14072,14368,14368,0,3
3,20594,5715,27733,9522,9522,0,3
3,20595,5716,-23519,2995,2995,0,3
3,20596,5717,-5827,-3399,-3399,0,3
3,20600,5718,19701,-8090,-8090,0,3
3,20601,5719,-15446,-10237,-10237,0,1
3,20602,5720,-29399,-9947,-9947,0,2
3,20603,5721,-869,-7891,-7891,0,3
3,20604,5722,25963,-5335,-5335,0,3
3,20605,5723,-29784,-3415,-3415,0,3
3,20607,5724,-18759,-2510,-2510,0,3
3,20608,5725,8286,-2819,-2819,0,3
3,20609,5726,-13816,-3769,-3769,0,3
3,20613,5727,860,-4827,-4827,0,3
3,20614,5728,-2949,-5545,-5545,0,3
3,20615,5729,5440,-5424,-5424,0,3
3,20616,5730,11774,-4320,-4320,0,3
3,20617,5731,-31068,-2240,-2240,0,3
3,20618,5732,-10235,637,637,0,3
3,20619,5733,10641,4173,4173,0,3
3,20621,5734,6535,7857,7857,0,3
3,20622,5735,2036,11034,11034,0,3
3,20626,5736,8303,13124,13124,0,3
3,20627,5737,-6721,13469,13469,0,3
3,20628,5738,-8918,11632,11632,0,1
3,20629,5739,3470,7838,7838,0,2
3,20630,5740,-4271,2555,2555,0,3
3,20631,5741,-10968,-2922,-2922,0,3
3,20632,5742,-6568,-7164,-7164,0,3
3,20633,5743,-18594,-8999,-8999,0,3
3,20635,5744,1691,-7811,-7811,0,3
3,20639,5745,9222,-3939,-3939,0,3
3,20640,5746,18383,1616,1616,0,3
3,20641,5747,-21789,7223,7223,0,3
3,20642,5748,31901,11058,11058,0,3
3,20643,5749,16936,12140,12140,0,3
3,20644,5750,13157,10122,10122,0,3
3,20645,5751,-9473,5567,5567,0,3
3,20646,5752,4524,-363,-363,0,3
3,20647,5753,-19324,-6106,-6106,0,3
3,20652,5754,-1092,-10050,-10050,0,3
3,20653,5755,1319,-11526,-11526,0,3
3,20654,5756,7146,-10462,-10462,0,3
3,20655,5757,-5679,-7143,-7143,0,1
3,20656,5758,29021,-2580,-2580,0,2
3,20657,5759,-20514,2244,2244,0,3
3,20658,5760,131,6547,6547,0,3
3,20659,5761,-4146,9973,9973,0,3
3,20660,5762,-7260,12445,12445,0,3
3,20661,5763,-32644,13890,13890,0,3
3,20665,5764,4100,14507,14507,0,3
3,20666,5765,1682,14188,14188,0,3
3,20667,5766,15799,12914,12914,0,3
3,20668,5767,-9574,10851,10851,0,3
3,20670,5768,7882,7745,7745,0,3
3,20671,5769,-8745,4196,4196,0,3
3,20672,5770,27046,701,701,0,3
3,20673,5771,-2301,-2423,-2423,0,3
3,20674,5772,-20166,-4435,-4435,0,3
3,20678,5773,-143,-5023,-5023,0,3
3,20679,5774,-9342,-4227,-4227,0,3
3,20680,5775,-5847,-2440,-2440,0,3
3,20681,5776,-8115,-342,-342,0,1
3,20682,5777,24106,1492,1492,0,2
3,20684,5778,4240,2332,2332,0,3
3,20685,5779,44,2026,2026,0,3
3,20686,5780,-29288,568,568,0,3
3,20687,5781,27041,-1821,-1821,0,3
3,20691,5782,8270,-4470,-4470,0,3
3,20692,5783,11785,-6989,-6989,0,3
3,20693,5784,-23195,-8750,-8750,0,3
3,20694,5785,-21245,-9283,-9283,0,3
3,20695,5786,-32398,-8716,-8716,0,3
3,20696,5787,-12052,-7269,-7269,0,3
3,20698,5788,-11012,-5368,-5368,0,3
3,20699,5789,-14720,-3602,-3602,0,3
3,20700,5790,26108,-2445,-2445,0,3
3,20704,5791,10517,-2247,-2247,0,3
3,20705,5792,28784,-2703,-2703,0,3
3,20706,5793,6682,-3467,-3467,0,3
3,20707,5794,-22121,-3968,-3968,0,3
3,20708,5795,20954,-3613,-3613,0,1
3,20709,5796,5818,-2384,-2384,0,2
3,20710,5797,-13357,-349,-349,0,3
3,20712,5798,-28146,1901,1901,0,3
3,20713,5799,-13640,3436,3436,0,3
3,20717,5800,-22003,3412,3412,0,3
3,20718,5801,14572,1484,1484,0,3
3,20719,5802,-26574,-2044,-2044,0,3
3,20720,5803,27702,-6185,-6185,0,3
3,20721,5804,-25760,-9576,-9576,0,3
3,20722,5805,9779,-10838,-10838,0,3
3,20723,5806,-1221,-9331,-9331,0,3
3,20724,5807,17618,-5020,-5020,0,3
3,20726,5808,-24429,1084,1084,0,3
3,20730,5809,-17185,7260,7260,0,3
3,20731,5810,19393,11927,11927,0,3
3,20732,5811,-23545,13785,13785,0,3
3,20733,5812,-6227,12393,12393,0,3
3,20734,5813,192,8392,8392,0,3
3,20735,5814,8362,3291,3291,0,1
3,20736,5815,-19632,-1195,-1195,0,2
3,20737,5816,12170,-3744,-3744,0,3
3,20738,5817,-13055,-3728,-3728,0,3
3,20743,5818,16454,-1625,-1625,0,3
3,20744,5819,-25412,1393,1393,0,3
3,20745,5820,-21160,3732,3732,0,3
3,20746,5821,17106,4206,4206,0,3
3,20747,5822,19218,2462,2462,0,3
3,20748,5823,-30587,-1106,-1106,0,3
3,20749,5824,-28747,-5322,-5322,0,3
3,20750,5825,7457,-8716,-8716,0,3
3,20751,5826,-9856,-10094,-10094,0,3
3,20752,5827,-26766,-8833,-8833,0,3
3,20756,5828,-17242,-5381,-5381,0,3
3,20757,5829,-17847,-728,-728,0,3
3,20758,5830,-21647,3812,3812,0,3
3,20759,5831,-14018,6778,6778,0,3
3,20761,5832,24881,7427,7427,0,3
3,20762,5833,11618,5629,5629,0,1
3,20763,5834,-9650,2063,2063,0,2
3,20764,5835,15274,-2065,-2065,0,3
3,20765,5836,21134,-5598,-5598,0,3
3,20769,5837,16974,-7490,-7490,0,3
3,20770,5838,382,-7112,-7112,0,3
3,20771,5839,2900,-4581,-4581,0,3
3,20772,5840,-30877,-527,-527,0,3
3,20773,5841,13768,3906,3906,0,3
3,20775,5842,-29800,7526,7526,0,3
3,20776,5843,22943,8978,8978,0,3
3,20777,5844,-1617,7657,7657,0,3
3,20778,5845,-15197,3437,3437,0,3
3,20782,5846,-19326,-2829,-2829,0,3
3,20783,5847,2030,-9817,-9817,0,3
3,20784,5848,23786,-15754,-15754,0,3
3,20785,5849,19216,-19116,-19116,0,3
3,20786,5850,27963,-18536,-18536,0,3
3,20787,5851,25657,-14096,-14096,0,3
3,20789,5852,-28867,-6570,-6570,0,1
3,20790,5853,-20259,2360,2360,0,2
3,20791,5854,9560,10485,10485,0,3
3,20795,5855,-29345,15681,15681,0,3
3,20796,5856,-18096,16638,16638,0,3
3,20797,5857,12854,13275,13275,0,3
3,20798,5858,30313,6425,6425,0,3
3,20799,5859,-15767,-1956,-1956,0,3
3,20800,5860,28776,-9781,-9781,0,3
3,20801,5861,10676,-15086,-15086,0,3
3,20803,5862,29380,-16753,-16753,0,3
3,20804,5863,-26831,-14818,-14818,0,3
3,20808,5864,-14930,-10393,-10393,0,3
3,20809,5865,16973,-4781,-4781,0,3
3,20810,5866,12314,98,98,0,3
3,20811,5867,8377,3021,3021,0,3
3,20812,5868,7578,3363,3363,0,3
3,20813,5869,-1323,1502,1502,0,3
3,20814,5870,-19081,-1508,-1508,0,3
3,20815,5871,13594,-4542,-4542,0,1
3,20817,5872,7166,-6509,-6509,0,2
3,20821,5873,29348,-6948,-6948,0,3
3,20822,5874,1842,-6043,-6043,0,3
3,20823,5875,7764,-4244,-4244,0,3
3,20824,5876,-28432,-2481,-2481,0,3
3,20825,5877,-27097,-1480,-1480,0,3
3,20826,5878,4483,-1333,-1333,0,3
3,20827,5879,-23002,-2088,-2088,0,3
3,20828,5880,16556,-3095,-3095,0,3
3,20829,5881,12536,-3875,-3875,0,3
3,20834,5882,18008,-3998,-3998,0,3
3,20835,5883,22230,-3622,-3622,0,3
3,20836,5884,-16203,-3146,-3146,0,3
3,20837,5885,-6010,-3296,-3296,0,3
3,20838,5886,-28082,-4656,-4656,0,3
3,20839,5887,17112,-7385,-7385,0,3
3,20840,5888,1399,-11191,-11191,0,3
3,20841,5889,-3881,-15244,-15244,0,3
3,20842,5890,16244,-18263,-18263,0,1
3,20843,5891,28084,-19423,-19423,0,2
3,20847,5892,26382,-18111,-18111,0,3
3,20848,5893,2163,-14294,-14294,0,3
3,20849,5894,-4247,-8595,-8595,0,3
3,20850,5895,-13292,-1905,-1905,0,3
3,20852,5896,-6733,4584,4584,0,3
3,20853,5897,-6444,9756,9756,0,3
3,20854,5898,2116,12919,12919,0,3
3,20855,5899,-11646,13703,13703,0,3
3,20856,5900,-31569,12188,12188,0,3
3,20860,5901,8884,8646,8646,0,3
3,20861,5902,-21767,3801,3801,0,3
3,20862,5903,2621,-1530,-1530,0,3
3,20863,5904,-7962,-6511,-6511,0,3
3,20864,5905,8335,-10036,-10036,0,3
3,20866,5906,-17729,-11353,-11353,0,3
3,20867,5907,-1097,-9860,-9860,0,3
3,20868,5908,8770,-5668,-5668,0,3
3,20869,5909,-11400,383,383,0,1
3,20873,5910,-3841,6947,6947,0,2
3,20874,5911,-23069,12365,12365,0,3
3,20875,5912,-15169,15164,15164,0,3
3,20876,5913,27887,14313,14313,0,3
3,20877,5914,4955,9999,9999,0,3
3,20878,5915,1071,3254,3254,0,3
3,20880,5916,571,-4095,-4095,0,3
3,20881,5917,21391,-9918,-9918,0,3
3,20882,5918,-450,-12445,-12445,0,3
3,20886,5919,2689,-10929,-10929,0,3
3,20887,5920,20155,-5829,-5829,0,3
3,20888,5921,-145,1547,1547,0,3
3,20889,5922,-3748,8912,8912,0,3
3,20890,5923,19342,14230,14230,0,3
3,20891,5924,-4248,16022,16022,0,3
3,20892,5925,16118,14125,14125,0,3
3,20894,5926,-6665,9253,9253,0,3
3,20895,5927,15861,3323,3323,0,3
3,20899,5928,32506,-1717,-1717,0,1
3,20900,5929,-10095,-4233,-4233,0,2
3,20901,5930,1838,-3386,-3386,0,3
3,20902,5931,-19462,370,370,0,3
3,20903,5932,28600,5598,5598,0,3
3,20904,5933,-4541,10283,10283,0,3
3,20905,5934,-29530,12650,12650,0,3
3,20906,5935,2441,11544,11544,0,3
3,20908,5936,17453,7074,7074,0,3
3,20912,5937,-4514,670,670,0,3
3,20913,5938,181,-5818,-5818,0,3
3,20914,5939,-22709,-10413,-10413,0,3
3,20915,5940,25331,-11524,-11524,0,3
3,20916,5941,-15838,-9015,-9015,0,3
3,20917,5942,9384,-3891,-3891,0,3
3,20918,5943,2384,2022,2022,0,3
3,20919,5944,29007,6681,6681,0,3
3,20920,5945,-4039,8450,8450,0,3
3,20925,5946,1434,6971,6971,0,3
3,20926,5947,-30545,3078,3078,0,1
3,20927,5948,17326,-1502,-1502,0,2
3,20928,5949,8501,-4732,-4732,0,3
3,20929,5950,2665,-5042,-5042,0,3
3,20930,5951,-1183,-2134,-2134,0,3
3,20931,5952,-12710,3272,3272,0,3
3,20932,5953,-30633,9494,9494,0,3
3,20933,5954,27853,14321,14321,0,3
3,20934,5955,-22023,16157,16157,0,3
3,20938,5956,24468,14171,14171,0,3
3,20939,5957,14211,9009,9009,0,3
3,20940,5958,753,1769,1769,0,3
3,20941,5959,-20415,-5506,-5506,0,3
3,20943,5960,6415,-11239,-11239,0,3
3,20944,5961,28577,-14430,-14430,0,3
3,20945,5962,-22972,-14702,-14702,0,3
3,20946,5963,-15263,-12857,-12857,0,3
3,20947,5964,-4009,-9836,-9836,0,3
3,20951,5965,-10627,-6634,-6634,0,3
3,20952,5966,-13366,-4257,-4257,0,1
3,20953,5967,32272,-2954,-2954,0,2
3,20954,5968,-3691,-2858,-2858,0,3
3,20955,5969,-17100,-3616,-3616,0,3
3,20957,5970,13504,-4829,-4829,0,3
3,20958,5971,11681,-6142,-6142,0,3
3,20959,5972,-2030,-6951,-6951,0,3
3,20960,5973,-9376,-7071,-7071,0,3
3,20964,5974,11547,-6268,-6268,0,3
3,20965,5975,-29363,-4367,-4367,0,3
3,20966,5976,9765,-1607,-1607,0,3
3,20967,5977,11168,1681,1681,0,3
3,20968,5978,-12569,4971,4971,0,3
3,20969,5979,26201,7589,7589,0,3
3,20971,5980,-17088,9108,9108,0,3
3,20972,5981,22781,9201,9201,0,3
3,20973,5982,-1762,8197,8197,0,3
3,20977,5983,-25001,6508,6508,0,3
3,20978,5984,22634,4893,4893,0,3
3,20979,5985,-20340,4129,4129,0,1
3,20980,5986,-32308,4352,4352,0,2
3,20981,5987,14820,5686,5686,0,3
3,20982,5988,-16020,7519,7519,0,3
3,20983,5989,27635,9103,9103,0,3
3,20985,5990,21809,9807,9807,0,3
3,20986,5991,-30386,9226,9226,0,3
3,20990,5992,-4845,7337,7337,0,3
3,20991,5993,-12333,4525,4525,0,3
3,20992,5994,-19568,1425,1425,0,3
3,20993,5995,-21886,-1251,-1251,0,3
3,20994,5996,-20922,-3182,-3182,0,3
3,20995,5997,-19054,-3973,-3973,0,3
3,20996,5998,-26281,-3818,-3818,0,3
3,20997,5999,1560,-3084,-3084,0,3
3,20999,6000,4889,-1974,-1974,0,3
3,21003,6001,27921,-861,-861,0,3
3,21004,6002,-19386,118,118,0,3
3,21005,6003,-22001,1145,1145,0,3
3,21006,6004,-29405,2042,2042,0,1
3,21007,6005,23016,2939,2939,0,2
3,21008,6006,9082,3810,3810,0,3
3,21009,6007,-28862,4424,4424,0,3
3,21010,6008,-28832,4649,4649,0,3
3,21011,6009,-3434,4191,4191,0,3
3,21016,6010,24661,3115,3115,0,3
3,21017,6011,22208,1323,1323,0,3
3,21018,6012,-8707,-937,-937,0,3
3,21019,6013,832,-3075,-3075,0,3
3,21020,6014,-19711,-4720,-4720,0,3
3,21021,6015,6020,-5438,-5438,0,3
3,21022,6016,-6894,-4816,-4816,0,3
3,21023,6017,-10486,-2960,-2960,0,3
3,21024,6018,-82,-152,-152,0,3
3,21025,6019,-32495,2903,2903,0,3
3,21029,6020,26895,5380,5380,0,3
3,21030,6021,16456,6579,6579,0,3
3,21031,6022,-26576,5954,5954,0,3
3,21032,6023,-6685,3499,3499,0,1
3,21034,6024,-27256,-247,-247,0,2
3,21035,6025,25631,-4305,-4305,0,3
3,21036,6026,4278,-7463,-7463,0,3
3,21037,6027,1735,-8969,-8969,0,3
3,21038,6028,-12573,-8125,-8125,0,3
3,21042,6029,-26738,-5168,-5168,0,3
3,21043,6030,1365,-960,-960,0,3
3,21044,6031,9057,3236,3236,0,3
3,21045,6032,-5204,6023,6023,0,3
3,21046,6033,9257,6712,6712,0,3
3,21048,6034,30155,5089,5089,0,3
3,21049,6035,21964,1707,1707,0,3
3,21050,6036,-28281,-2024,-2024,0,3
3,21051,6037,21699,-4748,-4748,0,3
3,21055,6038,988,-5275,-5275,0,3
3,21056,6039,-17481,-3376,-3376,0,3
3,21057,6040,-8500,321,321,0,3
3,21058,6041,-3532,4624,4624,0,3
3,21059,6042,-6430,7761,7761,0,1
3,21060,6043,-27507,8389,8389,0,2
3,21062,6044,-6285,6148,6148,0,3
3,21063,6045,14742,1518,1518,0,3
3,21064,6046,1419,-3928,-3928,0,3
3,21068,6047,32138,-8354,-8354,0,3
3,21069,6048,3030,-10235,-10235,0,3
3,21070,6049,-11424,-8788,-8788,0,3
3,21071,6050,-29166,-4595,-4595,0,3
3,21072,6051,-20447,744,744,0,3
3,21073,6052,8511,4944,4944,0,3
3,21074,6053,-28075,6164,6164,0,3
3,21076,6054,-9635,3508,3508,0,3
3,21077,6055,21574,-2793,-2793,0,3
3,21081,6056,27737,-10845,-10845,0,3
3,21082,6057,11584,-18385,-18385,0,3
3,21083,6058,-5477,-23220,-23220,0,3
3,21084,6059,-14045,-23782,-23782,0,3
3,21085,6060,22799,-20103,-20103,0,3
3,21086,6061,-14971,-13510,-13510,0,1
3,21087,6062,-885,-6170,-6170,0,2
3,21088,6063,-3789,-509,-509,0,3
3,21090,6064,-17576,2029,2029,0,3
3,21094,6065,-25896,962,962,0,3
3,21095,6066,16731,-2794,-2794,0,3
3,21096,6067,-29143,-7457,-7457,0,3
3,21097,6068,-23504,-11168,-11168,0,3
3,21098,6069,9954,-12235,-12235,0,3
3,21099,6070,27693,-10351,-10351,0,3
3,21100,6071,-1721,-6205,-6205,0,3
3,21101,6072,-31808,-1081,-1081,0,3
3,21102,6073,5935,3240,3240,0,3
3,21107,6074,-20491,5653,5653,0,3
3,21108,6075,-5060,5498,5498,0,3
3,21109,6076,-18566,3184,3184,0,3
3,21110,6077,-20789,-328,-328,0,3
3,21111,6078,10868,-3836,-3836,0,3
3,21112,6079,-1695,-6330,-6330,0,3
3,21113,6080,862,-7382,-7382,0,1
3,21114,6081,-19063,-6951,-6951,0,2
3,21115,6082,-7942,-5479,-5479,0,3
3,21116,6083,-21897,-3691,-3691,0,3
3,21120,6084,-11423,-1961,-1961,0,3
3,21121,6085,-15007,-801,-801,0,3
3,21122,6086,19351,-378,-378,0,3
3,21123,6087,-18986,-593,-593,0,3
3,21124,6088,-14131,-1573,-1573,0,3
3,21125,6089,15033,-2991,-2991,0,3
3,21126,6090,11262,-4556,-4556,0,3
3,21127,6091,30663,-5781,-5781,0,3
3,21128,6092,-7550,-5994,-5994,0,3
3,21129,6093,2806,-4752,-4752,0,3
3,21133,6094,28584,-1717,-1717,0,3
3,21134,6095,-1354,2822,2822,0,3
3,21135,6096,25345,7810,7810,0,3
3,21136,6097,-10844,12052,12052,0,3
3,21137,6098,14190,14069,14069,0,3
3,21138,6099,-13896,12887,12887,0,1
3,21139,6100,22333,8472,8472,0,2
3,21140,6101,108,1644,1644,0,3
3,21141,6102,-24626,-5768,-5768,0,3
3,21142,6103,11879,-11660,-11660,0,3
3,21146,6104,-29247,-14407,-14407,0,3
3,21147,6105,-13811,-13054,-13054,0,3
3,21148,6106,6878,-8208,-8208,0,3
3,21149,6107,16048,-1436,-1436,0,3
3,21150,6108,-28245,4834,4834,0,3
3,21151,6109,-24132,8574,8574,0,3
3,21152,6110,2450,8596,8596,0,3
3,21153,6111,-25172,4741,4741,0,3
3,21154,6112,1138,-1651,-1651,0,3
3,21155,6113,4142,-8455,-8455,0,3
3,21159,6114,-2809,-13352,-13352,0,3
3,21160,6115,-2668,-14617,-14617,0,3
3,21161,6116,10407,-11972,-11972,0,3
3,21162,6117,30814,-6062,-6062,0,3
3,21163,6118,-23837,1491,1491,0,1
3,21164,6119,-16364,8417,8417,0,2
3,21165,6120,9114,12913,12913,0,3
3,21166,6121,-9424,13792,13792,0,3
3,21167,6122,3744,11027,11027,0,3
3,21168,6123,-13114,5460,5460,0,3
3,21172,6124,2944,-1464,-1464,0,3
3,21173,6125,-5945,-7862,-7862,0,3
3,21174,6126,-10194,-12500,-12500,0,3
3,21175,6127,3227,-14331,-14331,0,3
3,21176,6128,-18789,-13468,-13468,0,3
3,21177,6129,-6107,-10532,-10532,0,3
3,21178,6130,19141,-6490,-6490,0,3
3,21179,6131,-6904,-2764,-2764,0,3
3,21180,6132,10692,-412,-412,0,3
3,21181,6133,10388,-77,-77,0,3
3,21185,6134,-25257,-1688,-1688,0,3
3,21186,6135,1712,-4563,-4563,0,3
3,21187,6136,13014,-7777,-7777,0,3
3,21188,6137,5966,-10198,-10198,0,1
3,21189,6138,-7969,-11194,-11194,0,2
3,21190,6139,-1225,-10585,-10585,0,3
3,21191,6140,-12119,-8726,-8726,0,3
3,21192,6141,-25808,-6536,-6536,0,3
3,21193,6142,28808,-5017,-5017,0,3
3,21194,6143,-1682,-4851,-4851,1,3
4,21346,0,0,-6217,-6217,0,1
4,21347,1,0,-8556,-8556,0,2
4,21349,2,0,-10897,-10897,0,3
4,21350,3,0,-12295,-12295,0,3
4,21354,4,0,-11960,-11960,0,3
4,21355,5,0,-9561,-9561,0,3
4,21356,6,0,-5423,-5423,0,3
4,21357,7,0,-474,-474,0,3
4,21358,8,0,4443,4443,0,3
4,21359,9,0,8532,8532,0,3
4,21360,10,0,11218,11218,0,3
4,21361,11,0,12548,12548,0,3
4,21363,12,0,12788,12788,0,3
4,21367,13,0,12317,12317,0,3
4,21368,14,0,11318,11318,0,3
4,21369,15,0,10051,10051,0,3
4,21370,16,0,8419,8419,0,3
4,21371,17,0,6298,6298,0,3
4,21372,18,0,3754,3754,0,3
4,21373,19,0,1102,1102,0,1
4,21374,20,0,-1435,-1435,0,2
4,21375,21,0,-3539,-3539,0,3
4,21380,22,0,-4939,-4939,0,3
4,21381,23,0,-5912,-5912,0,3
4,21382,24,0,-6636,-6636,0,3
4,21383,25,0,-7435,-7435,0,3
4,21384,26,0,-8581,-8581,0,3
4,21385,27,0,-9822,-9822,0,3
4,21386,28,0,-10765,-10765,0,3
4,21387,29,0,-10865,-10865,0,3
4,21388,30,0,-9700,-9700,0,3
4,21389,31,0,-7149,-7149,0,3
4,21393,32,0,-3578,-3578,0,3
4,21394,33,0,148,148,0,3
4,21395,34,0,3253,3253,0,3
4,21396,35,0,4885,4885,0,3
4,21398,36,0,4705,4705,0,3
4,21399,37,0,2961,2961,0,3
4,21400,38,0,329,329,0,1
4,21401,39,0,-2418,-2418,0,2
4,21402,40,0,-4499,-4499,0,3
4,21406,41,0,-5691,-5691,0,3
4,21407,42,0,-5897,-5897,0,3
4,21408,43,0,-5416,-5416,0,3
4,21409,44,0,-4822,-4822,0,3
4,21410,45,0,-4307,-4307,0,3
4,21412,46,0,-3925,-3925,0,3
4,21413,47,0,-3436,-3436,0,3
4,21414,48,0,-2667,-2667,0,3
4,21415,49,0,-1435,-1435,0,3
4,21419,50,0,217,217,0,3
4,21420,51,0,1913,1913,0,3
4,21421,52,0,3222,3222,0,3
4,21422,53,0,3620,3620,0,3
4,21423,54,0,2812,2812,0,3
4,21424,55,0,1123,1123,0,3
4,21426,56,0,-1052,-1052,0,3
4,21427,57,0,-3137,-3137,0,1
4,21428,58,0,-4369,-4369,0,2
4,21432,59,0,-4512,-4512,0,3
4,21433,60,0,-3564,-3564,0,3
4,21434,61,0,-1866,-1866,0,3
4,21435,62,0,11,11,0,3
4,21436,63,0,1523,1523,0,3
4,21437,64,0,2230,2230,0,3
4,21438,65,0,2140,2140,0,3
4,21440,66,0,1446,1446,0,3
4,21441,67,0,465,465,0,3
4,21445,68,0,-290,-290,0,3
4,21446,69,0,-731,-731,0,3
4,21447,70,0,-679,-679,0,3
4,21448,71,0,-286,-286,0,3
4,21449,72,0,185,185,0,3
4,21450,73,0,558,558,0,3
4,21451,74,0,636,636,0,3
4,21452,75,0,516,516,0,3
4,21454,76,0,237,237,0,1
4,21458,77,0,-70,-70,0,2
4,21459,78,0,-188,-188,0,3
4,21460,79,0,-225,-225,0,3
4,21461,80,0,-105,-105,0,3
4,21462,81,0,118,118,0,3
4,21463,82,0,280,280,0,3
4,21464,83,0,338,338,0,3
4,21465,84,0,283,283,0,3
4,21466,85,0,163,163,0,3
4,21471,86,0,8,8,0,3
4,21472,87,0,-103,-103,0,3
4,21473,88,0,-80,-80,0,3
4,21474,89,0,-30,-30,0,3
4,21475,90,0,48,48,0,3
4,21476,91,0,146,146,0,3
4,21477,92,0,157,157,0,3
4,21478,93,0,136,136,0,3
4,21479,94,0,105,105,0,3
4,21480,95,0,23,23,0,1
4,21484,96,0,-60,-60,0,2
4,21485,97,0,-65,-65,0,3
4,21486,98,0,-38,-38,0,3
4,21487,99,0,-6,-6,0,3
4,21489,100,0,62,62,0,3
4,21490,101,0,90,90,0,3
4,21491,102,0,68,68,0,3
4,21492,103,0,53,53,0,3
4,21493,104,0,24,24,0,3
4,21497,105,0,-29,-29,0,3
4,21498,106,0,-31,-31,0,3
4,21499,107,0,1,1,0,3
4,21500,108,0,-1,-1,0,3
4,21501,109,0,23,23,0,3
4,21503,110,0,37,37,0,3
4,21504,111,0,17,17,0,3
4,21505,112,0,10,10,0,3
4,21506,113,0,4,4,0,3
4,21510,114,0,-10,-10,0,1
4,21511,115,0,-16,-16,0,2
4,21512,116,0,-6,-6,0,3
4,21513,117,0,-9,-9,0,3
4,21514,118,0,2,2,0,3
4,21515,119,0,20,20,0,3
4,21517,120,0,23,23,0,3
4,21518,121,0,7,7,0,3
4,21519,122,0,1,1,0,3
4,21523,123,0,-14,-14,0,3
4,21524,124,0,-6,-6,0,3
4,21525,125,0,0,0,0,3
4,21526,126,0,0,0,0,3
4,21527,127,0,0,0,0,3
4,21528,128,0,0,0,0,3
4,21529,129,0,0,0,0,3
4,21531,130,0,0,0,0,3
4,21532,131,0,0,0,0,3
4,21536,132,0,0,0,0,3
4,21537,133,0,0,0,0,1
4,21538,134,0,0,0,0,2
4,21539,135,0,0,0,0,3
4,21540,136,0,0,0,0,3
4,21541,137,0,0,0,0,3
4,21542,138,0,0,0,0,3
4,21543,139,0,0,0,0,3
4,21545,140,0,0,0,0,3
4,21549,141,0,0,0,0,3
4,21550,142,0,0,0,0,3
4,21551,143,0,0,0,0,3
4,21552,144,0,0,0,0,3
4,21553,145,0,0,0,0,3
4,21554,146,0,0,0,0,3
4,21555,147,0,0,0,0,3
4,21556,148,0,0,0,0,3
4,21557,149,0,0,0,0,3
4,21562,150,0,0,0,0,3
4,21563,151,0,0,0,0,3
4,21564,152,0,0,0,0,1
4,21565,153,0,0,0,0,2
4,21566,154,0,0,0,0,3
4,21567,155,0,0,0,0,3
4,21568,156,0,0,0,0,3
4,21569,157,0,0,0,0,3
4,21570,158,0,0,0,0,3
4,21571,159,0,0,0,0,3
4,21575,160,0,0,0,0,3
4,21576,161,0,0,0,0,3
4,21577,162,0,0,0,0,3
4,21578,163,0,0,0,0,3
4,21580,164,0,0,0,0,3
4,21581,165,0,0,0,0,3
4,21582,166,0,0,0,0,3
4,21583,167,0,0,0,0,3
4,21584,168,0,0,0,0,3
4,21588,169,0,0,0,0,3
4,21589,170,0,0,0,0,3
4,21590,171,0,0,0,0,1
4,21591,172,0,0,0,0,2
4,21592,173,0,0,0,0,3
4,21594,174,0,0,0,0,3
4,21595,175,0,0,0,0,3
4,21596,176,0,0,0,0,3
4,21597,177,0,0,0,0,3
4,21601,178,0,0,0,0,3
4,21602,179,0,0,0,0,3
4,21603,180,0,0,0,0,3
4,21604,181,0,0,0,0,3
4,21605,182,0,0,0,0,3
4,21606,183,0,0,0,0,3
4,21608,184,0,0,0,0,3
4,21609,185,0,0,0,0,3
4,21610,186,0,0,0,0,3
4,21614,187,0,0,0,0,3
4,21615,188,0,0,0,0,3
4,21616,189,0,0,0,0,3
4,21617,190,0,0,0,0,1
4,21618,191,0,0,0,0,2
4,21619,192,0,0,0,0,3
4,21620,193,0,0,0,0,3
4,21622,194,0,0,0,0,3
4,21623,195,0,0,0,0,3
4,21627,196,0,0,0,0,3
4,21628,197,0,0,0,0,3
4,21629,198,0,0,0,0,3
4,21630,199,0,0,0,0,3
4,21631,200,0,0,0,0,3
4,21632,201,0,0,0,0,3
4,21633,202,0,0,0,0,3
4,21634,203,0,0,0,0,3
4,21636,204,0,0,0,0,3
4,21640,205,0,0,0,0,3
4,21641,206,0,0,0,0,3
4,21642,207,0,0,0,0,3
4,21643,208,0,0,0,0,3
4,21644,209,0,0,0,0,1
4,21645,210,0,0,0,0,2
4,21646,211,0,0,0,0,3
4,21647,212,0,0,0,0,3
4,21648,213,0,0,0,0,3
4,21653,214,0,0,0,0,3
4,21654,215,0,0,0,0,3
4,21655,216,0,0,0,0,3
4,21656,217,0,0,0,0,3
4,21657,218,0,0,0,0,3
4,21658,219,0,0,0,0,3
4,21659,220,0,0,0,0,3
4,21660,221,0,0,0,0,3
4,21661,222,0,0,0,0,3
4,21662,223,0,0,0,0,3
4,21666,224,0,0,0,0,3
4,21667,225,0,0,0,0,3
4,21668,226,0,0,0,0,3
4,21669,227,0,0,0,0,3
4,21671,228,0,0,0,0,1
4,21672,229,0,0,0,0,2
4,21673,230,0,0,0,0,3
4,21674,231,0,0,0,0,3
4,21675,232,0,0,0,0,3
4,21679,233,0,0,0,0,3
4,21680,234,0,0,0,0,3
4,21681,235,0,0,0,0,3
4,21682,236,0,0,0,0,3
4,21683,237,0,0,0,0,3
4,21685,238,0,0,0,0,3
4,21686,239,0,0,0,0,3
4,21687,240,0,0,0,0,3
4,21688,241,0,0,0,0,3
4,21692,242,0,0,0,0,3
4,21693,243,0,0,0,0,3
4,21694,244,0,0,0,0,3
4,21695,245,0,0,0,0,3
4,21696,246,0,0,0,0,3
4,21697,247,0,0,0,0,1
4,21699,248,0,0,0,0,2
4,21700,249,0,0,0,0,3
4,21701,250,0,0,0,0,3
4,21705,251,0,0,0,0,3
4,21706,252,0,0,0,0,3
4,21707,253,0,0,0,0,3
4,21708,254,0,0,0,0,3
4,21709,255,0,0,0,0,3
4,21710,256,0,0,0,0,3
4,21711,257,0,0,0,0,3
4,21713,258,0,0,0,0,3
4,21714,259,0,0,0,0,3
4,21718,260,0,0,0,0,3
4,21719,261,0,0,0,0,3
4,21720,262,0,0,0,0,3
4,21721,263,0,0,0,0,3
4,21722,264,0,0,0,0,3
4,21723,265,0,0,0,0,3
4,21724,266,0,0,0,0,1
4,21725,267,0,0,0,0,2
4,21727,268,0,0,0,0,3
4,21731,269,0,0,0,0,3
4,21732,270,0,0,0,0,3
4,21733,271,0,0,0,0,3
4,21734,272,0,0,0,0,3
4,21735,273,0,0,0,0,3
4,21736,274,0,0,0,0,3
4,21737,275,0,0,0,0,3
4,21738,276,0,0,0,0,3
4,21739,277,0,0,0,0,3
4,21744,278,0,0,0,0,3
4,21745,279,0,0,0,0,3
4,21746,280,0,0,0,0,3
4,21747,281,0,0,0,0,3
4,21748,282,0,0,0,0,3
4,21749,283,0,0,0,0,3
4,21750,284,0,0,0,0,3
4,21751,285,0,0,0,0,1
4,21752,286,0,0,0,0,2
4,21753,287,0,0,0,0,3
4,21757,288,0,0,0,0,3
4,21758,289,0,0,0,0,3
4,21759,290,0,0,0,0,3
4,21760,291,0,0,0,0,3
4,21762,292,0,0,0,0,3
4,21763,293,0,0,0,0,3
4,21764,294,0,0,0,0,3
4,21765,295,0,0,0,0,3
4,21766,296,0,0,0,0,3
4,21770,297,0,0,0,0,3
4,21771,298,0,0,0,0,3
4,21772,299,0,0,0,0,3
4,21773,300,0,0,0,0,3
4,21774,301,0,0,0,0,3
4,21776,302,0,0,0,0,3
4,21777,303,0,0,0,0,3
4,21778,304,0,0,0,0,1
4,21779,305,0,0,0,0,2
4,21783,306,0,0,0,0,3
4,21784,307,0,0,0,0,3
4,21785,308,0,0,0,0,3
4,21786,309,0,0,0,0,3
4,21787,310,0,0,0,0,3
4,21788,311,0,0,0,0,3
4,21790,312,0,0,0,0,3
4,21791,313,0,0,0,0,3
4,21792,314,0,0,0,0,3
4,21796,315,0,0,0,0,3
4,21797,316,0,0,0,0,3
4,21798,317,0,0,0,0,3
4,21799,318,0,0,0,0,3
4,21800,319,0,0,0,0,3
4,21801,320,0,0,0,0,3
4,21802,321,0,0,0,0,3
4,21804,322,0,0,0,0,3
4,21805,323,0,0,0,0,1
4,21809,324,0,0,0,0,2
4,21810,325,0,0,0,0,3
4,21811,326,0,0,0,0,3
4,21812,327,0,0,0,0,3
4,21813,328,0,0,0,0,3
4,21814,329,0,0,0,0,3
4,21815,330,0,0,0,0,3
4,21816,331,0,0,0,0,3
4,21818,332,0,0,0,0,3
4,21822,333,0,0,0,0,3
4,21823,334,0,0,0,0,3
4,21824,335,0,0,0,0,3
4,21825,336,0,0,0,0,3
4,21826,337,0,0,0,0,3
4,21827,338,0,0,0,0,3
4,21828,339,0,0,0,0,3
4,21829,340,0,0,0,0,3
4,21830,341,0,0,0,0,3
4,21835,342,0,0,0,0,1
4,21836,343,0,0,0,0,2
4,21837,344,0,0,0,0,3
4,21838,345,0,0,0,0,3
4,21839,346,0,0,0,0,3
4,21840,347,0,0,0,0,3
4,21841,348,0,0,0,0,3
4,21842,349,0,0,0,0,3
4,21843,350,0,0,0,0,3
4,21844,351,0,0,0,0,3
4,21848,352,0,0,0,0,3
4,21849,353,0,0,0,0,3
4,21850,354,0,0,0,0,3
4,21851,355,0,0,0,0,3
4,21853,356,0,0,0,0,3
4,21854,357,0,0,0,0,3
4,21855,358,0,0,0,0,3
4,21856,359,0,0,0,0,3
4,21857,360,0,0,0,0,3
4,21861,361,0,0,0,0,1
4,21862,362,0,0,0,0,2
4,21863,363,0,0,0,0,3
4,21864,364,0,0,0,0,3
4,21865,365,0,0,0,0,3
4,21867,366,0,0,0,0,3
4,21868,367,0,0,0,0,3
4,21869,368,0,0,0,0,3
4,21870,369,0,0,0,0,3
4,21874,370,0,0,0,0,3
4,21875,371,0,0,0,0,3
4,21876,372,0,0,0,0,3
4,21877,373,0,0,0,0,3
4,21878,374,0,0,0,0,3
4,21879,375,0,0,0,0,3
4,21881,376,0,0,0,0,3
4,21882,377,0,0,0,0,3
4,21883,378,0,0,0,0,3
4,21887,379,0,0,0,0,3
4,21888,380,0,0,0,0,1
4,21889,381,0,0,0,0,2
4,21890,382,0,0,0,0,3
4,21891,383,0,0,0,0,3
4,21892,384,0,0,0,0,3
4,21893,385,0,0,0,0,3
4,21895,386,0,0,0,0,3
4,21896,387,0,0,0,0,3
4,21900,388,0,0,0,0,3
4,21901,389,0,0,0,0,3
4,21902,390,0,0,0,0,3
4,21903,391,0,0,0,0,3
4,21904,392,0,0,0,0,3
4,21905,393,0,0,0,0,3
4,21906,394,0,0,0,0,3
4,21907,395,0,0,0,0,3
4,21909,396,0,0,0,0,3
4,21913,397,0,0,0,0,3
4,21914,398,0,0,0,0,3
4,21915,399,0,0,0,0,1
4,21916,400,0,0,0,0,2
4,21917,401,0,0,0,0,3
4,21918,402,0,0,0,0,3
4,21919,403,0,0,0,0,3
4,21920,404,0,0,0,0,3
4,21921,405,0,0,0,0,3
4,21926,406,0,0,0,0,3
4,21927,407,0,0,0,0,3
4,21928,408,0,0,0,0,3
4,21929,409,0,0,0,0,3
4,21930,410,0,0,0,0,3
4,21931,411,0,0,0,0,3
4,21932,412,0,0,0,0,3
4,21933,413,0,0,0,0,3
4,21934,414,0,0,0,0,3
4,21935,415,0,0,0,0,3
4,21939,416,0,0,0,0,3
4,21940,417,0,0,0,0,3
4,21941,418,0,0,0,0,1
4,21942,419,0,0,0,0,2
4,21944,420,0,0,0,0,3
4,21945,421,0,0,0,0,3
4,21946,422,0,0,0,0,3
4,21947,423,0,0,0,0,3
4,21948,424,0,0,0,0,3
4,21952,425,0,0,0,0,3
4,21953,426,0,0,0,0,3
4,21954,427,0,0,0,0,3
4,21955,428,0,0,0,0,3
4,21956,429,0,0,0,0,3
4,21958,430,0,0,0,0,3
4,21959,431,0,0,0,0,3
4,21960,432,0,0,0,0,3
4,21961,433,0,0,0,0,3
4,21965,434,0,0,0,0,3
4,21966,435,0,0,0,0,3
4,21967,436,0,0,0,0,3
4,21968,437,0,0,0,0,1
4,21969,438,0,0,0,0,2
4,21970,439,0,0,0,0,3
4,21972,440,0,0,0,0,3
4,21973,441,0,0,0,0,3
4,21974,442,0,0,0,0,3
4,21978,443,0,0,0,0,3
4,21979,444,0,0,0,0,3
4,21980,445,0,0,0,0,3
4,21981,446,0,0,0,0,3
4,21982,447,0,0,0,0,3
4,21983,448,0,0,0,0,3
4,21984,449,0,0,0,0,3
4,21986,450,0,0,0,0,3
4,21987,451,0,0,0,0,3
4,21991,452,0,0,0,0,3
4,21992,453,0,0,0,0,3
4,21993,454,0,0,0,0,3
4,21994,455,0,0,0,0,3
4,21995,456,0,0,0,0,1
4,21996,457,0,0,0,0,2
4,21997,458,0,0,0,0,3
4,21998,459,0,0,0,0,3
4,22000,460,0,0,0,0,3
4,22004,461,0,0,0,0,3
4,22005,462,0,0,0,0,3
4,22006,463,0,0,0,0,3
4,22007,464,0,0,0,0,3
4,22008,465,0,0,0,0,3
4,22009,466,0,0,0,0,3
4,22010,467,0,0,0,0,3
4,22011,468,0,0,0,0,3
4,22012,469,0,0,0,0,3
4,22017,470,0,0,0,0,3
4,22018,471,0,0,0,0,3
4,22019,472,0,0,0,0,3
4,22020,473,0,0,0,0,3
4,22021,474,0,0,0,0,3
4,22022,475,0,0,0,0,1
4,22023,476,0,0,0,0,2
4,22024,477,0,0,0,0,3
4,22025,478,0,0,0,0,3
4,22026,479,0,0,0,0,3
4,22030,480,0,0,0,0,3
4,22031,481,0,0,0,0,3
4,22032,482,0,0,0,0,3
4,22033,483,0,0,0,0,3
4,22035,484,0,0,0,0,3
4,22036,485,0,0,0,0,3
4,22037,486,0,0,0,0,3
4,22038,487,0,0,0,0,3
4,22039,488,0,0,0,0,3
4,22043,489,0,0,0,0,3
4,22044,490,0,0,0,0,3
4,22045,491,0,0,0,0,3
4,22046,492,0,0,0,0,3
4,22047,493,0,0,0,0,3
4,22049,494,0,0,0,0,1
4,22050,495,0,0,0,0,2
4,22051,496,0,0,0,0,3
4,22052,497,0,0,0,0,3
4,22056,498,0,0,0,0,3
4,22057,499,0,0,0,0,3
4,22058,500,0,0,0,0,3
4,22059,501,0,0,0,0,3
4,22060,502,0,0,0,0,3
4,22061,503,0,0,0,0,3
4,22063,504,0,0,0,0,3
4,22064,505,0,0,0,0,3
4,22065,506,0,0,0,0,3
4,22069,507,0,0,0,0,3
4,22070,508,0,0,0,0,3
4,22071,509,0,0,0,0,3
4,22072,510,0,0,0,0,3
4,22073,511,0,0,0,0,3
4,22074,512,0,0,0,0,3
4,22075,513,0,0,0,0,1
4,22077,514,0,0,0,0,2
4,22078,515,0,0,0,0,3
4,22082,516,0,0,0,0,3
4,22083,517,0,0,0,0,3
4,22084,518,0,0,0,0,3
4,22085,519,0,0,0,0,3
4,22086,520,0,0,0,0,3
4,22087,521,0,0,0,0,3
4,22088,522,0,0,0,0,3
4,22089,523,0,0,0,0,3
4,22091,524,0,0,0,0,3
4,22095,525,0,0,0,0,3
4,22096,526,0,0,0,0,3
4,22097,527,0,0,0,0,3
4,22098,528,0,0,0,0,3
4,22099,529,0,0,0,0,3
4,22100,530,0,0,0,0,3
4,22101,531,0,0,0,0,3
4,22102,532,0,0,0,0,1
4,22103,533,0,0,0,0,2
4,22108,534,0,0,0,0,3
4,22109,535,0,0,0,0,3
4,22110,536,0,0,0,0,3
4,22111,537,0,0,0,0,3
4,22112,538,0,0,0,0,3
4,22113,539,0,0,0,0,3
4,22114,540,0,0,0,0,3
4,22115,541,0,0,0,0,3
4,22116,542,0,0,0,0,3
4,22117,543,0,0,0,0,3
4,22121,544,0,0,0,0,3
4,22122,545,0,0,0,0,3
4,22123,546,0,0,0,0,3
4,22124,547,0,0,0,0,3
4,22126,548,0,0,0,0,3
4,22127,549,0,0,0,0,3
4,22128,550,0,0,0,0,3
4,22129,551,0,0,0,0,1
4,22130,552,0,0,0,0,2
4,22134,553,0,0,0,0,3
4,22135,554,0,0,0,0,3
4,22136,555,0,0,0,0,3
4,22137,556,0,0,0,0,3
4,22138,557,0,0,0,0,3
4,22140,558,0,0,0,0,3
4,22141,559,0,0,0,0,3
4,22142,560,0,0,0,0,3
4,22143,561,0,0,0,0,3
4,22147,562,0,0,0,0,3
4,22148,563,0,0,0,0,3
4,22149,564,0,0,0,0,3
4,22150,565,0,0,0,0,3
4,22151,566,0,0,0,0,3
4,22152,567,0,0,0,0,3
4,22154,568,0,0,0,0,3
4,22155,569,0,0,0,0,3
4,22156,570,0,0,0,0,1
4,22160,571,0,0,0,0,2
4,22161,572,0,0,0,0,3
4,22162,573,0,0,0,0,3
4,22163,574,0,0,0,0,3
4,22164,575,0,0,0,0,3
4,22165,576,0,0,0,0,3
4,22166,577,0,0,0,0,3
4,22168,578,0,0,0,0,3
4,22169,579,0,0,0,0,3
4,22173,580,0,0,0,0,3
4,22174,581,0,0,0,0,3
4,22175,582,0,0,0,0,3
4,22176,583,0,0,0,0,3
4,22177,584,0,0,0,0,3
4,22178,585,0,0,0,0,3
4,22179,586,0,0,0,0,3
4,22180,587,0,0,0,0,3
4,22182,588,0,0,0,0,3
4,22186,589,0,0,0,0,1
4,22187,590,0,0,0,0,2
4,22188,591,0,0,0,0,3
4,22189,592,0,0,0,0,3
4,22190,593,0,0,0,0,3
4,22191,594,0,0,0,0,3
4,22192,595,0,0,0,0,3
4,22193,596,0,0,0,0,3
4,22194,597,0,0,0,0,3
4,22199,598,0,0,0,0,3
4,22200,599,0,0,0,0,3
4,22201,600,0,0,0,0,3
4,22202,601,0,0,0,0,3
4,22203,602,0,0,0,0,3
4,22204,603,0,0,0,0,3
4,22205,604,0,0,0,0,3
4,22206,605,0,0,0,0,3
4,22207,606,0,0,0,0,3
4,22208,607,0,0,0,0,3
4,22212,608,0,0,0,0,1
4,22213,609,0,0,0,0,2
4,22214,610,0,0,0,0,3
4,22215,611,0,0,0,0,3
4,22217,612,0,0,0,0,3
4,22218,613,0,0,0,0,3
4,22219,614,0,0,0,0,3
4,22220,615,0,0,0,0,3
4,22221,616,0,0,0,0,3
4,22225,617,0,0,0,0,3
4,22226,618,0,0,0,0,3
4,22227,619,0,0,0,0,3
4,22228,620,0,0,0,0,3
4,22229,621,0,0,0,0,3
4,22231,622,0,0,0,0,3
4,22232,623,0,0,0,0,3
4,22233,624,0,0,0,0,3
4,22234,625,0,0,0,0,3
4,22238,626,0,0,0,0,3
4,22239,627,0,0,0,0,1
4,22240,628,0,0,0,0,2
4,22241,629,0,0,0,0,3
4,22242,630,0,0,0,0,3
4,22243,631,0,0,0,0,3
4,22245,632,0,0,0,0,3
4,22246,633,0,0,0,0,3
4,22247,634,0,0,0,0,3
4,22251,635,0,0,0,0,3
4,22252,636,0,0,0,0,3
4,22253,637,0,0,0,0,3
4,22254,638,0,0,0,0,3
4,22255,639,0,0,0,0,3
4,22256,640,0,0,0,0,3
4,22257,641,0,0,0,0,3
4,22259,642,0,0,0,0,3
4,22260,643,0,0,0,0,3
4,22264,644,0,0,0,0,3
4,22265,645,0,0,0,0,3
4,22266,646,0,0,0,0,1
4,22267,647,0,0,0,0,2
4,22268,648,0,0,0,0,3
4,22269,649,0,0,0,0,3
4,22270,650,0,0,0,0,3
4,22271,651,0,0,0,0,3
4,22273,652,0,0,0,0,3
4,22277,653,0,0,0,0,3
4,22278,654,0,0,0,0,3
4,22279,655,0,0,0,0,3
4,22280,656,0,0,0,0,3
4,22281,657,0,0,0,0,3
4,22282,658,0,0,0,0,3
4,22283,659,0,0,0,0,3
4,22284,660,0,0,0,0,3
4,22285,661,0,0,0,0,3
4,22290,662,0,0,0,0,3
4,22291,663,0,0,0,0,3
4,22292,664,0,0,0,0,3
4,22293,665,0,0,0,0,1
4,22294,666,0,0,0,0,2
4,22295,667,0,0,0,0,3
4,22296,668,0,0,0,0,3
4,22297,669,0,0,0,0,3
4,22298,670,0,0,0,0,3
4,22299,671,0,0,0,0,3
4,22303,672,0,0,0,0,3
4,22304,673,0,0,0,0,3
4,22305,674,0,0,0,0,3
4,22306,675,0,0,0,0,3
4,22308,676,0,0,0,0,3
4,22309,677,0,0,0,0,3
4,22310,678,0,0,0,0,3
4,22311,679,0,0,0,0,3
4,22312,680,0,0,0,0,3
4,22316,681,0,0,0,0,3
4,22317,682,0,0,0,0,3
4,22318,683,0,0,0,0,3
4,22319,684,0,0,0,0,1
4,22320,685,0,0,0,0,2
4,22322,686,0,0,0,0,3
4,22323,687,0,0,0,0,3
4,22324,688,0,0,0,0,3
4,22325,689,0,0,0,0,3
4,22329,690,0,0,0,0,3
4,22330,691,0,0,0,0,3
4,22331,692,0,0,0,0,3
4,22332,693,0,0,0,0,3
4,22333,694,0,0,0,0,3
4,22334,695,0,0,0,0,3
4,22336,696,0,0,0,0,3
4,22337,697,0,0,0,0,3
4,22338,698,0,0,0,0,3
4,22342,699,0,0,0,0,3
4,22343,700,0,0,0,0,3
4,22344,701,0,0,0,0,3
4,22345,702,0,0,0,0,3
4,22346,703,0,0,0,0,1
4,22347,704,0,0,0,0,2
4,22348,705,0,0,0,0,3
4,22350,706,0,0,0,0,3
4,22351,707,0,0,0,0,3
4,22355,708,0,0,0,0,3
4,22356,709,0,0,0,0,3
4,22357,710,0,0,0,0,3
4,22358,711,0,0,0,0,3
4,22359,712,0,0,0,0,3
4,22360,713,0,0,0,0,3
4,22361,714,0,0,0,0,3
4,22362,715,0,0,0,0,3
4,22364,716,0,0,0,0,3
4,22368,717,0,0,0,0,3
4,22369,718,0,0,0,0,3
4,22370,719,0,0,0,0,3
4,22371,720,0,0,0,0,3
4,22372,721,0,0,0,0,3
4,22373,722,0,0,0,0,1
4,22374,723,0,0,0,0,2
4,22375,724,0,0,0,0,3
4,22376,725,0,0,0,0,3
4,22381,726,0,0,0,0,3
4,22382,727,0,0,0,0,3
4,22383,728,0,0,0,0,3
4,22384,729,0,0,0,0,3
4,22385,730,0,0,0,0,3
4,22386,731,0,0,0,0,3
4,22387,732,0,0,0,0,3
4,22388,733,0,0,0,0,3
4,22389,734,0,0,0,0,3
4,22390,735,0,0,0,0,3
4,22394,736,0,0,0,0,3
4,22395,737,0,0,0,0,3
4,22396,738,0,0,0,0,3
4,22397,739,0,0,0,0,3
4,22399,740,0,0,0,0,3
4,22400,741,0,0,0,0,1
4,22401,742,0,0,0,0,2
4,22402,743,0,0,0,0,3
4,22403,744,0,0,0,0,3
4,22407,745,0,0,0,0,3
4,22408,746,0,0,0,0,3
4,22409,747,0,0,0,0,3
4,22410,748,0,0,0,0,3
4,22411,749,0,0,0,0,3
4,22413,750,0,0,0,0,3
4,22414,751,0,0,0,0,3
4,22415,752,0,0,0,0,3
4,22416,753,0,0,0,0,3
4,22420,754,0,0,0,0,3
4,22421,755,0,0,0,0,3
4,22422,756,0,0,0,0,3
4,22423,757,0,0,0,0,3
4,22424,758,0,0,0,0,3
4,22425,759,0,0,0,0,3
4,22427,760,0,0,0,0,1
4,22428,761,0,0,0,0,2
4,22429,762,0,0,0,0,3
4,22433,763,0,0,0,0,3
4,22434,764,0,0,0,0,3
4,22435,765,0,0,0,0,3
4,22436,766,0,0,0,0,3
4,22437,767,0,0,0,0,3
4,22438,768,0,0,0,0,3
4,22439,769,0,0,0,0,3
4,22441,770,0,0,0,0,3
4,22442,771,0,0,0,0,3
4,22446,772,0,0,0,0,3
4,22447,773,0,0,0,0,3
4,22448,774,0,0,0,0,3
4,22449,775,0,0,0,0,3
4,22450,776,0,0,0,0,3
4,22451,777,0,0,0,0,3
4,22452,778,0,0,0,0,3
4,22453,779,0,0,0,0,1
4,22455,780,0,0,0,0,2
4,22459,781,0,0,0,0,3
4,22460,782,0,0,0,0,3
4,22461,783,0,0,0,0,3
4,22462,784,0,0,0,0,3
4,22463,785,0,0,0,0,3
4,22464,786,0,0,0,0,3
4,22465,787,0,0,0,0,3
4,22466,788,0,0,0,0,3
4,22467,789,0,0,0,0,3
4,22472,790,0,0,0,0,3
4,22473,791,0,0,0,0,3
4,22474,792,0,0,0,0,3
4,22475,793,0,0,0,0,3
4,22476,794,0,0,0,0,3
4,22477,795,0,0,0,0,3
4,22478,796,0,0,0,0,3
4,22479,797,0,0,0,0,3
4,22480,798,0,0,0,0,1
4,22481,799,0,0,0,0,2
4,22485,800,0,0,0,0,3
4,22486,801,0,0,0,0,3
4,22487,802,0,0,0,0,3
4,22488,803,0,0,0,0,3
4,22490,804,0,0,0,0,3
4,22491,805,0,0,0,0,3
4,22492,806,0,0,0,0,3
4,22493,807,0,0,0,0,3
4,22494,808,0,0,0,0,3
4,22498,809,0,0,0,0,3
4,22499,810,0,0,0,0,3
4,22500,811,0,0,0,0,3
4,22501,812,0,0,0,0,3
4,22502,813,0,0,0,0,3
4,22504,814,0,0,0,0,3
4,22505,815,0,0,0,0,3
4,22506,816,0,0,0,0,3
4,22507,817,0,0,0,0,1
4,22511,818,0,0,0,0,2
4,22512,819,0,0,0,0,3
4,22513,820,0,0,0,0,3
4,22514,821,0,0,0,0,3
4,22515,822,0,0,0,0,3
4,22516,823,0,0,0,0,3
4,22518,824,0,0,0,0,3
4,22519,825,0,0,0,0,3
4,22520,826,0,0,0,0,3
4,22524,827,0,0,0,0,3
4,22525,828,0,0,0,0,3
4,22526,829,0,0,0,0,3
4,22527,830,0,0,0,0,3
4,22528,831,0,0,0,0,3
4,22529,832,0,0,0,0,3
4,22530,833,0,0,0,0,3
4,22532,834,0,0,0,0,3
4,22533,835,0,0,0,0,3
4,22537,836,0,0,0,0,1
4,22538,837,0,0,0,0,2
4,22539,838,0,0,0,0,3
4,22540,839,0,0,0,0,3
4,22541,840,0,0,0,0,3
4,22542,841,0,0,0,0,3
4,22543,842,0,0,0,0,3
4,22544,843,0,0,0,0,3
4,22546,844,0,0,0,0,3
4,22550,845,0,0,0,0,3
4,22551,846,0,0,0,0,3
4,22552,847,0,0,0,0,3
4,22553,848,0,0,0,0,3
4,22554,849,0,0,0,0,3
4,22555,850,0,0,0,0,3
4,22556,851,0,0,0,0,3
4,22557,852,0,0,0,0,3
4,22558,853,0,0,0,0,3
4,22563,854,0,0,0,0,3
4,22564,855,0,0,0,0,1
4,22565,856,0,0,0,0,2
4,22566,857,0,0,0,0,3
4,22567,858,0,0,0,0,3
4,22568,859,0,0,0,0,3
4,22569,860,0,0,0,0,3
4,22570,861,0,0,0,0,3
4,22571,862,0,0,0,0,3
4,22572,863,0,0,0,0,3
4,22576,864,0,0,0,0,3
4,22577,865,0,0,0,0,3
4,22578,866,0,0,0,0,3
4,22579,867,0,0,0,0,3
4,22581,868,0,0,0,0,3
4,22582,869,0,0,0,0,3
4,22583,870,0,0,0,0,3
4,22584,871,0,0,0,0,3
4,22585,872,0,0,0,0,3
4,22589,873,0,0,0,0,3
4,22590,874,0,0,0,0,1
4,22591,875,0,0,0,0,2
4,22592,876,0,0,0,0,3
4,22593,877,0,0,0,0,3
4,22595,878,0,0,0,0,3
4,22596,879,0,0,0,0,3
4,22597,880,0,0,0,0,3
4,22598,881,0,0,0,0,3
4,22602,882,0,0,0,0,3
4,22603,883,0,0,0,0,3
4,22604,884,0,0,0,0,3
4,22605,885,0,0,0,0,3
4,22606,886,0,0,0,0,3
4,22607,887,0,0,0,0,3
4,22609,888,0,0,0,0,3
4,22610,889,0,0,0,0,3
4,22611,890,0,0,0,0,3
4,22615,891,0,0,0,0,3
4,22616,892,0,0,0,0,3
4,22617,893,0,0,0,0,1
4,22618,894,0,0,0,0,2
4,22619,895,0,0,0,0,3
4,22620,896,0,0,0,0,3
4,22621,897,0,0,0,0,3
4,22623,898,0,0,0,0,3
4,22624,899,0,0,0,0,3
4,22628,900,0,0,0,0,3
4,22629,901,0,0,0,0,3
4,22630,902,0,0,0,0,3
4,22631,903,0,0,0,0,3
4,22632,904,0,0,0,0,3
4,22633,905,0,0,0,0,3
4,22634,906,0,0,0,0,3
4,22635,907,0,0,0,0,3
4,22637,908,0,0,0,0,3
4,22641,909,0,0,0,0,3
4,22642,910,0,0,0,0,3
4,22643,911,0,0,0,0,3
4,22644,912,0,0,0,0,1
4,22645,913,0,0,0,0,2
4,22646,914,0,0,0,0,3
4,22647,915,0,0,0,0,3
4,22648,916,0,0,0,0,3
4,22649,917,0,0,0,0,3
4,22654,918,0,0,0,0,3
4,22655,919,0,0,0,0,3
4,22656,920,0,0,0,0,3
4,22657,921,0,0,0,0,3
4,22658,922,0,0,0,0,3
4,22659,923,0,0,0,0,3
4,22660,924,0,0,0,0,3
4,22661,925,0,0,0,0,3
4,22662,926,0,0,0,0,3
4,22663,927,0,0,0,0,3
4,22667,928,0,0,0,0,3
4,22668,929,0,0,0,0,3
4,22669,930,0,0,0,0,3
4,22670,931,0,0,0,0,1
4,22672,932,0,0,0,0,2
4,22673,933,0,0,0,0,3
4,22674,934,0,0,0,0,3
4,22675,935,0,0,0,0,3
4,22676,936,0,0,0,0,3
4,22680,937,0,0,0,0,3
4,22681,938,0,0,0,0,3
4,22682,939,0,0,0,0,3
4,22683,940,0,0,0,0,3
4,22684,941,0,0,0,0,3
4,22686,942,0,0,0,0,3
4,22687,943,0,0,0,0,3
4,22688,944,0,0,0,0,3
4,22689,945,0,0,0,0,3
4,22693,946,0,0,0,0,3
4,22694,947,0,0,0,0,3
4,22695,948,0,0,0,0,3
4,22696,949,0,0,0,0,3
4,22697,950,0,0,0,0,1
4,22698,951,0,0,0,0,2
4,22700,952,0,0,0,0,3
4,22701,953,0,0,0,0,3
4,22702,954,0,0,0,0,3
4,22706,955,0,0,0,0,3
4,22707,956,0,0,0,0,3
4,22708,957,0,0,0,0,3
4,22709,958,0,0,0,0,3
4,22710,959,0,0,0,0,3
4,22711,960,0,0,0,0,3
4,22712,961,0,0,0,0,3
4,22714,962,0,0,0,0,3
4,22715,963,0,0,0,0,3
4,22719,964,0,0,0,0,3
4,22720,965,0,0,0,0,3
4,22721,966,0,0,0,0,3
4,22722,967,0,0,0,0,3
4,22723,968,0,0,0,0,3
4,22724,969,0,0,0,0,1
4,22725,970,0,0,0,0,2
4,22726,971,0,0,0,0,3
4,22728,972,0,0,0,0,3
4,22732,973,0,0,0,0,3
4,22733,974,0,0,0,0,3
4,22734,975,0,0,0,0,3
4,22735,976,0,0,0,0,3
4,22736,977,0,0,0,0,3
4,22737,978,0,0,0,0,3
4,22738,979,0,0,0,0,3
4,22739,980,0,0,0,0,3
4,22740,981,0,0,0,0,3
4,22745,982,0,0,0,0,3
4,22746,983,0,0,0,0,3
4,22747,984,0,0,0,0,3
4,22748,985,0,0,0,0,3
4,22749,986,0,0,0,0,3
4,22750,987,0,0,0,0,3
4,22751,988,0,0,0,0,1
4,22752,989,0,0,0,0,2
4,22753,990,0,0,0,0,3
4,22754,991,0,0,0,0,3
4,22758,992,0,0,0,0,3
4,22759,993,0,0,0,0,3
4,22760,994,0,0,0,0,3
4,22761,995,0,0,0,0,3
4,22763,996,0,0,0,0,3
4,22764,997,0,0,0,0,3
4,22765,998,0,0,0,0,3
4,22766,999,0,0,0,0,3
4,22767,1000,0,0,0,0,3
4,22771,1001,0,0,0,0,3
4,22772,1002,0,0,0,0,3
4,22773,1003,0,0,0,0,3
4,22774,1004,0,0,0,0,3
4,22775,1005,0,0,0,0,3
4,22777,1006,0,0,0,0,3
4,22778,1007,0,0,0,0,1
4,22779,1008,0,0,0,0,2
4,22780,1009,0,0,0,0,3
4,22784,1010,0,0,0,0,3
4,22785,1011,0,0,0,0,3
4,22786,1012,0,0,0,0,3
4,22787,1013,0,0,0,0,3
4,22788,1014,0,0,0,0,3
4,22789,1015,0,0,0,0,3
4,22791,1016,0,0,0,0,3
4,22792,1017,0,0,0,0,3
4,22793,1018,0,0,0,0,3
4,22797,1019,0,0,0,0,3
4,22798,1020,0,0,0,0,3
4,22799,1021,0,0,0,0,3
4,22800,1022,0,0,0,0,3
4,22801,1023,0,0,0,0,3
4,22802,1024,0,0,0,0,3
4,22803,1025,0,0,0,0,3
4,22805,1026,0,0,0,0,1
4,22806,1027,0,0,0,0,2
4,22810,1028,0,0,0,0,3
4,22811,1029,0,0,0,0,3
4,22812,1030,0,0,0,0,3
4,22813,1031,0,0,0,0,3
4,22814,1032,0,0,0,0,3
4,22815,1033,0,0,0,0,3
4,22816,1034,0,0,0,0,3
4,22817,1035,0,0,0,0,3
4,22819,1036,0,0,0,0,3
4,22823,1037,0,0,0,0,3
4,22824,1038,0,0,0,0,3
4,22825,1039,0,0,0,0,3
4,22826,1040,0,0,0,0,3
4,22827,1041,0,0,0,0,3
4,22828,1042,0,0,0,0,3
4,22829,1043,0,0,0,0,3
4,22830,1044,0,0,0,0,3
4,22831,1045,0,0,0,0,1
4,22836,1046,0,0,0,0,2
4,22837,1047,0,0,0,0,3
4,22838,1048,0,0,0,0,3
4,22839,1049,0,0,0,0,3
4,22840,1050,0,0,0,0,3
4,22841,1051,0,0,0,0,3
4,22842,1052,0,0,0,0,3
4,22843,1053,0,0,0,0,3
4,22844,1054,0,0,0,0,3
4,22845,1055,0,0,0,0,3
4,22849,1056,0,0,0,0,3
4,22850,1057,0,0,0,0,3
4,22851,1058,0,0,0,0,3
4,22852,1059,0,0,0,0,3
4,22854,1060,0,0,0,0,3
4,22855,1061,0,0,0,0,3
4,22856,1062,0,0,0,0,3
4,22857,1063,0,0,0,0,3
4,22858,1064,0,0,0,0,1
4,22862,1065,0,0,0,0,2
4,22863,1066,0,0,0,0,3
4,22864,1067,0,0,0,0,3
4,22865,1068,0,0,0,0,3
4,22866,1069,0,0,0,0,3
4,22868,1070,0,0,0,0,3
4,22869,1071,0,0,0,0,3
4,22870,1072,0,0,0,0,3
4,22871,1073,0,0,0,0,3
4,22875,1074,0,0,0,0,3
4,22876,1075,0,0,0,0,3
4,22877,1076,0,0,0,0,3
4,22878,1077,0,0,0,0,3
4,22879,1078,0,0,0,0,3
4,22880,1079,0,0,0,0,3
4,22882,1080,0,0,0,0,3
4,22883,1081,0,0,0,0,3
4,22884,1082,0,0,0,0,3
4,22888,1083,0,0,0,0,1
4,22889,1084,0,0,0,0,2
4,22890,1085,0,0,0,0,3
4,22891,1086,0,0,0,0,3
4,22892,1087,0,0,0,0,3
4,22893,1088,0,0,0,0,3
4,22894,1089,0,0,0,0,3
4,22896,1090,0,0,0,0,3
4,22897,1091,0,0,0,0,3
4,22901,1092,0,0,0,0,3
4,22902,1093,0,0,0,0,3
4,22903,1094,0,0,0,0,3
4,22904,1095,0,0,0,0,3
4,22905,1096,0,0,0,0,3
4,22906,1097,0,0,0,0,3
4,22907,1098,0,0,0,0,3
4,22908,1099,0,0,0,0,3
4,22910,1100,0,0,0,0,3
4,22914,1101,0,0,0,0,3
4,22915,1102,0,0,0,0,1
4,22916,1103,0,0,0,0,2
4,22917,1104,0,0,0,0,3
4,22918,1105,0,0,0,0,3
4,22919,1106,0,0,0,0,3
4,22920,1107,0,0,0,0,3
4,22921,1108,0,0,0,0,3
4,22922,1109,0,0,0,0,3
4,22927,1110,0,0,0,0,3
4,22928,1111,0,0,0,0,3
4,22929,1112,0,0,0,0,3
4,22930,1113,0,0,0,0,3
4,22931,1114,0,0,0,0,3
4,22932,1115,0,0,0,0,3
4,22933,1116,0,0,0,0,3
4,22934,1117,0,0,0,0,3
4,22935,1118,0,0,0,0,3
4,22936,1119,0,0,0,0,3
4,22940,1120,0,0,0,0,3
4,22941,1121,0,0,0,0,1
4,22942,1122,0,0,0,0,2
4,22943,1123,0,0,0,0,3
4,22945,1124,0,0,0,0,3
4,22946,1125,0,0,0,0,3
4,22947,1126,0,0,0,0,3
4,22948,1127,0,0,0,0,3
4,22949,1128,0,0,0,0,3
4,22953,1129,0,0,0,0,3
4,22954,1130,0,0,0,0,3
4,22955,1131,0,0,0,0,3
4,22956,1132,0,0,0,0,3
4,22957,1133,0,0,0,0,3
4,22959,1134,0,0,0,0,3
4,22960,1135,0,0,0,0,3
4,22961,1136,0,0,0,0,3
4,22962,1137,0,0,0,0,3
4,22966,1138,0,0,0,0,3
4,22967,1139,0,0,0,0,3
4,22968,1140,0,0,0,0,1
4,22969,1141,0,0,0,0,2
4,22970,1142,0,0,0,0,3
4,22971,1143,0,0,0,0,3
4,22973,1144,0,0,0,0,3
4,22974,1145,0,0,0,0,3
4,22975,1146,0,0,0,0,3
4,22979,1147,0,0,0,0,3
4,22980,1148,0,0,0,0,3
4,22981,1149,0,0,0,0,3
4,22982,1150,0,0,0,0,3
4,22983,1151,0,0,0,0,3
4,22984,1152,0,0,0,0,3
4,22985,1153,0,0,0,0,3
4,22987,1154,0,0,0,0,3
4,22988,1155,0,0,0,0,3
4,22992,1156,0,0,0,0,3
4,22993,1157,0,0,0,0,3
4,22994,1158,0,0,0,0,3
4,22995,1159,0,0,0,0,1
4,22996,1160,0,0,0,0,2
4,22997,1161,0,0,0,0,3
4,22998,1162,0,0,0,0,3
4,22999,1163,0,0,0,0,3
4,23001,1164,0,0,0,0,3
4,23005,1165,0,0,0,0,3
4,23006,1166,0,0,0,0,3
4,23007,1167,0,0,0,0,3
4,23008,1168,0,0,0,0,3
4,23009,1169,0,0,0,0,3
4,23010,1170,0,0,0,0,3
4,23011,1171,0,0,0,0,3
4,23012,1172,0,0,0,0,3
4,23013,1173,0,0,0,0,3
4,23018,1174,0,0,0,0,3
4,23019,1175,0,0,0,0,3
4,23020,1176,0,0,0,0,3
4,23021,1177,0,0,0,0,3
4,23022,1178,0,0,0,0,1
4,23023,1179,0,0,0,0,2
4,23024,1180,0,0,0,0,3
4,23025,1181,0,0,0,0,3
4,23026,1182,0,0,0,0,3
4,23027,1183,0,0,0,0,3
4,23031,1184,0,0,0,0,3
4,23032,1185,0,0,0,0,3
4,23033,1186,0,0,0,0,3
4,23034,1187,0,0,0,0,3
4,23036,1188,0,0,0,0,3
4,23037,1189,0,0,0,0,3
4,23038,1190,0,0,0,0,3
4,23039,1191,0,0,0,0,3
4,23040,1192,0,0,0,0,3
4,23044,1193,0,0,0,0,3
4,23045,1194,0,0,0,0,3
4,23046,1195,0,0,0,0,3
4,23047,1196,0,0,0,0,3
4,23048,1197,0,0,0,0,1
4,23050,1198,0,0,0,0,2
4,23051,1199,0,0,0,0,3
4,23052,1200,0,0,0,0,3
4,23053,1201,0,0,0,0,3
4,23057,1202,0,0,0,0,3
4,23058,1203,0,0,0,0,3
4,23059,1204,0,0,0,0,3
4,23060,1205,0,0,0,0,3
4,23061,1206,0,0,0,0,3
4,23062,1207,0,0,0,0,3
4,23064,1208,0,0,0,0,3
4,23065,1209,0,0,0,0,3
4,23066,1210,0,0,0,0,3
4,23070,1211,0,0,0,0,3
4,23071,1212,0,0,0,0,3
4,23072,1213,0,0,0,0,3
4,23073,1214,0,0,0,0,3
4,23074,1215,0,0,0,0,3
4,23075,1216,0,0,0,0,1
4,23076,1217,0,0,0,0,2
4,23078,1218,0,0,0,0,3
4,23079,1219,0,0,0,0,3
4,23083,1220,0,0,0,0,3
4,23084,1221,0,0,0,0,3
4,23085,1222,0,0,0,0,3
4,23086,1223,0,0,0,0,3
4,23087,1224,0,0,0,0,3
4,23088,1225,0,0,0,0,3
4,23089,1226,0,0,0,0,3
4,23090,1227,0,0,0,0,3
4,23092,1228,0,0,0,0,3
4,23096,1229,0,0,0,0,3
4,23097,1230,0,0,0,0,3
4,23098,1231,0,0,0,0,3
4,23099,1232,0,0,0,0,3
4,23100,1233,0,0,0,0,3
4,23101,1234,0,0,0,0,3
4,23102,1235,0,0,0,0,1
4,23103,1236,0,0,0,0,2
4,23104,1237,0,0,0,0,3
4,23109,1238,0,0,0,0,3
4,23110,1239,0,0,0,0,3
4,23111,1240,0,0,0,0,3
4,23112,1241,0,0,0,0,3
4,23113,1242,0,0,0,0,3
4,23114,1243,0,0,0,0,3
4,23115,1244,0,0,0,0,3
4,23116,1245,0,0,0,0,3
4,23117,1246,0,0,0,0,3
4,23118,1247,0,0,0,0,3
4,23122,1248,0,0,0,0,3
4,23123,1249,0,0,0,0,3
4,23124,1250,0,0,0,0,3
4,23125,1251,0,0,0,0,3
4,23127,1252,0,0,0,0,3
4,23128,1253,0,0,0,0,3
4,23129,1254,0,0,0,0,1
4,23130,1255,0,0,0,0,2
4,23131,1256,0,0,0,0,3
4,23135,1257,0,0,0,0,3
4,23136,1258,0,0,0,0,3
4,23137,1259,0,0,0,0,3
4,23138,1260,0,0,0,0,3
4,23139,1261,0,0,0,0,3
4,23141,1262,0,0,0,0,3
4,23142,1263,0,0,0,0,3
4,23143,1264,0,0,0,0,3
4,23144,1265,0,0,0,0,3
4,23148,1266,0,0,0,0,3
4,23149,1267,0,0,0,0,3
4,23150,1268,0,0,0,0,3
4,23151,1269,0,0,0,0,3
4,23152,1270,0,0,0,0,3
4,23153,1271,0,0,0,0,3
4,23155,1272,0,0,0,0,3
4,23156,1273,0,0,0,0,1
4,23157,1274,0,0,0,0,2
4,23161,1275,0,0,0,0,3
4,23162,1276,0,0,0,0,3
4,23163,1277,0,0,0,0,3
4,23164,1278,0,0,0,0,3
4,23165,1279,0,0,0,0,3
4,23166,1280,0,0,0,0,3
4,23167,1281,0,0,0,0,3
4,23169,1282,0,0,0,0,3
4,23170,1283,0,0,0,0,3
4,23174,1284,0,0,0,0,3
4,23175,1285,0,0,0,0,3
4,23176,1286,0,0,0,0,3
4,23177,1287,0,0,0,0,3
4,23178,1288,0,0,0,0,3
4,23179,1289,0,0,0,0,3
4,23180,1290,0,0,0,0,3
4,23181,1291,0,0,0,0,3
4,23183,1292,0,0,0,0,1
4,23187,1293,0,0,0,0,2
4,23188,1294,0,0,0,0,3
4,23189,1295,0,0,0,0,3
4,23190,1296,0,0,0,0,3
4,23191,1297,0,0,0,0,3
4,23192,1298,0,0,0,0,3
4,23193,1299,0,0,0,0,3
4,23194,1300,0,0,0,0,3
4,23195,1301,0,0,0,0,3
4,23200,1302,0,0,0,0,3
4,23201,1303,0,0,0,0,3
4,23202,1304,0,0,0,0,3
4,23203,1305,0,0,0,0,3
4,23204,1306,0,0,0,0,3
4,23205,1307,0,0,0,0,3
4,23206,1308,0,0,0,0,3
4,23207,1309,0,0,0,0,3
4,23208,1310,0,0,0,0,3
4,23209,1311,0,0,0,0,1
4,23213,1312,0,0,0,0,2
4,23214,1313,0,0,0,0,3
4,23215,1314,0,0,0,0,3
4,23216,1315,0,0,0,0,3
4,23218,1316,0,0,0,0,3
4,23219,1317,0,0,0,0,3
4,23220,1318,0,0,0,0,3
4,23221,1319,0,0,0,0,3
4,23222,1320,0,0,0,0,3
4,23226,1321,0,0,0,0,3
4,23227,1322,0,0,0,0,3
4,23228,1323,0,0,0,0,3
4,23229,1324,0,0,0,0,3
4,23230,1325,0,0,0,0,3
4,23232,1326,0,0,0,0,3
4,23233,1327,0,0,0,0,3
4,23234,1328,0,0,0,0,3
4,23235,1329,0,0,0,0,3
4,23239,1330,0,0,0,0,1
4,23240,1331,0,0,0,0,2
4,23241,1332,0,0,0,0,3
4,23242,1333,0,0,0,0,3
4,23243,1334,0,0,0,0,3
4,23244,1335,0,0,0,0,3
4,23246,1336,0,0,0,0,3
4,23247,1337,0,0,0,0,3
4,23248,1338,0,0,0,0,3
4,23252,1339,0,0,0,0,3
4,23253,1340,0,0,0,0,3
4,23254,1341,0,0,0,0,3
4,23255,1342,0,0,0,0,3
4,23256,1343,0,0,0,0,3
4,23257,1344,0,0,0,0,3
4,23258,1345,0,0,0,0,3
4,23260,1346,0,0,0,0,3
4,23261,1347,0,0,0,0,3
4,23265,1348,0,0,0,0,3
4,23266,1349,0,0,0,0,1
4,23267,1350,0,0,0,0,2
4,23268,1351,0,0,0,0,3
4,23269,1352,0,0,0,0,3
4,23270,1353,0,0,0,0,3
4,23271,1354,0,0,0,0,3
4,23272,1355,0,0,0,0,3
4,23274,1356,0,0,0,0,3
4,23278,1357,0,0,0,0,3
4,23279,1358,0,0,0,0,3
4,23280,1359,0,0,0,0,3
4,23281,1360,0,0,0,0,3
4,23282,1361,0,0,0,0,3
4,23283,1362,0,0,0,0,3
4,23284,1363,0,0,0,0,3
4,23285,1364,0,0,0,0,3
4,23286,1365,0,0,0,0,3
4,23291,1366,0,0,0,0,3
4,23292,1367,0,0,0,0,3
4,23293,1368,0,0,0,0,1
4,23294,1369,0,0,0,0,2
4,23295,1370,0,0,0,0,3
4,23296,1371,0,0,0,0,3
4,23297,1372,0,0,0,0,3
4,23298,1373,0,0,0,0,3
4,23299,1374,0,0,0,0,3
4,23300,1375,0,0,0,0,3
4,23304,1376,0,0,0,0,3
4,23305,1377,0,0,0,0,3
4,23306,1378,0,0,0,0,3
4,23307,1379,0,0,0,0,3
4,23309,1380,0,0,0,0,3
4,23310,1381,0,0,0,0,3
4,23311,1382,0,0,0,0,3
4,23312,1383,0,0,0,0,3
4,23313,1384,0,0,0,0,3
4,23317,1385,0,0,0,0,3
4,23318,1386,0,0,0,0,3
4,23319,1387,0,0,0,0,1
4,23320,1388,0,0,0,0,2
4,23321,1389,0,0,0,0,3
4,23323,1390,0,0,0,0,3
4,23324,1391,0,0,0,0,3
4,23325,1392,0,0,0,0,3
4,23326,1393,0,0,0,0,3
4,23330,1394,0,0,0,0,3
4,23331,1395,0,0,0,0,3
4,23332,1396,0,0,0,0,3
4,23333,1397,0,0,0,0,3
4,23334,1398,0,0,0,0,3
4,23335,1399,0,0,0,0,3
4,23337,1400,0,0,0,0,3
4,23338,1401,0,0,0,0,3
4,23339,1402,0,0,0,0,3
4,23343,1403,0,0,0,0,3
4,23344,1404,0,0,0,0,3
4,23345,1405,0,0,0,0,3
4,23346,1406,0,0,0,0,1
4,23347,1407,0,0,0,0,2
4,23348,1408,0,0,0,0,3
4,23349,1409,0,0,0,0,3
4,23351,1410,0,0,0,0,3
4,23352,1411,0,0,0,0,3
4,23356,1412,0,0,0,0,3
4,23357,1413,0,0,0,0,3
4,23358,1414,0,0,0,0,3
4,23359,1415,0,0,0,0,3
4,23360,1416,0,0,0,0,3
4,23361,1417,0,0,0,0,3
4,23362,1418,0,0,0,0,3
4,23363,1419,0,0,0,0,3
4,23365,1420,0,0,0,0,3
4,23369,1421,0,0,0,0,3
4,23370,1422,0,0,0,0,3
4,23371,1423,0,0,0,0,3
4,23372,1424,0,0,0,0,3
4,23373,1425,0,0,0,0,1
4,23374,1426,0,0,0,0,2
4,23375,1427,0,0,0,0,3
4,23376,1428,0,0,0,0,3
4,23377,1429,0,0,0,0,3
4,23382,1430,0,0,0,0,3
4,23383,1431,0,0,0,0,3
4,23384,1432,0,0,0,0,3
4,23385,1433,0,0,0,0,3
4,23386,1434,0,0,0,0,3
4,23387,1435,0,0,0,0,3
4,23388,1436,0,0,0,0,3
4,23389,1437,0,0,0,0,3
4,23390,1438,0,0,0,0,3
4,23391,1439,0,0,0,0,3
4,23395,1440,0,0,0,0,3
4,23396,1441,0,0,0,0,3
4,23397,1442,0,0,0,0,3
4,23398,1443,0,0,0,0,3
4,23400,1444,0,0,0,0,1
4,23401,1445,0,0,0,0,2
4,23402,1446,0,0,0,0,3
4,23403,1447,0,0,0,0,3
4,23404,1448,0,0,0,0,3
4,23408,1449,0,0,0,0,3
4,23409,1450,0,0,0,0,3
4,23410,1451,0,0,0,0,3
4,23411,1452,0,0,0,0,3
4,23412,1453,0,0,0,0,3
4,23414,1454,0,0,0,0,3
4,23415,1455,0,0,0,0,3
4,23416,1456,0,0,0,0,3
4,23417,1457,0,0,0,0,3
4,23421,1458,0,0,0,0,3
4,23422,1459,0,0,0,0,3
4,23423,1460,0,0,0,0,3
4,23424,1461,0,0,0,0,3
4,23425,1462,0,0,0,0,3
4,23426,1463,0,0,0,0,1
4,23428,1464,0,0,0,0,2
4,23429,1465,0,0,0,0,3
4,23430,1466,0,0,0,0,3
4,23434,1467,0,0,0,0,3
4,23435,1468,0,0,0,0,3
4,23436,1469,0,0,0,0,3
4,23437,1470,0,0,0,0,3
4,23438,1471,0,0,0,0,3
4,23439,1472,0,0,0,0,3
4,23440,1473,0,0,0,0,3
4,23442,1474,0,0,0,0,3
4,23443,1475,0,0,0,0,3
4,23447,1476,0,0,0,0,3
4,23448,1477,0,0,0,0,3
4,23449,1478,0,0,0,0,3
4,23450,1479,0,0,0,0,3
4,23451,1480,0,0,0,0,3
4,23452,1481,0,0,0,0,3
4,23453,1482,0,0,0,0,1
4,23454,1483,0,0,0,0,2
4,23456,1484,0,0,0,0,3
4,23460,1485,0,0,0,0,3
4,23461,1486,0,0,0,0,3
4,23462,1487,0,0,0,0,3
4,23463,1488,0,0,0,0,3
4,23464,1489,0,0,0,0,3
4,23465,1490,0,0,0,0,3
4,23466,1491,0,0,0,0,3
4,23467,1492,0,0,0,0,3
4,23468,1493,0,0,0,0,3
4,23473,1494,0,0,0,0,3
4,23474,1495,0,0,0,0,3
4,23475,1496,0,0,0,0,3
4,23476,1497,0,0,0,0,3
4,23477,1498,0,0,0,0,3
4,23478,1499,0,0,0,0,3
4,23479,1500,0,0,0,0,3
4,23480,1501,0,0,0,0,1
4,23481,1502,0,0,0,0,2
4,23482,1503,0,0,0,0,3
4,23486,1504,0,0,0,0,3
4,23487,1505,0,0,0,0,3
4,23488,1506,0,0,0,0,3
4,23489,1507,0,0,0,0,3
4,23491,1508,0,0,0,0,3
4,23492,1509,0,0,0,0,3
4,23493,1510,0,0,0,0,3
4,23494,1511,0,0,0,0,3
4,23495,1512,0,0,0,0,3
4,23499,1513,0,0,0,0,3
4,23500,1514,0,0,0,0,3
4,23501,1515,0,0,0,0,3
4,23502,1516,0,0,0,0,3
4,23503,1517,0,0,0,0,3
4,23505,1518,0,0,0,0,3
4,23506,1519,0,0,0,0,3
4,23507,1520,0,0,0,0,1
4,23508,1521,0,0,0,0,2
4,23512,1522,0,0,0,0,3
4,23513,1523,0,0,0,0,3
4,23514,1524,0,0,0,0,3
4,23515,1525,0,0,0,0,3
4,23516,1526,0,0,0,0,3
4,23517,1527,0,0,0,0,3
4,23519,1528,0,0,0,0,3
4,23520,1529,0,0,0,0,3
4,23521,1530,0,0,0,0,3
4,23525,1531,0,0,0,0,3
4,23526,1532,0,0,0,0,3
4,23527,1533,0,0,0,0,3
4,23528,1534,0,0,0,0,3
4,23529,1535,0,0,0,0,3
4,23530,1536,0,0,0,0,3
4,23531,1537,0,0,0,0,3
4,23533,1538,0,0,0,0,3
4,23534,1539,0,0,0,0,1
4,23538,1540,0,0,0,0,2
4,23539,1541,0,0,0,0,3
4,23540,1542,0,0,0,0,3
4,23541,1543,0,0,0,0,3
4,23542,1544,0,0,0,0,3
4,23543,1545,0,0,0,0,3
4,23544,1546,0,0,0,0,3
4,23545,1547,0,0,0,0,3
4,23547,1548,0,0,0,0,3
4,23551,1549,0,0,0,0,3
4,23552,1550,0,0,0,0,3
4,23553,1551,0,0,0,0,3
4,23554,1552,0,0,0,0,3
4,23555,1553,0,0,0,0,3
4,23556,1554,0,0,0,0,3
4,23557,1555,0,0,0,0,3
4,23558,1556,0,0,0,0,3
4,23559,1557,0,0,0,0,3
4,23564,1558,0,0,0,0,1
4,23565,1559,0,0,0,0,2
4,23566,1560,0,0,0,0,3
4,23567,1561,0,0,0,0,3
4,23568,1562,0,0,0,0,3
4,23569,1563,0,0,0,0,3
4,23570,1564,0,0,0,0,3
4,23571,1565,0,0,0,0,3
4,23572,1566,0,0,0,0,3
4,23573,1567,0,0,0,0,3
4,23577,1568,0,0,0,0,3
4,23578,1569,0,0,0,0,3
4,23579,1570,0,0,0,0,3
4,23580,1571,0,0,0,0,3
4,23582,1572,0,0,0,0,3
4,23583,1573,0,0,0,0,3
4,23584,1574,0,0,0,0,3
4,23585,1575,0,0,0,0,3
4,23586,1576,0,0,0,0,3
4,23590,1577,0,0,0,0,1
4,23591,1578,0,0,0,0,2
4,23592,1579,0,0,0,0,3
4,23593,1580,0,0,0,0,3
4,23594,1581,0,0,0,0,3
4,23596,1582,0,0,0,0,3
4,23597,1583,0,0,0,0,3
4,23598,1584,0,0,0,0,3
4,23599,1585,0,0,0,0,3
4,23603,1586,0,0,0,0,3
4,23604,1587,0,0,0,0,3
4,23605,1588,0,0,0,0,3
4,23606,1589,0,0,0,0,3
4,23607,1590,0,0,0,0,3
4,23608,1591,0,0,0,0,3
4,23610,1592,0,0,0,0,3
4,23611,1593,0,0,0,0,3
4,23612,1594,0,0,0,0,3
4,23616,1595,0,0,0,0,3
4,23617,1596,0,0,0,0,1
4,23618,1597,0,0,0,0,2
4,23619,1598,0,0,0,0,3
4,23620,1599,0,0,0,0,3
4,23621,1600,0,0,0,0,3
4,23622,1601,0,0,0,0,3
4,23624,1602,0,0,0,0,3
4,23625,1603,0,0,0,0,3
4,23629,1604,0,0,0,0,3
4,23630,1605,0,0,0,0,3
4,23631,1606,0,0,0,0,3
4,23632,1607,0,0,0,0,3
4,23633,1608,0,0,0,0,3
4,23634,1609,0,0,0,0,3
4,23635,1610,0,0,0,0,3
4,23636,1611,0,0,0,0,3
4,23638,1612,0,0,0,0,3
4,23642,1613,0,0,0,0,3
4,23643,1614,0,0,0,0,3
4,23644,1615,0,0,0,0,1
4,23645,1616,0,0,0,0,2
4,23646,1617,0,0,0,0,3
4,23647,1618,0,0,0,0,3
4,23648,1619,0,0,0,0,3
4,23649,1620,0,0,0,0,3
4,23650,1621,0,0,0,0,3
4,23655,1622,0,0,0,0,3
4,23656,1623,0,0,0,0,3
4,23657,1624,0,0,0,0,3
4,23658,1625,0,0,0,0,3
4,23659,1626,0,0,0,0,3
4,23660,1627,0,0,0,0,3
4,23661,1628,0,0,0,0,3
4,23662,1629,0,0,0,0,3
4,23663,1630,0,0,0,0,3
4,23664,1631,0,0,0,0,3
4,23668,1632,0,0,0,0,3
4,23669,1633,0,0,0,0,3
4,23670,1634,0,0,0,0,1
4,23671,1635,0,0,0,0,2
4,23673,1636,0,0,0,0,3
4,23674,1637,0,0,0,0,3
4,23675,1638,0,0,0,0,3
4,23676,1639,0,0,0,0,3
4,23677,1640,0,0,0,0,3
4,23681,1641,0,0,0,0,3
4,23682,1642,0,0,0,0,3
4,23683,1643,0,0,0,0,3
4,23684,1644,0,0,0,0,3
4,23685,1645,0,0,0,0,3
4,23687,1646,0,0,0,0,3
4,23688,1647,0,0,0,0,3
4,23689,1648,0,0,0,0,3
4,23690,1649,0,0,0,0,3
4,23694,1650,0,0,0,0,3
4,23695,1651,0,0,0,0,3
4,23696,1652,0,0,0,0,3
4,23697,1653,0,0,0,0,1
4,23698,1654,0,0,0,0,2
4,23699,1655,0,0,0,0,3
4,23701,1656,0,0,0,0,3
4,23702,1657,0,0,0,0,3
4,23703,1658,0,0,0,0,3
4,23707,1659,0,0,0,0,3
4,23708,1660,0,0,0,0,3
4,23709,1661,0,0,0,0,3
4,23710,1662,0,0,0,0,3
4,23711,1663,0,0,0,0,3
4,23712,1664,0,0,0,0,3
4,23713,1665,0,0,0,0,3
4,23715,1666,0,0,0,0,3
4,23716,1667,0,0,0,0,3
4,23720,1668,0,0,0,0,3
4,23721,1669,0,0,0,0,3
4,23722,1670,0,0,0,0,3
4,23723,1671,0,0,0,0,3
4,23724,1672,0,0,0,0,1
4,23725,1673,0,0,0,0,2
4,23726,1674,0,0,0,0,3
4,23727,1675,0,0,0,0,3
4,23729,1676,0,0,0,0,3
4,23733,1677,0,0,0,0,3
4,23734,1678,0,0,0,0,3
4,23735,1679,0,0,0,0,3
4,23736,1680,0,0,0,0,3
4,23737,1681,0,0,0,0,3
4,23738,1682,0,0,0,0,3
4,23739,1683,0,0,0,0,3
4,23740,1684,0,0,0,0,3
4,23741,1685,0,0,0,0,3
4,23746,1686,0,0,0,0,3
4,23747,1687,0,0,0,0,3
4,23748,1688,0,0,0,0,3
4,23749,1689,0,0,0,0,3
4,23750,1690,0,0,0,0,3
4,23751,1691,0,0,0,0,1
4,23752,1692,0,0,0,0,2
4,23753,1693,0,0,0,0,3
4,23754,1694,0,0,0,0,3
4,23755,1695,0,0,0,0,3
4,23759,1696,0,0,0,0,3
4,23760,1697,0,0,0,0,3
4,23761,1698,0,0,0,0,3
4,23762,1699,0,0,0,0,3
4,23764,1700,0,0,0,0,3
4,23765,1701,0,0,0,0,3
4,23766,1702,0,0,0,0,3
4,23767,1703,0,0,0,0,3
4,23768,1704,0,0,0,0,3
4,23772,1705,0,0,0,0,3
4,23773,1706,0,0,0,0,3
4,23774,1707,0,0,0,0,3
4,23775,1708,0,0,0,0,3
4,23776,1709,0,0,0,0,3
4,23778,1710,0,0,0,0,1
4,23779,1711,0,0,0,0,2
4,23780,1712,0,0,0,0,3
4,23781,1713,0,0,0,0,3
4,23785,1714,0,0,0,0,3
4,23786,1715,0,0,0,0,3
4,23787,1716,0,0,0,0,3
4,23788,1717,0,0,0,0,3
4,23789,1718,0,0,0,0,3
4,23790,1719,0,0,0,0,3
4,23792,1720,0,0,0,0,3
4,23793,1721,0,0,0,0,3
4,23794,1722,0,0,0,0,3
4,23798,1723,0,0,0,0,3
4,23799,1724,0,0,0,0,3
4,23800,1725,0,0,0,0,3
4,23801,1726,0,0,0,0,3
4,23802,1727,0,0,0,0,3
4,23803,1728,0,0,0,0,3
4,23804,1729,0,0,0,0,1
4,23806,1730,0,0,0,0,2
4,23807,1731,0,0,0,0,3
4,23811,1732,0,0,0,0,3
4,23812,1733,0,0,0,0,3
4,23813,1734,0,0,0,0,3
4,23814,1735,0,0,0,0,3
4,23815,1736,0,0,0,0,3
4,23816,1737,0,0,0,0,3
4,23817,1738,0,0,0,0,3
4,23818,1739,0,0,0,0,3
4,23820,1740,0,0,0,0,3
4,23824,1741,0,0,0,0,3
4,23825,1742,0,0,0,0,3
4,23826,1743,0,0,0,0,3
4,23827,1744,0,0,0,0,3
4,23828,1745,0,0,0,0,3
4,23829,1746,0,0,0,0,3
4,23830,1747,0,0,0,0,3
4,23831,1748,0,0,0,0,1
4,23832,1749,0,0,0,0,2
4,23837,1750,0,0,0,0,3
4,23838,1751,0,0,0,0,3
4,23839,1752,0,0,0,0,3
4,23840,1753,0,0,0,0,3
4,23841,1754,0,0,0,0,3
4,23842,1755,0,0,0,0,3
4,23843,1756,0,0,0,0,3
4,23844,1757,0,0,0,0,3
4,23845,1758,0,0,0,0,3
4,23846,1759,0,0,0,0,3
4,23850,1760,0,0,0,0,3
4,23851,1761,0,0,0,0,3
4,23852,1762,0,0,0,0,3
4,23853,1763,0,0,0,0,3
4,23855,1764,0,0,0,0,3
4,23856,1765,0,0,0,0,3
4,23857,1766,0,0,0,0,3
4,23858,1767,0,0,0,0,1
4,23859,1768,0,0,0,0,2
4,23863,1769,0,0,0,0,3
4,23864,1770,0,0,0,0,3
4,23865,1771,0,0,0,0,3
4,23866,1772,0,0,0,0,3
4,23867,1773,0,0,0,0,3
4,23869,1774,0,0,0,0,3
4,23870,1775,0,0,0,0,3
4,23871,1776,0,0,0,0,3
4,23872,1777,0,0,0,0,3
4,23876,1778,0,0,0,0,3
4,23877,1779,0,0,0,0,3
4,23878,1780,0,0,0,0,3
4,23879,1781,0,0,0,0,3
4,23880,1782,0,0,0,0,3
4,23881,1783,0,0,0,0,3
4,23883,1784,0,0,0,0,3
4,23884,1785,0,0,0,0,3
4,23885,1786,0,0,0,0,1
4,23889,1787,0,0,0,0,2
4,23890,1788,0,0,0,0,3
4,23891,1789,0,0,0,0,3
4,23892,1790,0,0,0,0,3
4,23893,1791,0,0,0,0,3
4,23894,1792,0,0,0,0,3
4,23895,1793,0,0,0,0,3
4,23897,1794,0,0,0,0,3
4,23898,1795,0,0,0,0,3
4,23902,1796,0,0,0,0,3
4,23903,1797,0,0,0,0,3
4,23904,1798,0,0,0,0,3
4,23905,1799,0,0,0,0,3
4,23906,1800,0,0,0,0,3
4,23907,1801,0,0,0,0,3
4,23908,1802,0,0,0,0,3
4,23909,1803,0,0,0,0,3
4,23911,1804,0,0,0,0,3
4,23915,1805,0,0,0,0,1
4,23916,1806,0,0,0,0,2
4,23917,1807,0,0,0,0,3
4,23918,1808,0,0,0,0,3
4,23919,1809,0,0,0,0,3
4,23920,1810,0,0,0,0,3
4,23921,1811,0,0,0,0,3
4,23922,1812,0,0,0,0,3
4,23923,1813,0,0,0,0,3
4,23928,1814,0,0,0,0,3
4,23929,1815,0,0,0,0,3
4,23930,1816,0,0,0,0,3
4,23931,1817,0,0,0,0,3
4,23932,1818,0,0,0,0,3
4,23933,1819,0,0,0,0,3
4,23934,1820,0,0,0,0,3
4,23935,1821,0,0,0,0,3
4,23936,1822,0,0,0,0,3
4,23937,1823,0,0,0,0,3
4,23941,1824,0,0,0,0,1
4,23942,1825,0,0,0,0,2
4,23943,1826,0,0,0,0,3
4,23944,1827,0,0,0,0,3
4,23946,1828,0,0,0,0,3
4,23947,1829,0,0,0,0,3
4,23948,1830,0,0,0,0,3
4,23949,1831,0,0,0,0,3
4,23950,1832,0,0,0,0,3
4,23954,1833,0,0,0,0,3
4,23955,1834,0,0,0,0,3
4,23956,1835,0,0,0,0,3
4,23957,1836,0,0,0,0,3
4,23958,1837,0,0,0,0,3
4,23960,1838,0,0,0,0,3
4,23961,1839,0,0,0,0,3
4,23962,1840,0,0,0,0,3
4,23963,1841,0,0,0,0,3
4,23967,1842,0,0,0,0,3
4,23968,1843,0,0,0,0,1
4,23969,1844,0,0,0,0,2
4,23970,1845,0,0,0,0,3
4,23971,1846,0,0,0,0,3
4,23972,1847,0,0,0,0,3
4,23974,1848,0,0,0,0,3
4,23975,1849,0,0,0,0,3
4,23976,1850,0,0,0,0,3
4,23980,1851,0,0,0,0,3
4,23981,1852,0,0,0,0,3
4,23982,1853,0,0,0,0,3
4,23983,1854,0,0,0,0,3
4,23984,1855,0,0,0,0,3
4,23985,1856,0,0,0,0,3
4,23986,1857,0,0,0,0,3
4,23988,1858,0,0,0,0,3
4,23989,1859,0,0,0,0,3
4,23993,1860,0,0,0,0,3
4,23994,1861,0,0,0,0,3
4,23995,1862,0,0,0,0,1
4,23996,1863,0,0,0,0,2
4,23997,1864,0,0,0,0,3
4,23998,1865,0,0,0,0,3
4,23999,1866,0,0,0,0,3
4,24000,1867,0,0,0,0,3
4,24002,1868,0,0,0,0,3
4,24006,1869,0,0,0,0,3
4,24007,1870,0,0,0,0,3
4,24008,1871,0,0,0,0,3
4,24009,1872,0,0,0,0,3
4,24010,1873,0,0,0,0,3
4,24011,1874,0,0,0,0,3
4,24012,1875,0,0,0,0,3
4,24013,1876,0,0,0,0,3
4,24014,1877,0,0,0,0,3
4,24019,1878,0,0,0,0,3
4,24020,1879,0,0,0,0,3
4,24021,1880,0,0,0,0,3
4,24022,1881,0,0,0,0,1
4,24023,1882,0,0,0,0,2
4,24024,1883,0,0,0,0,3
4,24025,1884,0,0,0,0,3
4,24026,1885,0,0,0,0,3
4,24027,1886,0,0,0,0,3
4,24028,1887,0,0,0,0,3
4,24032,1888,0,0,0,0,3
4,24033,1889,0,0,0,0,3
4,24034,1890,0,0,0,0,3
4,24035,1891,0,0,0,0,3
4,24037,1892,0,0,0,0,3
4,24038,1893,0,0,0,0,3
4,24039,1894,0,0,0,0,3
4,24040,1895,0,0,0,0,3
4,24041,1896,0,0,0,0,3
4,24045,1897,0,0,0,0,3
4,24046,1898,0,0,0,0,3
4,24047,1899,0,0,0,0,3
4,24048,1900,0,0,0,0,1
4,24049,1901,0,0,0,0,2
4,24051,1902,0,0,0,0,3
4,24052,1903,0,0,0,0,3
4,24053,1904,0,0,0,0,3
4,24054,1905,0,0,0,0,3
4,24058,1906,0,0,0,0,3
4,24059,1907,0,0,0,0,3
4,24060,1908,0,0,0,0,3
4,24061,1909,0,0,0,0,3
4,24062,1910,0,0,0,0,3
4,24063,1911,0,0,0,0,3
4,24065,1912,0,0,0,0,3
4,24066,1913,0,0,0,0,3
4,24067,1914,0,0,0,0,3
4,24071,1915,0,0,0,0,3
4,24072,1916,0,0,0,0,3
4,24073,1917,0,0,0,0,3
4,24074,1918,0,0,0,0,3
4,24075,1919,0,0,0,0,1
4,24076,1920,0,0,0,0,2
4,24077,1921,0,0,0,0,3
4,24079,1922,0,0,0,0,3
4,24080,1923,0,0,0,0,3
4,24084,1924,0,0,0,0,3
4,24085,1925,0,0,0,0,3
4,24086,1926,0,0,0,0,3
4,24087,1927,0,0,0,0,3
4,24088,1928,0,0,0,0,3
4,24089,1929,0,0,0,0,3
4,24090,1930,0,0,0,0,3
4,24091,1931,0,0,0,0,3
4,24093,1932,0,0,0,0,3
4,24097,1933,0,0,0,0,3
4,24098,1934,0,0,0,0,3
4,24099,1935,0,0,0,0,3
4,24100,1936,0,0,0,0,3
4,24101,1937,0,0,0,0,3
4,24102,1938,0,0,0,0,1
4,24103,1939,0,0,0,0,2
4,24104,1940,0,0,0,0,3
4,24105,1941,0,0,0,0,3
4,24110,1942,0,0,0,0,3
4,24111,1943,0,0,0,0,3
4,24112,1944,0,0,0,0,3
4,24113,1945,0,0,0,0,3
4,24114,1946,0,0,0,0,3
4,24115,1947,0,0,0,0,3
4,24116,1948,0,0,0,0,3
4,24117,1949,0,0,0,0,3
4,24118,1950,0,0,0,0,3
4,24119,1951,0,0,0,0,3
4,24123,1952,0,0,0,0,3
4,24124,1953,0,0,0,0,3
4,24125,1954,0,0,0,0,3
4,24126,1955,0,0,0,0,3
4,24128,1956,0,0,0,0,3
4,24129,1957,0,0,0,0,1
4,24130,1958,0,0,0,0,2
4,24131,1959,0,0,0,0,3
4,24132,1960,0,0,0,0,3
4,24136,1961,0,0,0,0,3
4,24137,1962,0,0,0,0,3
4,24138,1963,0,0,0,0,3
4,24139,1964,0,0,0,0,3
4,24140,1965,0,0,0,0,3
4,24142,1966,0,0,0,0,3
4,24143,1967,0,0,0,0,3
4,24144,1968,0,0,0,0,3
4,24145,1969,0,0,0,0,3
4,24149,1970,0,0,0,0,3
4,24150,1971,0,0,0,0,3
4,24151,1972,0,0,0,0,3
4,24152,1973,0,0,0,0,3
4,24153,1974,0,0,0,0,3
4,24154,1975,0,0,0,0,3
4,24156,1976,0,0,0,0,1
4,24157,1977,0,0,0,0,2
4,24158,1978,0,0,0,0,3
4,24162,1979,0,0,0,0,3
4,24163,1980,0,0,0,0,3
4,24164,1981,0,0,0,0,3
4,24165,1982,0,0,0,0,3
4,24166,1983,0,0,0,0,3
4,24167,1984,0,0,0,0,3
4,24168,1985,0,0,0,0,3
4,24169,1986,0,0,0,0,3
4,24170,1987,0,0,0,0,3
4,24171,1988,0,0,0,0,3
4,24175,1989,0,0,0,0,3
4,24176,1990,0,0,0,0,3
4,24177,1991,0,0,0,0,3
4,24178,1992,0,0,0,0,3
4,24179,1993,0,0,0,0,3
4,24180,1994,0,0,0,0,3
4,24181,1995,0,0,0,0,1
4,24182,1996,0,0,0,0,2
4,24183,1997,0,0,0,0,3
4,24184,1998,0,0,0,0,3
4,24188,1999,0,0,0,0,3
4,24189,2000,0,0,0,0,3
4,24190,2001,0,0,0,0,3
4,24191,2002,0,0,0,0,3
4,24192,2003,0,0,0,0,3
4,24193,2004,0,0,0,0,3
4,24194,2005,0,0,0,0,3
4,24195,2006,0,0,0,0,3
4,24196,2007,0,0,0,0,3
4,24197,2008,0,0,0,0,3
4,24201,2009,0,0,0,0,3
4,24202,2010,0,0,0,0,3
4,24203,2011,0,0,0,0,3
4,24204,2012,0,0,0,0,3
4,24205,2013,0,0,0,0,3
4,24206,2014,0,0,0,0,1
4,24207,2015,0,0,0,0,2
4,24208,2016,0,0,0,0,3
4,24209,2017,0,0,0,0,3
4,24210,2018,0,0,0,0,3
4,24214,2019,0,0,0,0,3
4,24215,2020,0,0,0,0,3
4,24216,2021,0,0,0,0,3
4,24217,2022,0,0,0,0,3
4,24218,2023,0,0,0,0,3
4,24219,2024,0,0,0,0,3
4,24220,2025,0,0,0,0,3
4,24221,2026,0,0,0,0,3
4,24222,2027,0,0,0,0,3
4,24223,2028,0,0,0,0,3
4,24227,2029,0,0,0,0,3
4,24228,2030,0,0,0,0,3
4,24229,2031,0,0,0,0,3
4,24230,2032,0,0,0,0,3
4,24231,2033,0,0,0,0,1
4,24232,2034,0,0,0,0,2
4,24233,2035,0,0,0,0,3
4,24234,2036,0,0,0,0,3
4,24235,2037,0,0,0,0,3
4,24236,2038,0,0,0,0,3
4,24240,2039,0,0,0,0,3
4,24241,2040,0,0,0,0,3
4,24242,2041,0,0,0,0,3
4,24243,2042,0,0,0,0,3
4,24244,2043,0,0,0,0,3
4,24245,2044,0,0,0,0,3
4,24246,2045,0,0,0,0,3
4,24247,2046,0,0,0,0,3
4,24248,2047,0,0,0,1,3
4,24370,2048,881,0,0,0,3
4,24371,2049,1351,-1,-1,0,3
4,24372,2050,1486,-1,-1,0,3
4,24373,2051,1188,-3,-3,0,3
4,24374,2052,671,-4,-4,0,1
4,24375,2053,303,-4,-4,0,2
4,24376,2054,349,-3,-3,0,3
4,24377,2055,774,-3,-3,0,3
4,24378,2056,1378,-2,-2,0,3
4,24383,2057,1536,-2,-2,0,3
4,24384,2058,1276,-3,-3,0,3
4,24385,2059,753,-6,-6,0,3
4,24386,2060,287,-8,-8,0,3
4,24387,2061,262,-9,-9,0,3
4,24388,2062,609,-9,-9,0,3
4,24389,2063,1065,-8,-8,0,3
4,24390,2064,1342,-6,-6,0,3
4,24391,2065,1187,-4,-4,0,3
4,24392,2066,778,-5,-5,0,3
4,24396,2067,369,-8,-8,0,3
4,24397,2068,153,-13,-13,0,3
4,24398,2069,430,-18,-18,0,3
4,24399,2070,906,-20,-20,0,3
4,24401,2071,1315,-19,-19,0,1
4,24402,2072,1372,-15,-15,0,2
4,24403,2073,1028,-9,-9,0,3
4,24404,2074,445,-6,-6,0,3
4,24405,2075,82,-8,-8,0,3
4,24409,2076,240,-15,-15,0,3
4,24410,2077,619,-25,-25,0,3
4,24411,2078,1085,-34,-34,0,3
4,24412,2079,1048,-38,-38,0,3
4,24413,2080,661,-34,-34,0,3
4,24415,2081,102,-24,-24,0,3
4,24416,2082,-257,-13,-13,0,3
4,24417,2083,-122,-7,-7,0,3
4,24418,2084,348,-11,-11,0,3
4,24422,2085,860,-24,-24,0,3
4,24423,2086,1035,-43,-43,0,3
4,24424,2087,696,-58,-58,0,3
4,24425,2088,138,-63,-63,0,3
4,24426,2089,-291,-55,-55,0,3
4,24427,2090,-245,-36,-36,0,1
4,24429,2091,180,-15,-15,0,2
4,24430,2092,682,-4,-4,0,3
4,24431,2093,922,-10,-10,0,3
4,24435,2094,661,-34,-34,0,3
4,24436,2095,119,-66,-66,0,3
4,24437,2096,-225,-95,-95,0,3
4,24438,2097,-229,-104,-104,0,3
4,24439,2098,138,-88,-88,0,3
4,24440,2099,635,-50,-50,0,3
4,24441,2100,912,-7,-7,0,3
4,24443,2101,696,21,21,0,3
4,24444,2102,287,16,16,0,3
4,24448,2103,-225,-29,-29,0,3
4,24449,2104,-277,-102,-102,0,3
4,24450,2105,-20,-174,-174,0,3
4,24451,2106,456,-212,-212,0,3
4,24452,2107,762,-183,-183,0,3
4,24453,2108,696,-72,-72,0,3
4,24454,2109,209,112,112,0,1
4,24455,2110,-395,340,340,0,2
4,24457,2111,-717,567,567,0,3
4,24461,2112,-497,753,753,0,3
4,24462,2113,-78,868,868,0,3
4,24463,2114,143,907,907,0,3
4,24464,2115,65,887,887,0,3
4,24465,2116,-302,837,837,0,3
4,24466,2117,-573,789,789,0,3
4,24467,2118,-482,763,763,0,3
4,24468,2119,103,767,767,0,3
4,24469,2120,1188,791,791,0,3
4,24474,2121,2437,817,817,0,3
4,24475,2122,3616,828,828,0,3
4,24476,2123,4321,813,813,0,3
4,24477,2124,4459,775,775,0,3
4,24478,2125,4338,724,724,0,3
4,24479,2126,4076,675,675,0,3
4,24480,2127,3498,640,640,0,3
4,24481,2128,2566,625,625,0,1
4,24482,2129,1413,629,629,0,2
4,24483,2130,374,645,645,0,3
4,24487,2131,-414,665,665,0,3
4,24488,2132,-798,682,682,0,3
4,24489,2133,-618,692,692,0,3
4,24490,2134,-87,695,695,0,3
4,24492,2135,451,693,693,0,3
4,24493,2136,707,685,685,0,3
4,24494,2137,532,670,670,0,3
4,24495,2138,123,644,644,0,3
4,24496,2139,-327,602,602,0,3
4,24500,2140,-421,543,543,0,3
4,24501,2141,-102,470,470,0,3
4,24502,2142,374,392,392,0,3
4,24503,2143,680,320,320,0,3
4,24504,2144,614,267,267,0,3
4,24506,2145,250,241,241,0,3
4,24507,2146,-333,241,241,0,3
4,24508,2147,-512,259,259,0,1
4,24509,2148,-272,283,283,0,2
4,24513,2149,209,298,298,0,3
4,24514,2150,655,292,292,0,3
4,24515,2151,721,264,264,0,3
4,24516,2152,333,221,221,0,3
4,24517,2153,-184,176,176,0,3
4,24518,2154,-544,142,142,0,3
4,24520,2155,-450,130,130,0,3
4,24521,2156,102,141,141,0,3
4,24522,2157,614,169,169,0,3
4,24526,2158,830,199,199,0,3
4,24527,2159,471,218,218,0,3
4,24528,2160,-46,218,218,0,3
4,24529,2161,-454,198,198,0,3
4,24530,2162,-450,169,169,0,3
4,24531,2163,-4,144,144,0,3
4,24532,2164,477,136,136,0,3
4,24534,2165,676,148,148,0,3
4,24535,2166,415,174,174,0,1
4,24539,2167,-86,199,199,0,2
4,24540,2168,-450,203,203,0,3
4,24541,2169,-454,174,174,0,3
4,24542,2170,-87,111,111,0,3
4,24543,2171,430,26,26,0,3
4,24544,2172,687,-59,-59,0,3
4,24545,2173,512,-127,-127,0,3
4,24546,2174,143,-173,-173,0,3
4,24548,2175,-327,-208,-208,0,3
4,24552,2176,-482,-256,-256,0,3
4,24553,2177,-184,-337,-337,0,3
4,24554,2178,313,-450,-450,0,3
4,24555,2179,680,-556,-556,0,3
4,24556,2180,614,-580,-580,0,3
4,24557,2181,230,-429,-429,0,3
4,24558,2182,-313,-24,-24,0,3
4,24559,2183,-573,667,667,0,3
4,24560,2184,-374,1598,1598,0,3
4,24565,2185,148,2645,2645,0,1
4,24566,2186,594,3621,3621,0,2
4,24567,2187,700,4328,4328,0,3
4,24568,2188,374,4608,4608,0,3
4,24569,2189,-205,4390,4390,0,3
4,24570,2190,-482,3715,3715,0,3
4,24571,2191,-409,2725,2725,0,3
4,24572,2192,123,1626,1626,0,3
4,24573,2193,573,632,632,0,3
4,24574,2194,707,-95,-95,0,3
4,24578,2195,369,-481,-481,0,3
4,24579,2196,-149,-546,-546,0,3
4,24580,2197,-557,-385,-385,0,3
4,24581,2198,-450,-132,-132,0,3
4,24583,2199,-25,95,95,0,3
4,24584,2200,497,218,218,0,3
4,24585,2201,737,223,223,0,3
4,24586,2202,436,142,142,0,3
4,24587,2203,-66,33,33,0,3
4,24591,2204,-471,-48,-48,0,1
4,24592,2205,-475,-73,-73,0,2
4,24593,2206,-108,-42,-42,0,3
4,24594,2207,410,18,18,0,3
4,24595,2208,646,75,75,0,3
4,24597,2209,491,103,103,0,3
4,24598,2210,20,94,94,0,3
4,24599,2211,-409,58,58,0,3
4,24600,2212,-544,16,16,0,3
4,24604,2213,-205,-15,-15,0,3
4,24605,2214,251,-22,-22,0,3
4,24606,2215,577,-7,-7,0,3
4,24607,2216,532,20,20,0,3
4,24608,2217,107,47,47,0,3
4,24609,2218,-415,65,65,0,3
4,24611,2219,-614,72,72,0,3
4,24612,2220,-436,71,71,0,3
4,24613,2221,4,69,69,0,3
4,24617,2222,491,69,69,0,3
4,24618,2223,577,73,73,0,1
4,24619,2224,231,76,76,0,2
4,24620,2225,-307,74,74,0,3
4,24621,2226,-667,63,63,0,3
4,24622,2227,-532,44,44,0,3
4,24623,2228,-20,22,22,0,3
4,24625,2229,450,4,4,0,3
4,24626,2230,605,-4,-4,0,3
4,24630,2231,307,2,2,0,3
4,24631,2232,-231,20,20,0,3
4,24632,2233,-618,43,43,0,3
4,24633,2234,-512,64,64,0,3
4,24634,2235,16,78,78,0,3
4,24635,2236,538,82,82,0,3
4,24636,2237,758,79,79,0,3
4,24637,2238,497,75,75,0,3
4,24639,2239,-25,74,74,0,3
4,24643,2240,-348,78,78,0,3
4,24644,2241,-332,84,84,0,3
4,24645,2242,36,85,85,0,1
4,24646,2243,594,79,79,0,2
4,24647,2244,871,65,65,0,3
4,24648,2245,757,46,46,0,3
4,24649,2246,307,28,28,0,3
4,24650,2247,-122,19,19,0,3
4,24651,2248,-175,22,22,0,3
4,24656,2249,143,36,36,0,3
4,24657,2250,661,58,58,0,3
4,24658,2251,966,80,80,0,3
4,24659,2252,962,97,97,0,3
4,24660,2253,578,105,105,0,3
4,24661,2254,138,103,103,0,3
4,24662,2255,-143,93,93,0,3
4,24663,2256,76,79,79,0,3
4,24664,2257,537,65,65,0,3
4,24665,2258,962,53,53,0,3
4,24669,2259,1069,47,47,0,3
4,24670,2260,661,45,45,0,3
4,24671,2261,123,48,48,0,1
4,24672,2262,-134,53,53,0,2
4,24674,2263,-41,58,58,0,3
4,24675,2264,451,63,63,0,3
4,24676,2265,921,65,65,0,3
4,24677,2266,994,64,64,0,3
4,24678,2267,717,62,62,0,3
4,24682,2268,199,57,57,0,3
4,24683,2269,-188,52,52,0,3
4,24684,2270,-163,47,47,0,3
4,24685,2271,282,42,42,0,3
4,24686,2272,805,37,37,0,3
4,24688,2273,963,33,33,0,3
4,24689,2274,723,31,31,0,3
4,24690,2275,180,30,30,0,3
4,24691,2276,-184,29,29,0,3
4,24695,2277,-209,25,25,0,3
4,24696,2278,199,16,16,0,3
4,24697,2279,635,1,1,0,3
4,24698,2280,933,-19,-19,0,1
4,24699,2281,778,-40,-40,0,2
4,24700,2282,348,-58,-58,0,3
4,24702,2283,-122,-68,-68,0,3
4,24703,2284,-216,-71,-71,0,3
4,24704,2285,61,-66,-66,0,3
4,24708,2286,517,-58,-58,0,3
4,24709,2287,864,-50,-50,0,3
4,24710,2288,860,-46,-46,0,3
4,24711,2289,455,-48,-48,0,3
4,24712,2290,-88,-53,-53,0,3
4,24713,2291,-287,-60,-60,0,3
4,24714,2292,-149,-66,-66,0,3
4,24716,2293,352,-67,-67,0,3
4,24717,2294,757,-62,-62,0,3
4,24721,2295,844,-49,-49,0,3
4,24722,2296,456,-29,-29,0,3
4,24723,2297,-102,-5,-5,0,3
4,24724,2298,-400,21,21,0,3
4,24725,2299,-245,46,46,0,1
4,24726,2300,266,68,68,0,2
4,24727,2301,778,88,88,0,3
4,24728,2302,912,107,107,0,3
4,24730,2303,594,126,126,0,3
4,24734,2304,56,147,147,0,3
4,24735,2305,-373,171,171,0,3
4,24736,2306,-245,197,197,0,3
4,24737,2307,160,224,224,0,3
4,24738,2308,641,251,251,0,3
4,24739,2309,840,276,276,0,3
4,24740,2310,600,301,301,0,3
4,24741,2311,37,324,324,0,3
4,24742,2312,-327,348,348,0,3
4,24747,2313,-332,371,371,0,3
4,24748,2314,77,391,391,0,3
4,24749,2315,512,405,405,0,3
4,24750,2316,748,414,414,0,3
4,24751,2317,594,417,417,0,3
4,24752,2318,184,415,415,0,1
4,24753,2319,-225,411,411,0,2
4,24754,2320,-380,406,406,0,3
4,24755,2321,-102,402,402,0,3
4,24756,2322,374,398,398,0,3
4,24760,2323,700,395,395,0,3
4,24761,2324,675,392,392,0,3
4,24762,2325,291,389,389,0,3
4,24763,2326,-190,385,385,0,3
4,24765,2327,-389,381,381,0,3
4,24766,2328,-170,374,374,0,3
4,24767,2329,311,366,366,0,3
4,24768,2330,778,356,356,0,3
4,24769,2331,803,345,345,0,3
4,24773,2332,497,334,334,0,3
4,24774,2333,-61,324,324,0,3
4,24775,2334,-359,315,315,0,3
4,24776,2335,-245,307,307,0,3
4,24777,2336,225,299,299,0,3
4,24779,2337,757,291,291,0,1
4,24780,2338,933,283,283,0,2
4,24781,2339,573,278,278,0,3
4,24782,2340,15,276,276,0,3
4,24786,2341,-393,277,277,0,3
4,24787,2342,-307,281,281,0,3
4,24788,2343,160,285,285,0,3
4,24789,2344,682,288,288,0,3
4,24790,2345,942,288,288,0,3
4,24791,2346,764,285,285,0,3
4,24793,2347,241,281,281,0,3
4,24794,2348,-184,277,277,0,3
4,24795,2349,-209,274,274,0,3
4,24799,2350,240,271,271,0,3
4,24800,2351,758,267,267,0,3
4,24801,2352,1035,261,261,0,3
4,24802,2353,1024,253,253,0,3
4,24803,2354,573,241,241,0,3
4,24804,2355,164,225,225,0,3
4,24805,2356,50,207,207,0,1
4,24807,2357,328,189,189,0,2
4,24808,2358,804,172,172,0,3
4,24812,2359,1110,161,161,0,3
4,24813,2360,1106,157,157,0,3
4,24814,2361,660,163,163,0,3
4,24815,2362,158,176,176,0,3
4,24816,2363,-61,194,194,0,3
4,24817,2364,138,211,211,0,3
4,24818,2365,619,223,223,0,3
4,24819,2366,1024,227,227,0,3
4,24821,2367,1089,222,222,0,3
4,24825,2368,784,212,212,0,3
4,24826,2369,307,199,199,0,3
4,24827,2370,30,186,186,0,3
4,24828,2371,0,175,175,0,3
4,24829,2372,307,167,167,0,3
4,24830,2373,778,160,160,0,3
4,24831,2374,851,155,155,0,3
4,24832,2375,512,150,150,0,1
4,24833,2376,-87,145,145,0,2
4,24838,2377,-454,143,143,0,3
4,24839,2378,-389,142,142,0,3
4,24840,2379,78,142,142,0,3
4,24841,2380,559,141,141,0,3
4,24842,2381,799,138,138,0,3
4,24843,2382,538,133,133,0,3
4,24844,2383,-25,127,127,0,3
4,24845,2384,-471,119,119,0,3
4,24846,2385,-495,113,113,0,3
4,24847,2386,-128,110,110,0,3
4,24851,2387,348,110,110,0,3
4,24852,2388,667,114,114,0,3
4,24853,2389,491,123,123,0,3
4,24854,2390,123,135,135,0,3
4,24856,2391,-368,148,148,0,3
4,24857,2392,-482,161,161,0,3
4,24858,2393,-143,171,171,0,3
4,24859,2394,272,178,178,0,1
4,24860,2395,598,183,183,0,2
4,24864,2396,614,187,187,0,3
4,24865,2397,230,191,191,0,3
4,24866,2398,-252,195,195,0,3
4,24867,2399,-492,198,198,0,3
4,24868,2400,-354,198,198,0,3
4,24870,2401,86,194,194,0,3
4,24871,2402,532,187,187,0,3
4,24872,2403,495,180,180,0,3
4,24873,2404,-56,176,176,0,3
4,24877,2405,-655,179,179,0,3
4,24878,2406,-1076,190,190,0,3
4,24879,2407,-1085,208,208,0,3
4,24880,2408,-717,231,231,0,3
4,24881,2409,-123,255,255,0,3
4,24882,2410,380,277,277,0,3
4,24884,2411,553,298,298,0,3
4,24885,2412,609,319,319,0,3
4,24886,2413,836,343,343,0,1
4,24890,2414,1905,371,371,0,2
4,24891,2415,3375,405,405,0,3
4,24892,2416,4819,442,442,0,3
4,24893,2417,5673,480,480,0,3
4,24894,2418,5720,515,515,0,3
4,24895,2419,5075,541,541,0,3
4,24896,2420,4035,555,555,0,3
4,24898,2421,2904,555,555,0,3
4,24899,2422,1940,541,541,0,3
4,24903,2423,1331,516,516,0,3
4,24904,2424,974,485,485,0,3
4,24905,2425,348,456,456,0,3
4,24906,2426,-369,436,436,0,3
4,24907,2427,-942,430,430,0,3
4,24908,2428,-994,439,439,0,3
4,24909,2429,-573,459,459,0,3
4,24910,2430,87,483,483,0,3
4,24912,2431,454,499,499,0,3
4,24916,2432,430,500,500,0,1
4,24917,2433,-16,477,477,0,2
4,24918,2434,-477,428,428,0,3
4,24919,2435,-696,357,357,0,3
4,24920,2436,-477,273,273,0,3
4,24921,2437,-37,188,188,0,3
4,24922,2438,430,117,117,0,3
4,24923,2439,475,69,69,0,3
4,24924,2440,108,50,50,0,3
4,24929,2441,-369,54,54,0,3
4,24930,2442,-748,71,71,0,3
4,24931,2443,-675,87,87,0,3
4,24932,2444,-205,90,90,0,3
4,24933,2445,307,74,74,0,3
4,24934,2446,462,41,41,0,3
4,24935,2447,184,1,1,0,3
4,24936,2448,-394,-34,-34,0,3
4,24937,2449,-721,-53,-53,0,3
4,24938,2450,-634,-53,-53,0,3
4,24942,2451,-168,-36,-36,0,1
4,24943,2452,272,-12,-12,0,2
4,24944,2453,492,6,6,0,3
4,24945,2454,211,12,12,0,3
4,24947,2455,-311,5,5,0,3
4,24948,2456,-737,-9,-9,0,3
4,24949,2457,-700,-23,-23,0,3
4,24950,2458,-333,-27,-27,0,3
4,24951,2459,164,-18,-18,0,3
4,24955,2460,421,-1,-1,0,3
4,24956,2461,245,15,15,0,3
4,24957,2462,-164,18,18,0,3
4,24958,2463,-675,-1,-1,0,3
4,24959,2464,-789,-47,-47,0,3
4,24961,2465,-512,-119,-119,0,3
4,24962,2466,-15,-210,-210,0,3
4,24963,2467,373,-313,-313,0,3
4,24964,2468,368,-421,-421,0,3
4,24968,2469,-57,-528,-528,0,3
4,24969,2470,-538,-623,-623,0,1
4,24970,2471,-737,-685,-685,0,2
4,24971,2472,-579,-681,-681,0,3
4,24972,2473,-98,-560,-560,0,3
4,24973,2474,409,-267,-267,0,3
4,24975,2475,454,244,244,0,3
4,24976,2476,108,983,983,0,3
4,24977,2477,-410,1914,1914,0,3
4,24981,2478,-810,2942,2942,0,3
4,24982,2479,-655,3926,3926,0,3
4,24983,2480,-143,4705,4705,0,3
4,24984,2481,348,5134,5134,0,3
4,24985,2482,544,5125,5125,0,3
4,24986,2483,184,4666,4666,0,3
4,24987,2484,-353,3835,3835,0,3
4,24989,2485,-782,2778,2778,0,3
4,24990,2486,-696,1675,1675,0,3
4,24994,2487,-230,696,696,0,3
4,24995,2488,272,-36,-36,0,3
4,24996,2489,512,-469,-469,0,1
4,24997,2490,211,-624,-624,0,2
4,24998,2491,-332,-575,-575,0,3
4,24999,2492,-757,-422,-422,0,3
4,25000,2493,-741,-259,-259,0,3
4,25001,2494,-353,-150,-150,0,3
4,25003,2495,123,-114,-114,0,3
4,25007,2496,380,-138,-138,0,3
4,25008,2497,225,-187,-187,0,3
4,25009,2498,-246,-226,-226,0,3
4,25010,2499,-675,-233,-233,0,3
4,25011,2500,-830,-208,-208,0,3
4,25012,2501,-573,-165,-165,0,3
4,25013,2502,-36,-129,-129,0,3
4,25014,2503,270,-118,-118,0,3
4,25015,2504,245,-136,-136,0,3
4,25020,2505,-180,-176,-176,0,3
4,25021,2506,-641,-221,-221,0,3
4,25022,2507,-901,-252,-252,0,3
4,25023,2508,-764,-259,-259,0,1
4,25024,2509,-282,-240,-240,0,2
4,25025,2510,163,-205,-205,0,3
4,25026,2511,270,-167,-167,0,3
4,25027,2512,-138,-139,-139,0,3
4,25028,2513,-676,-128,-128,0,3
4,25029,2514,-994,-134,-134,0,3
4,25033,2515,-921,-152,-152,0,3
4,25034,2516,-410,-172,-172,0,3
4,25035,2517,82,-187,-187,0,3
4,25036,2518,236,-192,-192,0,3
4,25038,2519,-82,-187,-187,0,3
4,25039,2520,-661,-176,-176,0,3
4,25040,2521,-1048,-165,-165,0,3
4,25041,2522,-942,-160,-160,0,3
4,25042,2523,-475,-163,-163,0,3
4,25046,2524,47,-173,-173,0,3
4,25047,2525,287,-188,-188,0,3
4,25048,2526,88,-202,-202,0,3
4,25049,2527,-434,-209,-209,0,1
4,25050,2528,-737,-209,-209,0,2
4,25052,2529,-721,-200,-200,0,3
4,25053,2530,-251,-187,-187,0,3
4,25054,2531,287,-172,-172,0,3
4,25055,2532,605,-159,-159,0,3
4,25059,2533,450,-148,-148,0,3
4,25060,2534,82,-141,-141,0,3
4,25061,2535,-327,-135,-135,0,3
4,25062,2536,-421,-130,-130,0,3
4,25063,2537,-143,-126,-126,0,3
4,25064,2538,333,-123,-123,0,3
4,25066,2539,700,-121,-121,0,3
4,25067,2540,696,-120,-120,0,3
4,25068,2541,311,-117,-117,0,3
4,25072,2542,-149,-115,-115,0,3
4,25073,2543,-369,-111,-111,0,3
4,25074,2544,-231,-108,-108,0,3
4,25075,2545,271,-104,-104,0,3
4,25076,2546,716,-101,-101,0,1
4,25077,2547,803,-100,-100,0,2
4,25078,2548,435,-100,-100,0,3
4,25080,2549,-41,-102,-102,0,3
4,25081,2550,-441,-105,-105,0,3
4,25085,2551,-348,-109,-109,0,3
4,25086,2552,225,-115,-115,0,3
4,25087,2553,675,-123,-123,0,3
4,25088,2554,851,-131,-131,0,3
4,25089,2555,553,-140,-140,0,3
4,25090,2556,-46,-146,-146,0,3
4,25091,2557,-434,-152,-152,0,3
4,25092,2558,-327,-157,-157,0,3
4,25094,2559,119,-164,-164,0,3
4,25098,2560,579,-172,-172,0,3
4,25099,2561,840,-182,-182,0,3
4,25100,2562,579,-194,-194,0,3
4,25101,2563,78,-204,-204,0,3
4,25102,2564,-327,-213,-213,0,3
4,25103,2565,-311,-220,-220,0,1
4,25104,2566,77,-227,-227,0,2
4,25105,2567,532,-235,-235,0,3
4,25106,2568,810,-246,-246,0,3
4,25111,2569,634,-259,-259,0,3
4,25112,2570,184,-273,-273,0,3
4,25113,2571,-225,-287,-287,0,3
4,25114,2572,-421,-301,-301,0,3
4,25115,2573,-123,-313,-313,0,3
4,25116,2574,394,-324,-324,0,3
4,25117,2575,700,-335,-335,0,3
4,25118,2576,716,-344,-344,0,3
4,25119,2577,271,-353,-353,0,3
4,25120,2578,-211,-360,-360,0,3
4,25124,2579,-471,-368,-368,0,3
4,25125,2580,-293,-375,-375,0,3
4,25126,2581,189,-382,-382,0,3
4,25127,2582,634,-389,-389,0,3
4,25129,2583,680,-394,-394,0,3
4,25130,2584,333,-396,-396,0,1
4,25131,2585,-164,-393,-393,0,2
4,25132,2586,-544,-383,-383,0,3
4,25133,2587,-430,-365,-365,0,3
4,25137,2588,61,-339,-339,0,3
4,25138,2589,573,-306,-306,0,3
4,25139,2590,728,-266,-266,0,3
4,25140,2591,430,-219,-219,0,3
4,25141,2592,-149,-166,-166,0,3
4,25143,2593,-516,-110,-110,0,3
4,25144,2594,-471,-54,-54,0,3
4,25145,2595,57,-1,-1,0,3
4,25146,2596,518,44,44,0,3
4,25150,2597,717,81,81,0,3
4,25151,2598,477,108,108,0,3
4,25152,2599,-86,128,128,0,3
4,25153,2600,-430,144,144,0,3
4,25154,2601,-454,156,156,0,3
4,25155,2602,-87,166,166,0,3
4,25157,2603,410,175,175,0,1
4,25158,2604,626,183,183,0,2
4,25159,2605,471,190,190,0,3
4,25163,2606,20,196,196,0,3
4,25164,2607,-430,201,201,0,3
4,25165,2608,-523,203,203,0,3
4,25166,2609,-246,203,203,0,3
4,25167,2610,272,199,199,0,3
4,25168,2611,639,194,194,0,3
4,25169,2612,594,189,189,0,3
4,25171,2613,230,186,186,0,3
4,25172,2614,-272,186,186,0,3
4,25176,2615,-512,189,189,0,3
4,25177,2616,-333,193,193,0,3
4,25178,2617,148,195,195,0,3
4,25179,2618,573,194,194,0,3
4,25180,2619,659,190,190,0,3
4,25181,2620,333,182,182,0,3
4,25182,2621,-246,175,175,0,3
4,25183,2622,-544,170,170,0,1
4,25185,2623,-450,169,169,0,2
4,25189,2624,41,173,173,0,3
4,25190,2625,553,182,182,0,3
4,25191,2626,728,192,192,0,3
4,25192,2627,389,203,203,0,3
4,25193,2628,-128,210,210,0,3
4,25194,2629,-495,213,213,0,3
4,25195,2630,-409,211,211,0,3
4,25196,2631,-4,203,203,0,3
4,25197,2632,518,192,192,0,3
4,25202,2633,717,179,179,0,3
4,25203,2634,456,168,168,0,3
4,25204,2635,-45,161,161,0,3
4,25205,2636,-450,158,158,0,3
4,25206,2637,-454,156,156,0,3
4,25207,2638,-26,154,154,0,3
4,25208,2639,573,149,149,0,3
4,25209,2640,851,139,139,0,3
4,25210,2641,737,127,127,0,1
4,25211,2642,307,114,114,0,2
4,25215,2643,-122,102,102,0,3
4,25216,2644,-216,93,93,0,3
4,25217,2645,82,85,85,0,3
4,25218,2646,599,79,79,0,3
4,25220,2647,1007,73,73,0,3
4,25221,2648,983,67,67,0,3
4,25222,2649,598,61,61,0,3
4,25223,2650,158,57,57,0,3
4,25224,2651,-20,56,56,0,3
4,25228,2652,97,57,57,0,3
4,25229,2653,578,60,60,0,3
4,25230,2654,1024,63,63,0,3
4,25231,2655,1048,66,66,0,3
4,25232,2656,722,68,68,0,3
4,25234,2657,164,69,69,0,3
4,25235,2658,-155,68,68,0,3
4,25236,2659,-122,68,68,0,3
4,25237,2660,348,68,68,0,1
4,25241,2661,860,69,69,0,2
4,25242,2662,1056,70,70,0,3
4,25243,2663,860,70,70,0,3
4,25244,2664,363,67,67,0,3
4,25245,2665,-45,60,60,0,3
4,25246,2666,-143,49,49,0,3
4,25248,2667,262,35,35,0,3
4,25249,2668,723,20,20,0,3
4,25250,2669,922,7,7,0,3
4,25254,2670,620,1,1,0,3
4,25255,2671,57,4,4,0,3
4,25256,2672,-450,15,15,0,3
4,25257,2673,-454,32,32,0,3
4,25258,2674,-108,49,49,0,3
4,25259,2675,410,61,61,0,3
4,25260,2676,626,66,66,0,3
4,25262,2677,430,63,63,0,3
4,25263,2678,0,56,56,0,3
4,25267,2679,-409,49,49,0,1
4,25268,2680,-564,42,42,0,2
4,25269,2681,-287,39,39,0,3
4,25270,2682,190,36,36,0,3
4,25271,2683,516,34,34,0,3
4,25272,2684,450,31,31,0,3
4,25273,2685,66,27,27,0,3
4,25274,2686,-415,24,24,0,3
4,25276,2687,-635,23,23,0,3
4,25280,2688,-477,27,27,0,3
4,25281,2689,4,35,35,0,3
4,25282,2690,450,47,47,0,3
4,25283,2691,516,58,58,0,3
4,25284,2692,231,68,68,0,3
4,25285,2693,-348,71,71,0,3
4,25286,2694,-728,69,69,0,3
4,25287,2695,-655,60,60,0,3
4,25288,2696,-205,49,49,0,3
4,25293,2697,163,40,40,0,3
4,25294,2698,175,39,39,0,1
4,25295,2699,-225,49,49,0,2
4,25296,2700,-865,73,73,0,3
4,25297,2701,-1376,108,108,0,3
4,25298,2702,-1392,150,150,0,3
4,25299,2703,-783,194,194,0,3
4,25300,2704,211,234,234,0,3
4,25301,2705,1065,267,267,0,3
4,25302,2706,1501,293,293,0,3
4,25306,2707,1859,313,313,0,3
4,25307,2708,2622,332,332,0,3
4,25308,2709,3723,352,352,0,3
4,25309,2710,4889,374,374,0,3
4,25311,2711,5714,398,398,0,3
4,25312,2712,5561,424,424,0,3
4,25313,2713,4075,449,449,0,3
4,25314,2714,1679,470,470,0,3
4,25315,2715,-307,484,484,0,3
4,25319,2716,-1179,487,487,0,3
4,25320,2717,-901,477,477,0,1
4,25321,2718,-138,452,452,0,2
4,25322,2719,352,418,418,0,3
4,25323,2720,389,380,380,0,3
4,25325,2721,-16,350,350,0,3
4,25326,2722,-538,336,336,0,3
4,25327,2723,-737,341,341,0,3
4,25328,2724,-538,364,364,0,3
4,25332,2725,-78,398,398,0,3
4,25333,2726,389,431,431,0,3
4,25334,2727,393,450,450,0,3
4,25335,2728,87,447,447,0,3
4,25336,2729,-451,419,419,0,3
4,25337,2730,-748,368,368,0,3
4,25339,2731,-675,305,305,0,3
4,25340,2732,-184,239,239,0,3
4,25341,2733,307,181,181,0,3
4,25345,2734,441,134,134,0,3
4,25346,2735,82,98,98,0,3
4,25347,2736,-394,67,67,0,1
4,25348,2737,-823,37,37,0,2
4,25349,2738,-757,5,5,0,3
4,25350,2739,-291,-26,-26,0,3
4,25351,2740,211,-50,-50,0,3
4,25353,2741,369,-62,-62,0,3
4,25354,2742,149,-59,-59,0,3
4,25358,2743,-414,-47,-47,0,3
4,25359,2744,-778,-35,-35,0,3
4,25360,2745,-782,-36,-36,0,3
4,25361,2746,-415,-57,-57,0,3
4,25362,2747,123,-96,-96,0,3
4,25363,2748,339,-143,-143,0,3
4,25364,2749,184,-178,-178,0,3
4,25365,2750,-246,-186,-186,0,3
4,25367,2751,-696,-161,-161,0,3
4,25371,2752,-810,-115,-115,0,3
4,25372,2753,-512,-69,-69,0,3
4,25373,2754,-56,-47,-47,0,3
4,25374,2755,332,-66,-66,0,1
4,25375,2756,368,-126,-126,0,2
4,25376,2757,-37,-207,-207,0,3
4,25377,2758,-559,-285,-285,0,3
4,25378,2759,-778,-340,-340,0,3
4,25379,2760,-538,-371,-371,0,3
4,25384,2761,-119,-397,-397,0,3
4,25385,2762,348,-452,-452,0,3
4,25386,2763,454,-559,-559,0,3
4,25387,2764,46,-714,-714,0,3
4,25388,2765,-471,-863,-863,0,3
4,25389,2766,-830,-913,-913,0,3
4,25390,2767,-737,-745,-745,0,3
4,25391,2768,-266,-267,-267,0,3
4,25392,2769,245,555,555,0,3
4,25393,2770,380,1658,1658,0,3
4,25397,2771,102,2881,2881,0,3
4,25398,2772,-476,3998,3998,0,3
4,25399,2773,-844,4770,4770,0,3
4,25400,2774,-778,5018,5018,0,1
4,25402,2775,-332,4675,4675,0,2
4,25403,2776,231,3811,3811,0,3
4,25404,2777,451,2615,2615,0,3
4,25405,2778,190,1343,1343,0,3
4,25406,2779,-373,246,246,0,3
4,25410,2780,-737,-498,-498,0,3
4,25411,2781,-762,-828,-828,0,3
4,25412,2782,-353,-798,-798,0,3
4,25413,2783,143,-545,-545,0,3
4,25414,2784,441,-235,-235,0,3
4,25416,2785,286,-4,-4,0,3
4,25417,2786,-102,79,79,0,3
4,25418,2787,-634,18,18,0,3
4,25419,2788,-728,-125,-125,0,3
4,25423,2789,-430,-272,-272,0,3
4,25424,2790,46,-358,-358,0,3
4,25425,2791,352,-357,-357,0,3
4,25426,2792,348,-284,-284,0,3
4,25427,2793,-78,-185,-185,0,1
4,25428,2794,-600,-107,-107,0,2
4,25430,2795,-840,-84,-84,0,3
4,25431,2796,-641,-118,-118,0,3
4,25432,2797,-139,-188,-188,0,3
4,25436,2798,266,-261,-261,0,3
4,25437,2799,352,-306,-306,0,3
4,25438,2800,-15,-308,-308,0,3
4,25439,2801,-512,-275,-275,0,3
4,25440,2802,-912,-228,-228,0,3
4,25441,2803,-757,-191,-191,0,3
4,25442,2804,-307,-182,-182,0,3
4,25444,2805,225,-201,-201,0,3
4,25445,2806,359,-236,-236,0,3
4,25449,2807,61,-271,-271,0,3
4,25450,2808,-456,-288,-288,0,3
4,25451,2809,-844,-281,-281,0,3
4,25452,2810,-798,-256,-256,0,3
4,25453,2811,-332,-226,-226,0,3
4,25454,2812,252,-204,-204,0,1
4,25455,2813,471,-198,-198,0,2
4,25456,2814,272,-208,-208,0,3
4,25458,2815,-168,-225,-225,0,3
4,25462,2816,-532,-237,-237,0,3
4,25463,2817,-495,-236,-236,0,3
4,25464,2818,-108,-220,-220,0,3
4,25465,2819,430,-195,-195,0,3
4,25466,2820,707,-167,-167,0,3
4,25467,2821,573,-145,-145,0,3
4,25468,2822,143,-132,-132,0,3
4,25469,2823,-307,-131,-131,0,3
4,25470,2824,-380,-136,-136,0,3
4,25475,2825,-82,-144,-144,0,3
4,25476,2826,394,-153,-153,0,3
4,25477,2827,782,-160,-160,0,3
4,25478,2828,757,-168,-168,0,3
4,25479,2829,352,-176,-176,0,3
4,25480,2830,-149,-186,-186,0,3
4,25481,2831,-369,-198,-198,0,1
4,25482,2832,-190,-211,-211,0,2
4,25483,2833,311,-220,-220,0,3
4,25484,2834,737,-225,-225,0,3
4,25488,2835,762,-224,-224,0,3
4,25489,2836,456,-216,-216,0,3
4,25490,2837,-82,-203,-203,0,3
4,25491,2838,-421,-189,-189,0,3
4,25493,2839,-307,-176,-176,0,3
4,25494,2840,143,-168,-168,0,3
4,25495,2841,675,-165,-165,0,3
4,25496,2842,830,-165,-165,0,3
4,25497,2843,532,-165,-165,0,3
4,25501,2844,-46,-163,-163,0,3
4,25502,2845,-434,-156,-156,0,3
4,25503,2846,-307,-145,-145,0,3
4,25504,2847,98,-131,-131,0,3
4,25505,2848,661,-118,-118,0,3
4,25507,2849,819,-108,-108,0,3
4,25508,2850,538,-104,-104,0,1
4,25509,2851,16,-105,-105,0,2
4,25510,2852,-368,-113,-113,0,3
4,25514,2853,-414,-126,-126,0,3
4,25515,2854,-46,-142,-142,0,3
4,25516,2855,451,-159,-159,0,3
4,25517,2856,646,-176,-176,0,3
4,25518,2857,512,-190,-190,0,3
4,25519,2858,82,-199,-199,0,3
4,25521,2859,-368,-204,-204,0,3
4,25522,2860,-482,-208,-208,0,3
4,25523,2861,-205,-211,-211,0,3
4,25527,2862,292,-218,-218,0,3
4,25528,2863,577,-226,-226,0,3
4,25529,2864,573,-236,-236,0,3
4,25530,2865,148,-245,-245,0,3
4,25531,2866,-374,-250,-250,0,3
4,25532,2867,-614,-252,-252,0,3
4,25533,2868,-374,-251,-251,0,3
4,25535,2869,86,-249,-249,0,1
4,25536,2870,553,-248,-248,0,2
4,25540,2871,618,-246,-246,0,3
4,25541,2872,292,-244,-244,0,3
4,25542,2873,-287,-237,-237,0,3
4,25543,2874,-564,-222,-222,0,3
4,25544,2875,-491,-196,-196,0,3
4,25545,2876,-20,-159,-159,0,3
4,25546,2877,512,-114,-114,0,3
4,25547,2878,626,-64,-64,0,3
4,25549,2879,348,-13,-13,0,3
4,25553,2880,-251,32,32,0,3
4,25554,2881,-659,70,70,0,3
4,25555,2882,-573,99,99,0,3
4,25556,2883,-107,119,119,0,3
4,25557,2884,374,132,132,0,3
4,25558,2885,614,142,142,0,3
4,25559,2886,374,154,154,0,3
4,25560,2887,-189,168,168,0,3
4,25561,2888,-573,185,185,0,1
4,25566,2889,-598,202,202,0,2
4,25567,2890,-169,217,217,0,3
4,25568,2891,348,226,226,0,3
4,25569,2892,646,228,228,0,3
4,25570,2893,430,225,225,0,3
4,25571,2894,-20,219,219,0,3
4,25572,2895,-409,213,213,0,3
4,25573,2896,-544,208,208,0,3
4,25574,2897,-225,204,204,0,3
4,25575,2898,231,200,200,0,3
4,25579,2899,557,195,195,0,3
4,25580,2900,532,189,189,0,3
4,25581,2901,127,182,182,0,3
4,25582,2902,-374,177,177,0,3
4,25584,2903,-594,173,173,0,3
4,25585,2904,-456,172,172,0,3
4,25586,2905,4,172,172,0,3
4,25587,2906,553,174,174,0,3
4,25588,2907,577,178,178,0,1
4,25592,2908,231,182,182,0,2
4,25593,2909,-307,185,185,0,3
4,25594,2910,-605,188,188,0,3
4,25595,2911,-512,189,189,0,3
4,25596,2912,0,186,186,0,3
4,25598,2913,532,178,178,0,3
4,25599,2914,626,166,166,0,3
4,25600,2915,369,149,149,0,3
4,25601,2916,-149,130,130,0,3
4,25605,2917,-516,111,111,0,3
4,25606,2918,-450,95,95,0,3
4,25607,2919,98,83,83,0,3
4,25608,2920,620,76,76,0,3
4,25609,2921,840,73,73,0,3
4,25610,2922,600,72,72,0,3
4,25612,2923,119,72,72,0,3
4,25613,2924,-245,70,70,0,3
4,25614,2925,-270,63,63,0,3
4,25618,2926,138,51,51,0,1
4,25619,2927,635,34,34,0,2
4,25620,2928,933,16,16,0,3
4,25621,2929,819,0,0,0,3
4,25622,2930,389,-10,-10,0,3
4,25623,2931,-41,-11,-11,0,3
4,25624,2932,-134,-5,-5,0,3
4,25626,2933,102,4,4,0,3
4,25627,2934,599,14,14,0,3
4,25631,2935,926,21,21,0,3
4,25632,2936,860,22,22,0,3
4,25633,2937,496,18,18,0,3
4,25634,2938,-26,11,11,0,3
4,25635,2939,-266,3,3,0,3
4,25636,2940,-67,-5,-5,0,3
4,25637,2941,455,-13,-13,0,3
4,25638,2942,860,-20,-20,0,3
4,25640,2943,926,-27,-27,0,3
4,25644,2944,599,-34,-34,0,3
4,25645,2945,123,-40,-40,0,1
4,25646,2946,-114,-45,-45,0,2
4,25647,2947,-61,-48,-48,0,3
4,25648,2948,328,-49,-49,0,3
4,25649,2949,675,-49,-49,0,3
4,25650,2950,810,-45,-45,0,3
4,25651,2951,369,-40,-40,0,3
4,25652,2952,-210,-32,-32,0,3
4,25657,2953,-659,-22,-22,0,3
4,25658,2954,-634,-13,-13,0,3
4,25659,2955,-189,-4,-4,0,3
4,25660,2956,354,3,3,0,3
4,25661,2957,553,9,9,0,3
4,25662,2958,293,13,13,0,3
4,25663,2959,-230,16,16,0,3
4,25664,2960,-675,19,19,0,3
4,25665,2961,-680,18,18,0,3
4,25666,2962,-313,14,14,0,3
4,25670,2963,205,5,5,0,3
4,25671,2964,462,-8,-8,0,1
4,25672,2965,286,-23,-23,0,2
4,25673,2966,-164,-36,-36,0,3
4,25675,2967,-532,-45,-45,0,3
4,25676,2968,-667,-48,-48,0,3
4,25677,2969,-430,-45,-45,0,3
4,25678,2970,67,-39,-39,0,3
4,25679,2971,352,-31,-31,0,3
4,25683,2972,348,-24,-24,0,3
4,25684,2973,-57,-19,-19,0,3
4,25685,2974,-518,-17,-17,0,3
4,25686,2975,-799,-15,-15,0,3
4,25687,2976,-661,-12,-12,0,3
4,25689,2977,-303,-6,-6,0,3
4,25690,2978,61,7,7,0,3
4,25691,2979,-17,27,27,0,3
4,25692,2980,-404,54,54,0,3
4,25696,2981,-983,86,86,0,3
4,25697,2982,-1342,120,120,0,3
4,25698,2983,-1454,153,153,0,1
4,25699,2984,-1167,181,181,0,2
4,25700,2985,-635,204,204,0,3
4,25701,2986,-276,223,223,0,3
4,25703,2987,-246,240,240,0,3
4,25704,2988,-313,258,258,0,3
4,25705,2989,-209,278,278,0,3
4,25709,2990,471,301,301,0,3
4,25710,2991,1737,324,324,0,3
4,25711,2992,3385,345,345,0,3
4,25712,2993,4690,361,361,0,3
4,25713,2994,5187,371,371,0,3
4,25714,2995,4890,377,377,0,3
4,25715,2996,4096,378,378,0,3
4,25717,2997,2843,374,374,0,3
4,25718,2998,1531,367,367,0,3
4,25722,2999,532,354,354,0,3
4,25723,3000,32,338,338,0,3
4,25724,3001,-185,320,320,0,3
4,25725,3002,-471,304,304,0,1
4,25726,3003,-675,294,294,0,2
4,25727,3004,-728,295,295,0,3
4,25728,3005,-430,309,309,0,3
4,25729,3006,46,333,333,0,3
4,25731,3007,373,363,363,0,3
4,25735,3008,348,389,389,0,3
4,25736,3009,4,400,400,0,3
4,25737,3010,-518,387,387,0,3
4,25738,3011,-758,344,344,0,3
4,25739,3012,-579,271,271,0,3
4,25740,3013,-98,177,177,0,3
4,25741,3014,348,77,77,0,3
4,25742,3015,414,-12,-12,0,3
4,25743,3016,87,-77,-77,0,3
4,25748,3017,-451,-111,-111,0,3
4,25749,3018,-810,-117,-117,0,3
4,25750,3019,-696,-108,-108,0,3
4,25751,3020,-205,-99,-99,0,3
4,25752,3021,327,-101,-101,0,1
4,25753,3022,421,-119,-119,0,2
4,25754,3023,102,-148,-148,0,3
4,25755,3024,-394,-177,-177,0,3
4,25756,3025,-762,-192,-192,0,3
4,25757,3026,-737,-187,-187,0,3
4,25761,3027,-230,-166,-166,0,3
4,25762,3028,293,-140,-140,0,3
4,25763,3029,492,-124,-124,0,3
4,25764,3030,252,-128,-128,0,3
4,25766,3031,-271,-152,-152,0,3
4,25767,3032,-696,-188,-188,0,3
4,25768,3033,-741,-219,-219,0,3
4,25769,3034,-353,-232,-232,0,3
4,25770,3035,164,-221,-221,0,3
4,25774,3036,421,-196,-196,0,3
4,25775,3037,286,-175,-175,0,3
4,25776,3038,-164,-184,-184,0,3
4,25777,3039,-614,-239,-239,0,3
4,25778,3040,-707,-341,-341,0,1
4,25780,3041,-369,-475,-475,0,2
4,25781,3042,108,-611,-611,0,3
4,25782,3043,434,-722,-722,0,3
4,25783,3044,409,-795,-795,0,3
4,25787,3045,4,-834,-834,0,3
4,25788,3046,-456,-862,-862,0,3
4,25789,3047,-717,-902,-902,0,3
4,25790,3048,-538,-957,-957,0,3
4,25791,3049,-37,-994,-994,0,3
4,25792,3050,430,-942,-942,0,3
4,25794,3051,516,-709,-709,0,3
4,25795,3052,149,-213,-213,0,3
4,25796,3053,-410,573,573,0,3
4,25800,3054,-748,1600,1600,0,3
4,25801,3055,-594,2730,2730,0,3
4,25802,3056,-123,3760,3760,0,3
4,25803,3057,450,4478,4478,0,3
4,25804,3058,544,4717,4717,0,3
4,25805,3059,205,4412,4412,0,1
4,25806,3060,-353,3619,3619,0,2
4,25808,3061,-659,2508,2508,0,3
4,25809,3062,-634,1313,1313,0,3
4,25813,3063,-168,267,267,0,3
4,25814,3064,313,-461,-461,0,3
4,25815,3065,492,-802,-802,0,3
4,25816,3066,313,-798,-798,0,3
4,25817,3067,-168,-569,-569,0,3
4,25818,3068,-594,-269,-269,0,3
4,25819,3069,-639,-32,-32,0,3
4,25820,3070,-272,68,68,0,3
4,25822,3071,225,27,27,0,3
4,25826,3072,482,-104,-104,0,3
4,25827,3073,348,-250,-250,0,3
4,25828,3074,-20,-343,-343,0,3
4,25829,3075,-512,-354,-354,0,3
4,25830,3076,-667,-292,-292,0,3
4,25831,3077,-410,-197,-197,0,3
4,25832,3078,87,-116,-116,0,1
4,25833,3079,454,-84,-84,0,2
4,25834,3080,471,-108,-108,0,3
4,25839,3081,86,-170,-170,0,3
4,25840,3082,-497,-239,-239,0,3
4,25841,3083,-696,-285,-285,0,3
4,25842,3084,-518,-291,-291,0,3
4,25843,3085,45,-261,-261,0,3
4,25844,3086,471,-212,-212,0,3
4,25845,3087,557,-166,-166,0,3
4,25846,3088,169,-140,-140,0,3
4,25847,3089,-410,-138,-138,0,3
4,25848,3090,-748,-153,-153,0,3
4,25852,3091,-573,-171,-171,0,3
4,25853,3092,-102,-182,-182,0,3
4,25854,3093,430,-180,-180,0,3
4,25855,3094,585,-166,-166,0,3
4,25857,3095,266,-150,-150,0,3
4,25858,3096,-272,-140,-140,0,3
4,25859,3097,-536,-140,-140,0,1
4,25860,3098,-430,-150,-150,0,2
4,25861,3099,57,-164,-164,0,3
4,25865,3100,579,-174,-174,0,3
4,25866,3101,778,-173,-173,0,3
4,25867,3102,538,-159,-159,0,3
4,25868,3103,78,-136,-136,0,3
4,25869,3104,-266,-111,-111,0,3
4,25871,3105,-270,-92,-92,0,3
4,25872,3106,36,-84,-84,0,3
4,25873,3107,573,-87,-87,0,3
4,25874,3108,912,-96,-96,0,3
4,25878,3109,778,-106,-106,0,3
4,25879,3110,328,-112,-112,0,3
4,25880,3111,-102,-110,-110,0,3
4,25881,3112,-277,-104,-104,0,3
4,25882,3113,-20,-96,-96,0,3
4,25883,3114,476,-90,-90,0,3
4,25885,3115,844,-87,-87,0,3
4,25886,3116,819,-88,-88,0,1
4,25887,3117,434,-90,-90,0,2
4,25891,3118,-108,-91,-91,0,3
4,25892,3119,-348,-90,-90,0,3
4,25893,3120,-190,-86,-86,0,3
4,25894,3121,373,-82,-82,0,3
4,25895,3122,839,-79,-79,0,3
4,25896,3123,905,-79,-79,0,3
4,25897,3124,558,-80,-80,0,3
4,25899,3125,-41,-81,-81,0,3
4,25900,3126,-380,-80,-80,0,3
4,25904,3127,-225,-78,-78,0,3
4,25905,3128,266,-73,-73,0,3
4,25906,3129,737,-68,-68,0,3
4,25907,3130,912,-65,-65,0,3
4,25908,3131,553,-64,-64,0,3
4,25909,3132,15,-64,-64,0,3
4,25910,3133,-332,-66,-66,0,3
4,25911,3134,-266,-68,-68,0,3
4,25913,3135,139,-70,-70,0,1
4,25917,3136,620,-72,-72,0,2
4,25918,3137,799,-74,-74,0,3
4,25919,3138,600,-75,-75,0,3
4,25920,3139,78,-76,-76,0,3
4,25921,3140,-266,-77,-77,0,3
4,25922,3141,-332,-79,-79,0,3
4,25923,3142,-5,-83,-83,0,3
4,25924,3143,430,-87,-87,0,3
4,25925,3144,687,-91,-91,0,3
4,25930,3145,594,-91,-91,0,3
4,25931,3146,164,-87,-87,0,3
4,25932,3147,-307,-80,-80,0,3
4,25933,3148,-421,-72,-72,0,3
4,25934,3149,-164,-67,-67,0,3
4,25935,3150,313,-67,-67,0,3
4,25936,3151,700,-73,-73,0,3
4,25937,3152,716,-85,-85,0,3
4,25938,3153,271,-98,-98,0,3
4,25939,3154,-231,-109,-109,0,1
4,25943,3155,-492,-112,-112,0,2
4,25944,3156,-333,-105,-105,0,3
4,25945,3157,189,-87,-87,0,3
4,25946,3158,634,-60,-60,0,3
4,25948,3159,700,-26,-26,0,3
4,25949,3160,313,12,12,0,3
4,25950,3161,-246,51,51,0,3
4,25951,3162,-564,87,87,0,3
4,25952,3163,-409,119,119,0,3
4,25956,3164,82,145,145,0,3
4,25957,3165,573,166,166,0,3
4,25958,3166,707,183,183,0,3
4,25959,3167,430,199,199,0,3
4,25960,3168,-108,216,216,0,3
4,25962,3169,-495,234,234,0,3
4,25963,3170,-430,254,254,0,3
4,25964,3171,57,272,272,0,3
4,25965,3172,477,287,287,0,3
4,25969,3173,696,297,297,0,1
4,25970,3174,436,299,299,0,2
4,25971,3175,-127,295,295,0,3
4,25972,3176,-532,286,286,0,3
4,25973,3177,-516,274,274,0,3
4,25974,3178,-149,260,260,0,3
4,25976,3179,348,247,247,0,3
4,25977,3180,646,238,238,0,3
4,25978,3181,512,235,235,0,3
4,25982,3182,82,237,237,0,3
4,25983,3183,-389,243,243,0,3
4,25984,3184,-544,251,251,0,3
4,25985,3185,-246,257,257,0,3
4,25986,3186,128,259,259,0,3
4,25987,3187,577,255,255,0,3
4,25988,3188,532,248,248,0,3
4,25990,3189,168,240,240,0,3
4,25991,3190,-333,234,234,0,3
4,25995,3191,-573,230,230,0,3
4,25996,3192,-374,228,228,0,1
4,25997,3193,168,228,228,0,2
4,25998,3194,655,226,226,0,3
4,25999,3195,700,221,221,0,3
4,26000,3196,313,213,213,0,3
4,26001,3197,-205,205,205,0,3
4,26002,3198,-523,198,198,0,3
4,26004,3199,-348,192,192,0,3
4,26008,3200,164,189,189,0,3
4,26009,3201,757,187,187,0,3
4,26010,3202,892,184,184,0,3
4,26011,3203,553,179,179,0,3
4,26012,3204,15,169,169,0,3
4,26013,3205,-270,155,155,0,3
4,26014,3206,-204,139,139,0,3
4,26015,3207,241,123,123,0,3
4,26016,3208,723,109,109,0,3
4,26021,3209,963,99,99,0,3
4,26022,3210,764,97,97,0,3
4,26023,3211,282,102,102,0,1
4,26024,3212,-82,111,111,0,2
4,26025,3213,-45,121,121,0,3
4,26026,3214,261,127,127,0,3
4,26027,3215,799,126,126,0,3
4,26028,3216,1035,119,119,0,3
4,26029,3217,901,107,107,0,3
4,26030,3218,471,93,93,0,3
4,26034,3219,41,81,81,0,3
4,26035,3220,-175,71,71,0,3
4,26036,3221,82,64,64,0,3
4,26037,3222,620,59,59,0,3
4,26039,3223,1007,54,54,0,3
4,26040,3224,901,48,48,0,3
4,26041,3225,496,43,43,0,3
4,26042,3226,-67,40,40,0,3
4,26043,3227,-184,41,41,0,3
4,26047,3228,56,47,47,0,3
4,26048,3229,578,56,56,0,3
4,26049,3230,921,68,68,0,1
4,26050,3231,905,80,80,0,2
4,26051,3232,456,88,88,0,3
4,26053,3233,-123,89,89,0,3
4,26054,3234,-462,83,83,0,3
4,26055,3235,-368,68,68,0,3
4,26056,3236,61,47,47,0,3
4,26060,3237,594,23,23,0,3
4,26061,3238,707,1,1,0,3
4,26062,3239,369,-13,-13,0,3
4,26063,3240,-210,-17,-17,0,3
4,26064,3241,-536,-9,-9,0,3
4,26065,3242,-450,7,7,0,3
4,26067,3243,-4,25,25,0,3
4,26068,3244,456,38,38,0,3
4,26069,3245,614,42,42,0,3
4,26073,3246,374,34,34,0,3
4,26074,3247,-168,18,18,0,3
4,26075,3248,-573,-3,-3,0,3
4,26076,3249,-598,-22,-22,0,1
4,26077,3250,-231,-34,-34,0,2
4,26078,3251,225,-36,-36,0,3
4,26079,3252,544,-27,-27,0,3
4,26081,3253,409,-11,-11,0,3
4,26082,3254,-20,10,10,0,3
4,26086,3255,-512,30,30,0,3
4,26087,3256,-605,44,44,0,3
4,26088,3257,-348,50,50,0,3
4,26089,3258,128,51,51,0,3
4,26090,3259,557,51,51,0,3
4,26091,3260,532,56,56,0,3
4,26092,3261,148,70,70,0,3
4,26093,3262,-374,95,95,0,3
4,26095,3263,-655,128,128,0,3
4,26099,3264,-497,164,164,0,3
4,26100,3265,-37,197,197,0,3
4,26101,3266,245,223,223,0,3
4,26102,3267,229,240,240,0,3
4,26103,3268,-302,250,250,0,1
4,26104,3269,-942,259,259,0,2
4,26105,3270,-1445,270,270,0,3
4,26106,3271,-1269,287,287,0,3
4,26107,3272,-471,310,310,0,3
4,26112,3273,491,337,337,0,3
4,26113,3274,1179,365,365,0,3
4,26114,3275,1556,390,390,0,3
4,26115,3276,2022,410,410,0,3
4,26116,3277,2843,424,424,0,3
4,26117,3278,3830,433,433,0,3
4,26118,3279,4727,436,436,0,3
4,26119,3280,5064,432,432,0,3
4,26120,3281,4280,423,423,0,3
4,26121,3282,2463,409,409,0,3
4,26125,3283,549,393,393,0,3
4,26126,3284,-778,376,376,0,3
4,26127,3285,-1151,360,360,0,3
4,26128,3286,-702,348,348,0,3
4,26130,3287,-61,342,342,0,1
4,26131,3288,400,343,343,0,2
4,26132,3289,307,350,350,0,3
4,26133,3290,-123,361,361,0,3
4,26134,3291,-594,369,369,0,3
4,26138,3292,-769,369,369,0,3
4,26139,3293,-492,352,352,0,3
4,26140,3294,-56,317,317,0,3
4,26141,3295,311,263,263,0,3
4,26142,3296,348,197,197,0,3
4,26144,3297,-37,128,128,0,3
4,26145,3298,-579,68,68,0,3
4,26146,3299,-799,25,25,0,3
4,26147,3300,-620,4,4,0,3
4,26151,3301,-78,5,5,0,3
4,26152,3302,430,18,18,0,3
4,26153,3303,454,35,35,0,3
4,26154,3304,67,43,43,0,3
4,26155,3305,-451,37,37,0,3
4,26156,3306,-748,14,14,0,1
4,26158,3307,-614,-19,-19,0,2
4,26159,3308,-102,-54,-54,0,3
4,26160,3309,348,-80,-80,0,3
4,26164,3310,482,-90,-90,0,3
4,26165,3311,143,-87,-87,0,3
4,26166,3312,-476,-76,-76,0,3
4,26167,3313,-782,-69,-69,0,3
4,26168,3314,-696,-74,-74,0,3
4,26169,3315,-250,-94,-94,0,3
4,26170,3316,231,-123,-123,0,3
4,26172,3317,430,-147,-147,0,3
4,26173,3318,129,-153,-153,0,3
4,26177,3319,-332,-133,-133,0,3
4,26178,3320,-716,-91,-91,0,3
4,26179,3321,-762,-43,-43,0,3
4,26180,3322,-394,-10,-10,0,3
4,26181,3323,102,-7,-7,0,3
4,26182,3324,380,-40,-40,0,3
4,26183,3325,286,-96,-96,0,1
4,26184,3326,-246,-155,-155,0,2
4,26186,3327,-655,-198,-198,0,3
4,26190,3328,-810,-222,-222,0,3
4,26191,3329,-512,-243,-243,0,3
4,26192,3330,-36,-290,-290,0,3
4,26193,3331,352,-394,-394,0,3
4,26194,3332,348,-558,-558,0,3
4,26195,3333,-37,-750,-750,0,3
4,26196,3334,-538,-890,-890,0,3
4,26197,3335,-758,-870,-870,0,3
4,26198,3336,-559,-586,-586,0,3
4,26203,3337,-37,21,21,0,3
4,26204,3338,389,929,929,0,3
4,26205,3339,393,2025,2025,0,3
4,26206,3340,26,3119,3119,0,3
4,26207,3341,-553,3988,3988,0,3
4,26208,3342,-912,4438,4438,0,3
4,26209,3343,-696,4358,4358,0,3
4,26210,3344,-184,3762,3762,0,1
4,26211,3345,327,2781,2781,0,2
4,26212,3346,482,1632,1632,0,3
4,26216,3347,82,553,553,0,3
4,26217,3348,-394,-262,-262,0,3
4,26218,3349,-762,-710,-710,0,3
4,26219,3350,-696,-800,-800,0,3
4,26221,3351,-250,-633,-633,0,3
4,26222,3352,252,-355,-355,0,3
4,26223,3353,430,-107,-107,0,3
4,26224,3354,149,21,21,0,3
4,26225,3355,-332,8,8,0,3
4,26229,3356,-696,-108,-108,0,3
4,26230,3357,-721,-256,-256,0,3
4,26231,3358,-374,-366,-366,0,3
4,26232,3359,123,-398,-398,0,3
4,26233,3360,339,-351,-351,0,3
4,26235,3361,204,-258,-258,0,3
4,26236,3362,-266,-162,-162,0,3
4,26237,3363,-716,-104,-104,0,1
4,26238,3364,-871,-97,-97,0,2
4,26242,3365,-676,-132,-132,0,3
4,26243,3366,-138,-183,-183,0,3
4,26244,3367,209,-221,-221,0,3
4,26245,3368,225,-226,-226,0,3
4,26246,3369,-241,-198,-198,0,3
4,26247,3370,-845,-152,-152,0,3
4,26249,3371,-1004,-110,-110,0,3
4,26250,3372,-805,-93,-93,0,3
4,26251,3373,-221,-106,-106,0,3
4,26255,3374,225,-143,-143,0,3
4,26256,3375,311,-187,-187,0,3
4,26257,3376,-77,-220,-220,0,3
4,26258,3377,-655,-231,-231,0,3
4,26259,3378,-974,-219,-219,0,3
4,26260,3379,-819,-195,-195,0,3
4,26261,3380,-287,-170,-170,0,3
4,26263,3381,225,-159,-159,0,3
4,26264,3382,400,-163,-163,0,1
4,26268,3383,41,-179,-179,0,2
4,26269,3384,-456,-198,-198,0,3
4,26270,3385,-762,-209,-209,0,3
4,26271,3386,-614,-209,-209,0,3
4,26272,3387,-148,-200,-200,0,3
4,26273,3388,374,-187,-187,0,3
4,26274,3389,594,-177,-177,0,3
4,26275,3390,374,-177,-177,0,3
4,26277,3391,-45,-184,-184,0,3
4,26281,3392,-409,-193,-193,0,3
4,26282,3393,-393,-199,-199,0,3
4,26283,3394,15,-196,-196,0,3
4,26284,3395,532,-181,-181,0,3
4,26285,3396,769,-158,-158,0,3
4,26286,3397,675,-132,-132,0,3
4,26287,3398,205,-110,-110,0,3
4,26288,3399,-245,-99,-99,0,3
4,26289,3400,-400,-103,-103,0,3
4,26294,3401,-123,-121,-121,0,1
4,26295,3402,374,-148,-148,0,2
4,26296,3403,762,-176,-176,0,3
4,26297,3404,757,-198,-198,0,3
4,26298,3405,332,-206,-206,0,3
4,26299,3406,-129,-200,-200,0,3
4,26300,3407,-410,-182,-182,0,3
4,26301,3408,-231,-159,-159,0,3
4,26302,3409,311,-137,-137,0,3
4,26303,3410,716,-122,-122,0,3
4,26307,3411,844,-117,-117,0,3
4,26308,3412,456,-121,-121,0,3
4,26309,3413,-82,-131,-131,0,3
4,26310,3414,-359,-141,-141,0,3
4,26312,3415,-163,-148,-148,0,3
4,26313,3416,328,-150,-150,0,3
4,26314,3417,757,-149,-149,0,3
4,26315,3418,871,-145,-145,0,3
4,26316,3419,532,-143,-143,0,3
4,26320,3420,-67,-144,-144,0,1
4,26321,3421,-352,-150,-150,0,2
4,26322,3422,-286,-162,-162,0,3
4,26323,3423,139,-178,-178,0,3
4,26324,3424,579,-198,-198,0,3
4,26326,3425,758,-218,-218,0,3
4,26327,3426,497,-238,-238,0,3
4,26328,3427,37,-257,-257,0,3
4,26329,3428,-348,-276,-276,0,3
4,26333,3429,-414,-296,-296,0,3
4,26334,3430,-108,-316,-316,0,3
4,26335,3431,430,-336,-336,0,3
4,26336,3432,687,-352,-352,0,3
4,26337,3433,614,-361,-361,0,3
4,26338,3434,143,-360,-360,0,3
4,26340,3435,-307,-349,-349,0,3
4,26341,3436,-421,-331,-331,0,3
4,26342,3437,-205,-312,-312,0,3
4,26346,3438,313,-297,-297,0,3
4,26347,3439,639,-290,-290,0,1
4,26348,3440,634,-290,-290,0,2
4,26349,3441,250,-295,-295,0,3
4,26350,3442,-272,-300,-300,0,3
4,26351,3443,-430,-299,-299,0,3
4,26352,3444,-293,-287,-287,0,3
4,26354,3445,230,-265,-265,0,3
4,26355,3446,655,-233,-233,0,3
4,26359,3447,700,-197,-197,0,3
4,26360,3448,333,-159,-159,0,3
4,26361,3449,-205,-122,-122,0,3
4,26362,3450,-523,-89,-89,0,3
4,26363,3451,-348,-56,-56,0,3
4,26364,3452,164,-22,-22,0,3
4,26365,3453,655,14,14,0,3
4,26366,3454,748,54,54,0,3
4,26368,3455,410,97,97,0,3
4,26372,3456,-190,140,140,0,3
4,26373,3457,-516,178,178,0,3
4,26374,3458,-450,206,206,0,1
4,26375,3459,-4,218,218,0,2
4,26376,3460,559,217,217,0,3
4,26377,3461,758,206,206,0,3
4,26378,3462,436,190,190,0,3
4,26379,3463,16,179,179,0,3
4,26380,3464,-348,175,175,0,3
4,26385,3465,-393,180,180,0,3
4,26386,3466,-87,191,191,0,3
4,26387,3467,430,202,202,0,3
4,26388,3468,707,209,209,0,3
4,26389,3469,573,208,208,0,3
4,26390,3470,123,201,201,0,3
4,26391,3471,-348,191,191,0,3
4,26392,3472,-482,183,183,0,3
4,26393,3473,-225,183,183,0,3
4,26394,3474,292,191,191,0,3
4,26398,3475,659,208,208,0,3
4,26399,3476,675,230,230,0,3
4,26400,3477,250,251,251,0,1
4,26401,3478,-252,265,265,0,2
4,26403,3479,-553,269,269,0,3
4,26404,3480,-354,262,262,0,3
4,26405,3481,189,246,246,0,3
4,26406,3482,655,226,226,0,3
4,26407,3483,741,205,205,0,3
4,26411,3484,415,189,189,0,3
4,26412,3485,-82,179,179,0,3
4,26413,3486,-380,173,173,0,3
4,26414,3487,-122,168,168,0,3
4,26415,3488,369,158,158,0,3
4,26417,3489,901,144,144,0,3
4,26418,3490,1015,126,126,0,3
4,26419,3491,696,108,108,0,3
4,26420,3492,199,95,95,0,3
4,26424,3493,-127,90,90,0,3
4,26425,3494,-20,94,94,0,3
4,26426,3495,405,102,102,0,3
4,26427,3496,968,111,111,0,1
4,26428,3497,1126,115,115,0,2
4,26429,3498,907,112,112,0,3
4,26431,3499,467,103,103,0,3
4,26432,3500,0,92,92,0,3
4,26433,3501,-24,82,82,0,3
4,26437,3502,302,77,77,0,3
4,26438,3503,778,78,78,0,3
4,26439,3504,1035,83,83,0,3
4,26440,3505,962,91,91,0,3
4,26441,3506,532,98,98,0,3
4,26442,3507,62,100,100,0,3
4,26443,3508,-155,98,98,0,3
4,26445,3509,123,91,91,0,3
4,26446,3510,661,83,83,0,3
4,26450,3511,1110,78,78,0,3
4,26451,3512,1167,78,78,0,3
4,26452,3513,783,82,82,0,3
4,26453,3514,219,90,90,0,3
4,26454,3515,-82,98,98,0,1
4,26455,3516,-26,99,99,0,2
4,26456,3517,475,94,94,0,3
4,26457,3518,839,81,81,0,3
4,26459,3519,885,64,64,0,3
4,26463,3520,415,48,48,0,3
4,26464,3521,-184,39,39,0,3
4,26465,3522,-523,40,40,0,3
4,26466,3523,-389,50,50,0,3
4,26467,3524,61,66,66,0,3
4,26468,3525,512,84,84,0,3
4,26469,3526,646,99,99,0,3
4,26470,3527,389,108,108,0,3
4,26471,3528,-190,109,109,0,3
4,26476,3529,-516,104,104,0,3
4,26477,3530,-450,95,95,0,3
4,26478,3531,-25,82,82,0,3
4,26479,3532,456,70,70,0,3
4,26480,3533,635,59,59,0,3
4,26481,3534,354,53,53,0,1
4,26482,3535,-86,53,53,0,2
4,26483,3536,-573,58,58,0,3
4,26484,3537,-516,66,66,0,3
4,26485,3538,-128,71,71,0,3
4,26489,3539,307,72,72,0,3
4,26490,3540,523,66,66,0,3
4,26491,3541,471,55,55,0,3
4,26492,3542,61,43,43,0,3
4,26494,3543,-430,34,34,0,3
4,26495,3544,-564,34,34,0,3
4,26496,3545,-287,48,48,0,3
4,26497,3546,128,75,75,0,3
4,26498,3547,454,114,114,0,3
4,26502,3548,389,160,160,0,3
4,26503,3549,-160,208,208,0,3
4,26504,3550,-784,253,253,0,3
4,26505,3551,-1085,290,290,0,3
4,26506,3552,-1009,320,320,0,3
4,26508,3553,-651,342,342,0,1
4,26509,3554,-205,361,361,0,2
4,26510,3555,24,378,378,0,3
4,26511,3556,26,398,398,0,3
4,26515,3557,-41,421,421,0,3
4,26516,3558,214,444,444,0,3
4,26517,3559,1168,465,465,0,3
4,26518,3560,2765,480,480,0,3
4,26519,3561,4382,488,488,0,3
4,26520,3562,5356,488,488,0,3
4,26522,3563,5407,482,482,0,3
4,26523,3564,4521,471,471,0,3
4,26524,3565,3027,459,459,0,3
4,26528,3566,1475,446,446,0,3
4,26529,3567,487,432,432,0,3
4,26530,3568,129,418,418,0,3
4,26531,3569,41,407,407,0,3
4,26532,3570,-138,401,401,0,3
4,26533,3571,-475,405,405,0,3
4,26534,3572,-696,420,420,0,1
4,26536,3573,-700,445,445,0,2
4,26537,3574,-353,476,476,0,3
4,26541,3575,164,505,505,0,3
4,26542,3576,441,522,522,0,3
4,26543,3577,348,521,521,0,3
4,26544,3578,-82,496,496,0,3
4,26545,3579,-573,447,447,0,3
4,26546,3580,-707,377,377,0,3
4,26547,3581,-471,294,294,0,3
4,26548,3582,5,210,210,0,3
4,26550,3583,373,135,135,0,3
4,26554,3584,409,76,76,0,3
4,26555,3585,-16,39,39,0,3
4,26556,3586,-579,21,21,0,3
4,26557,3587,-799,15,15,0,3
4,26558,3588,-620,12,12,0,3
4,26559,3589,-98,5,5,0,3
4,26560,3590,389,-8,-8,0,3
4,26561,3591,434,-24,-24,0,1
4,26562,3592,46,-36,-36,0,2
4,26567,3593,-532,-38,-38,0,3
4,26568,3594,-830,-29,-29,0,3
4,26569,3595,-696,-13,-13,0,3
4,26570,3596,-164,0,0,0,3
4,26571,3597,348,-1,-1,0,3
4,26572,3598,482,-22,-22,0,3
4,26573,3599,102,-58,-58,0,3
4,26574,3600,-435,-97,-97,0,3
4,26575,3601,-762,-122,-122,0,3
4,26576,3602,-675,-120,-120,0,3
4,26580,3603,-250,-90,-90,0,3
4,26581,3604,252,-41,-41,0,3
4,26582,3605,430,6,6,0,3
4,26583,3606,190,28,28,0,3
4,26585,3607,-311,9,9,0,3
4,26586,3608,-696,-51,-51,0,3
4,26587,3609,-700,-138,-138,0,3
4,26588,3610,-353,-227,-227,0,1
4,26589,3611,102,-298,-298,0,2
4,26593,3612,339,-342,-342,0,3
4,26594,3613,245,-373,-373,0,3
4,26595,3614,-184,-417,-417,0,3
4,26596,3615,-675,-501,-501,0,3
4,26597,3616,-789,-627,-627,0,3
4,26599,3617,-532,-760,-760,0,3
4,26600,3618,-56,-822,-822,0,3
4,26601,3619,311,-710,-710,0,3
4,26602,3620,327,-328,-328,0,3
4,26606,3621,-37,369,369,0,3
4,26607,3622,-518,1344,1344,0,3
4,26608,3623,-778,2470,2470,0,3
4,26609,3624,-600,3549,3549,0,3
4,26610,3625,-98,4356,4356,0,3
4,26611,3626,368,4710,4710,0,3
4,26613,3627,454,4520,4520,0,3
4,26614,3628,5,3820,3820,0,3
4,26615,3629,-553,2759,2759,0,1
4,26619,3630,-851,1565,1565,0,2
4,26620,3631,-696,475,475,0,3
4,26621,3632,-225,-326,-326,0,3
4,26622,3633,286,-750,-750,0,3
4,26623,3634,359,-818,-818,0,3
4,26624,3635,82,-635,-635,0,3
4,26625,3636,-476,-349,-349,0,3
4,26627,3637,-782,-95,-95,0,3
4,26628,3638,-696,40,40,0,3
4,26632,3639,-291,38,38,0,3
4,26633,3640,231,-62,-62,0,3
4,26634,3641,451,-194,-194,0,3
4,26635,3642,190,-292,-292,0,3
4,26636,3643,-271,-320,-320,0,3
4,26637,3644,-675,-279,-279,0,3
4,26638,3645,-721,-202,-202,0,3
4,26639,3646,-394,-130,-130,0,3
4,26641,3647,102,-98,-98,0,3
4,26645,3648,339,-115,-115,0,1
4,26646,3649,204,-168,-168,0,2
4,26647,3650,-205,-228,-228,0,3
4,26648,3651,-675,-270,-270,0,3
4,26649,3652,-851,-276,-276,0,3
4,26650,3653,-594,-250,-250,0,3
4,26651,3654,-138,-207,-207,0,3
4,26652,3655,250,-169,-169,0,3
4,26653,3656,225,-151,-151,0,3
4,26658,3657,-180,-158,-158,0,3
4,26659,3658,-682,-181,-181,0,3
4,26660,3659,-983,-207,-207,0,3
4,26661,3660,-743,-221,-221,0,3
4,26662,3661,-241,-218,-218,0,3
4,26663,3662,225,-198,-198,0,3
4,26664,3663,270,-172,-172,0,3
4,26665,3664,-138,-149,-149,0,3
4,26666,3665,-635,-137,-137,0,3
4,26667,3666,-974,-140,-140,0,3
4,26671,3667,-757,-151,-151,0,1
4,26672,3668,-287,-166,-166,0,2
4,26673,3669,245,-176,-176,0,3
4,26674,3670,441,-178,-178,0,3
4,26676,3671,143,-173,-173,0,3
4,26677,3672,-313,-163,-163,0,3
4,26678,3673,-598,-156,-156,0,3
4,26679,3674,-430,-154,-154,0,3
4,26680,3675,16,-161,-161,0,3
4,26684,3676,538,-174,-174,0,3
4,26685,3677,737,-191,-191,0,3
4,26686,3678,518,-204,-204,0,3
4,26687,3679,98,-212,-212,0,3
4,26688,3680,-266,-211,-211,0,3
4,26690,3681,-270,-203,-203,0,3
4,26691,3682,77,-190,-190,0,3
4,26692,3683,594,-175,-175,0,3
4,26693,3684,810,-161,-161,0,3
4,26697,3685,737,-149,-149,0,3
4,26698,3686,307,-141,-141,0,1
4,26699,3687,-143,-136,-136,0,2
4,26700,3688,-359,-136,-136,0,3
4,26701,3689,-20,-140,-140,0,3
4,26702,3690,476,-148,-148,0,3
4,26704,3691,864,-160,-160,0,3
4,26705,3692,860,-171,-171,0,3
4,26706,3693,455,-182,-182,0,3
4,26710,3694,-47,-189,-189,0,3
4,26711,3695,-328,-193,-193,0,3
4,26712,3696,-108,-194,-194,0,3
4,26713,3697,414,-192,-192,0,3
4,26714,3698,901,-190,-190,0,3
4,26715,3699,946,-186,-186,0,3
4,26716,3700,579,-180,-180,0,3
4,26718,3701,41,-171,-171,0,3
4,26719,3702,-318,-159,-159,0,3
4,26723,3703,-163,-145,-145,0,3
4,26724,3704,348,-134,-134,0,3
4,26725,3705,819,-126,-126,0,1
4,26726,3706,892,-125,-125,0,2
4,26727,3707,573,-130,-130,0,3
4,26728,3708,15,-140,-140,0,3
4,26729,3709,-311,-154,-154,0,3
4,26730,3710,-266,-167,-167,0,3
4,26732,3711,201,-181,-181,0,3
4,26736,3712,682,-195,-195,0,3
4,26737,3713,860,-208,-208,0,3
4,26738,3714,620,-221,-221,0,3
4,26739,3715,98,-234,-234,0,3
4,26740,3716,-266,-247,-247,0,3
4,26741,3717,-332,-261,-261,0,3
4,26742,3718,15,-276,-276,0,3
4,26743,3719,512,-290,-290,0,3
4,26744,3720,748,-302,-302,0,3
4,26749,3721,614,-310,-310,0,3
4,26750,3722,184,-314,-314,0,3
4,26751,3723,-266,-314,-314,0,3
4,26752,3724,-421,-312,-312,0,1
4,26753,3725,-123,-312,-312,0,2
4,26754,3726,353,-315,-315,0,3
4,26755,3727,741,-320,-320,0,3
4,26756,3728,737,-326,-326,0,3
4,26757,3729,271,-327,-327,0,3
4,26758,3730,-211,-318,-318,0,3
4,26762,3731,-492,-296,-296,0,3
4,26763,3732,-272,-259,-259,0,3
4,26764,3733,271,-211,-211,0,3
4,26765,3734,737,-154,-154,0,3
4,26767,3735,782,-94,-94,0,3
4,26768,3736,415,-36,-36,0,3
4,26769,3737,-184,17,17,0,3
4,26770,3738,-503,63,63,0,3
4,26771,3739,-348,103,103,0,3
4,26775,3740,164,136,136,0,3
4,26776,3741,614,166,166,0,3
4,26777,3742,748,192,192,0,3
4,26778,3743,430,215,215,0,1
4,26779,3744,-108,236,236,0,2
4,26781,3745,-454,252,252,0,3
4,26782,3746,-389,263,263,0,3
4,26783,3747,37,267,267,0,3
4,26784,3748,559,265,265,0,3
4,26788,3749,758,260,260,0,3
4,26789,3750,518,255,255,0,3
4,26790,3751,37,253,253,0,3
4,26791,3752,-348,257,257,0,3
4,26792,3753,-352,265,265,0,3
4,26793,3754,-67,274,274,0,3
4,26795,3755,492,282,282,0,3
4,26796,3756,707,287,287,0,3
4,26797,3757,594,289,289,0,3
4,26801,3758,205,291,291,0,3
4,26802,3759,-307,293,293,0,3
4,26803,3760,-482,296,296,0,3
4,26804,3761,-184,302,302,0,3
4,26805,3762,313,308,308,0,1
4,26806,3763,700,312,312,0,2
4,26807,3764,655,314,314,0,3
4,26809,3765,271,310,310,0,3
4,26810,3766,-231,302,302,0,3
4,26814,3767,-492,290,290,0,3
4,26815,3768,-272,276,276,0,3
4,26816,3769,250,260,260,0,3
4,26817,3770,716,246,246,0,3
4,26818,3771,762,234,234,0,3
4,26819,3772,394,226,226,0,3
4,26820,3773,-184,224,224,0,3
4,26821,3774,-482,224,224,0,3
4,26823,3775,-307,226,226,0,3
4,26827,3776,184,227,227,0,3
4,26828,3777,696,223,223,0,3
4,26829,3778,830,214,214,0,3
4,26830,3779,573,201,201,0,3
4,26831,3780,-26,186,186,0,3
4,26832,3781,-332,170,170,0,1
4,26833,3782,-184,156,156,0,2
4,26834,3783,323,145,145,0,3
4,26835,3784,825,138,138,0,3
4,26840,3785,1024,134,134,0,3
4,26841,3786,784,134,134,0,3
4,26842,3787,323,135,135,0,3
4,26843,3788,-20,137,137,0,3
4,26844,3789,-45,137,137,0,3
4,26845,3790,343,134,134,0,3
4,26846,3791,881,129,129,0,3
4,26847,3792,1179,122,122,0,3
4,26848,3793,1065,117,117,0,3
4,26849,3794,655,116,116,0,3
4,26853,3795,164,118,118,0,3
4,26854,3796,30,124,124,0,3
4,26855,3797,246,129,129,0,3
4,26856,3798,722,131,131,0,3
4,26858,3799,1069,129,129,0,3
4,26859,3800,1065,122,122,0,1
4,26860,3801,701,112,112,0,2
4,26861,3802,97,101,101,0,3
4,26862,3803,-123,92,92,0,3
4,26866,3804,56,86,86,0,3
4,26867,3805,619,83,83,0,3
4,26868,3806,1146,83,83,0,3
4,26869,3807,1233,84,84,0,3
4,26870,3808,784,86,86,0,3
4,26872,3809,123,88,88,0,3
4,26873,3810,-257,92,92,0,3
4,26874,3811,-163,97,97,0,3
4,26875,3812,246,102,102,0,3
4,26879,3813,696,107,107,0,3
4,26880,3814,769,113,113,0,3
4,26881,3815,430,117,117,0,3
4,26882,3816,-67,121,121,0,3
4,26883,3817,-414,123,123,0,3
4,26884,3818,-409,123,123,0,3
4,26886,3819,16,119,119,0,1
4,26887,3820,497,112,112,0,2
4,26888,3821,696,103,103,0,3
4,26892,3822,456,93,93,0,3
4,26893,3823,-25,85,85,0,3
4,26894,3824,-430,80,80,0,3
4,26895,3825,-414,78,78,0,3
4,26896,3826,-67,78,78,0,3
4,26897,3827,410,80,80,0,3
4,26898,3828,667,82,82,0,3
4,26900,3829,532,85,85,0,3
4,26901,3830,61,89,89,0,3
4,26905,3831,-368,95,95,0,3
4,26906,3832,-523,100,100,0,3
4,26907,3833,-246,105,105,0,3
4,26908,3834,231,107,107,0,3
4,26909,3835,659,107,107,0,3
4,26910,3836,614,105,105,0,3
4,26911,3837,189,104,104,0,3
4,26912,3838,-313,105,105,0,1
4,26914,3839,-553,111,111,0,2
4,26918,3840,-374,123,123,0,3
4,26919,3841,86,141,141,0,3
4,26920,3842,491,164,164,0,3
4,26921,3843,393,192,192,0,3
4,26922,3844,-138,222,222,0,3
4,26923,3845,-799,255,255,0,3
4,26924,3846,-1158,287,287,0,3
4,26925,3847,-1126,319,319,0,3
4,26926,3848,-717,348,348,0,3
4,26931,3849,-123,373,373,0,3
4,26932,3850,380,396,396,0,3
4,26933,3851,635,418,418,0,3
4,26934,3852,711,441,441,0,3
4,26935,3853,1163,466,466,0,3
4,26936,3854,2171,493,493,0,3
4,26937,3855,3744,520,520,0,3
4,26938,3856,5187,542,542,0,3
4,26939,3857,5960,556,556,0,1
4,26940,3858,5638,559,559,0,2
4,26944,3859,4542,550,550,0,3
4,26945,3860,2765,530,530,0,3
4,26946,3861,979,501,501,0,3
4,26947,3862,56,469,469,0,3
4,26949,3863,-41,441,441,0,3
4,26950,3864,155,423,423,0,3
4,26951,3865,204,420,420,0,3
4,26952,3866,-82,432,432,0,3
4,26953,3867,-471,456,456,0,3
4,26957,3868,-605,482,482,0,3
4,26958,3869,-348,501,501,0,3
4,26959,3870,128,501,501,0,3
4,26960,3871,495,477,477,0,3
4,26961,3872,471,429,429,0,3
4,26963,3873,66,362,362,0,3
4,26964,3874,-415,285,285,0,3
4,26965,3875,-655,209,209,0,3
4,26966,3876,-497,145,145,0,1
4,26970,3877,4,97,97,0,2
4,26971,3878,471,69,69,0,3
4,26972,3879,536,58,58,0,3
4,26973,3880,169,57,57,0,3
4,26974,3881,-410,60,60,0,3
4,26975,3882,-748,58,58,0,3
4,26977,3883,-573,49,49,0,3
4,26978,3884,-102,31,31,0,3
4,26979,3885,348,9,9,0,3
4,26983,3886,503,-7,-7,0,3
4,26984,3887,164,-12,-12,0,3
4,26985,3888,-415,-1,-1,0,3
4,26986,3889,-741,20,20,0,3
4,26987,3890,-675,44,44,0,3
4,26988,3891,-189,56,56,0,3
4,26989,3892,252,48,48,0,3
4,26991,3893,471,18,18,0,3
4,26992,3894,231,-24,-24,0,3
4,26996,3895,-271,-64,-64,0,1
4,26997,3896,-675,-84,-84,0,2
4,26998,3897,-700,-75,-75,0,3
4,26999,3898,-333,-38,-38,0,3
4,27000,3899,164,10,10,0,3
4,27001,3900,421,49,49,0,3
4,27002,3901,348,57,57,0,3
4,27003,3902,-102,23,23,0,3
4,27005,3903,-532,-47,-47,0,3
4,27009,3904,-667,-139,-139,0,3
4,27010,3905,-389,-231,-231,0,3
4,27011,3906,87,-308,-308,0,3
4,27012,3907,475,-370,-370,0,3
4,27013,3908,491,-431,-431,0,3
4,27014,3909,66,-508,-508,0,3
4,27015,3910,-436,-608,-608,0,3
4,27016,3911,-676,-709,-709,0,3
4,27017,3912,-497,-752,-752,0,3
4,27022,3913,66,-651,-651,0,3
4,27023,3914,409,-314,-314,0,1
4,27024,3915,516,316,316,0,2
4,27025,3916,169,1235,1235,0,3
4,27026,3917,-389,2350,2350,0,3
4,27027,3918,-728,3491,3491,0,3
4,27028,3919,-594,4445,4445,0,3
4,27029,3920,-102,5010,5010,0,3
4,27030,3921,409,5052,5052,0,3
4,27031,3922,544,4551,4551,0,3
4,27035,3923,205,3606,3606,0,3
4,27036,3924,-353,2415,2415,0,3
4,27037,3925,-700,1217,1217,0,3
4,27038,3926,-634,230,230,0,3
4,27040,3927,-168,-410,-410,0,3
4,27041,3928,313,-670,-670,0,3
4,27042,3929,512,-619,-619,0,3
4,27043,3930,272,-387,-387,0,3
4,27044,3931,-189,-122,-122,0,3
4,27048,3932,-614,63,63,0,3
4,27049,3933,-618,115,115,0,1
4,27050,3934,-251,47,47,0,2
4,27051,3935,287,-84,-84,0,3
4,27052,3936,482,-208,-208,0,3
4,27054,3937,450,-273,-273,0,3
4,27055,3938,-20,-260,-260,0,3
4,27056,3939,-471,-189,-189,0,3
4,27057,3940,-667,-101,-101,0,3
4,27061,3941,-389,-37,-37,0,3
4,27062,3942,46,-22,-22,0,3
4,27063,3943,454,-58,-58,0,3
4,27064,3944,471,-123,-123,0,3
4,27065,3945,45,-187,-187,0,3
4,27066,3946,-436,-224,-224,0,3
4,27068,3947,-717,-225,-225,0,3
4,27069,3948,-518,-198,-198,0,3
4,27070,3949,-16,-161,-161,0,3
4,27074,3950,409,-135,-135,0,3
4,27075,3951,454,-131,-131,0,3
4,27076,3952,149,-148,-148,0,1
4,27077,3953,-410,-176,-176,0,2
4,27078,3954,-748,-199,-199,0,3
4,27079,3955,-553,-208,-208,0,3
4,27080,3956,-41,-199,-199,0,3
4,27082,3957,409,-179,-179,0,3
4,27083,3958,544,-158,-158,0,3
4,27087,3959,184,-143,-143,0,3
4,27088,3960,-394,-140,-140,0,3
4,27089,3961,-639,-145,-145,0,3
4,27090,3962,-573,-154,-154,0,3
4,27091,3963,-107,-159,-159,0,3
4,27092,3964,333,-154,-154,0,3
4,27093,3965,512,-141,-141,0,3
4,27094,3966,313,-120,-120,0,3
4,27096,3967,-148,-99,-99,0,3
4,27100,3968,-532,-81,-81,0,3
4,27101,3969,-516,-70,-70,0,3
4,27102,3970,-149,-67,-67,0,3
4,27103,3971,430,-67,-67,0,1
4,27104,3972,728,-69,-69,0,2
4,27105,3973,655,-69,-69,0,3
4,27106,3974,205,-68,-68,0,3
4,27107,3975,-204,-65,-65,0,3
4,27108,3976,-298,-63,-63,0,3
4,27113,3977,0,-63,-63,0,3
4,27114,3978,476,-67,-67,0,3
4,27115,3979,905,-73,-73,0,3
4,27116,3980,901,-81,-81,0,3
4,27117,3981,434,-87,-87,0,3
4,27118,3982,-67,-91,-91,0,3
4,27119,3983,-287,-91,-91,0,3
4,27120,3984,-108,-90,-90,0,3
4,27121,3985,393,-87,-87,0,3
4,27122,3986,860,-86,-86,0,3
4,27126,3987,926,-85,-85,0,3
4,27127,3988,538,-85,-85,0,3
4,27128,3989,0,-86,-86,0,3
4,27129,3990,-318,-86,-86,0,1
4,27131,3991,-184,-86,-86,0,2
4,27132,3992,328,-85,-85,0,3
4,27133,3993,798,-83,-83,0,3
4,27134,3994,912,-79,-79,0,3
4,27135,3995,594,-72,-72,0,3
4,27139,3996,36,-60,-60,0,3
4,27140,3997,-311,-46,-46,0,3
4,27141,3998,-225,-33,-33,0,3
4,27142,3999,221,-24,-24,0,3
4,27143,4000,702,-23,-23,0,3
4,27145,4001,922,-30,-30,0,3
4,27146,4002,661,-43,-43,0,3
4,27147,4003,201,-58,-58,0,3
4,27148,4004,-204,-71,-71,0,3
4,27152,4005,-229,-80,-80,0,3
4,27153,4006,118,-84,-84,0,3
4,27154,4007,594,-85,-85,0,3
4,27155,4008,810,-85,-85,0,3
4,27156,4009,696,-86,-86,0,1
4,27157,4010,307,-90,-90,0,2
4,27159,4011,-102,-97,-97,0,3
4,27160,4012,-236,-104,-104,0,3
4,27161,4013,41,-110,-110,0,3
4,27165,4014,517,-114,-114,0,3
4,27166,4015,885,-113,-113,0,3
4,27167,4016,901,-109,-109,0,3
4,27168,4017,496,-103,-103,0,3
4,27169,4018,-6,-96,-96,0,3
4,27170,4019,-225,-91,-91,0,3
4,27171,4020,-67,-89,-89,0,3
4,27173,4021,496,-90,-90,0,3
4,27174,4022,1003,-93,-93,0,3
4,27178,4023,1089,-97,-97,0,3
4,27179,4024,722,-99,-99,0,3
4,27180,4025,143,-98,-98,0,3
4,27181,4026,-155,-93,-93,0,3
4,27182,4027,0,-87,-87,0,3
4,27183,4028,594,-78,-78,0,1
4,27184,4029,1044,-68,-68,0,2
4,27185,4030,1076,-56,-56,0,3
4,27187,4031,737,-39,-39,0,3
4,27191,4032,322,-14,-14,0,3
4,27192,4033,58,18,18,0,3
4,27193,4034,82,56,56,0,3
4,27194,4035,467,98,98,0,3
4,27195,4036,927,140,140,0,3
4,27196,4037,1106,179,179,0,3
4,27197,4038,886,212,212,0,3
4,27198,4039,364,239,239,0,3
4,27199,4040,-82,260,260,0,3
4,27200,4041,-209,276,276,0,3
4,27204,4042,97,286,286,0,3
4,27205,4043,492,291,291,0,3
4,27206,4044,769,291,291,0,3
4,27207,4045,634,289,289,0,3
4,27208,4046,205,284,284,0,3
4,27209,4047,-348,279,279,0,1
4,27210,4048,-523,274,274,0,2
4,27211,4049,-246,270,270,0,3
4,27212,4050,210,268,268,0,3
4,27213,4051,557,266,266,0,3
4,27217,4052,532,266,266,0,3
4,27218,4053,148,266,266,0,3
4,27219,4054,-374,265,265,0,3
4,27220,4055,-676,263,263,0,3
4,27221,4056,-497,258,258,0,3
4,27222,4057,45,250,250,0,3
4,27223,4058,491,240,240,0,3
4,27224,4059,557,231,231,0,3
4,27225,4060,190,225,225,0,3
4,27226,4061,-348,225,225,0,3
4,27230,4062,-687,231,231,0,3
4,27231,4063,-471,242,242,0,3
4,27232,4064,41,254,254,0,3
4,27233,4065,491,262,262,0,3
4,27234,4066,626,264,264,0,1
4,27235,4067,348,259,259,0,2
4,27236,4068,-231,248,248,0,3
4,27237,4069,-536,235,235,0,3
4,27238,4070,-491,224,224,0,3
4,27239,4071,-25,217,217,0,3
4,27243,4072,415,217,217,0,3
4,27244,4073,655,225,225,0,3
4,27245,4074,333,239,239,0,3
4,27246,4075,-127,257,257,0,3
4,27247,4076,-594,274,274,0,3
4,27248,4077,-741,287,287,0,3
4,27249,4078,-497,294,294,0,3
4,27250,4079,-164,296,296,0,3
4,27251,4080,-50,295,295,0,3
4,27252,4081,-185,297,297,0,3
4,27256,4082,-778,304,304,0,3
4,27257,4083,-1331,320,320,0,3
4,27258,4084,-1342,343,343,0,3
4,27259,4085,-655,370,370,0,1
4,27260,4086,435,397,397,0,2
4,27261,4087,1478,419,419,0,3
4,27262,4088,2109,433,433,0,3
4,27263,4089,2646,439,439,0,3
4,27264,4090,3169,441,441,0,3
4,27265,4091,3871,440,440,0,3
4,27269,4092,4541,442,442,0,3
4,27270,4093,5165,447,447,0,3
4,27271,4094,5017,457,457,0,3
4,27272,4095,3690,472,472,1,3
4,27392,4096,1582,488,488,0,3
4,27393,4097,-205,503,503,0,3
4,27394,4098,-1097,512,512,0,3
4,27395,4099,-921,510,510,0,3
4,27399,4100,-225,494,494,0,3
4,27400,4101,409,463,463,0,3
4,27401,4102,585,418,418,0,3
4,27402,4103,205,364,364,0,3
4,27404,4104,-374,308,308,0,1
4,27405,4105,-659,255,255,0,2
4,27406,4106,-655,208,208,0,3
4,27407,4107,-168,167,167,0,3
4,27408,4108,293,130,130,0,3
4,27412,4109,471,96,96,0,3
4,27413,4110,211,63,63,0,3
4,27414,4111,-230,31,31,0,3
4,27415,4112,-614,2,2,0,3
4,27416,4113,-680,-22,-22,0,3
4,27418,4114,-313,-40,-40,0,3
4,27419,4115,164,-52,-52,0,3
4,27420,4116,441,-60,-60,0,3
4,27421,4117,286,-68,-68,0,3
4,27425,4118,-164,-79,-79,0,3
4,27426,4119,-594,-95,-95,0,3
4,27427,4120,-728,-114,-114,0,3
4,27428,4121,-451,-131,-131,0,3
4,27429,4122,46,-139,-139,0,3
4,27430,4123,454,-132,-132,0,1
4,27432,4124,430,-112,-112,0,2
4,27433,4125,-16,-82,-82,0,3
4,27434,4126,-497,-53,-53,0,3
4,27438,4127,-819,-35,-35,0,3
4,27439,4128,-641,-34,-34,0,3
4,27440,4129,-78,-49,-49,0,3
4,27441,4130,327,-70,-70,0,3
4,27442,4131,454,-84,-84,0,3
4,27443,4132,87,-79,-79,0,3
4,27444,4133,-430,-53,-53,0,3
4,27446,4134,-769,-15,-15,0,3
4,27447,4135,-634,18,18,0,3
4,27451,4136,-123,25,25,0,3
4,27452,4137,409,-9,-9,0,3
4,27453,4138,523,-83,-83,0,3
4,27454,4139,164,-184,-184,0,3
4,27455,4140,-374,-292,-292,0,3
4,27456,4141,-700,-389,-389,0,3
4,27457,4142,-696,-471,-471,0,1
4,27458,4143,-230,-548,-548,0,2
4,27460,4144,252,-633,-633,0,3
4,27464,4145,410,-730,-730,0,3
4,27465,4146,170,-819,-819,0,3
4,27466,4147,-291,-845,-845,0,3
4,27467,4148,-634,-729,-729,0,3
4,27468,4149,-680,-388,-388,0,3
4,27469,4150,-292,232,232,0,3
4,27470,4151,143,1122,1122,0,3
4,27471,4152,441,2195,2195,0,3
4,27472,4153,327,3288,3288,0,3
4,27477,4154,-123,4202,4202,0,3
4,27478,4155,-553,4742,4742,0,3
4,27479,4156,-667,4783,4783,0,3
4,27480,4157,-451,4302,4302,0,3
4,27481,4158,67,3397,3397,0,3
4,27482,4159,475,2254,2254,0,3
4,27483,4160,450,1105,1105,0,3
4,27484,4161,45,160,160,0,1
4,27485,4162,-497,-448,-448,0,2
4,27486,4163,-737,-686,-686,0,3
4,27490,4164,-559,-623,-623,0,3
4,27491,4165,-57,-389,-389,0,3
4,27492,4166,430,-130,-130,0,3
4,27493,4167,495,43,43,0,3
4,27495,4168,67,82,82,0,3
4,27496,4169,-430,2,2,0,3
4,27497,4170,-769,-137,-137,0,3
4,27498,4171,-614,-263,-263,0,3
4,27499,4172,-102,-324,-324,0,3
4,27503,4173,389,-305,-305,0,3
4,27504,4174,503,-228,-228,0,3
4,27505,4175,164,-136,-136,0,3
4,27506,4176,-394,-72,-72,0,3
4,27507,4177,-741,-61,-61,0,3
4,27509,4178,-655,-102,-102,0,3
4,27510,4179,-189,-172,-172,0,3
4,27511,4180,313,-237,-237,0,1
4,27512,4181,512,-270,-270,0,2
4,27516,4182,211,-260,-260,0,3
4,27517,4183,-250,-214,-214,0,3
4,27518,4184,-696,-154,-154,0,3
4,27519,4185,-700,-106,-106,0,3
4,27520,4186,-374,-89,-89,0,3
4,27521,4187,123,-106,-106,0,3
4,27523,4188,339,-147,-147,0,3
4,27524,4189,225,-192,-192,0,3
4,27525,4190,-184,-224,-224,0,3
4,27529,4191,-634,-232,-232,0,3
4,27530,4192,-789,-218,-218,0,3
4,27531,4193,-492,-191,-191,0,3
4,27532,4194,-15,-162,-162,0,3
4,27533,4195,414,-142,-142,0,3
4,27534,4196,409,-134,-134,0,3
4,27535,4197,25,-134,-134,0,3
4,27537,4198,-497,-137,-137,0,3
4,27538,4199,-758,-135,-135,0,1
4,27542,4200,-579,-128,-128,0,2
4,27543,4201,-16,-118,-118,0,3
4,27544,4202,491,-110,-110,0,3
4,27545,4203,536,-109,-109,0,3
4,27546,4204,169,-117,-117,0,3
4,27547,4205,-410,-132,-132,0,3
4,27548,4206,-646,-150,-150,0,3
4,27549,4207,-450,-163,-163,0,3
4,27551,4208,61,-169,-169,0,3
4,27555,4209,553,-166,-166,0,3
4,27556,4210,707,-156,-156,0,3
4,27557,4211,389,-141,-141,0,3
4,27558,4212,-190,-126,-126,0,3
4,27559,4213,-475,-114,-114,0,3
4,27560,4214,-389,-107,-107,0,3
4,27561,4215,98,-105,-105,0,3
4,27562,4216,620,-107,-107,0,3
4,27563,4217,840,-110,-110,0,3
4,27568,4218,559,-109,-109,0,1
4,27569,4219,78,-104,-104,0,2
4,27570,4220,-327,-94,-94,0,3
4,27571,4221,-352,-81,-81,0,3
4,27572,4222,15,-72,-72,0,3
4,27573,4223,430,-67,-67,0,3
4,27574,4224,748,-69,-69,0,3
4,27575,4225,532,-77,-77,0,3
4,27576,4226,143,-88,-88,0,3
4,27577,4227,-286,-99,-99,0,3
4,27581,4228,-421,-108,-108,0,3
4,27582,4229,-82,-112,-112,0,3
4,27583,4230,415,-112,-112,0,3
4,27584,4231,782,-108,-108,0,3
4,27586,4232,778,-103,-103,0,3
4,27587,4233,332,-99,-99,0,3
4,27588,4234,-170,-96,-96,0,3
4,27589,4235,-430,-97,-97,0,3
4,27590,4236,-231,-101,-101,0,3
4,27594,4237,250,-107,-107,0,1
4,27595,4238,716,-113,-113,0,2
4,27596,4239,803,-116,-116,0,3
4,27597,4240,394,-116,-116,0,3
4,27598,4241,-164,-112,-112,0,3
4,27600,4242,-462,-106,-106,0,3
4,27601,4243,-348,-100,-100,0,3
4,27602,4244,184,-97,-97,0,3
4,27603,4245,655,-100,-100,0,3
4,27607,4246,810,-111,-111,0,3
4,27608,4247,430,-126,-126,0,3
4,27609,4248,-128,-145,-145,0,3
4,27610,4249,-475,-163,-163,0,3
4,27611,4250,-409,-179,-179,0,3
4,27612,4251,-45,-191,-191,0,3
4,27614,4252,415,-199,-199,0,3
4,27615,4253,594,-201,-201,0,3
4,27616,4254,354,-199,-199,0,3
4,27620,4255,-45,-191,-191,0,3
4,27621,4256,-450,-179,-179,0,1
4,27622,4257,-495,-165,-165,0,2
4,27623,4258,-149,-151,-151,0,3
4,27624,4259,307,-138,-138,0,3
4,27625,4260,585,-129,-129,0,3
4,27626,4261,471,-123,-123,0,3
4,27628,4262,0,-118,-118,0,3
4,27629,4263,-409,-114,-114,0,3
4,27633,4264,-585,-109,-109,0,3
4,27634,4265,-328,-100,-100,0,3
4,27635,4266,251,-88,-88,0,3
4,27636,4267,577,-71,-71,0,3
4,27637,4268,573,-49,-49,0,3
4,27638,4269,189,-25,-25,0,3
4,27639,4270,-333,1,1,0,3
4,27640,4271,-594,25,25,0,3
4,27642,4272,-436,46,46,0,3
4,27646,4273,148,61,61,0,3
4,27647,4274,573,74,74,0,3
4,27648,4275,618,84,84,0,1
4,27649,4276,272,98,98,0,2
4,27650,4277,-266,116,116,0,3
4,27651,4278,-585,140,140,0,3
4,27652,4279,-471,167,167,0,3
4,27653,4280,61,192,192,0,3
4,27654,4281,491,210,210,0,3
4,27659,4282,646,216,216,0,3
4,27660,4283,307,209,209,0,3
4,27661,4284,-251,190,190,0,3
4,27662,4285,-557,166,166,0,3
4,27663,4286,-512,141,141,0,3
4,27664,4287,-66,123,123,0,3
4,27665,4288,415,115,115,0,3
4,27666,4289,614,119,119,0,3
4,27667,4290,272,134,134,0,3
4,27668,4291,-209,156,156,0,3
4,27672,4292,-532,180,180,0,3
4,27673,4293,-577,199,199,0,3
4,27674,4294,-251,211,211,0,1
4,27675,4295,266,213,213,0,2
4,27677,4296,482,206,206,0,3
4,27678,4297,409,195,195,0,3
4,27679,4298,-41,183,183,0,3
4,27680,4299,-430,173,173,0,3
4,27681,4300,-523,166,166,0,3
4,27685,4301,-246,160,160,0,3
4,27686,4302,210,155,155,0,3
4,27687,4303,577,150,150,0,3
4,27688,4304,573,146,146,0,3
4,27689,4305,148,143,143,0,3
4,27691,4306,-293,144,144,0,3
4,27692,4307,-614,147,147,0,3
4,27693,4308,-415,150,150,0,3
4,27694,4309,86,150,150,0,3
4,27698,4310,532,141,141,0,3
4,27699,4311,577,124,124,0,3
4,27700,4312,190,98,98,0,3
4,27701,4313,-369,67,67,0,1
4,27702,4314,-707,38,38,0,2
4,27703,4315,-573,16,16,0,3
4,27705,4316,-20,5,5,0,3
4,27706,4317,430,4,4,0,3
4,27707,4318,544,11,11,0,3
4,27711,4319,266,22,22,0,3
4,27712,4320,-272,30,30,0,3
4,27713,4321,-598,33,33,0,3
4,27714,4322,-512,29,29,0,3
4,27715,4323,-86,17,17,0,3
4,27716,4324,395,3,3,0,3
4,27717,4325,594,-10,-10,0,3
4,27719,4326,354,-16,-16,0,3
4,27720,4327,-107,-13,-13,0,3
4,27724,4328,-491,-2,-2,0,3
4,27725,4329,-495,13,13,0,3
4,27726,4330,-149,26,26,0,3
4,27727,4331,389,33,33,0,3
4,27728,4332,646,32,32,0,1
4,27729,4333,532,26,26,0,2
4,27730,4334,41,19,19,0,3
4,27731,4335,-471,14,14,0,3
4,27733,4336,-564,14,14,0,3
4,27737,4337,-307,18,18,0,3
4,27738,4338,169,24,24,0,3
4,27739,4339,577,30,30,0,3
4,27740,4340,532,33,33,0,3
4,27741,4341,127,33,33,0,3
4,27742,4342,-395,28,28,0,3
4,27743,4343,-676,22,22,0,3
4,27744,4344,-456,16,16,0,3
4,27745,4345,66,11,11,0,3
4,27750,4346,573,8,8,0,3
4,27751,4347,598,6,6,0,3
4,27752,4348,210,6,6,0,3
4,27753,4349,-328,4,4,0,3
4,27754,4350,-667,2,2,0,3
4,27755,4351,-512,-4,-4,0,1
4,27756,4352,-20,-13,-13,0,2
4,27757,4353,471,-26,-26,0,3
4,27758,4354,626,-40,-40,0,3
4,27759,4355,307,-53,-53,0,3
4,27763,4356,-210,-63,-63,0,3
4,27764,4357,-536,-67,-67,0,3
4,27765,4358,-450,-65,-65,0,3
4,27766,4359,-45,-57,-57,0,3
4,27768,4360,456,-44,-44,0,3
4,27769,4361,635,-27,-27,0,3
4,27770,4362,395,-8,-8,0,3
4,27771,4363,-107,11,11,0,3
4,27772,4364,-553,27,27,0,3
4,27776,4365,-516,39,39,0,3
4,27777,4366,-190,45,45,0,3
4,27778,4367,348,45,45,0,3
4,27779,4368,605,39,39,0,3
4,27780,4369,491,30,30,0,3
4,27782,4370,0,21,21,0,1
4,27783,4371,-409,13,13,0,2
4,27784,4372,-503,5,5,0,3
4,27785,4373,-184,-4,-4,0,3
4,27789,4374,333,-16,-16,0,3
4,27790,4375,782,-32,-32,0,3
4,27791,4376,757,-49,-49,0,3
4,27792,4377,352,-64,-64,0,3
4,27793,4378,-170,-74,-74,0,3
4,27794,4379,-348,-76,-76,0,3
4,27796,4380,-170,-69,-69,0,3
4,27797,4381,414,-57,-57,0,3
4,27798,4382,880,-41,-41,0,3
4,27802,4383,966,-28,-28,0,3
4,27803,4384,640,-18,-18,0,3
4,27804,4385,123,-14,-14,0,3
4,27805,4386,-195,-14,-14,0,3
4,27806,4387,-82,-15,-15,0,3
4,27807,4388,430,-13,-13,0,3
4,27808,4389,901,-7,-7,0,1
4,27810,4390,1015,4,4,0,2
4,27811,4391,635,20,20,0,3
4,27815,4392,77,38,38,0,3
4,27816,4393,-250,53,53,0,3
4,27817,4394,-163,62,62,0,3
4,27818,4395,323,63,63,0,3
4,27819,4396,743,55,55,0,3
4,27820,4397,901,41,41,0,3
4,27821,4398,559,25,25,0,3
4,27822,4399,139,11,11,0,3
4,27824,4400,-266,0,0,0,3
4,27828,4401,-209,-7,-7,0,3
4,27829,4402,179,-13,-13,0,3
4,27830,4403,676,-19,-19,0,3
4,27831,4404,912,-24,-24,0,3
4,27832,4405,716,-30,-30,0,3
4,27833,4406,205,-32,-32,0,3
4,27834,4407,-286,-31,-31,0,3
4,27835,4408,-441,-27,-27,0,1
4,27836,4409,-266,-21,-21,0,2
4,27841,4410,169,-18,-18,0,3
4,27842,4411,557,-20,-20,0,3
4,27843,4412,512,-26,-26,0,3
4,27844,4413,86,-35,-35,0,3
4,27845,4414,-436,-43,-43,0,3
4,27846,4415,-655,-45,-45,0,3
4,27847,4416,-436,-40,-40,0,3
4,27848,4417,25,-27,-27,0,3
4,27849,4418,532,-9,-9,0,3
4,27850,4419,516,10,10,0,3
4,27854,4420,149,25,25,0,3
4,27855,4421,-471,33,33,0,3
4,27856,4422,-851,33,33,0,3
4,27857,4423,-655,26,26,0,3
4,27859,4424,-164,15,15,0,3
4,27860,4425,368,5,5,0,3
4,27861,4426,523,-3,-3,0,3
4,27862,4427,143,-8,-8,0,1
4,27863,4428,-435,-9,-9,0,2
4,27867,4429,-762,-8,-8,0,3
4,27868,4430,-675,-8,-8,0,3
4,27869,4431,-250,-8,-8,0,3
4,27870,4432,252,-6,-6,0,3
4,27871,4433,410,0,0,0,3
4,27873,4434,108,16,16,0,3
4,27874,4435,-434,41,41,0,3
4,27875,4436,-921,76,76,0,3
4,27876,4437,-1110,114,114,0,3
4,27880,4438,-722,149,149,0,3
4,27881,4439,-348,176,176,0,3
4,27882,4440,-255,194,194,0,3
4,27883,4441,-410,205,205,0,3
4,27884,4442,-676,216,216,0,3
4,27885,4443,-716,234,234,0,3
4,27887,4444,-380,260,260,0,3
4,27888,4445,389,295,295,0,3
4,27889,4446,1603,333,333,0,1
4,27893,4447,2953,368,368,0,2
4,27894,4448,3993,392,392,0,3
4,27895,4449,4510,401,401,0,3
4,27896,4450,4541,396,396,0,3
4,27897,4451,4485,381,381,0,3
4,27898,4452,4315,362,362,0,3
4,27899,4453,3875,344,344,0,3
4,27901,4454,2928,332,332,0,3
4,27902,4455,1765,325,325,0,3
4,27906,4456,517,320,320,0,3
4,27907,4457,-573,314,314,0,3
4,27908,4458,-1179,302,302,0,3
4,27909,4459,-1249,284,284,0,3
4,27910,4460,-717,263,263,0,3
4,27911,4461,-103,244,244,0,3
4,27912,4462,175,234,234,0,3
4,27913,4463,-61,238,238,0,3
4,27915,4464,-579,254,254,0,3
4,27919,4465,-885,278,278,0,1
4,27920,4466,-778,297,297,0,2
4,27921,4467,-311,300,300,0,3
4,27922,4468,190,279,279,0,3
4,27923,4469,389,232,232,0,3
4,27924,4470,149,166,166,0,3
4,27925,4471,-373,91,91,0,3
4,27926,4472,-778,22,22,0,3
4,27927,4473,-864,-30,-30,0,3
4,27932,4474,-497,-62,-62,0,3
4,27933,4475,-20,-74,-74,0,3
4,27934,4476,236,-74,-74,0,3
4,27935,4477,102,-70,-70,0,3
4,27936,4478,-287,-70,-70,0,3
4,27937,4479,-757,-77,-77,0,3
4,27938,4480,-892,-92,-92,0,3
4,27939,4481,-655,-111,-111,0,3
4,27940,4482,-138,-131,-131,0,3
4,27941,4483,250,-150,-150,0,3
4,27945,4484,266,-166,-166,0,1
4,27946,4485,-180,-182,-182,0,2
4,27947,4486,-682,-199,-199,0,3
4,27948,4487,-881,-216,-216,0,3
4,27950,4488,-743,-232,-232,0,3
4,27951,4489,-241,-240,-240,0,3
4,27952,4490,245,-238,-238,0,3
4,27953,4491,270,-224,-224,0,3
4,27954,4492,-97,-203,-203,0,3
4,27958,4493,-655,-185,-185,0,3
4,27959,4494,-953,-182,-182,0,3
4,27960,4495,-778,-201,-201,0,3
4,27961,4496,-287,-246,-246,0,3
4,27962,4497,204,-312,-312,0,3
4,27964,4498,318,-387,-387,0,3
4,27965,4499,20,-462,-462,0,3
4,27966,4500,-538,-532,-532,0,3
4,27967,4501,-823,-598,-598,0,3
4,27971,4502,-819,-666,-666,0,3
4,27972,4503,-373,-734,-734,0,1
4,27973,4504,108,-785,-785,0,2
4,27974,4505,287,-777,-777,0,3
4,27975,4506,67,-649,-649,0,3
4,27976,4507,-393,-333,-333,0,3
4,27978,4508,-819,220,220,0,3
4,27979,4509,-803,1013,1013,0,3
4,27980,4510,-476,1991,1991,0,3
4,27984,4511,20,3033,3033,0,3
4,27985,4512,216,3976,3976,0,3
4,27986,4513,122,4648,4648,0,3
4,27987,4514,-348,4912,4912,0,3
4,27988,4515,-757,4704,4704,0,3
4,27989,4516,-892,4052,4052,0,3
4,27990,4517,-635,3074,3074,0,3
4,27992,4518,-118,1946,1946,0,3
4,27993,4519,270,861,861,0,3
4,27997,4520,245,-19,-19,0,3
4,27998,4521,-119,-601,-601,0,3
4,27999,4522,-620,-870,-870,0,1
4,28000,4523,-881,-883,-883,0,2
4,28001,4524,-661,-740,-740,0,3
4,28002,4525,-139,-548,-548,0,3
4,28003,4526,348,-386,-386,0,3
4,28004,4527,393,-296,-296,0,3
4,28006,4528,-15,-276,-276,0,3
4,28010,4529,-532,-296,-296,0,3
4,28011,4530,-871,-321,-321,0,3
4,28012,4531,-757,-326,-326,0,3
4,28013,4532,-184,-305,-305,0,3
4,28014,4533,286,-269,-269,0,3
4,28015,4534,421,-239,-239,0,3
4,28016,4535,123,-231,-231,0,3
4,28017,4536,-497,-251,-251,0,3
4,28018,4537,-803,-292,-292,0,3
4,28023,4538,-737,-336,-336,0,3
4,28024,4539,-332,-370,-370,0,3
4,28025,4540,108,-380,-380,0,3
4,28026,4541,266,-368,-368,0,1
4,28027,4542,-35,-341,-341,0,2
4,28028,4543,-516,-311,-311,0,3
4,28029,4544,-901,-290,-290,0,3
4,28030,4545,-966,-282,-282,0,3
4,28031,4546,-620,-287,-287,0,3
4,28032,4547,-123,-299,-299,0,3
4,28036,4548,93,-308,-308,0,3
4,28037,4549,-82,-309,-309,0,3
4,28038,4550,-471,-302,-302,0,3
4,28039,4551,-1003,-290,-290,0,3
4,28041,4552,-1179,-279,-279,0,3
4,28042,4553,-860,-276,-276,0,3
4,28043,4554,-425,-281,-281,0,3
4,28044,4555,4,-293,-293,0,3
4,28045,4556,20,-304,-304,0,3
4,28049,4557,-426,-308,-308,0,3
4,28050,4558,-907,-301,-301,0,3
4,28051,4559,-1188,-285,-285,0,3
4,28052,4560,-968,-264,-264,0,1
4,28053,4561,-426,-245,-245,0,2
4,28055,4562,41,-234,-234,0,3
4,28056,4563,168,-233,-233,0,3
4,28057,4564,-199,-239,-239,0,3
4,28058,4565,-758,-249,-249,0,3
4,28062,4566,-1035,-257,-257,0,3
4,28063,4567,-798,-259,-259,0,3
4,28064,4568,-287,-255,-255,0,3
4,28065,4569,204,-246,-246,0,3
4,28066,4570,400,-237,-237,0,3
4,28067,4571,102,-231,-231,0,3
4,28069,4572,-374,-230,-230,0,3
4,28070,4573,-700,-236,-236,0,3
4,28071,4574,-614,-247,-247,0,3
4,28075,4575,-86,-260,-260,0,3
4,28076,4576,436,-271,-271,0,3
4,28077,4577,635,-278,-278,0,3
4,28078,4578,436,-279,-279,0,3
4,28079,4579,-25,-273,-273,0,1
4,28080,4580,-409,-261,-261,0,2
4,28081,4581,-434,-246,-246,0,3
4,28083,4582,15,-231,-231,0,3
4,28084,4583,471,-218,-218,0,3
4,28088,4584,789,-207,-207,0,3
4,28089,4585,696,-197,-197,0,3
4,28090,4586,246,-186,-186,0,3
4,28091,4587,-245,-175,-175,0,3
4,28092,4588,-380,-164,-164,0,3
4,28093,4589,-102,-157,-157,0,3
4,28094,4590,333,-154,-154,0,3
4,28095,4591,782,-157,-157,0,3
4,28097,4592,716,-164,-164,0,3
4,28101,4593,291,-170,-170,0,3
4,28102,4594,-231,-173,-173,0,3
4,28103,4595,-471,-169,-169,0,3
4,28104,4596,-252,-160,-160,0,3
4,28105,4597,250,-148,-148,0,3
4,28106,4598,737,-138,-138,0,1
4,28107,4599,782,-136,-136,0,2
4,28108,4600,394,-144,-144,0,3
4,28109,4601,-164,-164,-164,0,3
4,28114,4602,-482,-194,-194,0,3
4,28115,4603,-327,-229,-229,0,3
4,28116,4604,143,-264,-264,0,3
4,28117,4605,655,-295,-295,0,3
4,28118,4606,769,-320,-320,0,3
4,28119,4607,430,-338,-338,0,3
4,28120,4608,-108,-351,-351,0,3
4,28121,4609,-454,-363,-363,0,3
4,28122,4610,-348,-379,-379,0,3
4,28123,4611,57,-401,-401,0,3
4,28127,4612,559,-429,-429,0,3
4,28128,4613,717,-460,-460,0,3
4,28129,4614,497,-488,-488,0,3
4,28130,4615,37,-509,-509,0,3
4,28132,4616,-389,-520,-520,0,3
4,28133,4617,-414,-522,-522,0,1
4,28134,4618,-46,-518,-518,0,2
4,28135,4619,451,-511,-511,0,3
4,28136,4620,646,-505,-505,0,3
4,28140,4621,532,-502,-502,0,3
4,28141,4622,61,-498,-498,0,3
4,28142,4623,-368,-492,-492,0,3
4,28143,4624,-544,-482,-482,0,3
4,28144,4625,-287,-466,-466,0,3
4,28146,4626,231,-445,-445,0,3
4,28147,4627,598,-418,-418,0,3
4,28148,4628,594,-388,-388,0,3
4,28149,4629,209,-357,-357,0,3
4,28153,4630,-293,-324,-324,0,3
4,28154,4631,-553,-291,-291,0,3
4,28155,4632,-374,-257,-257,0,3
4,28156,4633,189,-221,-221,0,3
4,28157,4634,634,-183,-183,0,3
4,28158,4635,700,-143,-143,0,3
4,28160,4636,313,-101,-101,0,1
4,28161,4637,-246,-60,-60,0,2
4,28162,4638,-564,-21,-21,0,3
4,28166,4639,-430,15,15,0,3
4,28167,4640,82,47,47,0,3
4,28168,4641,573,74,74,0,3
4,28169,4642,728,98,98,0,3
4,28170,4643,307,121,121,0,3
4,28171,4644,-190,145,145,0,3
4,28172,4645,-516,169,169,0,3
4,28174,4646,-430,193,193,0,3
4,28175,4647,-45,214,214,0,3
4,28179,4648,436,228,228,0,3
4,28180,4649,614,234,234,0,3
4,28181,4650,313,232,232,0,3
4,28182,4651,-148,224,224,0,3
4,28183,4652,-471,212,212,0,3
4,28184,4653,-516,198,198,0,3
4,28185,4654,-169,184,184,0,3
4,28186,4655,328,171,171,0,1
4,28188,4656,585,162,162,0,2
4,28192,4657,471,157,157,0,3
4,28193,4658,61,157,157,0,3
4,28194,4659,-409,160,160,0,3
4,28195,4660,-564,165,165,0,3
4,28196,4661,-307,168,168,0,3
4,28197,4662,210,168,168,0,3
4,28198,4663,618,164,164,0,3
4,28199,4664,553,157,157,0,3
4,28200,4665,189,148,148,0,3
4,28205,4666,-333,140,140,0,3
4,28206,4667,-594,135,135,0,3
4,28207,4668,-374,132,132,0,3
4,28208,4669,127,132,132,0,3
4,28209,4670,614,132,132,0,3
4,28210,4671,659,132,132,0,3
4,28211,4672,272,130,130,0,3
4,28212,4673,-328,127,127,0,3
4,28213,4674,-646,124,124,0,1
4,28214,4675,-430,123,123,0,2
4,28218,4676,123,123,123,0,3
4,28219,4677,634,124,124,0,3
4,28220,4678,789,125,125,0,3
4,28221,4679,573,126,126,0,3
4,28223,4680,15,125,125,0,3
4,28224,4681,-311,120,120,0,3
4,28225,4682,-286,110,110,0,3
4,28226,4683,201,95,95,0,3
4,28227,4684,743,76,76,0,3
4,28231,4685,1024,56,56,0,3
4,28232,4686,743,38,38,0,3
4,28233,4687,282,26,26,0,3
4,28234,4688,-122,20,20,0,3
4,28235,4689,-127,21,21,0,3
4,28237,4690,261,26,26,0,3
4,28238,4691,737,33,33,0,3
4,28239,4692,994,40,40,0,3
4,28240,4693,880,47,47,0,1
4,28244,4694,410,53,53,0,2
4,28245,4695,-20,59,59,0,3
4,28246,4696,-195,65,65,0,3
4,28247,4697,20,68,68,0,3
4,28248,4698,538,68,68,0,3
4,28249,4699,926,65,65,0,3
4,28251,4700,839,59,59,0,3
4,28252,4701,434,53,53,0,3
4,28253,4702,35,48,48,0,3
4,28257,4703,-143,46,46,0,3
4,28258,4704,76,46,46,0,3
4,28259,4705,516,48,48,0,3
4,28260,4706,839,49,49,0,3
4,28261,4707,864,47,47,0,3
4,28262,4708,456,42,42,0,3
4,28263,4709,-143,33,33,0,3
4,28265,4710,-503,20,20,0,3
4,28266,4711,-450,7,7,0,3
4,28270,4712,41,-6,-6,0,1
4,28271,4713,491,-17,-17,0,2
4,28272,4714,626,-23,-23,0,3
4,28273,4715,246,-24,-24,0,3
4,28274,4716,-313,-19,-19,0,3
4,28275,4717,-659,-10,-10,0,3
4,28276,4718,-532,0,0,0,3
4,28277,4719,-66,9,9,0,3
4,28279,4720,395,13,13,0,3
4,28283,4721,594,13,13,0,3
4,28284,4722,354,8,8,0,3
4,28285,4723,-148,1,1,0,3
4,28286,4724,-553,-5,-5,0,3
4,28287,4725,-577,-7,-7,0,3
4,28288,4726,-231,-4,-4,0,3
4,28289,4727,266,2,2,0,3
4,28290,4728,503,11,11,0,3
4,28291,4729,368,20,20,0,3
4,28296,4730,-20,26,26,0,3
4,28297,4731,-471,28,28,0,1
4,28298,4732,-687,24,24,0,2
4,28299,4733,-410,14,14,0,3
4,28300,4734,67,1,1,0,3
4,28301,4735,434,-9,-9,0,3
4,28302,4736,430,-13,-13,0,3
4,28303,4737,25,-6,-6,0,3
4,28304,4738,-538,15,15,0,3
4,28305,4739,-881,47,47,0,3
4,28309,4740,-825,86,86,0,3
4,28310,4741,-467,127,127,0,3
4,28311,4742,-103,166,166,0,3
4,28312,4743,-119,199,199,0,3
4,28314,4744,-609,228,228,0,3
4,28315,4745,-1229,252,252,0,3
4,28316,4746,-1301,274,274,0,3
4,28317,4747,-675,295,295,0,3
4,28318,4748,430,316,316,0,3
4,28322,4749,1515,336,336,0,3
4,28323,4750,2510,354,354,0,1
4,28324,4751,3236,370,370,0,2
4,28325,4752,3722,384,384,0,3
4,28326,4753,4215,396,396,0,3
4,28328,4754,4588,404,404,0,3
4,28329,4755,4768,405,405,0,3
4,28330,4756,4245,399,399,0,3
4,28331,4757,2847,383,383,0,3
4,28335,4758,1030,361,361,0,3
4,28336,4759,-475,337,337,0,3
4,28337,4760,-1208,315,315,0,3
4,28338,4761,-1130,301,301,0,3
4,28339,4762,-640,298,298,0,3
4,28340,4763,0,306,306,0,3
4,28342,4764,380,324,324,0,3
4,28343,4765,245,347,347,0,3
4,28344,4766,-225,368,368,0,3
4,28348,4767,-634,379,379,0,3
4,28349,4768,-748,372,372,0,3
4,28350,4769,-492,345,345,0,1
4,28351,4770,-56,296,296,0,2
4,28352,4771,270,230,230,0,3
4,28353,4772,307,156,156,0,3
4,28354,4773,-119,83,83,0,3
4,28356,4774,-620,21,21,0,3
4,28357,4775,-840,-25,-25,0,3
4,28361,4776,-682,-52,-52,0,3
4,28362,4777,-139,-64,-64,0,3
4,28363,4778,327,-67,-67,0,3
4,28364,4779,393,-67,-67,0,3
4,28365,4780,-36,-70,-70,0,3
4,28366,4781,-512,-77,-77,0,3
4,28367,4782,-851,-85,-85,0,3
4,28368,4783,-634,-90,-90,0,3
4,28370,4784,-143,-89,-89,0,3
4,28374,4785,368,-79,-79,0,3
4,28375,4786,441,-65,-65,0,3
4,28376,4787,143,-52,-52,0,3
4,28377,4788,-374,-49,-49,0,1
4,28378,4789,-741,-60,-60,0,2
4,28379,4790,-675,-86,-86,0,3
4,28380,4791,-271,-119,-119,0,3
4,28381,4792,231,-150,-150,0,3
4,28382,4793,451,-165,-165,0,3
4,28387,4794,190,-158,-158,0,3
4,28388,4795,-250,-134,-134,0,3
4,28389,4796,-737,-104,-104,0,3
4,28390,4797,-741,-87,-87,0,3
4,28391,4798,-353,-98,-98,0,3
4,28392,4799,123,-142,-142,0,3
4,28393,4800,400,-214,-214,0,3
4,28394,4801,245,-296,-296,0,3
4,28395,4802,-184,-372,-372,0,3
4,28396,4803,-634,-437,-437,0,3
4,28400,4804,-748,-495,-495,0,3
4,28401,4805,-492,-566,-566,0,3
4,28402,4806,-15,-662,-662,0,3
4,28403,4807,393,-777,-777,0,1
4,28405,4808,307,-873,-873,0,2
4,28406,4809,-98,-875,-875,0,3
4,28407,4810,-579,-692,-692,0,3
4,28408,4811,-799,-245,-245,0,3
4,28409,4812,-600,500,500,0,3
4,28413,4813,-78,1501,1501,0,3
4,28414,4814,368,2630,2630,0,3
4,28415,4815,434,3698,3698,0,3
4,28416,4816,26,4493,4493,0,3
4,28417,4817,-492,4838,4838,0,3
4,28419,4818,-769,4646,4646,0,3
4,28420,4819,-614,3943,3943,0,3
4,28421,4820,-123,2874,2874,0,3
4,28422,4821,327,1656,1656,0,3
4,28426,4822,482,526,526,0,3
4,28427,4823,164,-326,-326,0,3
4,28428,4824,-456,-799,-799,0,3
4,28429,4825,-803,-903,-903,0,3
4,28430,4826,-716,-738,-738,0,1
4,28431,4827,-271,-450,-450,0,2
4,28433,4828,231,-182,-182,0,3
4,28434,4829,389,-30,-30,0,3
4,28435,4830,149,-19,-19,0,3
4,28439,4831,-311,-118,-118,0,3
4,28440,4832,-675,-259,-259,0,3
4,28441,4833,-741,-372,-372,0,3
4,28442,4834,-394,-417,-417,0,3
4,28443,4835,82,-386,-386,0,3
4,28444,4836,298,-309,-309,0,3
4,28445,4837,245,-227,-227,0,3
4,28447,4838,-225,-177,-177,0,3
4,28448,4839,-634,-176,-176,0,3
4,28452,4840,-789,-215,-215,0,3
4,28453,4841,-553,-269,-269,0,3
4,28454,4842,-77,-310,-310,0,3
4,28455,4843,311,-317,-317,0,3
4,28456,4844,327,-287,-287,0,3
4,28457,4845,-98,-231,-231,0,1
4,28458,4846,-579,-172,-172,0,2
4,28459,4847,-840,-131,-131,0,3
4,28461,4848,-661,-117,-117,0,3
4,28465,4849,-160,-130,-130,0,3
4,28466,4850,286,-158,-158,0,3
4,28467,4851,373,-184,-184,0,3
4,28468,4852,5,-197,-197,0,3
4,28469,4853,-553,-192,-192,0,3
4,28470,4854,-892,-173,-173,0,3
4,28471,4855,-737,-151,-151,0,3
4,28472,4856,-246,-136,-136,0,3
4,28473,4857,286,-135,-135,0,3
4,28478,4858,380,-147,-147,0,3
4,28479,4859,102,-165,-165,0,3
4,28480,4860,-415,-182,-182,0,3
4,28481,4861,-680,-189,-189,0,3
4,28482,4862,-573,-185,-185,0,3
4,28483,4863,-107,-175,-175,0,3
4,28484,4864,436,-163,-163,0,1
4,28485,4865,655,-155,-155,0,2
4,28486,4866,436,-154,-154,0,3
4,28487,4867,-4,-159,-159,0,3
4,28491,4868,-368,-167,-167,0,3
4,28492,4869,-352,-175,-175,0,3
4,28493,4870,-26,-180,-180,0,3
4,28494,4871,492,-181,-181,0,3
4,28496,4872,769,-178,-178,0,3
4,28497,4873,696,-174,-174,0,3
4,28498,4874,225,-168,-168,0,3
4,28499,4875,-204,-163,-163,0,3
4,28500,4876,-318,-158,-158,0,3
4,28504,4877,-41,-154,-154,0,3
4,28505,4878,476,-150,-150,0,3
4,28506,4879,885,-144,-144,0,3
4,28507,4880,839,-137,-137,0,3
4,28508,4881,475,-127,-127,0,3
4,28510,4882,-67,-117,-117,0,3
4,28511,4883,-287,-109,-109,0,1
4,28512,4884,-129,-107,-107,0,2
4,28513,4885,434,-112,-112,0,3
4,28517,4886,839,-123,-123,0,3
4,28518,4887,926,-138,-138,0,3
4,28519,4888,517,-154,-154,0,3
4,28520,4889,-41,-167,-167,0,3
4,28521,4890,-380,-173,-173,0,3
4,28522,4891,-204,-173,-173,0,3
4,28524,4892,307,-168,-168,0,3
4,28525,4893,778,-162,-162,0,3
4,28526,4894,892,-158,-158,0,3
4,28530,4895,553,-158,-158,0,3
4,28531,4896,-5,-163,-163,0,3
4,28532,4897,-311,-171,-171,0,3
4,28533,4898,-286,-181,-181,0,3
4,28534,4899,180,-191,-191,0,3
4,28535,4900,702,-199,-199,0,3
4,28536,4901,840,-204,-204,0,3
4,28538,4902,600,-206,-206,0,1
4,28539,4903,139,-206,-206,0,2
4,28543,4904,-266,-204,-204,0,3
4,28544,4905,-352,-203,-203,0,3
4,28545,4906,36,-203,-203,0,3
4,28546,4907,532,-206,-206,0,3
4,28547,4908,769,-210,-210,0,3
4,28548,4909,634,-214,-214,0,3
4,28549,4910,205,-217,-217,0,3
4,28550,4911,-225,-218,-218,0,3
4,28552,4912,-400,-217,-217,0,3
4,28556,4913,-143,-217,-217,0,3
4,28557,4914,292,-220,-220,0,3
4,28558,4915,700,-225,-225,0,3
4,28559,4916,737,-232,-232,0,3
4,28560,4917,291,-240,-240,0,3
4,28561,4918,-252,-246,-246,0,3
4,28562,4919,-471,-246,-246,0,3
4,28563,4920,-333,-239,-239,0,3
4,28564,4921,230,-224,-224,0,1
4,28569,4922,696,-201,-201,0,2
4,28570,4923,741,-171,-171,0,3
4,28571,4924,313,-134,-134,0,3
4,28572,4925,-205,-93,-93,0,3
4,28573,4926,-585,-49,-49,0,3
4,28574,4927,-389,-5,-5,0,3
4,28575,4928,164,36,36,0,3
4,28576,4929,655,71,71,0,3
4,28577,4930,728,101,101,0,3
4,28578,4931,389,125,125,0,3
4,28582,4932,-128,145,145,0,3
4,28583,4933,-536,162,162,0,3
4,28584,4934,-409,177,177,0,3
4,28585,4935,16,189,189,0,3
4,28587,4936,477,200,200,0,3
4,28588,4937,655,210,210,0,3
4,28589,4938,415,221,221,0,3
4,28590,4939,-45,234,234,0,3
4,28591,4940,-430,249,249,0,1
4,28595,4941,-475,265,265,0,2
4,28596,4942,-128,280,280,0,3
4,28597,4943,389,292,292,0,3
4,28598,4944,667,300,300,0,3
4,28599,4945,573,303,303,0,3
4,28601,4946,102,302,302,0,3
4,28602,4947,-327,298,298,0,3
4,28603,4948,-462,291,291,0,3
4,28604,4949,-205,283,283,0,3
4,28608,4950,292,275,275,0,3
4,28609,4951,659,267,267,0,3
4,28610,4952,696,260,260,0,3
4,28611,4953,291,254,254,0,3
4,28612,4954,-231,250,250,0,3
4,28613,4955,-512,246,246,0,3
4,28615,4956,-293,242,242,0,3
4,28616,4957,271,237,237,0,3
4,28617,4958,675,232,232,0,3
4,28621,4959,762,227,227,0,1
4,28622,4960,374,223,223,0,2
4,28623,4961,-143,222,222,0,3
4,28624,4962,-544,222,222,0,3
4,28625,4963,-368,224,224,0,3
4,28626,4964,164,223,223,0,3
4,28627,4965,675,220,220,0,3
4,28629,4966,769,214,214,0,3
4,28630,4967,471,205,205,0,3
4,28634,4968,-128,196,196,0,3
4,28635,4969,-454,188,188,0,3
4,28636,4970,-368,181,181,0,3
4,28637,4971,98,176,176,0,3
4,28638,4972,600,171,171,0,3
4,28639,4973,819,164,164,0,3
4,28640,4974,661,155,155,0,3
4,28641,4975,221,146,146,0,3
4,28643,4976,-102,136,136,0,3
4,28647,4977,-127,128,128,0,3
4,28648,4978,240,121,121,0,1
4,28649,4979,737,115,115,0,2
4,28650,4980,1015,111,111,0,3
4,28651,4981,962,109,109,0,3
4,28652,4982,573,107,107,0,3
4,28653,4983,62,104,104,0,3
4,28654,4984,-73,99,99,0,3
4,28655,4985,287,91,91,0,3
4,28660,4986,784,82,82,0,3
4,28661,4987,1130,74,74,0,3
4,28662,4988,1065,67,67,0,3
4,28663,4989,639,66,66,0,3
4,28664,4990,117,69,69,0,3
4,28665,4991,-143,75,75,0,3
4,28666,4992,35,81,81,0,3
4,28667,4993,598,85,85,0,3
4,28668,4994,1044,83,83,0,3
4,28669,4995,1048,75,75,0,3
4,28673,4996,722,64,64,0,3
4,28674,4997,225,52,52,0,1
4,28675,4998,-32,41,41,0,2
4,28676,4999,205,34,34,0,3
4,28678,5000,573,30,30,0,3
4,28679,5001,942,29,29,0,3
4,28680,5002,1015,30,30,0,3
4,28681,5003,676,32,32,0,3
4,28682,5004,77,35,35,0,3
4,28686,5005,-332,41,41,0,3
4,28687,5006,-307,47,47,0,3
4,28688,5007,119,54,54,0,3
4,28689,5008,559,61,61,0,3
4,28690,5009,737,66,66,0,3
4,28692,5010,436,69,69,0,3
4,28693,5011,-66,72,72,0,3
4,28694,5012,-430,74,74,0,3
4,28695,5013,-475,77,77,0,3
4,28699,5014,-108,80,80,0,3
4,28700,5015,389,84,84,0,3
4,28701,5016,646,89,89,0,1
4,28702,5017,512,94,94,0,2
4,28703,5018,61,100,100,0,3
4,28704,5019,-368,105,105,0,3
4,28706,5020,-544,106,106,0,3
4,28707,5021,-287,105,105,0,3
4,28708,5022,169,101,101,0,3
4,28712,5023,618,95,95,0,3
4,28713,5024,594,91,91,0,3
4,28714,5025,209,90,90,0,3
4,28715,5026,-293,92,92,0,3
4,28716,5027,-512,97,97,0,3
4,28717,5028,-374,101,101,0,3
4,28718,5029,127,103,103,0,3
4,28720,5030,594,99,99,0,3
4,28721,5031,598,93,93,0,3
4,28725,5032,67,88,88,0,3
4,28726,5033,-676,90,90,0,3
4,28727,5034,-1097,102,102,0,3
4,28728,5035,-1065,128,128,0,1
4,28729,5036,-676,167,167,0,2
4,28730,5037,-287,214,214,0,3
4,28731,5038,32,263,263,0,3
4,28732,5039,164,309,309,0,3
4,28734,5040,220,348,348,0,3
4,28738,5041,610,377,377,0,3
4,28739,5042,1536,398,398,0,3
4,28740,5043,3109,413,413,0,3
4,28741,5044,4675,425,425,0,3
4,28742,5045,5673,438,438,0,3
4,28743,5046,5658,455,455,0,3
4,28744,5047,4624,475,475,0,3
4,28745,5048,2868,495,495,0,3
4,28746,5049,979,510,510,0,3
4,28751,5050,-67,513,513,0,3
4,28752,5051,-143,503,503,0,3
4,28753,5052,93,479,479,0,3
4,28754,5053,266,447,447,0,3
4,28755,5054,-20,414,414,0,1
4,28756,5055,-450,390,390,0,2
4,28757,5056,-626,382,382,0,3
4,28758,5057,-389,392,392,0,3
4,28759,5058,108,419,419,0,3
4,28760,5059,495,455,455,0,3
4,28764,5060,491,491,491,0,3
4,28765,5061,66,515,515,0,3
4,28766,5062,-456,518,518,0,3
4,28767,5063,-717,496,496,0,3
4,28769,5064,-538,451,451,0,3
4,28770,5065,4,390,390,0,3
4,28771,5066,450,323,323,0,3
4,28772,5067,475,260,260,0,3
4,28773,5068,149,207,207,0,3
4,28777,5069,-430,166,166,0,3
4,28778,5070,-789,134,134,0,3
4,28779,5071,-655,103,103,0,3
4,28780,5072,-123,68,68,0,3
4,28781,5073,368,31,31,0,1
4,28783,5074,503,-3,-3,0,2
4,28784,5075,184,-26,-26,0,3
4,28785,5076,-415,-31,-31,0,3
4,28786,5077,-741,-16,-16,0,3
4,28790,5078,-655,8,8,0,3
4,28791,5079,-209,30,30,0,3
4,28792,5080,293,33,33,0,3
4,28793,5081,471,13,13,0,3
4,28794,5082,272,-27,-27,0,3
4,28795,5083,-250,-72,-72,0,3
4,28797,5084,-614,-102,-102,0,3
4,28798,5085,-639,-104,-104,0,3
4,28799,5086,-292,-72,-72,0,3
4,28803,5087,205,-20,-20,0,3
4,28804,5088,441,32,32,0,3
4,28805,5089,368,61,61,0,3
4,28806,5090,-82,51,51,0,3
4,28807,5091,-532,4,4,0,3
4,28808,5092,-687,-65,-65,0,1
4,28809,5093,-451,-133,-133,0,2
4,28811,5094,67,-185,-185,0,3
4,28812,5095,475,-224,-224,0,3
4,28816,5096,471,-270,-270,0,3
4,28817,5097,66,-351,-351,0,3
4,28818,5098,-415,-487,-487,0,3
4,28819,5099,-717,-664,-664,0,3
4,28820,5100,-538,-825,-825,0,3
4,28821,5101,4,-872,-872,0,3
4,28822,5102,430,-692,-692,0,3
4,28823,5103,536,-198,-198,0,3
4,28825,5104,149,632,632,0,3
4,28829,5105,-348,1726,1726,0,3
4,28830,5106,-667,2919,2919,0,3
4,28831,5107,-532,3984,3984,0,3
4,28832,5108,-41,4693,4693,0,3
4,28833,5109,491,4881,4881,0,3
4,28834,5110,585,4499,4499,0,3
4,28835,5111,225,3628,3628,0,1
4,28836,5112,-272,2464,2464,0,2
4,28837,5113,-618,1255,1255,0,3
4,28842,5114,-614,237,237,0,3
4,28843,5115,-127,-432,-432,0,3
4,28844,5116,354,-706,-706,0,3
4,28845,5117,553,-650,-650,0,3
4,28846,5118,272,-399,-399,0,3
4,28847,5119,-189,-110,-110,0,3
4,28848,5120,-594,92,92,0,3
4,28849,5121,-659,148,148,0,3
4,28850,5122,-251,69,69,0,3
4,28851,5123,246,-81,-81,0,3
4,28855,5124,523,-226,-226,0,3
4,28856,5125,368,-304,-304,0,3
4,28857,5126,-102,-296,-296,0,3
4,28858,5127,-512,-220,-220,0,3
4,28860,5128,-667,-123,-123,0,3
4,28861,5129,-369,-52,-52,0,3
4,28862,5130,128,-37,-37,0,1
4,28863,5131,495,-78,-78,0,2
4,28864,5132,450,-151,-151,0,3
4,28868,5133,25,-222,-222,0,3
4,28869,5134,-456,-261,-261,0,3
4,28870,5135,-737,-256,-256,0,3
4,28871,5136,-538,-215,-215,0,3
4,28872,5137,4,-162,-162,0,3
4,28874,5138,430,-122,-122,0,3
4,28875,5139,516,-110,-110,0,3
4,28876,5140,149,-126,-126,0,3
4,28877,5141,-410,-158,-158,0,3
4,28881,5142,-707,-188,-188,0,3
4,28882,5143,-594,-200,-200,0,3
4,28883,5144,-41,-189,-189,0,3
4,28884,5145,450,-160,-160,0,3
4,28885,5146,585,-124,-124,0,3
4,28886,5147,246,-95,-95,0,3
4,28888,5148,-313,-81,-81,0,3
4,28889,5149,-536,-84,-84,0,1
4,28890,5150,-471,-99,-99,0,2
4,28894,5151,37,-118,-118,0,3
4,28895,5152,538,-132,-132,0,3
4,28896,5153,737,-136,-136,0,3
4,28897,5154,538,-130,-130,0,3
4,28898,5155,37,-116,-116,0,3
4,28899,5156,-348,-101,-101,0,3
4,28900,5157,-393,-88,-88,0,3
4,28902,5158,-26,-81,-81,0,3
4,28903,5159,553,-79,-79,0,3
4,28907,5160,851,-82,-82,0,3
4,28908,5161,778,-86,-86,0,3
4,28909,5162,369,-89,-89,0,3
4,28910,5163,-82,-90,-90,0,3
4,28911,5164,-195,-88,-88,0,3
4,28912,5165,41,-83,-83,0,3
4,28913,5166,517,-77,-77,0,3
4,28914,5167,966,-69,-69,0,3
4,28916,5168,962,-60,-60,0,1
4,28920,5169,557,-50,-50,0,2
4,28921,5170,-26,-40,-40,0,3
4,28922,5171,-287,-32,-32,0,3
4,28923,5172,-88,-26,-26,0,3
4,28924,5173,414,-25,-25,0,3
4,28925,5174,860,-27,-27,0,3
4,28926,5175,946,-33,-33,0,3
4,28927,5176,579,-40,-40,0,3
4,28928,5177,61,-47,-47,0,3
4,28933,5178,-298,-51,-51,0,3
4,28934,5179,-143,-54,-54,0,3
4,28935,5180,348,-57,-57,0,3
4,28936,5181,839,-60,-60,0,3
4,28937,5182,994,-64,-64,0,3
4,28938,5183,655,-67,-67,0,3
4,28939,5184,77,-70,-70,0,3
4,28940,5185,-270,-71,-71,0,3
4,28941,5186,-225,-71,-71,0,3
4,28942,5187,241,-71,-71,0,1
4,28946,5188,764,-72,-72,0,2
4,28947,5189,942,-73,-73,0,3
4,28948,5190,661,-74,-74,0,3
4,28949,5191,221,-73,-73,0,3
4,28951,5192,-163,-72,-72,0,3
4,28952,5193,-209,-71,-71,0,3
4,28953,5194,138,-72,-72,0,3
4,28954,5195,614,-77,-77,0,3
4,28955,5196,851,-86,-86,0,3
4,28959,5197,737,-98,-98,0,3
4,28960,5198,287,-109,-109,0,3
4,28961,5199,-204,-116,-116,0,3
4,28962,5200,-359,-119,-119,0,3
4,28963,5201,-20,-115,-115,0,3
4,28965,5202,435,-108,-108,0,3
4,28966,5203,844,-100,-100,0,3
4,28967,5204,819,-93,-93,0,3
4,28968,5205,373,-90,-90,0,3
4,28972,5206,-108,-90,-90,0,1
4,28973,5207,-410,-91,-91,0,2
4,28974,5208,-231,-91,-91,0,3
4,28975,5209,291,-85,-85,0,3
4,28976,5210,716,-71,-71,0,3
4,28977,5211,823,-48,-48,0,3
4,28979,5212,435,-16,-16,0,3
4,28980,5213,-123,21,21,0,3
4,28981,5214,-482,58,58,0,3
4,28985,5215,-307,88,88,0,3
4,28986,5216,225,110,110,0,3
4,28987,5217,655,121,121,0,3
4,28988,5218,830,127,127,0,3
4,28989,5219,492,131,131,0,3
4,28990,5220,-67,140,140,0,3
4,28991,5221,-373,159,159,0,3
4,28993,5222,-266,186,186,0,3
4,28994,5223,139,220,220,0,3
4,28998,5224,620,256,256,0,3
4,28999,5225,819,288,288,0,1
4,29000,5226,538,315,315,0,2
4,29001,5227,78,335,335,0,3
4,29002,5228,-348,347,347,0,3
4,29003,5229,-352,353,353,0,3
4,29004,5230,15,352,352,0,3
4,29005,5231,451,347,347,0,3
4,29007,5232,769,338,338,0,3
4,29011,5233,634,327,327,0,3
4,29012,5234,205,315,315,0,3
4,29013,5235,-245,305,305,0,3
4,29014,5236,-441,296,296,0,3
4,29015,5237,-143,290,290,0,3
4,29016,5238,374,287,287,0,3
4,29017,5239,782,288,288,0,3
4,29018,5240,757,291,291,0,3
4,29019,5241,393,296,296,0,3
4,29024,5242,-88,302,302,0,3
4,29025,5243,-328,306,306,0,3
4,29026,5244,-170,307,307,0,1
4,29027,5245,311,303,303,0,2
4,29028,5246,778,295,295,0,3
4,29029,5247,823,284,284,0,3
4,29030,5248,415,273,273,0,3
4,29031,5249,-123,265,265,0,3
4,29032,5250,-421,262,262,0,3
4,29033,5251,-266,265,265,0,3
4,29037,5252,266,273,273,0,3
4,29038,5253,716,282,282,0,3
4,29039,5254,871,289,289,0,3
4,29040,5255,492,293,293,0,3
4,29042,5256,-5,290,290,0,3
4,29043,5257,-291,281,281,0,3
4,29044,5258,-143,266,266,0,3
4,29045,5259,385,247,247,0,3
4,29046,5260,825,228,228,0,3
4,29050,5261,1106,212,212,0,3
4,29051,5262,845,202,202,0,3
4,29052,5263,446,201,201,0,1
4,29053,5264,21,206,206,0,2
4,29054,5265,17,214,214,0,3
4,29056,5266,404,219,219,0,3
4,29057,5267,963,219,219,0,3
4,29058,5268,1281,210,210,0,3
4,29059,5269,1146,195,195,0,3
4,29063,5270,737,177,177,0,3
4,29064,5271,287,160,160,0,3
4,29065,5272,132,148,148,0,3
4,29066,5273,328,141,141,0,3
4,29067,5274,804,138,138,0,3
4,29068,5275,1192,138,138,0,3
4,29070,5276,1146,137,137,0,3
4,29071,5277,721,134,134,0,3
4,29072,5278,219,130,130,0,3
4,29076,5279,-20,126,126,0,3
4,29077,5280,158,124,124,0,3
4,29078,5281,721,127,127,0,3
4,29079,5282,1269,134,134,0,1
4,29080,5283,1356,144,144,0,2
4,29081,5284,927,156,156,0,3
4,29082,5285,184,164,164,0,3
4,29084,5286,-175,168,168,0,3
4,29085,5287,-41,165,165,0,3
4,29089,5288,369,155,155,0,3
4,29090,5289,819,143,143,0,3
4,29091,5290,912,131,131,0,3
4,29092,5291,553,124,124,0,3
4,29093,5292,36,123,123,0,3
4,29094,5293,-393,127,127,0,3
4,29095,5294,-307,132,132,0,3
4,29096,5295,139,135,135,0,3
4,29098,5296,661,131,131,0,3
4,29102,5297,860,122,122,0,3
4,29103,5298,579,112,112,0,3
4,29104,5299,98,105,105,0,3
4,29105,5300,-327,108,108,0,3
4,29106,5301,-332,121,121,0,1
4,29107,5302,36,142,142,0,2
4,29108,5303,532,167,167,0,3
4,29109,5304,789,189,189,0,3
4,29110,5305,614,203,203,0,3
4,29115,5306,164,206,206,0,3
4,29116,5307,-307,198,198,0,3
4,29117,5308,-441,184,184,0,3
4,29118,5309,-164,167,167,0,3
4,29119,5310,292,152,152,0,3
4,29120,5311,680,142,142,0,3
4,29121,5312,675,138,138,0,3
4,29122,5313,291,139,139,0,3
4,29123,5314,-231,142,142,0,3
4,29124,5315,-553,145,145,0,3
4,29128,5316,-436,148,148,0,3
4,29129,5317,-37,153,153,0,3
4,29130,5318,266,163,163,0,3
4,29131,5319,229,182,182,0,3
4,29133,5320,-220,213,213,0,1
4,29134,5321,-922,255,255,0,2
4,29135,5322,-1301,304,304,0,3
4,29136,5323,-983,353,353,0,3
4,29137,5324,-41,397,397,0,3
4,29141,5325,983,432,432,0,3
4,29142,5326,1711,456,456,0,3
4,29143,5327,2212,474,474,0,3
4,29144,5328,2800,492,492,0,3
4,29145,5329,3580,514,514,0,3
4,29147,5330,4301,543,543,0,3
4,29148,5331,4911,577,577,0,3
4,29149,5332,4880,610,610,0,3
4,29150,5333,3932,635,635,0,3
4,29154,5334,2115,645,645,0,3
4,29155,5335,262,638,638,0,3
4,29156,5336,-819,615,615,0,3
4,29157,5337,-987,580,580,0,3
4,29158,5338,-435,541,541,0,3
4,29159,5339,205,506,506,0,1
4,29161,5340,585,486,486,0,2
4,29162,5341,491,485,485,0,3
4,29163,5342,20,504,504,0,3
4,29167,5343,-409,537,537,0,3
4,29168,5344,-564,574,574,0,3
4,29169,5345,-266,600,600,0,3
4,29170,5346,210,604,604,0,3
4,29171,5347,639,579,579,0,3
4,29172,5348,614,525,525,0,3
4,29173,5349,189,451,451,0,3
4,29175,5350,-293,369,369,0,3
4,29176,5351,-512,293,293,0,3
4,29180,5352,-374,234,234,0,3
4,29181,5353,168,196,196,0,3
4,29182,5354,614,178,178,0,3
4,29183,5355,680,171,171,0,3
4,29184,5356,292,166,166,0,3
4,29185,5357,-266,156,156,0,3
4,29186,5358,-626,139,139,0,1
4,29187,5359,-471,119,119,0,2
4,29189,5360,-20,105,105,0,3
4,29193,5361,512,102,102,0,3
4,29194,5362,667,114,114,0,3
4,29195,5363,287,135,135,0,3
4,29196,5364,-210,155,155,0,3
4,29197,5365,-536,162,162,0,3
4,29198,5366,-512,147,147,0,3
4,29199,5367,-66,111,111,0,3
4,29200,5368,415,64,64,0,3
4,29201,5369,655,23,23,0,3
4,29206,5370,395,5,5,0,3
4,29207,5371,-4,15,15,0,3
4,29208,5372,-430,47,47,0,3
4,29209,5373,-454,84,84,0,3
4,29210,5374,-128,103,103,0,3
4,29211,5375,348,89,89,0,3
4,29212,5376,646,42,42,0,3
4,29213,5377,532,-26,-26,0,1
4,29214,5378,102,-96,-96,0,2
4,29215,5379,-409,-150,-150,0,3
4,29219,5380,-585,-190,-190,0,3
4,29220,5381,-287,-232,-232,0,3
4,29221,5382,169,-305,-305,0,3
4,29222,5383,598,-425,-425,0,3
4,29224,5384,573,-582,-582,0,3
4,29225,5385,168,-727,-727,0,3
4,29226,5386,-415,-769,-769,0,3
4,29227,5387,-635,-607,-607,0,3
4,29228,5388,-436,-157,-157,0,3
4,29232,5389,86,605,605,0,3
4,29233,5390,553,1615,1615,0,3
4,29234,5391,639,2728,2728,0,3
4,29235,5392,272,3736,3736,0,3
4,29236,5393,-246,4429,4429,0,3
4,29238,5394,-523,4647,4647,0,3
4,29239,5395,-368,4333,4333,0,3
4,29240,5396,143,3551,3551,0,1
4,29241,5397,573,2473,2473,0,2
4,29245,5398,667,1327,1327,0,3
4,29246,5399,348,336,336,0,3
4,29247,5400,-169,-340,-340,0,3
4,29248,5401,-557,-646,-646,0,3
4,29249,5402,-512,-627,-627,0,3
4,29250,5403,-107,-405,-405,0,3
4,29252,5404,436,-126,-126,0,3
4,29253,5405,614,89,89,0,3
4,29254,5406,374,175,175,0,3
4,29258,5407,-45,135,135,0,3
4,29259,5408,-471,20,20,0,3
4,29260,5409,-454,-99,-99,0,3
4,29261,5410,-169,-166,-166,0,3
4,29262,5411,369,-157,-157,0,3
4,29263,5412,626,-86,-86,0,3
4,29264,5413,512,10,10,0,3
4,29266,5414,82,88,88,0,3
4,29267,5415,-368,118,118,0,1
4,29271,5416,-564,95,95,0,2
4,29272,5417,-328,36,36,0,3
4,29273,5418,128,-31,-31,0,3
4,29274,5419,475,-78,-78,0,3
4,29275,5420,553,-91,-91,0,3
4,29276,5421,107,-72,-72,0,3
4,29277,5422,-374,-37,-37,0,3
4,29278,5423,-655,-5,-5,0,3
4,29280,5424,-497,9,9,0,3
4,29284,5425,66,0,0,0,3
4,29285,5426,491,-25,-25,0,3
4,29286,5427,618,-51,-51,0,3
4,29287,5428,272,-66,-66,0,3
4,29288,5429,-328,-63,-63,0,3
4,29289,5430,-626,-42,-42,0,3
4,29290,5431,-471,-11,-11,0,3
4,29291,5432,61,18,18,0,3
4,29292,5433,594,38,38,0,3
4,29297,5434,728,46,46,0,1
4,29298,5435,430,45,45,0,2
4,29299,5436,-108,41,41,0,3
4,29300,5437,-393,38,38,0,3
4,29301,5438,-327,38,38,0,3
4,29302,5439,201,39,39,0,3
4,29303,5440,682,38,38,0,3
4,29304,5441,901,33,33,0,3
4,29305,5442,641,24,24,0,3
4,29306,5443,221,13,13,0,3
4,29310,5444,-184,3,3,0,3
4,29311,5445,-168,-4,-4,0,3
4,29312,5446,199,-8,-8,0,3
4,29313,5447,676,-11,-11,0,3
4,29315,5448,994,-15,-15,0,3
4,29316,5449,901,-20,-20,0,3
4,29317,5450,451,-26,-26,0,3
4,29318,5451,0,-30,-30,0,3
4,29319,5452,-134,-29,-29,0,3
4,29323,5453,123,-20,-20,0,1
4,29324,5454,599,-3,-3,0,2
4,29325,5455,987,20,20,0,3
4,29326,5456,962,47,47,0,3
4,29327,5457,598,71,71,0,3
4,29329,5458,56,89,89,0,3
4,29330,5459,-184,96,96,0,3
4,29331,5460,-47,91,91,0,3
4,29332,5461,455,76,76,0,3
4,29336,5462,921,55,55,0,3
4,29337,5463,946,32,32,0,3
4,29338,5464,558,12,12,0,3
4,29339,5465,20,-2,-2,0,3
4,29340,5466,-318,-8,-8,0,3
4,29341,5467,-143,-6,-6,0,3
4,29343,5468,348,0,0,0,3
4,29344,5469,839,9,9,0,3
4,29345,5470,974,18,18,0,3
4,29349,5471,635,28,28,0,3
4,29350,5472,77,37,37,0,1
4,29351,5473,-250,46,46,0,2
4,29352,5474,-225,52,52,0,3
4,29353,5475,241,54,54,0,3
4,29354,5476,682,49,49,0,3
4,29355,5477,942,38,38,0,3
4,29357,5478,682,22,22,0,3
4,29358,5479,221,2,2,0,3
4,29362,5480,-225,-17,-17,0,3
4,29363,5481,-229,-34,-34,0,3
4,29364,5482,118,-48,-48,0,3
4,29365,5483,573,-58,-58,0,3
4,29366,5484,830,-63,-63,0,3
4,29367,5485,716,-65,-65,0,3
4,29368,5486,246,-64,-64,0,3
4,29369,5487,-245,-60,-60,0,3
4,29371,5488,-421,-55,-55,0,3
4,29375,5489,-143,-50,-50,0,3
4,29376,5490,415,-44,-44,0,3
4,29377,5491,782,-38,-38,0,1
4,29378,5492,778,-31,-31,0,2
4,29379,5493,311,-22,-22,0,3
4,29380,5494,-190,-9,-9,0,3
4,29381,5495,-451,7,7,0,3
4,29382,5496,-252,27,27,0,3
4,29383,5497,311,51,51,0,3
4,29388,5498,696,77,77,0,3
4,29389,5499,782,105,105,0,3
4,29390,5500,415,134,134,0,3
4,29391,5501,-123,163,163,0,3
4,29392,5502,-462,191,191,0,3
4,29393,5503,-286,217,217,0,3
4,29394,5504,225,239,239,0,3
4,29395,5505,655,257,257,0,3
4,29396,5506,810,273,273,0,3
4,29397,5507,471,289,289,0,3
4,29401,5508,-67,307,307,0,3
4,29402,5509,-434,327,327,0,3
4,29403,5510,-368,348,348,0,1
4,29404,5511,119,367,367,0,2
4,29406,5512,620,381,381,0,3
4,29407,5513,860,389,389,0,3
4,29408,5514,579,391,391,0,3
4,29409,5515,139,390,390,0,3
4,29410,5516,-327,387,387,0,3
4,29414,5517,-393,385,385,0,3
4,29415,5518,15,384,384,0,3
4,29416,5519,512,384,384,0,3
4,29417,5520,769,382,382,0,3
4,29418,5521,675,378,378,0,3
4,29420,5522,246,370,370,0,3
4,29421,5523,-204,356,356,0,3
4,29422,5524,-359,339,339,0,3
4,29423,5525,-123,318,318,0,3
4,29427,5526,353,298,298,0,3
4,29428,5527,721,282,282,0,3
4,29429,5528,757,272,272,0,3
4,29430,5529,311,270,270,0,1
4,29431,5530,-108,273,273,0,2
4,29432,5531,-430,281,281,0,3
4,29434,5532,-252,288,288,0,3
4,29435,5533,271,291,291,0,3
4,29436,5534,819,288,288,0,3
4,29440,5535,905,279,279,0,3
4,29441,5536,620,268,268,0,3
4,29442,5537,102,257,257,0,3
4,29443,5538,-216,250,250,0,3
4,29444,5539,-61,249,249,0,3
4,29445,5540,451,252,252,0,3
4,29446,5541,1003,259,259,0,3
4,29448,5542,1179,265,265,0,3
4,29449,5543,881,268,268,0,3
4,29453,5544,302,265,265,0,3
4,29454,5545,-4,256,256,0,3
4,29455,5546,103,240,240,0,3
4,29456,5547,528,219,219,0,3
4,29457,5548,1009,194,194,0,1
4,29458,5549,1229,171,171,0,2
4,29459,5550,927,153,153,0,3
4,29460,5551,385,143,143,0,3
4,29462,5552,0,141,141,0,3
4,29466,5553,-24,144,144,0,3
4,29467,5554,302,150,150,0,3
4,29468,5555,758,154,154,0,3
4,29469,5556,994,153,153,0,3
4,29470,5557,880,146,146,0,3
4,29471,5558,471,136,136,0,3
4,29472,5559,123,126,126,0,3
4,29473,5560,-11,118,118,0,3
4,29474,5561,164,116,116,0,3
4,29479,5562,538,118,118,0,3
4,29480,5563,926,125,125,0,3
4,29481,5564,880,133,133,0,3
4,29482,5565,373,139,139,0,3
4,29483,5566,-190,141,141,0,3
4,29484,5567,-471,138,138,0,1
4,29485,5568,-313,130,130,0,2
4,29486,5569,189,120,120,0,3
4,29487,5570,675,111,111,0,3
4,29488,5571,762,106,106,0,3
4,29492,5572,415,109,109,0,3
4,29493,5573,-123,119,119,0,3
4,29494,5574,-482,134,134,0,3
4,29495,5575,-348,149,149,0,3
4,29497,5576,143,161,161,0,3
4,29498,5577,614,167,167,0,3
4,29499,5578,707,164,164,0,3
4,29500,5579,369,157,157,0,3
4,29501,5580,-169,149,149,0,3
4,29505,5581,-536,143,143,0,3
4,29506,5582,-491,142,142,0,3
4,29507,5583,-45,146,146,0,3
4,29508,5584,436,152,152,0,3
4,29509,5585,594,157,157,0,3
4,29511,5586,395,161,161,0,1
4,29512,5587,-66,160,160,0,2
4,29513,5588,-512,156,156,0,3
4,29514,5589,-516,148,148,0,3
4,29518,5590,-149,139,139,0,3
4,29519,5591,348,129,129,0,3
4,29520,5592,585,122,122,0,3
4,29521,5593,389,120,120,0,3
4,29522,5594,-184,126,126,0,3
4,29523,5595,-737,141,141,0,3
4,29525,5596,-933,164,164,0,3
4,29526,5597,-758,194,194,0,3
4,29527,5598,-445,228,228,0,3
4,29531,5599,-160,265,265,0,3
4,29532,5600,0,303,303,0,3
4,29533,5601,-16,340,340,0,3
4,29534,5602,15,375,375,0,3
4,29535,5603,389,406,406,0,3
4,29536,5604,1428,434,434,0,3
4,29537,5605,3056,459,459,0,1
4,29539,5606,4526,479,479,0,2
4,29540,5607,5247,497,497,0,3
4,29544,5608,5105,513,513,0,3
4,29545,5609,4116,527,527,0,3
4,29546,5610,2549,537,537,0,3
4,29547,5611,1127,542,542,0,3
4,29548,5612,430,539,539,0,3
4,29549,5613,245,524,524,0,3
4,29550,5614,155,499,499,0,3
4,29551,5615,-123,466,466,0,3
4,29553,5616,-517,431,431,0,3
4,29557,5617,-721,402,402,0,3
4,29558,5618,-594,384,384,0,3
4,29559,5619,-148,381,381,0,3
4,29560,5620,333,392,392,0,3
4,29561,5621,553,412,412,0,3
4,29562,5622,272,431,431,0,3
4,29563,5623,-271,441,441,0,3
4,29564,5624,-614,431,431,0,1
4,29565,5625,-680,396,396,0,2
4,29570,5626,-313,338,338,0,3
4,29571,5627,205,265,265,0,3
4,29572,5628,503,189,189,0,3
4,29573,5629,430,124,124,0,3
4,29574,5630,-41,80,80,0,3
4,29575,5631,-471,61,61,0,3
4,29576,5632,-687,62,62,0,3
4,29577,5633,-389,74,74,0,3
4,29578,5634,108,84,84,0,3
4,29579,5635,536,87,87,0,3
4,29583,5636,491,82,82,0,3
4,29584,5637,86,72,72,0,3
4,29585,5638,-456,63,63,0,3
4,29586,5639,-717,59,59,0,3
4,29588,5640,-518,57,57,0,3
4,29589,5641,-16,53,53,0,3
4,29590,5642,430,39,39,0,3
4,29591,5643,475,11,11,0,1
4,29592,5644,67,-27,-27,0,2
4,29596,5645,-430,-65,-65,0,3
4,29597,5646,-769,-91,-91,0,3
4,29598,5647,-655,-95,-95,0,3
4,29599,5648,-123,-74,-74,0,3
4,29600,5649,327,-38,-38,0,3
4,29602,5650,482,-4,-4,0,3
4,29603,5651,123,11,11,0,3
4,29604,5652,-394,-2,-2,0,3
4,29605,5653,-741,-43,-43,0,3
4,29609,5654,-594,-97,-97,0,3
4,29610,5655,-189,-148,-148,0,3
4,29611,5656,272,-183,-183,0,3
4,29612,5657,471,-207,-207,0,3
4,29613,5658,252,-239,-239,0,3
4,29614,5659,-230,-304,-304,0,3
4,29616,5660,-655,-421,-421,0,3
4,29617,5661,-680,-579,-579,0,3
4,29618,5662,-394,-727,-727,0,1
4,29622,5663,143,-779,-779,0,2
4,29623,5664,421,-631,-631,0,3
4,29624,5665,327,-201,-201,0,3
4,29625,5666,-123,538,538,0,3
4,29626,5667,-614,1528,1528,0,3
4,29627,5668,-728,2624,2624,0,3
4,29628,5669,-471,3624,3624,0,3
4,29630,5670,26,4318,4318,0,3
4,29631,5671,393,4546,4546,0,3
4,29635,5672,409,4250,4250,0,3
4,29636,5673,-16,3490,3490,0,3
4,29637,5674,-538,2431,2431,0,3
4,29638,5675,-778,1297,1297,0,3
4,29639,5676,-559,308,308,0,3
4,29640,5677,-37,-378,-378,0,3
4,29641,5678,450,-701,-701,0,3
4,29642,5679,536,-702,-702,0,3
4,29644,5680,128,-496,-496,0,3
4,29648,5681,-410,-225,-225,0,1
4,29649,5682,-748,-11,-11,0,2
4,29650,5683,-594,77,77,0,3
4,29651,5684,-82,38,38,0,3
4,29652,5685,389,-82,-82,0,3
4,29653,5686,503,-213,-213,0,3
4,29654,5687,184,-295,-295,0,3
4,29655,5688,-333,-300,-300,0,3
4,29656,5689,-741,-236,-236,0,3
4,29661,5690,-696,-140,-140,0,3
4,29662,5691,-291,-55,-55,0,3
4,29663,5692,170,-14,-14,0,3
4,29664,5693,369,-24,-24,0,3
4,29665,5694,108,-70,-70,0,3
4,29666,5695,-393,-123,-123,0,3
4,29667,5696,-798,-156,-156,0,3
4,29668,5697,-823,-156,-156,0,3
4,29669,5698,-497,-126,-126,0,3
4,29670,5699,-41,-84,-84,0,3
4,29674,5700,175,-51,-51,0,1
4,29675,5701,82,-42,-42,0,2
4,29676,5702,-328,-60,-60,0,3
4,29677,5703,-737,-96,-96,0,3
4,29679,5704,-912,-135,-135,0,3
4,29680,5705,-676,-164,-164,0,3
4,29681,5706,-118,-173,-173,0,3
4,29682,5707,229,-165,-165,0,3
4,29683,5708,266,-149,-149,0,3
4,29687,5709,-160,-134,-134,0,3
4,29688,5710,-661,-128,-128,0,3
4,29689,5711,-901,-134,-134,0,3
4,29690,5712,-682,-148,-148,0,3
4,29691,5713,-119,-163,-163,0,3
4,29693,5714,307,-170,-170,0,3
4,29694,5715,475,-167,-167,0,3
4,29695,5716,149,-152,-152,0,3
4,29696,5717,-410,-130,-130,0,3
4,29700,5718,-646,-109,-109,0,3
4,29701,5719,-471,-95,-95,0,1
4,29702,5720,41,-91,-91,0,2
4,29703,5721,573,-98,-98,0,3
4,29704,5722,707,-112,-112,0,3
4,29705,5723,451,-127,-127,0,3
4,29707,5724,-46,-139,-139,0,3
4,29708,5725,-434,-144,-144,0,3
4,29709,5726,-307,-143,-143,0,3
4,29713,5727,160,-138,-138,0,3
4,29714,5728,641,-131,-131,0,3
4,29715,5729,901,-126,-126,0,3
4,29716,5730,661,-124,-124,0,3
4,29717,5731,180,-125,-125,0,3
4,29718,5732,-245,-129,-129,0,3
4,29719,5733,-270,-133,-133,0,3
4,29721,5734,97,-136,-136,0,3
4,29722,5735,614,-138,-138,0,3
4,29726,5736,892,-136,-136,0,3
4,29727,5737,757,-129,-129,0,3
4,29728,5738,307,-118,-118,0,1
4,29729,5739,-102,-104,-104,0,2
4,29730,5740,-236,-89,-89,0,3
4,29731,5741,20,-77,-77,0,3
4,29732,5742,497,-70,-70,0,3
4,29733,5743,885,-68,-68,0,3
4,29735,5744,880,-70,-70,0,3
4,29739,5745,455,-72,-72,0,3
4,29740,5746,-47,-74,-74,0,3
4,29741,5747,-328,-73,-73,0,3
4,29742,5748,-170,-73,-73,0,3
4,29743,5749,332,-74,-74,0,3
4,29744,5750,778,-81,-81,0,3
4,29745,5751,905,-95,-95,0,3
4,29746,5752,497,-115,-115,0,3
4,29747,5753,-82,-139,-139,0,3
4,29752,5754,-421,-163,-163,0,3
4,29753,5755,-266,-186,-186,0,3
4,29754,5756,266,-206,-206,0,3
4,29755,5757,757,-224,-224,0,1
4,29756,5758,851,-240,-240,0,2
4,29757,5759,532,-256,-256,0,3
4,29758,5760,15,-272,-272,0,3
4,29759,5761,-373,-289,-289,0,3
4,29760,5762,-286,-306,-306,0,3
4,29761,5763,160,-322,-322,0,3
4,29765,5764,620,-333,-333,0,3
4,29766,5765,840,-338,-338,0,3
4,29767,5766,579,-336,-336,0,3
4,29768,5767,98,-328,-328,0,3
4,29770,5768,-327,-315,-315,0,3
4,29771,5769,-311,-302,-302,0,3
4,29772,5770,36,-293,-293,0,3
4,29773,5771,532,-287,-287,0,3
4,29774,5772,810,-285,-285,0,3
4,29778,5773,696,-284,-284,0,3
4,29779,5774,225,-277,-277,0,3
4,29780,5775,-204,-263,-263,0,3
4,29781,5776,-359,-239,-239,0,1
4,29782,5777,-123,-206,-206,0,2
4,29784,5778,353,-167,-167,0,3
4,29785,5779,741,-126,-126,0,3
4,29786,5780,696,-85,-85,0,3
4,29787,5781,291,-46,-46,0,3
4,29791,5782,-190,-10,-10,0,3
4,29792,5783,-471,23,23,0,3
4,29793,5784,-293,53,53,0,3
4,29794,5785,230,83,83,0,3
4,29795,5786,696,110,110,0,3
4,29796,5787,741,137,137,0,3
4,29798,5788,415,164,164,0,3
4,29799,5789,-184,189,189,0,3
4,29800,5790,-482,213,213,0,3
4,29804,5791,-327,234,234,0,3
4,29805,5792,205,251,251,0,3
4,29806,5793,696,262,262,0,3
4,29807,5794,830,268,268,0,3
4,29808,5795,471,271,271,0,1
4,29809,5796,-87,272,272,0,2
4,29810,5797,-434,273,273,0,3
4,29812,5798,-286,275,275,0,3
4,29813,5799,98,278,278,0,3
4,29817,5800,620,283,283,0,3
4,29818,5801,799,288,288,0,3
4,29819,5802,518,294,294,0,3
4,29820,5803,16,300,300,0,3
4,29821,5804,-409,305,305,0,3
4,29822,5805,-414,308,308,0,3
4,29823,5806,-67,307,307,0,3
4,29824,5807,451,301,301,0,3
4,29826,5808,707,290,290,0,3
4,29830,5809,614,276,276,0,3
4,29831,5810,184,261,261,0,3
4,29832,5811,-266,247,247,0,3
4,29833,5812,-421,235,235,0,3
4,29834,5813,-143,225,225,0,3
4,29835,5814,353,217,217,0,1
4,29836,5815,762,211,211,0,2
4,29837,5816,737,206,206,0,3
4,29838,5817,332,202,202,0,3
4,29843,5818,-190,200,200,0,3
4,29844,5819,-430,199,199,0,3
4,29845,5820,-231,199,199,0,3
4,29846,5821,291,199,199,0,3
4,29847,5822,737,199,199,0,3
4,29848,5823,844,198,198,0,3
4,29849,5824,476,196,196,0,3
4,29850,5825,-82,194,194,0,3
4,29851,5826,-400,190,190,0,3
4,29852,5827,-225,185,185,0,3
4,29856,5828,328,180,180,0,3
4,29857,5829,819,175,175,0,3
4,29858,5830,994,171,171,0,3
4,29859,5831,655,171,171,0,3
4,29861,5832,138,174,174,0,3
4,29862,5833,-168,181,181,0,1
4,29863,5834,-41,189,189,0,2
4,29864,5835,385,195,195,0,3
4,29865,5836,907,197,197,0,3
4,29869,5837,1106,193,193,0,3
4,29870,5838,907,183,183,0,3
4,29871,5839,446,171,171,0,3
4,29872,5840,62,159,159,0,3
4,29873,5841,58,147,147,0,3
4,29875,5842,425,137,137,0,3
4,29876,5843,922,129,129,0,3
4,29877,5844,1199,121,121,0,3
4,29878,5845,1044,114,114,0,3
4,29882,5846,573,107,107,0,3
4,29883,5847,123,103,103,0,3
4,29884,5848,-32,100,100,0,3
4,29885,5849,266,99,99,0,3
4,29886,5850,743,101,101,0,3
4,29887,5851,1110,104,104,0,3
4,29889,5852,1024,109,109,0,1
4,29890,5853,721,115,115,0,2
4,29891,5854,179,122,122,0,3
4,29895,5855,-82,127,127,0,3
4,29896,5856,35,132,132,0,3
4,29897,5857,619,135,135,0,3
4,29898,5858,1146,137,137,0,3
4,29899,5859,1274,138,138,0,3
4,29900,5860,845,140,140,0,3
4,29901,5861,246,142,142,0,3
4,29903,5862,-195,142,142,0,3
4,29904,5863,-122,140,140,0,3
4,29908,5864,328,132,132,0,3
4,29909,5865,778,120,120,0,3
4,29910,5866,830,105,105,0,3
4,29911,5867,471,90,90,0,3
4,29912,5868,-26,79,79,0,3
4,29913,5869,-475,74,74,0,3
4,29914,5870,-389,76,76,0,3
4,29915,5871,-4,84,84,0,1
4,29917,5872,559,95,95,0,2
4,29921,5873,758,105,105,0,3
4,29922,5874,559,115,115,0,3
4,29923,5875,37,121,121,0,3
4,29924,5876,-389,125,125,0,3
4,29925,5877,-373,127,127,0,3
4,29926,5878,15,128,128,0,3
4,29927,5879,471,127,127,0,3
4,29928,5880,769,127,127,0,3
4,29929,5881,594,128,128,0,3
4,29934,5882,164,132,132,0,3
4,29935,5883,-307,137,137,0,3
4,29936,5884,-482,143,143,0,3
4,29937,5885,-184,149,149,0,3
4,29938,5886,210,154,154,0,3
4,29939,5887,598,160,160,0,3
4,29940,5888,655,167,167,0,3
4,29941,5889,250,178,178,0,3
4,29942,5890,-252,195,195,0,1
4,29943,5891,-512,218,218,0,2
4,29947,5892,-354,245,245,0,3
4,29948,5893,189,273,273,0,3
4,29949,5894,594,300,300,0,3
4,29950,5895,598,323,323,0,3
4,29952,5896,108,344,344,0,3
4,29953,5897,-573,364,364,0,3
4,29954,5898,-974,384,384,0,3
4,29955,5899,-921,407,407,0,3
4,29956,5900,-512,434,434,0,3
4,29960,5901,-144,463,463,0,3
4,29961,5902,-30,490,490,0,3
4,29962,5903,-82,515,515,0,3
4,29963,5904,-67,532,532,0,3
4,29964,5905,221,542,542,0,3
4,29966,5906,983,543,543,0,3
4,29967,5907,2392,537,537,0,3
4,29968,5908,3979,526,526,0,3
4,29969,5909,5120,514,514,0,1
4,29973,5910,5494,503,503,0,2
4,29974,5911,5198,495,495,0,3
4,29975,5912,4363,488,488,0,3
4,29976,5913,3048,481,481,0,3
4,29977,5914,1756,471,471,0,3
4,29978,5915,840,460,460,0,3
4,29980,5916,339,450,450,0,3
4,29981,5917,82,445,445,0,3
4,29982,5918,-246,448,448,0,3
4,29986,5919,-553,461,461,0,3
4,29987,5920,-605,482,482,0,3
4,29988,5921,-328,502,502,0,3
4,29989,5922,149,514,514,0,3
4,29990,5923,495,509,509,0,3
4,29991,5924,553,483,483,0,3
4,29992,5925,127,435,435,0,3
4,29994,5926,-436,369,369,0,3
4,29995,5927,-676,293,293,0,3
4,29999,5928,-497,216,216,0,1
4,30000,5929,25,148,148,0,2
4,30001,5930,512,96,96,0,3
4,30002,5931,536,63,63,0,3
4,30003,5932,169,49,49,0,3
4,30004,5933,-328,50,50,0,3
4,30005,5934,-687,60,60,0,3
4,30006,5935,-512,70,70,0,3
4,30008,5936,-61,74,74,0,3
4,30012,5937,450,71,71,0,3
4,30013,5938,564,63,63,0,3
4,30014,5939,225,57,57,0,3
4,30015,5940,-272,58,58,0,3
4,30016,5941,-598,70,70,0,3
4,30017,5942,-532,90,90,0,3
4,30018,5943,-107,108,108,0,3
4,30019,5944,415,114,114,0,3
4,30020,5945,635,99,99,0,3
4,30025,5946,354,64,64,0,3
4,30026,5947,-127,16,16,0,1
4,30027,5948,-512,-31,-31,0,2
4,30028,5949,-536,-59,-59,0,3
4,30029,5950,-169,-58,-58,0,3
4,30030,5951,348,-30,-30,0,3
4,30031,5952,605,15,15,0,3
4,30032,5953,471,56,56,0,3
4,30033,5954,0,73,73,0,3
4,30034,5955,-430,53,53,0,3
4,30038,5956,-585,-4,-4,0,3
4,30039,5957,-328,-83,-83,0,3
4,30040,5958,169,-164,-164,0,3
4,30041,5959,577,-234,-234,0,3
4,30043,5960,573,-289,-289,0,3
4,30044,5961,127,-343,-343,0,3
4,30045,5962,-354,-415,-415,0,3
4,30046,5963,-594,-517,-517,0,3
4,30047,5964,-436,-633,-633,0,3
4,30051,5965,45,-713,-713,0,3
4,30052,5966,532,-672,-672,0,1
4,30053,5967,618,-414,-414,0,2
4,30054,5968,272,130,130,0,3
4,30055,5969,-266,973,973,0,3
4,30057,5970,-646,2042,2042,0,3
4,30058,5971,-512,3185,3185,0,3
4,30059,5972,20,4195,4195,0,3
4,30060,5973,512,4862,4862,0,3
4,30064,5974,667,5035,5035,0,3
4,30065,5975,307,4667,4667,0,3
4,30066,5976,-251,3828,3828,0,3
4,30067,5977,-598,2695,2695,0,3
4,30068,5978,-532,1497,1497,0,3
4,30069,5979,-66,457,457,0,3
4,30071,5980,415,-266,-266,0,3
4,30072,5981,594,-614,-614,0,3
4,30073,5982,374,-632,-632,0,3
4,30077,5983,-148,-436,-436,0,3
4,30078,5984,-553,-172,-172,0,3
4,30079,5985,-536,37,37,0,1
4,30080,5986,-169,122,122,0,2
4,30081,5987,307,78,78,0,3
4,30082,5988,605,-45,-45,0,3
4,30083,5989,491,-179,-179,0,3
4,30085,5990,61,-263,-263,0,3
4,30086,5991,-430,-272,-272,0,3
4,30090,5992,-544,-213,-213,0,3
4,30091,5993,-287,-124,-124,0,3
4,30092,5994,169,-47,-47,0,3
4,30093,5995,557,-14,-14,0,3
4,30094,5996,553,-32,-32,0,3
4,30095,5997,107,-85,-85,0,3
4,30096,5998,-415,-144,-144,0,3
4,30097,5999,-635,-181,-181,0,3
4,30099,6000,-477,-183,-183,0,3
4,30103,6001,4,-151,-151,0,3
4,30104,6002,471,-102,-102,0,3
4,30105,6003,536,-58,-58,0,3
4,30106,6004,149,-32,-32,0,1
4,30107,6005,-410,-31,-31,0,2
4,30108,6006,-748,-48,-48,0,3
4,30109,6007,-532,-68,-68,0,3
4,30110,6008,-102,-79,-79,0,3
4,30111,6009,389,-75,-75,0,3
4,30116,6010,564,-54,-54,0,3
4,30117,6011,205,-26,-26,0,3
4,30118,6012,-313,0,0,0,3
4,30119,6013,-659,16,16,0,3
4,30120,6014,-573,16,16,0,3
4,30121,6015,-107,4,4,0,3
4,30122,6016,436,-14,-14,0,3
4,30123,6017,717,-31,-31,0,3
4,30124,6018,518,-39,-39,0,3
4,30125,6019,78,-37,-37,0,3
4,30129,6020,-266,-28,-28,0,3
4,30130,6021,-291,-15,-15,0,3
4,30131,6022,77,-5,-5,0,3
4,30132,6023,614,-1,-1,0,1
4,30134,6024,892,-4,-4,0,2
4,30135,6025,798,-10,-10,0,3
4,30136,6026,328,-17,-17,0,3
4,30137,6027,-61,-21,-21,0,3
4,30138,6028,-175,-20,-20,0,3
4,30142,6029,61,-16,-16,0,3
4,30143,6030,558,-9,-9,0,3
4,30144,6031,987,-4,-4,0,3
4,30145,6032,983,1,1,0,3
4,30146,6033,578,2,2,0,3
4,30148,6034,56,2,2,0,3
4,30149,6035,-205,1,1,0,3
4,30150,6036,-6,0,0,0,3
4,30151,6037,578,-1,-1,0,3
4,30155,6038,1044,-2,-2,0,3
4,30156,6039,1048,-2,-2,0,3
4,30157,6040,702,-2,-2,0,3
4,30158,6041,143,-2,-2,0,3
4,30159,6042,-216,-2,-2,0,1
4,30160,6043,-20,-4,-4,0,2
4,30162,6044,451,-8,-8,0,3
4,30163,6045,921,-12,-12,0,3
4,30164,6046,1056,-16,-16,0,3
4,30168,6047,737,-18,-18,0,3
4,30169,6048,179,-14,-14,0,3
4,30170,6049,-168,-6,-6,0,3
4,30171,6050,-41,6,6,0,3
4,30172,6051,344,18,18,0,3
4,30173,6052,866,27,27,0,3
4,30174,6053,1065,30,30,0,3
4,30176,6054,764,27,27,0,3
4,30177,6055,282,20,20,0,3
4,30181,6056,-163,10,10,0,3
4,30182,6057,-188,0,0,0,3
4,30183,6058,179,-9,-9,0,3
4,30184,6059,655,-19,-19,0,3
4,30185,6060,912,-28,-28,0,3
4,30186,6061,819,-38,-38,0,1
4,30187,6062,389,-49,-49,0,2
4,30188,6063,-102,-61,-61,0,3
4,30190,6064,-236,-74,-74,0,3
4,30194,6065,20,-87,-87,0,3
4,30195,6066,517,-98,-98,0,3
4,30196,6067,885,-107,-107,0,3
4,30197,6068,860,-113,-113,0,3
4,30198,6069,414,-114,-114,0,3
4,30199,6070,-67,-113,-113,0,3
4,30200,6071,-307,-111,-111,0,3
4,30201,6072,-149,-111,-111,0,3
4,30202,6073,393,-113,-113,0,3
4,30207,6074,839,-116,-116,0,3
4,30208,6075,946,-117,-117,0,3
4,30209,6076,538,-112,-112,0,3
4,30210,6077,-41,-94,-94,0,3
4,30211,6078,-318,-64,-64,0,3
4,30212,6079,-184,-21,-21,0,3
4,30213,6080,266,31,31,0,1
4,30214,6081,757,86,86,0,2
4,30215,6082,912,137,137,0,3
4,30216,6083,532,180,180,0,3
4,30220,6084,-26,214,214,0,3
4,30221,6085,-373,239,239,0,3
4,30222,6086,-327,256,256,0,3
4,30223,6087,180,269,269,0,3
4,30224,6088,661,281,281,0,3
4,30225,6089,819,293,293,0,3
4,30226,6090,559,307,307,0,3
4,30227,6091,78,323,323,0,3
4,30228,6092,-327,339,339,0,3
4,30229,6093,-332,354,354,0,3
4,30233,6094,36,364,364,0,3
4,30234,6095,492,371,371,0,3
4,30235,6096,769,374,374,0,3
4,30236,6097,655,377,377,0,3
4,30237,6098,164,381,381,0,3
4,30238,6099,-184,388,388,0,1
4,30239,6100,-359,397,397,0,2
4,30240,6101,-61,405,405,0,3
4,30241,6102,394,411,411,0,3
4,30242,6103,782,412,412,0,3
4,30246,6104,778,407,407,0,3
4,30247,6105,352,398,398,0,3
4,30248,6106,-108,386,386,0,3
4,30249,6107,-410,375,375,0,3
4,30250,6108,-252,367,367,0,3
4,30251,6109,291,364,364,0,3
4,30252,6110,757,365,365,0,3
4,30253,6111,803,370,370,0,3
4,30254,6112,435,377,377,0,3
4,30255,6113,-123,383,383,0,3
4,30259,6114,-462,386,386,0,3
4,30260,6115,-307,384,384,0,3
4,30261,6116,205,375,375,0,3
4,30262,6117,716,360,360,0,3
4,30263,6118,871,341,341,0,1
4,30264,6119,492,321,321,0,2
4,30265,6120,-46,304,304,0,3
4,30266,6121,-352,294,294,0,3
4,30267,6122,-286,289,289,0,3
4,30268,6123,180,289,289,0,3
4,30272,6124,661,292,292,0,3
4,30273,6125,881,293,293,0,3
4,30274,6126,600,292,292,0,3
4,30275,6127,160,289,289,0,3
4,30276,6128,-266,282,282,0,3
4,30277,6129,-270,273,273,0,3
4,30278,6130,56,262,262,0,3
4,30279,6131,573,251,251,0,3
4,30280,6132,810,242,242,0,3
4,30281,6133,716,235,235,0,3
4,30285,6134,307,232,232,0,3
4,30286,6135,-143,233,233,0,3
4,30287,6136,-257,238,238,0,3
4,30288,6137,20,243,243,0,1
4,30289,6138,599,247,247,0,2
4,30290,6139,1048,249,249,0,3
4,30291,6140,1065,247,247,0,3
4,30292,6141,598,241,241,0,3
4,30293,6142,97,233,233,0,3
4,30294,6143,-123,222,222,1,3
4,30415,6144,76,210,210,0,3
4,30416,6145,680,198,198,0,3
4,30417,6146,1106,186,186,0,3
4,30418,6147,1171,175,175,0,3
4,30419,6148,865,168,168,0,3
4,30421,6149,348,163,163,0,3
4,30422,6150,9,162,162,0,3
4,30423,6151,164,162,162,0,3
4,30424,6152,676,162,162,0,3
4,30428,6153,1106,161,161,0,3
4,30429,6154,1219,157,157,0,3
4,30430,6155,901,151,151,0,3
4,30431,6156,343,145,145,0,1
4,30432,6157,-24,141,141,0,2
4,30433,6158,123,139,139,0,3
4,30435,6159,549,139,139,0,3
4,30436,6160,1009,142,142,0,3
4,30437,6161,1167,147,147,0,3
4,30441,6162,968,153,153,0,3
4,30442,6163,569,161,161,0,3
4,30443,6164,205,169,169,0,3
4,30444,6165,180,175,175,0,3
4,30445,6166,425,177,177,0,3
4,30446,6167,778,177,177,0,3
4,30447,6168,994,172,172,0,3
4,30449,6169,819,165,165,0,3
4,30450,6170,328,158,158,0,3
4,30454,6171,-163,152,152,0,3
4,30455,6172,-359,147,147,0,3
4,30456,6173,-102,142,142,0,3
4,30457,6174,353,138,138,0,3
4,30458,6175,741,133,133,0,1
4,30459,6176,675,129,129,0,2
4,30460,6177,311,127,127,0,3
4,30461,6178,-252,127,127,0,3
4,30463,6179,-492,131,131,0,3
4,30467,6180,-313,137,137,0,3
4,30468,6181,209,144,144,0,3
4,30469,6182,655,151,151,0,3
4,30470,6183,721,156,156,0,3
4,30471,6184,374,161,161,0,3
4,30472,6185,-225,165,165,0,3
4,30473,6186,-544,171,171,0,3
4,30474,6187,-389,179,179,0,3
4,30475,6188,123,188,188,0,3
4,30480,6189,573,196,196,0,3
4,30481,6190,728,201,201,0,3
4,30482,6191,389,202,202,0,3
4,30483,6192,-128,199,199,0,3
4,30484,6193,-475,192,192,0,3
4,30485,6194,-430,185,185,0,1
4,30486,6195,16,180,180,0,2
4,30487,6196,497,181,181,0,3
4,30488,6197,676,192,192,0,3
4,30489,6198,333,215,215,0,3
4,30493,6199,-250,248,248,0,3
4,30494,6200,-819,287,287,0,3
4,30495,6201,-905,328,328,0,3
4,30496,6202,-579,363,363,0,3
4,30498,6203,-61,389,389,0,3
4,30499,6204,134,407,407,0,3
4,30500,6205,-21,418,418,0,3
4,30501,6206,-614,428,428,0,3
4,30502,6207,-1249,441,441,0,3
4,30506,6208,-1486,460,460,0,3
4,30507,6209,-1065,485,485,0,3
4,30508,6210,-322,512,512,0,3
4,30509,6211,516,538,538,0,3
4,30510,6212,983,559,559,0,3
4,30512,6213,1090,573,573,0,1
4,30513,6214,1325,579,579,0,2
4,30514,6215,2028,576,576,0,3
4,30515,6216,3230,567,567,0,3
4,30519,6217,4612,552,552,0,3
4,30520,6218,5529,534,534,0,3
4,30521,6219,5697,516,516,0,3
4,30522,6220,4675,502,502,0,3
4,30523,6221,2908,497,497,0,3
4,30524,6222,931,503,503,0,3
4,30526,6223,-163,520,520,0,3
4,30527,6224,-307,546,546,0,3
4,30528,6225,102,575,575,0,3
4,30532,6226,298,596,596,0,3
4,30533,6227,205,604,604,0,3
4,30534,6228,-292,590,590,0,3
4,30535,6229,-618,552,552,0,3
4,30536,6230,-573,494,494,0,3
4,30537,6231,-148,419,419,0,3
4,30538,6232,395,340,340,0,1
4,30540,6233,614,265,265,0,2
4,30541,6234,354,204,204,0,3
4,30545,6235,-209,159,159,0,3
4,30546,6236,-553,131,131,0,3
4,30547,6237,-577,114,114,0,3
4,30548,6238,-231,102,102,0,3
4,30549,6239,287,90,90,0,3
4,30550,6240,544,78,78,0,3
4,30551,6241,368,66,66,0,3
4,30552,6242,0,56,56,0,3
4,30554,6243,-491,50,50,0,3
4,30558,6244,-585,47,47,0,3
4,30559,6245,-369,44,44,0,3
4,30560,6246,128,39,39,0,3
4,30561,6247,516,31,31,0,3
4,30562,6248,553,23,23,0,3
4,30563,6249,127,16,16,0,3
4,30564,6250,-395,14,14,0,3
4,30565,6251,-635,18,18,0,1
4,30566,6252,-477,24,24,0,2
4,30571,6253,66,29,29,0,3
4,30572,6254,553,29,29,0,3
4,30573,6255,618,24,24,0,3
4,30574,6256,231,15,15,0,3
4,30575,6257,-328,7,7,0,3
4,30576,6258,-687,0,0,0,3
4,30577,6259,-491,-9,-9,0,3
4,30578,6260,20,-27,-27,0,3
4,30579,6261,491,-66,-66,0,3
4,30580,6262,585,-133,-133,0,3
4,30584,6263,205,-228,-228,0,3
4,30585,6264,-333,-340,-340,0,3
4,30586,6265,-639,-451,-451,0,3
4,30587,6266,-512,-544,-544,0,3
4,30589,6267,-127,-607,-607,0,3
4,30590,6268,395,-644,-644,0,3
4,30591,6269,635,-666,-666,0,3
4,30592,6270,374,-691,-691,0,1
4,30593,6271,-127,-726,-726,0,2
4,30597,6272,-512,-752,-752,0,3
4,30598,6273,-516,-723,-723,0,3
4,30599,6274,-149,-567,-567,0,3
4,30600,6275,287,-207,-207,0,3
4,30601,6276,605,407,407,0,3
4,30603,6277,409,1268,1268,0,3
4,30604,6278,20,2297,2297,0,3
4,30605,6279,-471,3347,3347,0,3
4,30606,6280,-626,4226,4226,0,3
4,30610,6281,-328,4752,4752,0,3
4,30611,6282,169,4802,4802,0,3
4,30612,6283,577,4350,4350,0,3
4,30613,6284,553,3480,3480,0,3
4,30614,6285,107,2368,2368,0,3
4,30615,6286,-415,1232,1232,0,3
4,30617,6287,-717,276,276,0,3
4,30618,6288,-477,-363,-363,0,3
4,30619,6289,86,-645,-645,0,1
4,30623,6290,553,-624,-624,0,2
4,30624,6291,680,-417,-417,0,3
4,30625,6292,210,-161,-161,0,3
4,30626,6293,-307,33,33,0,3
4,30627,6294,-707,106,106,0,3
4,30628,6295,-553,64,64,0,3
4,30629,6296,-61,-47,-47,0,3
4,30631,6297,471,-163,-163,0,3
4,30632,6298,605,-230,-230,0,3
4,30636,6299,287,-229,-229,0,3
4,30637,6300,-272,-170,-170,0,3
4,30638,6301,-598,-88,-88,0,3
4,30639,6302,-512,-23,-23,0,3
4,30640,6303,-107,-1,-1,0,3
4,30641,6304,436,-26,-26,0,3
4,30642,6305,614,-78,-78,0,3
4,30643,6306,354,-131,-131,0,3
4,30645,6307,-148,-160,-160,0,3
4,30649,6308,-553,-153,-153,0,1
4,30650,6309,-618,-116,-116,0,2
4,30651,6310,-292,-68,-68,0,3
4,30652,6311,184,-30,-30,0,3
4,30653,6312,503,-16,-16,0,3
4,30654,6313,389,-27,-27,0,3
4,30655,6314,-41,-52,-52,0,3
4,30656,6315,-512,-77,-77,0,3
4,30657,6316,-626,-89,-89,0,3
4,30662,6317,-328,-82,-82,0,3
4,30663,6318,87,-60,-60,0,3
4,30664,6319,516,-33,-33,0,3
4,30665,6320,491,-13,-13,0,3
4,30666,6321,127,-7,-7,0,3
4,30667,6322,-415,-16,-16,0,3
4,30668,6323,-614,-36,-36,0,3
4,30669,6324,-436,-59,-59,0,3
4,30670,6325,148,-78,-78,0,3
4,30671,6326,614,-86,-86,0,3
4,30675,6327,721,-85,-85,0,1
4,30676,6328,374,-76,-76,0,2
4,30677,6329,-123,-62,-62,0,3
4,30678,6330,-462,-46,-46,0,3
4,30680,6331,-266,-30,-30,0,3
4,30681,6332,266,-16,-16,0,3
4,30682,6333,778,-4,-4,0,3
4,30683,6334,892,4,4,0,3
4,30684,6335,594,9,9,0,3
4,30688,6336,138,10,10,0,3
4,30689,6337,-209,7,7,0,3
4,30690,6338,-143,1,1,0,3
4,30691,6339,303,-8,-8,0,3
4,30692,6340,805,-16,-16,0,3
4,30694,6341,963,-21,-21,0,3
4,30695,6342,743,-23,-23,0,3
4,30696,6343,201,-21,-21,0,3
4,30697,6344,-122,-18,-18,0,3
4,30701,6345,-168,-15,-15,0,3
4,30702,6346,179,-16,-16,0,1
4,30703,6347,676,-21,-21,0,2
4,30704,6348,933,-28,-28,0,3
4,30705,6349,819,-35,-35,0,3
4,30706,6350,430,-36,-36,0,3
4,30708,6351,-41,-31,-31,0,3
4,30709,6352,-134,-20,-20,0,3
4,30710,6353,123,-9,-9,0,3
4,30714,6354,620,-1,-1,0,3
4,30715,6355,1007,-1,-1,0,3
4,30716,6356,962,-8,-8,0,3
4,30717,6357,516,-22,-22,0,3
4,30718,6358,-6,-37,-37,0,3
4,30719,6359,-287,-50,-50,0,3
4,30720,6360,-129,-57,-57,0,3
4,30722,6361,393,-56,-56,0,3
4,30723,6362,880,-47,-47,0,3
4,30727,6363,905,-34,-34,0,3
4,30728,6364,538,-18,-18,0,3
4,30729,6365,20,-5,-5,0,1
4,30730,6366,-298,3,3,0,2
4,30731,6367,-163,5,5,0,3
4,30732,6368,328,-2,-2,0,3
4,30733,6369,839,-16,-16,0,3
4,30734,6370,912,-36,-36,0,3
4,30736,6371,553,-57,-57,0,3
4,30740,6372,-5,-76,-76,0,3
4,30741,6373,-332,-90,-90,0,3
4,30742,6374,-245,-98,-98,0,3
4,30743,6375,221,-100,-100,0,3
4,30744,6376,641,-96,-96,0,3
4,30745,6377,901,-89,-89,0,3
4,30746,6378,600,-80,-80,0,3
4,30747,6379,139,-72,-72,0,3
4,30748,6380,-266,-67,-67,0,3
4,30753,6381,-291,-64,-64,0,3
4,30754,6382,97,-65,-65,0,3
4,30755,6383,573,-67,-67,0,3
4,30756,6384,748,-68,-68,0,1
4,30757,6385,655,-63,-63,0,2
4,30758,6386,205,-49,-49,0,3
4,30759,6387,-245,-26,-26,0,3
4,30760,6388,-359,4,4,0,3
4,30761,6389,-123,37,37,0,3
4,30762,6390,333,70,70,0,3
4,30766,6391,741,100,100,0,3
4,30767,6392,696,125,125,0,3
4,30768,6393,291,147,147,0,3
4,30769,6394,-231,169,169,0,3
4,30771,6395,-471,192,192,0,3
4,30772,6396,-293,219,219,0,3
4,30773,6397,230,247,247,0,3
4,30774,6398,675,274,274,0,3
4,30775,6399,782,299,299,0,3
4,30779,6400,394,318,318,0,3
4,30780,6401,-123,331,331,0,3
4,30781,6402,-503,338,338,0,3
4,30782,6403,-307,339,339,0,1
4,30783,6404,205,337,337,0,2
4,30785,6405,655,331,331,0,3
4,30786,6406,810,326,326,0,3
4,30787,6407,471,321,321,0,3
4,30788,6408,-108,317,317,0,3
4,30792,6409,-434,317,317,0,3
4,30793,6410,-389,320,320,0,3
4,30794,6411,78,325,325,0,3
4,30795,6412,600,333,333,0,3
4,30796,6413,778,344,344,0,3
4,30797,6414,518,357,357,0,3
4,30799,6415,57,372,372,0,3
4,30800,6416,-368,386,386,0,3
4,30801,6417,-373,394,394,0,3
4,30805,6418,-87,392,392,0,3
4,30806,6419,430,378,378,0,3
4,30807,6420,667,354,354,0,3
4,30808,6421,553,324,324,0,3
4,30809,6422,123,294,294,0,1
4,30810,6423,-307,269,269,0,2
4,30811,6424,-421,254,254,0,3
4,30813,6425,-205,250,250,0,3
4,30814,6426,313,254,254,0,3
4,30818,6427,700,264,264,0,3
4,30819,6428,737,274,274,0,3
4,30820,6429,311,280,280,0,3
4,30821,6430,-211,280,280,0,3
4,30822,6431,-492,274,274,0,3
4,30823,6432,-231,261,261,0,3
4,30824,6433,291,245,245,0,3
4,30825,6434,778,229,229,0,3
4,30827,6435,885,215,215,0,3
4,30831,6436,538,206,206,0,3
4,30832,6437,82,203,203,0,3
4,30833,6438,-195,205,205,0,3
4,30834,6439,-82,210,210,0,3
4,30835,6440,410,215,215,0,3
4,30836,6441,901,219,219,0,1
4,30837,6442,1015,219,219,0,2
4,30838,6443,758,215,215,0,3
4,30839,6444,220,209,209,0,3
4,30844,6445,-86,201,201,0,3
4,30845,6446,0,192,192,0,3
4,30846,6447,528,182,182,0,3
4,30847,6448,1009,171,171,0,3
4,30848,6449,1167,161,161,0,3
4,30849,6450,907,151,151,0,3
4,30850,6451,446,143,143,0,3
4,30851,6452,21,137,137,0,3
4,30852,6453,-45,132,132,0,3
4,30853,6454,343,126,126,0,3
4,30857,6455,799,119,119,0,3
4,30858,6456,1097,110,110,0,3
4,30859,6457,1003,101,101,0,3
4,30860,6458,512,94,94,0,3
4,30862,6459,-20,90,90,0,3
4,30863,6460,-155,91,91,0,1
4,30864,6461,123,96,96,0,2
4,30865,6462,722,103,103,0,3
4,30866,6463,1151,112,112,0,3
4,30870,6464,1167,119,119,0,3
4,30871,6465,701,125,125,0,3
4,30872,6466,97,128,128,0,3
4,30873,6467,-225,129,129,0,3
4,30874,6468,-67,126,126,0,3
4,30876,6469,434,121,121,0,3
4,30877,6470,901,115,115,0,3
4,30878,6471,946,108,108,0,3
4,30879,6472,497,103,103,0,3
4,30883,6473,-143,102,102,0,3
4,30884,6474,-503,104,104,0,3
4,30885,6475,-389,110,110,0,3
4,30886,6476,123,116,116,0,3
4,30887,6477,594,120,120,0,3
4,30888,6478,707,121,121,0,3
4,30890,6479,348,115,115,0,1
4,30891,6480,-210,105,105,0,2
4,30892,6481,-536,91,91,0,3
4,30896,6482,-491,75,75,0,3
4,30897,6483,-45,61,61,0,3
4,30898,6484,436,51,51,0,3
4,30899,6485,635,48,48,0,3
4,30900,6486,374,54,54,0,3
4,30901,6487,-107,68,68,0,3
4,30902,6488,-512,85,85,0,3
4,30904,6489,-536,101,101,0,3
4,30905,6490,-128,110,110,0,3
4,30909,6491,307,110,110,0,3
4,30910,6492,564,103,103,0,3
4,30911,6493,430,95,95,0,3
4,30912,6494,20,93,93,0,3
4,30913,6495,-409,103,103,0,3
4,30914,6496,-564,129,129,0,3
4,30915,6497,-348,169,169,0,3
4,30916,6498,108,215,215,0,1
4,30918,6499,373,261,261,0,2
4,30922,6500,204,299,299,0,3
4,30923,6501,-303,325,325,0,3
4,30924,6502,-927,338,338,0,3
4,30925,6503,-1352,344,344,0,3
4,30926,6504,-1235,348,348,0,3
4,30927,6505,-672,357,357,0,3
4,30928,6506,20,374,374,0,3
4,30929,6507,557,400,400,0,3
4,30930,6508,640,431,431,0,3
4,30935,6509,655,463,463,0,3
4,30936,6510,1238,489,489,0,3
4,30937,6511,2478,506,506,0,3
4,30938,6512,3932,513,513,0,3
4,30939,6513,5017,510,510,0,3
4,30940,6514,5336,500,500,0,3
4,30941,6515,4649,487,487,0,3
4,30942,6516,3067,474,474,0,3
4,30943,6517,1286,462,462,0,1
4,30944,6518,185,450,450,0,2
4,30948,6519,-148,438,438,0,3
4,30949,6520,-56,426,426,0,3
4,30950,6521,82,415,415,0,3
4,30951,6522,-56,409,409,0,3
4,30953,6523,-434,413,413,0,3
4,30954,6524,-798,425,425,0,3
4,30955,6525,-782,444,444,0,3
4,30956,6526,-415,463,463,0,3
4,30957,6527,102,475,475,0,3
4,30961,6528,359,474,474,0,3
4,30962,6529,307,456,456,0,3
4,30963,6530,-143,422,422,0,3
4,30964,6531,-655,375,375,0,3
4,30965,6532,-810,321,321,0,3
4,30967,6533,-492,267,267,0,3
4,30968,6534,-36,217,217,0,3
4,30969,6535,434,176,176,0,3
4,30970,6536,389,144,144,0,1
4,30974,6537,-16,118,118,0,2
4,30975,6538,-538,94,94,0,3
4,30976,6539,-758,68,68,0,3
4,30977,6540,-600,39,39,0,3
4,30978,6541,-57,7,7,0,3
4,30979,6542,368,-23,-23,0,3
4,30981,6543,373,-43,-43,0,3
4,30982,6544,46,-51,-51,0,3
4,30983,6545,-492,-45,-45,0,3
4,30987,6546,-810,-31,-31,0,3
4,30988,6547,-675,-16,-16,0,3
4,30989,6548,-164,-11,-11,0,3
4,30990,6549,348,-21,-21,0,3
4,30991,6550,482,-46,-46,0,3
4,30992,6551,143,-75,-75,0,3
4,30993,6552,-374,-97,-97,0,3
4,30995,6553,-721,-101,-101,0,3
4,30996,6554,-655,-83,-83,0,3
4,31000,6555,-209,-50,-50,0,1
4,31001,6556,272,-17,-17,0,2
4,31002,6557,410,-1,-1,0,3
4,31003,6558,190,-13,-13,0,3
4,31004,6559,-311,-56,-56,0,3
4,31005,6560,-757,-121,-121,0,3
4,31006,6561,-782,-197,-197,0,3
4,31007,6562,-394,-272,-272,0,3
4,31009,6563,61,-343,-343,0,3
4,31013,6564,359,-419,-419,0,3
4,31014,6565,225,-510,-510,0,3
4,31015,6566,-225,-624,-624,0,3
4,31016,6567,-675,-745,-745,0,3
4,31017,6568,-830,-828,-828,0,3
4,31018,6569,-573,-805,-805,0,3
4,31019,6570,-56,-592,-592,0,3
4,31020,6571,332,-128,-128,0,3
4,31021,6572,266,604,604,0,3
4,31026,6573,-139,1551,1551,0,3
4,31027,6574,-600,2588,2588,0,1
4,31028,6575,-819,3537,3537,0,2
4,31029,6576,-620,4212,4212,0,3
4,31030,6577,-98,4466,4466,0,3
4,31031,6578,327,4236,4236,0,3
4,31032,6579,414,3562,3562,0,3
4,31033,6580,26,2583,2583,0,3
4,31034,6581,-492,1495,1495,0,3
4,31035,6582,-871,501,501,0,3
4,31039,6583,-716,-242,-242,0,3
4,31040,6584,-205,-659,-659,0,3
4,31041,6585,307,-766,-766,0,3
4,31042,6586,421,-650,-650,0,3
4,31044,6587,82,-432,-432,0,3
4,31045,6588,-456,-227,-227,0,3
4,31046,6589,-782,-106,-106,0,3
4,31047,6590,-737,-91,-91,0,3
4,31048,6591,-271,-157,-157,0,3
4,31052,6592,190,-251,-251,0,3
4,31053,6593,389,-322,-322,0,1
4,31054,6594,149,-342,-342,0,2
4,31055,6595,-311,-306,-306,0,3
4,31056,6596,-696,-237,-237,0,3
4,31058,6597,-700,-168,-168,0,3
4,31059,6598,-374,-125,-125,0,3
4,31060,6599,82,-122,-122,0,3
4,31061,6600,359,-149,-149,0,3
4,31065,6601,245,-190,-190,0,3
4,31066,6602,-225,-221,-221,0,3
4,31067,6603,-634,-231,-231,0,3
4,31068,6604,-830,-219,-219,0,3
4,31069,6605,-594,-194,-194,0,3
4,31070,6606,-159,-172,-172,0,3
4,31072,6607,250,-162,-162,0,3
4,31073,6608,204,-168,-168,0,3
4,31074,6609,-201,-184,-184,0,3
4,31078,6610,-702,-199,-199,0,3
4,31079,6611,-942,-204,-204,0,3
4,31080,6612,-764,-193,-193,0,1
4,31081,6613,-201,-170,-170,0,2
4,31082,6614,204,-142,-142,0,3
4,31083,6615,291,-118,-118,0,3
4,31084,6616,-118,-104,-104,0,3
4,31086,6617,-655,-105,-105,0,3
4,31087,6618,-953,-118,-118,0,3
4,31091,6619,-798,-137,-137,0,3
4,31092,6620,-307,-157,-157,0,3
4,31093,6621,225,-175,-175,0,3
4,31094,6622,380,-187,-187,0,3
4,31095,6623,102,-194,-194,0,3
4,31096,6624,-394,-198,-198,0,3
4,31097,6625,-659,-199,-199,0,3
4,31098,6626,-594,-199,-199,0,3
4,31100,6627,-148,-200,-200,0,3
4,31104,6628,354,-201,-201,0,3
4,31105,6629,573,-203,-203,0,3
4,31106,6630,395,-207,-207,0,3
4,31107,6631,-86,-212,-212,0,1
4,31108,6632,-389,-217,-217,0,2
4,31109,6633,-352,-221,-221,0,3
4,31110,6634,-5,-223,-223,0,3
4,31111,6635,471,-222,-222,0,3
4,31112,6636,748,-216,-216,0,3
4,31117,6637,614,-206,-206,0,3
4,31118,6638,184,-192,-192,0,3
4,31119,6639,-225,-176,-176,0,3
4,31120,6640,-380,-163,-163,0,3
4,31121,6641,-143,-155,-155,0,3
4,31122,6642,333,-153,-153,0,3
4,31123,6643,700,-157,-157,0,3
4,31124,6644,737,-165,-165,0,3
4,31125,6645,311,-171,-171,0,3
4,31126,6646,-190,-174,-174,0,3
4,31130,6647,-389,-173,-173,0,3
4,31131,6648,-190,-170,-170,0,3
4,31132,6649,271,-166,-166,0,3
4,31133,6650,757,-163,-163,0,1
4,31135,6651,823,-164,-164,0,2
4,31136,6652,456,-168,-168,0,3
4,31137,6653,-82,-171,-171,0,3
4,31138,6654,-441,-173,-173,0,3
4,31139,6655,-307,-172,-172,0,3
4,31143,6656,184,-168,-168,0,3
4,31144,6657,655,-162,-162,0,3
4,31145,6658,810,-157,-157,0,3
4,31146,6659,430,-153,-153,0,3
4,31147,6660,-108,-150,-150,0,3
4,31149,6661,-475,-150,-150,0,3
4,31150,6662,-368,-152,-152,0,3
4,31151,6663,78,-157,-157,0,3
4,31152,6664,579,-165,-165,0,3
4,31156,6665,758,-178,-178,0,3
4,31157,6666,518,-195,-195,0,3
4,31158,6667,-4,-215,-215,0,3
4,31159,6668,-368,-236,-236,0,3
4,31160,6669,-332,-259,-259,0,1
4,31161,6670,36,-280,-280,0,2
4,31163,6671,471,-297,-297,0,3
4,31164,6672,769,-307,-307,0,3
4,31165,6673,594,-310,-310,0,3
4,31169,6674,164,-307,-307,0,3
4,31170,6675,-307,-299,-299,0,3
4,31171,6676,-462,-292,-292,0,3
4,31172,6677,-225,-289,-289,0,3
4,31173,6678,231,-294,-294,0,3
4,31174,6679,639,-303,-303,0,3
4,31175,6680,573,-315,-315,0,3
4,31177,6681,168,-321,-321,0,3
4,31178,6682,-333,-317,-317,0,3
4,31182,6683,-614,-300,-300,0,3
4,31183,6684,-395,-270,-270,0,3
4,31184,6685,168,-231,-231,0,3
4,31185,6686,614,-189,-189,0,3
4,31186,6687,659,-150,-150,0,3
4,31187,6688,231,-117,-117,0,1
4,31188,6689,-266,-90,-90,0,2
4,31189,6690,-564,-67,-67,0,3
4,31191,6691,-450,-43,-43,0,3
4,31195,6692,82,-17,-17,0,3
4,31196,6693,573,16,16,0,3
4,31197,6694,687,53,53,0,3
4,31198,6695,348,93,93,0,3
4,31199,6696,-190,131,131,0,3
4,31200,6697,-557,164,164,0,3
4,31201,6698,-512,186,186,0,3
4,31202,6699,-45,197,197,0,3
4,31203,6700,456,197,197,0,3
4,31208,6701,655,189,189,0,3
4,31209,6702,395,178,178,0,3
4,31210,6703,-127,169,169,0,3
4,31211,6704,-553,163,163,0,3
4,31212,6705,-536,163,163,0,3
4,31213,6706,-169,166,166,0,3
4,31214,6707,307,171,171,0,1
4,31215,6708,564,176,176,0,2
4,31216,6709,471,181,181,0,3
4,31217,6710,41,187,187,0,3
4,31221,6711,-368,194,194,0,3
4,31222,6712,-564,201,201,0,3
4,31223,6713,-266,208,208,0,3
4,31224,6714,272,211,211,0,3
4,31226,6715,659,210,210,0,3
4,31227,6716,614,203,203,0,3
4,31228,6717,189,193,193,0,3
4,31229,6718,-313,180,180,0,3
4,31230,6719,-553,165,165,0,3
4,31234,6720,-354,152,152,0,3
4,31235,6721,107,141,141,0,3
4,31236,6722,573,132,132,0,3
4,31237,6723,680,126,126,0,3
4,31238,6724,272,123,123,0,3
4,31240,6725,-266,122,122,0,3
4,31241,6726,-564,123,123,0,1
4,31242,6727,-450,126,126,0,2
4,31243,6728,82,130,130,0,3
4,31247,6729,573,135,135,0,3
4,31248,6730,728,140,140,0,3
4,31249,6731,389,148,148,0,3
4,31250,6732,-190,156,156,0,3
4,31251,6733,-557,164,164,0,3
4,31252,6734,-409,170,170,0,3
4,31254,6735,78,170,170,0,3
4,31255,6736,579,162,162,0,3
4,31256,6737,799,147,147,0,3
4,31260,6738,559,125,125,0,3
4,31261,6739,139,100,100,0,3
4,31262,6740,-286,76,76,0,3
4,31263,6741,-250,55,55,0,3
4,31264,6742,179,39,39,0,3
4,31265,6743,635,27,27,0,3
4,31266,6744,912,20,20,0,3
4,31268,6745,860,17,17,0,1
4,31269,6746,512,17,17,0,2
4,31273,6747,62,19,19,0,3
4,31274,6748,-73,22,22,0,3
4,31275,6749,164,25,25,0,3
4,31276,6750,640,27,27,0,3
4,31277,6751,1028,28,28,0,3
4,31278,6752,1003,30,30,0,3
4,31279,6753,557,32,32,0,3
4,31280,6754,35,35,35,0,3
4,31282,6755,-225,39,39,0,3
4,31286,6756,-26,40,40,0,3
4,31287,6757,393,40,40,0,3
4,31288,6758,860,36,36,0,3
4,31289,6759,926,30,30,0,3
4,31290,6760,620,24,24,0,3
4,31291,6761,123,18,18,0,3
4,31292,6762,-195,14,14,0,3
4,31293,6763,-122,10,10,0,3
4,31294,6764,266,6,6,0,1
4,31299,6765,716,1,1,0,2
4,31300,6766,830,-5,-5,0,3
4,31301,6767,410,-13,-13,0,3
4,31302,6768,-190,-19,-19,0,3
4,31303,6769,-536,-22,-22,0,3
4,31304,6770,-491,-21,-21,0,3
4,31305,6771,-66,-17,-17,0,3
4,31306,6772,415,-9,-9,0,3
4,31307,6773,573,0,0,0,3
4,31308,6774,354,11,11,0,3
4,31312,6775,-107,23,23,0,3
4,31313,6776,-553,35,35,0,3
4,31314,6777,-557,46,46,0,3
4,31315,6778,-231,53,53,0,3
4,31317,6779,246,55,55,0,3
4,31318,6780,503,52,52,0,3
4,31319,6781,389,44,44,0,3
4,31320,6782,-61,35,35,0,3
4,31321,6783,-450,26,26,0,1
4,31325,6784,-646,18,18,0,2
4,31326,6785,-410,15,15,0,3
4,31327,6786,87,15,15,0,3
4,31328,6787,454,18,18,0,3
4,31329,6788,491,23,23,0,3
4,31331,6789,107,30,30,0,3
4,31332,6790,-436,35,35,0,3
4,31333,6791,-696,39,39,0,3
4,31334,6792,-497,40,40,0,3
4,31338,6793,25,39,39,0,3
4,31339,6794,471,38,38,0,3
4,31340,6795,536,40,40,0,3
4,31341,6796,128,48,48,0,3
4,31342,6797,-492,63,63,0,3
4,31343,6798,-953,84,84,0,3
4,31345,6799,-901,111,111,0,3
4,31346,6800,-492,140,140,0,3
4,31347,6801,-41,168,168,0,3
4,31351,6802,-71,195,195,0,1
4,31352,6803,-492,220,220,0,2
4,31353,6804,-927,247,247,0,3
4,31354,6805,-946,276,276,0,3
4,31355,6806,-389,307,307,0,3
4,31356,6807,610,340,340,0,3
4,31357,6808,1767,373,373,0,3
4,31359,6809,2847,403,403,0,3
4,31360,6810,3631,429,429,0,3
4,31364,6811,4071,449,449,0,3
4,31365,6812,4281,460,460,0,3
4,31366,6813,4379,461,461,0,3
4,31367,6814,4336,450,450,0,3
4,31368,6815,3768,428,428,0,3
4,31369,6816,2530,399,399,0,3
4,31370,6817,1085,366,366,0,3
4,31371,6818,-123,336,336,0,3
4,31373,6819,-880,315,315,0,3
4,31377,6820,-1117,306,306,0,3
4,31378,6821,-758,309,309,0,1
4,31379,6822,-159,320,320,0,2
4,31380,6823,311,334,334,0,3
4,31381,6824,307,344,344,0,3
4,31382,6825,-78,343,343,0,3
4,31383,6826,-620,325,325,0,3
4,31384,6827,-840,289,289,0,3
4,31385,6828,-641,237,237,0,3
4,31390,6829,-57,174,174,0,3
4,31391,6830,389,107,107,0,3
4,31392,6831,475,45,45,0,3
4,31393,6832,67,-4,-4,0,3
4,31394,6833,-471,-35,-35,0,3
4,31395,6834,-851,-48,-48,0,3
4,31396,6835,-675,-47,-47,0,3
4,31397,6836,-164,-40,-40,0,3
4,31398,6837,307,-35,-35,0,3
4,31399,6838,421,-39,-39,0,3
4,31403,6839,123,-54,-54,0,3
4,31404,6840,-517,-77,-77,0,1
4,31405,6841,-823,-101,-101,0,2
4,31406,6842,-737,-118,-118,0,3
4,31408,6843,-291,-124,-124,0,3
4,31409,6844,170,-118,-118,0,3
4,31410,6845,328,-106,-106,0,3
4,31411,6846,67,-96,-96,0,3
4,31412,6847,-414,-94,-94,0,3
4,31416,6848,-757,-105,-105,0,3
4,31417,6849,-823,-127,-127,0,3
4,31418,6850,-497,-153,-153,0,3
4,31419,6851,82,-170,-170,0,3
4,31420,6852,318,-170,-170,0,3
4,31422,6853,204,-148,-148,0,3
4,31423,6854,-246,-113,-113,0,3
4,31424,6855,-716,-78,-78,0,3
4,31425,6856,-830,-62,-62,0,3
4,31429,6857,-573,-78,-78,0,3
4,31430,6858,-56,-129,-129,0,3
4,31431,6859,332,-204,-204,0,1
4,31432,6860,327,-288,-288,0,2
4,31433,6861,-98,-365,-365,0,3
4,31434,6862,-600,-429,-429,0,3
4,31436,6863,-860,-486,-486,0,3
4,31437,6864,-682,-550,-550,0,3
4,31438,6865,-139,-628,-628,0,3
4,31442,6866,307,-707,-707,0,3
4,31443,6867,434,-744,-744,0,3
4,31444,6868,26,-669,-669,0,3
4,31445,6869,-532,-403,-403,0,3
4,31446,6870,-892,116,116,0,3
4,31447,6871,-716,898,898,0,3
4,31448,6872,-246,1882,1882,0,3
4,31450,6873,245,2936,2936,0,3
4,31451,6874,359,3878,3878,0,3
4,31455,6875,41,4522,4522,0,3
4,31456,6876,-538,4724,4724,0,3
4,31457,6877,-864,4430,4430,0,3
4,31458,6878,-798,3691,3691,0,1
4,31459,6879,-332,2652,2652,0,2
4,31460,6880,149,1518,1518,0,3
4,31461,6881,348,494,494,0,3
4,31462,6882,67,-262,-262,0,3
4,31464,6883,-393,-678,-678,0,3
4,31468,6884,-819,-777,-777,0,3
4,31469,6885,-844,-653,-653,0,3
4,31470,6886,-456,-432,-432,0,3
4,31471,6887,82,-230,-230,0,3
4,31472,6888,339,-118,-118,0,3
4,31473,6889,184,-111,-111,0,3
4,31474,6890,-266,-177,-177,0,3
4,31475,6891,-696,-262,-262,0,3
4,31476,6892,-789,-317,-317,0,3
4,31481,6893,-492,-317,-317,0,3
4,31482,6894,-56,-267,-267,0,3
4,31483,6895,352,-196,-196,0,3
4,31484,6896,286,-137,-137,0,3
4,31485,6897,-139,-116,-116,0,1
4,31486,6898,-641,-137,-137,0,2
4,31487,6899,-922,-186,-186,0,3
4,31488,6900,-702,-240,-240,0,3
4,31489,6901,-221,-276,-276,0,3
4,31490,6902,286,-283,-283,0,3
4,31494,6903,291,-264,-264,0,3
4,31495,6904,-159,-233,-233,0,3
4,31496,6905,-696,-208,-208,0,3
4,31497,6906,-1035,-202,-202,0,3
4,31499,6907,-901,-219,-219,0,3
4,31500,6908,-430,-250,-250,0,3
4,31501,6909,41,-282,-282,0,3
4,31502,6910,175,-303,-303,0,3
4,31503,6911,-143,-304,-304,0,3
4,31507,6912,-743,-287,-287,0,3
4,31508,6913,-1089,-261,-261,0,3
4,31509,6914,-942,-236,-236,0,3
4,31510,6915,-496,-221,-221,0,3
4,31511,6916,-15,-221,-221,0,1
4,31513,6917,225,-230,-230,0,2
4,31514,6918,6,-241,-241,0,3
4,31515,6919,-434,-247,-247,0,3
4,31516,6920,-798,-242,-242,0,3
4,31520,6921,-803,-229,-229,0,3
4,31521,6922,-374,-213,-213,0,3
4,31522,6923,123,-200,-200,0,3
4,31523,6924,441,-194,-194,0,3
4,31524,6925,368,-195,-195,0,3
4,31525,6926,-20,-199,-199,0,3
4,31527,6927,-491,-202,-202,0,3
4,31528,6928,-605,-200,-200,0,3
4,31529,6929,-348,-193,-193,0,3
4,31533,6930,149,-184,-184,0,3
4,31534,6931,598,-177,-177,0,3
4,31535,6932,614,-174,-174,0,3
4,31536,6933,230,-178,-178,0,3
4,31537,6934,-272,-188,-188,0,3
4,31538,6935,-492,-201,-201,0,1
4,31539,6936,-313,-214,-214,0,2
4,31541,6937,209,-225,-225,0,3
4,31542,6938,696,-230,-230,0,3
4,31546,6939,803,-231,-231,0,3
4,31547,6940,394,-228,-228,0,3
4,31548,6941,-143,-223,-223,0,3
4,31549,6942,-441,-218,-218,0,3
4,31550,6943,-307,-216,-216,0,3
4,31551,6944,184,-216,-216,0,3
4,31552,6945,675,-219,-219,0,3
4,31553,6946,810,-224,-224,0,3
4,31555,6947,492,-227,-227,0,3
4,31559,6948,-87,-229,-229,0,3
4,31560,6949,-414,-226,-226,0,3
4,31561,6950,-368,-219,-219,0,3
4,31562,6951,98,-209,-209,0,3
4,31563,6952,559,-199,-199,0,3
4,31564,6953,737,-189,-189,0,3
4,31565,6954,477,-181,-181,0,1
4,31566,6955,16,-175,-175,0,2
4,31567,6956,-389,-172,-172,0,3
4,31572,6957,-434,-173,-173,0,3
4,31573,6958,-46,-178,-178,0,3
4,31574,6959,389,-188,-188,0,3
4,31575,6960,646,-201,-201,0,3
4,31576,6961,553,-214,-214,0,3
4,31577,6962,164,-227,-227,0,3
4,31578,6963,-286,-238,-238,0,3
4,31579,6964,-462,-248,-248,0,3
4,31580,6965,-225,-259,-259,0,3
4,31581,6966,272,-273,-273,0,3
4,31585,6967,639,-292,-292,0,3
4,31586,6968,614,-316,-316,0,3
4,31587,6969,230,-342,-342,0,3
4,31588,6970,-293,-368,-368,0,3
4,31590,6971,-553,-391,-391,0,3
4,31591,6972,-395,-410,-410,0,3
4,31592,6973,127,-424,-424,0,1
4,31593,6974,614,-431,-431,0,2
4,31594,6975,700,-433,-433,0,3
4,31598,6976,313,-429,-429,0,3
4,31599,6977,-246,-421,-421,0,3
4,31600,6978,-626,-407,-407,0,3
4,31601,6979,-512,-390,-390,0,3
4,31602,6980,41,-368,-368,0,3
4,31604,6981,553,-341,-341,0,3
4,31605,6982,707,-310,-310,0,3
4,31606,6983,307,-275,-275,0,3
4,31607,6984,-190,-235,-235,0,3
4,31611,6985,-495,-192,-192,0,3
4,31612,6986,-430,-151,-151,0,3
4,31613,6987,-4,-113,-113,0,3
4,31614,6988,559,-81,-81,0,3
4,31615,6989,717,-57,-57,0,3
4,31616,6990,415,-38,-38,0,3
4,31618,6991,-66,-21,-21,0,3
4,31619,6992,-471,-5,-5,0,1
4,31620,6993,-495,14,14,0,2
4,31624,6994,-108,35,35,0,3
4,31625,6995,348,57,57,0,3
4,31626,6996,564,79,79,0,3
4,31627,6997,471,100,100,0,3
4,31628,6998,20,119,119,0,3
4,31629,6999,-430,135,135,0,3
4,31630,7000,-544,149,149,0,3
4,31632,7001,-328,159,159,0,3
4,31633,7002,210,167,167,0,3
4,31637,7003,577,173,173,0,3
4,31638,7004,573,177,177,0,3
4,31639,7005,168,180,180,0,3
4,31640,7006,-374,183,183,0,3
4,31641,7007,-594,185,185,0,3
4,31642,7008,-415,186,186,0,3
4,31643,7009,107,184,184,0,3
4,31644,7010,594,179,179,0,3
4,31646,7011,639,172,172,0,1
4,31650,7012,251,165,165,0,2
4,31651,7013,-287,158,158,0,3
4,31652,7014,-605,152,152,0,3
4,31653,7015,-450,147,147,0,3
4,31654,7016,41,141,141,0,3
4,31655,7017,573,134,134,0,3
4,31656,7018,707,125,125,0,3
4,31657,7019,328,115,115,0,3
4,31658,7020,-149,106,106,0,3
4,31663,7021,-495,101,101,0,3
4,31664,7022,-409,99,99,0,3
4,31665,7023,-25,101,101,0,3
4,31666,7024,456,104,104,0,3
4,31667,7025,655,108,108,0,3
4,31668,7026,415,110,110,0,3
4,31669,7027,-66,110,110,0,3
4,31670,7028,-430,105,105,0,3
4,31671,7029,-454,97,97,0,3
4,31672,7030,-87,85,85,0,1
4,31676,7031,430,71,71,0,2
4,31677,7032,728,58,58,0,3
4,31678,7033,696,49,49,0,3
4,31679,7034,307,45,45,0,3
4,31681,7035,-122,47,47,0,3
4,31682,7036,-277,52,52,0,3
4,31683,7037,0,56,56,0,3
4,31684,7038,497,56,56,0,3
4,31685,7039,926,50,50,0,3
4,31689,7040,942,40,40,0,3
4,31690,7041,578,26,26,0,3
4,31691,7042,97,14,14,0,3
4,31692,7043,-123,7,7,0,3
4,31693,7044,97,7,7,0,3
4,31695,7045,619,15,15,0,3
4,31696,7046,1085,27,27,0,3
4,31697,7047,1151,43,43,0,3
4,31698,7048,743,59,59,0,3
4,31702,7049,184,71,71,0,1
4,31703,7050,-175,79,79,0,2
4,31704,7051,-41,82,82,0,3
4,31705,7052,492,79,79,0,3
4,31706,7053,962,72,72,0,3
4,31707,7054,1056,61,61,0,3
4,31709,7055,676,48,48,0,3
4,31710,7056,159,37,37,0,3
4,31711,7057,-86,27,27,0,3
4,31715,7058,0,18,18,0,3
4,31716,7059,446,10,10,0,3
4,31717,7060,784,3,3,0,3
4,31718,7061,881,-3,-3,0,3
4,31719,7062,620,-7,-7,0,3
4,31720,7063,37,-9,-9,0,3
4,31721,7064,-348,-8,-8,0,3
4,31723,7065,-434,-5,-5,0,3
4,31724,7066,-87,-2,-2,0,3
4,31728,7067,369,0,0,0,3
4,31729,7068,605,0,0,0,1
4,31730,7069,450,-2,-2,0,2
4,31731,7070,20,-2,-2,0,3
4,31732,7071,-409,-3,-3,0,3
4,31733,7072,-523,-1,-1,0,3
4,31734,7073,-205,0,0,0,3
4,31735,7074,210,2,2,0,3
4,31737,7075,598,2,2,0,3
4,31741,7076,594,3,3,0,3
4,31742,7077,209,4,4,0,3
4,31743,7078,-374,6,6,0,3
4,31744,7079,-573,12,12,0,3
4,31745,7080,-456,20,20,0,3
4,31746,7081,45,29,29,0,3
4,31747,7082,512,39,39,0,3
4,31748,7083,557,47,47,0,3
4,31749,7084,251,51,51,0,3
4,31754,7085,-348,51,51,0,3
4,31755,7086,-687,45,45,0,3
4,31756,7087,-491,36,36,0,1
4,31757,7088,-41,26,26,0,2
4,31758,7089,491,17,17,0,3
4,31759,7090,564,13,13,0,3
4,31760,7091,225,18,18,0,3
4,31761,7092,-313,34,34,0,3
4,31762,7093,-680,61,61,0,3
4,31763,7094,-696,97,97,0,3
4,31767,7095,-393,136,136,0,3
4,31768,7096,-35,175,175,0,3
4,31769,7097,102,209,209,0,3
4,31770,7098,-260,237,237,0,3
4,31772,7099,-905,261,261,0,3
4,31773,7100,-1208,281,281,0,3
4,31774,7101,-885,301,301,0,3
4,31775,7102,15,322,322,0,3
4,31776,7103,1147,345,345,0,3
4,31780,7104,2121,372,372,0,3
4,31781,7105,3010,401,401,0,3
4,31782,7106,3666,432,432,0,1
4,31783,7107,4117,461,461,0,2
4,31784,7108,4515,485,485,0,3
4,31786,7109,4874,498,498,0,3
4,31787,7110,4572,498,498,0,3
4,31788,7111,3526,485,485,0,3
4,31789,7112,1884,461,461,0,3
4,31793,7113,271,433,433,0,3
4,31794,7114,-784,407,407,0,3
4,31795,7115,-1085,388,388,0,3
4,31796,7116,-723,380,380,0,3
4,31797,7117,-37,383,383,0,3
4,31798,7118,450,393,393,0,3
4,31800,7119,495,407,407,0,3
4,31801,7120,108,416,416,0,3
4,31802,7121,-451,414,414,0,3
4,31806,7122,-769,398,398,0,3
4,31807,7123,-655,364,364,0,3
4,31808,7124,-143,314,314,0,3
4,31809,7125,266,250,250,0,1
4,31810,7126,482,181,181,0,2
4,31811,7127,164,114,114,0,3
4,31812,7128,-394,57,57,0,3
4,31814,7129,-762,16,16,0,3
4,31815,7130,-675,-8,-8,0,3
4,31819,7131,-209,-17,-17,0,3
4,31820,7132,293,-16,-16,0,3
4,31821,7133,430,-13,-13,0,3
4,31822,7134,211,-11,-11,0,3
4,31823,7135,-271,-13,-13,0,3
4,31824,7136,-634,-18,-18,0,3
4,31825,7137,-659,-23,-23,0,3
4,31826,7138,-313,-26,-26,0,3
4,31828,7139,123,-24,-24,0,3
4,31832,7140,400,-19,-19,0,3
4,31833,7141,307,-16,-16,0,3
4,31834,7142,-143,-22,-22,0,3
4,31835,7143,-573,-39,-39,0,3
4,31836,7144,-748,-69,-69,0,1
4,31837,7145,-512,-104,-104,0,2
4,31838,7146,26,-134,-134,0,3
4,31839,7147,393,-147,-147,0,3
4,31840,7148,389,-138,-138,0,3
4,31845,7149,-16,-109,-109,0,3
4,31846,7150,-538,-73,-73,0,3
4,31847,7151,-758,-46,-46,0,3
4,31848,7152,-579,-45,-45,0,3
4,31849,7153,-98,-76,-76,0,3
4,31850,7154,368,-132,-132,0,3
4,31851,7155,475,-198,-198,0,3
4,31852,7156,67,-255,-255,0,3
4,31853,7157,-471,-296,-296,0,3
4,31854,7158,-748,-329,-329,0,3
4,31858,7159,-573,-373,-373,0,3
4,31859,7160,-102,-452,-452,0,3
4,31860,7161,409,-573,-573,0,3
4,31861,7162,544,-707,-707,0,3
4,31863,7163,225,-789,-789,0,1
4,31864,7164,-353,-723,-723,0,2
4,31865,7165,-680,-412,-412,0,3
4,31866,7166,-655,202,202,0,3
4,31867,7167,-209,1110,1110,0,3
4,31871,7168,313,2214,2214,0,3
4,31872,7169,492,3340,3340,0,3
4,31873,7170,231,4274,4274,0,3
4,31874,7171,-271,4817,4817,0,3
4,31875,7172,-655,4843,4843,0,3
4,31877,7173,-598,4336,4336,0,3
4,31878,7174,-272,3400,3400,0,3
4,31879,7175,205,2233,2233,0,3
4,31880,7176,441,1070,1070,0,3
4,31884,7177,307,122,122,0,3
4,31885,7178,-123,-480,-480,0,3
4,31886,7179,-553,-709,-709,0,3
4,31887,7180,-667,-640,-640,0,3
4,31888,7181,-410,-407,-407,0,3
4,31889,7182,67,-153,-153,0,1
4,31891,7183,495,11,11,0,2
4,31892,7184,491,41,41,0,3
4,31893,7185,86,-45,-45,0,3
4,31897,7186,-415,-185,-185,0,3
4,31898,7187,-676,-309,-309,0,3
4,31899,7188,-497,-368,-368,0,3
4,31900,7189,45,-347,-347,0,3
4,31901,7190,471,-269,-269,0,3
4,31902,7191,557,-176,-176,0,3
4,31903,7192,169,-110,-110,0,3
4,31905,7193,-369,-93,-93,0,3
4,31906,7194,-769,-123,-123,0,3
4,31910,7195,-614,-178,-178,0,3
4,31911,7196,-184,-228,-228,0,3
4,31912,7197,430,-251,-251,0,3
4,31913,7198,503,-237,-237,0,3
4,31914,7199,143,-197,-197,0,3
4,31915,7200,-415,-150,-150,0,3
4,31916,7201,-741,-118,-118,0,1
4,31917,7202,-675,-112,-112,0,2
4,31919,7203,-168,-132,-132,0,3
4,31923,7204,313,-168,-168,0,3
4,31924,7205,512,-202,-202,0,3
4,31925,7206,211,-220,-220,0,3
4,31926,7207,-209,-217,-217,0,3
4,31927,7208,-594,-196,-196,0,3
4,31928,7209,-618,-168,-168,0,3
4,31929,7210,-231,-145,-145,0,3
4,31930,7211,287,-136,-136,0,3
4,31931,7212,646,-142,-142,0,3
4,31936,7213,491,-157,-157,0,3
4,31937,7214,164,-173,-173,0,3
4,31938,7215,-266,-182,-182,0,3
4,31939,7216,-400,-181,-181,0,3
4,31940,7217,-82,-172,-172,0,3
4,31941,7218,415,-158,-158,0,3
4,31942,7219,864,-144,-144,0,3
4,31943,7220,860,-132,-132,0,1
4,31944,7221,434,-122,-122,0,2
4,31945,7222,-26,-112,-112,0,3
4,31949,7223,-287,-101,-101,0,3
4,31950,7224,-88,-89,-89,0,3
4,31951,7225,434,-80,-80,0,3
4,31952,7226,839,-76,-76,0,3
4,31954,7227,966,-78,-78,0,3
4,31955,7228,579,-87,-87,0,3
4,31956,7229,41,-99,-99,0,3
4,31957,7230,-318,-111,-111,0,3
4,31958,7231,-184,-119,-119,0,3
4,31962,7232,348,-121,-121,0,3
4,31963,7233,819,-117,-117,0,3
4,31964,7234,974,-108,-108,0,3
4,31965,7235,655,-98,-98,0,3
4,31966,7236,77,-89,-89,0,3
4,31968,7237,-270,-85,-85,0,3
4,31969,7238,-225,-86,-86,0,3
4,31970,7239,303,-92,-92,0,1
4,31971,7240,805,-100,-100,0,2
4,31975,7241,963,-107,-107,0,3
4,31976,7242,702,-109,-109,0,3
4,31977,7243,241,-105,-105,0,3
4,31978,7244,-143,-93,-93,0,3
4,31979,7245,-209,-79,-79,0,3
4,31980,7246,118,-64,-64,0,3
4,31982,7247,594,-52,-52,0,3
4,31983,7248,871,-44,-44,0,3
4,31984,7249,716,-42,-42,0,3
4,31988,7250,328,-42,-42,0,3
4,31989,7251,-143,-44,-44,0,3
4,31990,7252,-257,-47,-47,0,3
4,31991,7253,-20,-50,-50,0,3
4,31992,7254,456,-55,-55,0,3
4,31993,7255,803,-64,-64,0,3
4,31994,7256,839,-76,-76,0,3
4,31996,7257,414,-91,-91,0,3
4,31997,7258,-88,-109,-109,0,1
4,32001,7259,-348,-125,-125,0,2
4,32002,7260,-149,-140,-140,0,3
4,32003,7261,352,-150,-150,0,3
4,32004,7262,798,-155,-155,0,3
4,32005,7263,905,-154,-154,0,3
4,32006,7264,476,-150,-150,0,3
4,32007,7265,-20,-142,-142,0,3
4,32008,7266,-380,-134,-134,0,3
4,32010,7267,-245,-128,-128,0,3
4,32014,7268,246,-123,-123,0,3
4,32015,7269,778,-120,-120,0,3
4,32016,7270,912,-116,-116,0,3
4,32017,7271,512,-109,-109,0,3
4,32018,7272,-26,-94,-94,0,3
4,32019,7273,-352,-70,-70,0,3
4,32020,7274,-307,-38,-38,0,3
4,32021,7275,160,0,0,0,3
4,32022,7276,641,41,41,0,3
4,32027,7277,778,82,82,0,1
4,32028,7278,497,120,120,0,2
4,32029,7279,57,156,156,0,3
4,32030,7280,-368,189,189,0,3
4,32031,7281,-373,219,219,0,3
4,32032,7282,-26,245,245,0,3
4,32033,7283,512,267,267,0,3
4,32034,7284,728,283,283,0,3
4,32035,7285,634,294,294,0,3
4,32036,7286,205,301,301,0,3
4,32040,7287,-245,305,305,0,3
4,32041,7288,-380,305,305,0,3
4,32042,7289,-123,304,304,0,3
4,32043,7290,394,301,301,0,3
4,32045,7291,762,298,298,0,3
4,32046,7292,757,295,295,0,3
4,32047,7293,332,294,294,0,3
4,32048,7294,-149,293,293,0,3
4,32049,7295,-410,292,292,0,3
4,32053,7296,-190,291,291,0,1
4,32054,7297,311,288,288,0,2
4,32055,7298,737,285,285,0,3
4,32056,7299,844,283,283,0,3
4,32057,7300,456,284,284,0,3
4,32059,7301,-164,290,290,0,3
4,32060,7302,-462,300,300,0,3
4,32061,7303,-348,311,311,0,3
4,32062,7304,164,319,319,0,3
4,32066,7305,675,322,322,0,3
4,32067,7306,830,318,318,0,3
4,32068,7307,492,307,307,0,3
4,32069,7308,-87,291,291,0,3
4,32070,7309,-414,275,275,0,3
4,32071,7310,-327,261,261,0,3
4,32073,7311,119,251,251,0,3
4,32074,7312,641,245,245,0,3
4,32075,7313,881,243,243,0,3
4,32079,7314,559,244,244,0,3
4,32080,7315,98,244,244,0,1
4,32081,7316,-286,244,244,0,2
4,32082,7317,-229,243,243,0,3
4,32083,7318,159,238,238,0,3
4,32084,7319,717,232,232,0,3
4,32085,7320,1056,225,225,0,3
4,32087,7321,983,220,220,0,3
4,32088,7322,532,217,217,0,3
4,32092,7323,82,218,218,0,3
4,32093,7324,-73,221,221,0,3
4,32094,7325,225,223,223,0,3
4,32095,7326,702,223,223,0,3
4,32096,7327,1110,221,221,0,3
4,32097,7328,1085,216,216,0,3
4,32098,7329,742,210,210,0,3
4,32099,7330,240,205,205,0,3
4,32101,7331,41,201,201,0,3
4,32105,7332,219,200,200,0,3
4,32106,7333,783,198,198,0,3
4,32107,7334,1187,196,196,0,1
4,32108,7335,1274,192,192,0,2
4,32109,7336,865,185,185,0,3
4,32110,7337,307,175,175,0,3
4,32111,7338,-52,163,163,0,3
4,32112,7339,82,151,151,0,3
4,32113,7340,573,138,138,0,3
4,32118,7341,1044,125,125,0,3
4,32119,7342,1179,115,115,0,3
4,32120,7343,840,109,109,0,3
4,32121,7344,240,107,107,0,3
4,32122,7345,-106,110,110,0,3
4,32123,7346,0,117,117,0,3
4,32124,7347,528,125,125,0,3
4,32125,7348,1112,132,132,0,3
4,32126,7349,1290,136,136,0,3
4,32127,7350,948,138,138,0,3
4,32131,7351,344,140,140,0,3
4,32132,7352,-102,141,141,0,3
4,32133,7353,-188,144,144,0,1
4,32134,7354,138,147,147,0,2
4,32136,7355,532,150,150,0,3
4,32137,7356,769,154,154,0,3
4,32138,7357,614,157,157,0,3
4,32139,7358,143,160,160,0,3
4,32140,7359,-348,162,162,0,3
4,32144,7360,-482,163,163,0,3
4,32145,7361,-164,161,161,0,3
4,32146,7362,313,154,154,0,3
4,32147,7363,659,144,144,0,3
4,32148,7364,634,131,131,0,3
4,32150,7365,271,117,117,0,3
4,32151,7366,-293,105,105,0,3
4,32152,7367,-553,97,97,0,3
4,32153,7368,-374,94,94,0,3
4,32157,7369,148,97,97,0,3
4,32158,7370,553,106,106,0,3
4,32159,7371,618,117,117,0,3
4,32160,7372,272,129,129,0,1
4,32161,7373,-225,138,138,0,2
4,32162,7374,-585,143,143,0,3
4,32164,7375,-430,143,143,0,3
4,32165,7376,82,142,142,0,3
4,32166,7377,553,143,143,0,3
4,32170,7378,687,152,152,0,3
4,32171,7379,328,174,174,0,3
4,32172,7380,-374,212,212,0,3
4,32173,7381,-885,264,264,0,3
4,32174,7382,-921,322,322,0,3
4,32175,7383,-557,377,377,0,3
4,32176,7384,-179,421,421,0,3
4,32178,7385,-123,448,448,0,3
4,32179,7386,-363,458,458,0,3
4,32183,7387,-537,458,458,0,3
4,32184,7388,-512,454,454,0,3
4,32185,7389,37,454,454,0,3
4,32186,7390,1121,462,462,0,3
4,32187,7391,2540,480,480,0,1
4,32188,7392,3861,506,506,0,2
4,32189,7393,4710,533,533,0,3
4,32190,7394,4833,558,558,0,3
4,32192,7395,4383,576,576,0,3
4,32196,7396,3491,585,585,0,3
4,32197,7397,2478,585,585,0,3
4,32198,7398,1398,579,579,0,3
4,32199,7399,659,568,568,0,3
4,32200,7400,184,554,554,0,3
4,32201,7401,-241,536,536,0,3
4,32202,7402,-600,515,515,0,3
4,32203,7403,-696,490,490,0,3
4,32204,7404,-456,463,463,0,3
4,32209,7405,45,440,440,0,3
4,32210,7406,491,426,426,0,3
4,32211,7407,557,426,426,0,3
4,32212,7408,210,444,444,0,3
4,32213,7409,-348,475,475,0,3
4,32214,7410,-667,510,510,0,1
4,32215,7411,-512,537,537,0,2
4,32216,7412,0,543,543,0,3
4,32217,7413,512,522,522,0,3
4,32218,7414,626,472,472,0,3
4,32222,7415,287,403,403,0,3
4,32223,7416,-292,325,325,0,3
4,32224,7417,-659,250,250,0,3
4,32225,7418,-573,186,186,0,3
4,32227,7419,-127,135,135,0,3
4,32228,7420,374,95,95,0,3
4,32229,7421,532,62,62,0,3
4,32230,7422,293,37,37,0,3
4,32231,7423,-230,20,20,0,3
4,32235,7424,-614,14,14,0,3
4,32236,7425,-639,20,20,0,3
4,32237,7426,-272,33,33,0,3
4,32238,7427,225,48,48,0,3
4,32239,7428,482,52,52,0,3
4,32241,7429,389,40,40,0,1
4,32242,7430,-61,9,9,0,2
4,32243,7431,-512,-33,-33,0,3
4,32244,7432,-626,-73,-73,0,3
4,32248,7433,-369,-97,-97,0,3
4,32249,7434,108,-93,-93,0,3
4,32250,7435,557,-62,-62,0,3
4,32251,7436,532,-16,-16,0,3
4,32252,7437,148,25,25,0,3
4,32253,7438,-374,42,42,0,3
4,32255,7439,-594,25,25,0,3
4,32256,7440,-436,-26,-26,0,3
4,32257,7441,86,-95,-95,0,3
4,32261,7442,573,-164,-164,0,3
4,32262,7443,577,-221,-221,0,3
4,32263,7444,190,-271,-271,0,3
4,32264,7445,-328,-331,-331,0,3
4,32265,7446,-667,-424,-424,0,3
4,32266,7447,-532,-557,-557,0,3
4,32267,7448,20,-710,-710,0,1
4,32269,7449,491,-820,-820,0,2
4,32270,7450,564,-795,-795,0,3
4,32274,7451,246,-538,-538,0,3
4,32275,7452,-292,15,15,0,3
4,32276,7453,-680,862,862,0,3
4,32277,7454,-573,1912,1912,0,3
4,32278,7455,-148,2998,2998,0,3
4,32279,7456,395,3911,3911,0,3
4,32280,7457,573,4455,4455,0,3
4,32281,7458,333,4504,4504,0,3
4,32283,7459,-127,4043,4043,0,3
4,32287,7460,-512,3170,3170,0,3
4,32288,7461,-516,2077,2077,0,3
4,32289,7462,-210,990,990,0,3
4,32290,7463,328,107,107,0,3
4,32291,7464,585,-447,-447,0,3
4,32292,7465,471,-649,-649,0,3
4,32293,7466,61,-571,-571,0,3
4,32294,7467,-368,-340,-340,0,1
4,32295,7468,-503,-91,-91,0,2
4,32300,7469,-287,72,72,0,3
4,32301,7470,231,110,110,0,3
4,32302,7471,618,40,40,0,3
4,32303,7472,614,-78,-78,0,3
4,32304,7473,148,-181,-181,0,3
4,32305,7474,-354,-222,-222,0,3
4,32306,7475,-594,-193,-193,0,3
4,32307,7476,-415,-116,-116,0,3
4,32308,7477,107,-33,-33,0,3
4,32309,7478,512,18,18,0,3
4,32313,7479,557,18,18,0,3
4,32314,7480,190,-27,-27,0,3
4,32315,7481,-348,-94,-94,0,3
4,32316,7482,-667,-153,-153,0,3
4,32318,7483,-553,-181,-181,0,3
4,32319,7484,-20,-174,-174,0,3
4,32320,7485,512,-143,-143,0,3
4,32321,7486,605,-106,-106,0,1
4,32322,7487,287,-81,-81,0,2
4,32326,7488,-292,-78,-78,0,3
4,32327,7489,-639,-95,-95,0,3
4,32328,7490,-573,-120,-120,0,3
4,32329,7491,-107,-140,-140,0,3
4,32330,7492,374,-146,-146,0,3
4,32332,7493,553,-134,-134,0,3
4,32333,7494,313,-110,-110,0,3
4,32334,7495,-168,-81,-81,0,3
4,32335,7496,-532,-57,-57,0,3
4,32339,7497,-557,-42,-42,0,3
4,32340,7498,-190,-36,-36,0,3
4,32341,7499,328,-35,-35,0,3
4,32342,7500,646,-34,-34,0,3
4,32343,7501,512,-30,-30,0,3
4,32344,7502,82,-21,-21,0,3
4,32346,7503,-348,-12,-12,0,3
4,32347,7504,-462,-7,-7,0,3
4,32348,7505,-205,-8,-8,0,1
4,32352,7506,313,-15,-15,0,2
4,32353,7507,700,-26,-26,0,3
4,32354,7508,737,-36,-36,0,3
4,32355,7509,352,-40,-40,0,3
4,32356,7510,-129,-40,-40,0,3
4,32357,7511,-389,-37,-37,0,3
4,32358,7512,-190,-35,-35,0,3
4,32360,7513,414,-38,-38,0,3
4,32361,7514,839,-47,-47,0,3
4,32365,7515,966,-59,-59,0,3
4,32366,7516,579,-70,-70,0,3
4,32367,7517,0,-76,-76,0,3
4,32368,7518,-318,-72,-72,0,3
4,32369,7519,-122,-60,-60,0,3
4,32370,7520,369,-43,-43,0,3
4,32371,7521,901,-26,-26,0,3
4,32372,7522,994,-12,-12,0,3
4,32374,7523,696,-2,-2,0,3
4,32378,7524,138,3,3,0,1
4,32379,7525,-209,7,7,0,2
4,32380,7526,-122,12,12,0,3
4,32381,7527,344,19,19,0,3
4,32382,7528,805,28,28,0,3
4,32383,7529,983,37,37,0,3
4,32384,7530,723,45,45,0,3
4,32385,7531,180,52,52,0,3
4,32386,7532,-245,56,56,0,3
4,32391,7533,-250,56,56,0,3
4,32392,7534,118,53,53,0,3
4,32393,7535,594,47,47,0,3
4,32394,7536,830,38,38,0,3
4,32395,7537,716,27,27,0,3
4,32396,7538,246,16,16,0,3
4,32397,7539,-204,4,4,0,3
4,32398,7540,-359,-8,-8,0,3
4,32399,7541,-20,-21,-21,0,3
4,32400,7542,456,-33,-33,0,3
4,32404,7543,782,-45,-45,0,1
4,32405,7544,737,-52,-52,0,2
4,32406,7545,373,-54,-54,0,3
4,32407,7546,-129,-52,-52,0,3
4,32409,7547,-369,-45,-45,0,3
4,32410,7548,-231,-38,-38,0,3
4,32411,7549,291,-33,-33,0,3
4,32412,7550,716,-33,-33,0,3
4,32413,7551,823,-38,-38,0,3
4,32417,7552,415,-47,-47,0,3
4,32418,7553,-82,-57,-57,0,3
4,32419,7554,-421,-65,-65,0,3
4,32420,7555,-245,-71,-71,0,3
4,32421,7556,225,-72,-72,0,3
4,32423,7557,696,-69,-69,0,3
4,32424,7558,851,-62,-62,0,3
4,32425,7559,532,-51,-51,0,3
4,32426,7560,-5,-37,-37,0,3
4,32430,7561,-393,-20,-20,0,3
4,32431,7562,-348,-2,-2,0,1
4,32432,7563,78,15,15,0,2
4,32433,7564,559,31,31,0,3
4,32434,7565,717,45,45,0,3
4,32435,7566,456,58,58,0,3
4,32437,7567,-4,70,70,0,3
4,32438,7568,-327,84,84,0,3
4,32439,7569,-434,100,100,0,3
4,32443,7570,-46,118,118,0,3
4,32444,7571,430,137,137,0,3
4,32445,7572,748,158,158,0,3
4,32446,7573,614,181,181,0,3
4,32447,7574,164,204,204,0,3
4,32448,7575,-307,228,228,0,3
4,32449,7576,-421,250,250,0,3
4,32451,7577,-164,269,269,0,3
4,32452,7578,272,284,284,0,3
4,32456,7579,680,294,294,0,3
4,32457,7580,675,300,300,0,3
4,32458,7581,250,304,304,0,1
4,32459,7582,-272,309,309,0,2
4,32460,7583,-512,315,315,0,3
4,32461,7584,-313,323,323,0,3
4,32462,7585,209,334,334,0,3
4,32463,7586,675,344,344,0,3
4,32465,7587,741,353,353,0,3
4,32469,7588,394,358,358,0,3
4,32470,7589,-205,360,360,0,3
4,32471,7590,-544,357,357,0,3
4,32472,7591,-368,348,348,0,3
4,32473,7592,143,333,333,0,3
4,32474,7593,614,315,315,0,3
4,32475,7594,769,295,295,0,3
4,32476,7595,451,274,274,0,3
4,32477,7596,-108,256,256,0,3
4,32482,7597,-414,242,242,0,3
4,32483,7598,-368,231,231,0,3
4,32484,7599,98,224,224,0,3
4,32485,7600,600,217,217,0,1
4,32486,7601,778,212,212,0,2
4,32487,7602,518,207,207,0,3
4,32488,7603,-25,204,204,0,3
4,32489,7604,-389,202,202,0,3
4,32490,7605,-352,202,202,0,3
4,32491,7606,15,201,201,0,3
4,32495,7607,594,198,198,0,3
4,32496,7608,892,192,192,0,3
4,32497,7609,839,185,185,0,3
4,32498,7610,389,177,177,0,3
4,32500,7611,-82,170,170,0,3
4,32501,7612,-195,164,164,0,3
4,32502,7613,102,160,160,0,3
4,32503,7614,579,157,157,0,3
4,32504,7615,926,157,157,0,3
4,32508,7616,942,159,159,0,3
4,32509,7617,578,164,164,0,3
4,32510,7618,117,171,171,0,3
4,32511,7619,-82,179,179,0,1
4,32512,7620,76,186,186,0,2
4,32514,7621,598,189,189,0,3
4,32515,7622,1065,186,186,0,3
4,32516,7623,1069,177,177,0,3
4,32517,7624,763,162,162,0,3
4,32521,7625,184,142,142,0,3
4,32522,7626,-134,122,122,0,3
4,32523,7627,21,103,103,0,3
4,32524,7628,573,89,89,0,3
4,32525,7629,1044,80,80,0,3
4,32526,7630,1138,77,77,0,3
4,32528,7631,778,80,80,0,3
4,32529,7632,220,88,88,0,3
4,32530,7633,-86,99,99,0,3
4,32534,7634,62,108,108,0,3
4,32535,7635,446,115,115,0,3
4,32536,7636,825,117,117,0,3
4,32537,7637,922,114,114,0,3
4,32538,7638,600,108,108,0,1
4,32539,7639,98,101,101,0,2
4,32540,7640,-409,94,94,0,3
4,32542,7641,-475,87,87,0,3
4,32543,7642,-169,81,81,0,3
4,32547,7643,348,75,75,0,3
4,32548,7644,605,70,70,0,3
4,32549,7645,491,66,66,0,3
4,32550,7646,82,65,65,0,3
4,32551,7647,-389,67,67,0,3
4,32552,7648,-503,73,73,0,3
4,32553,7649,-266,81,81,0,3
4,32554,7650,210,87,87,0,3
4,32556,7651,577,89,89,0,3
4,32560,7652,594,87,87,0,3
4,32561,7653,168,80,80,0,3
4,32562,7654,-354,72,72,0,3
4,32563,7655,-573,67,67,0,3
4,32564,7656,-395,67,67,0,3
4,32565,7657,148,73,73,0,1
4,32566,7658,573,86,86,0,2
4,32567,7659,639,103,103,0,3
4,32568,7660,231,119,119,0,3
4,32573,7661,-287,130,130,0,3
4,32574,7662,-646,131,131,0,3
4,32575,7663,-532,123,123,0,3
4,32576,7664,-123,107,107,0,3
4,32577,7665,204,91,91,0,3
4,32578,7666,216,82,82,0,3
4,32579,7667,-164,87,87,0,3
4,32580,7668,-784,111,111,0,3
4,32581,7669,-1315,151,151,0,3
4,32582,7670,-1392,202,202,0,3
4,32586,7671,-721,253,253,0,3
4,32587,7672,170,296,296,0,3
4,32588,7673,717,323,323,0,3
4,32589,7674,805,334,334,0,3
4,32591,7675,753,335,335,0,3
4,32592,7676,922,332,332,0,1
4,32593,7677,1737,333,333,0,2
4,32594,7678,3190,341,341,0,3
4,32595,7679,4567,358,358,0,3
4,32599,7680,5459,380,380,0,3
4,32600,7681,5734,404,404,0,3
4,32601,7682,5448,425,425,0,3
4,32602,7683,4629,440,440,0,3
4,32603,7684,3696,448,448,0,3
4,32605,7685,2867,451,451,0,3
4,32606,7686,2115,450,450,0,3
4,32607,7687,1438,448,448,0,3
4,32608,7688,594,446,446,0,3
4,32612,7689,-201,446,446,0,3
4,32613,7690,-825,445,445,0,3
4,32614,7691,-1004,445,445,0,3
4,32615,7692,-661,445,445,0,3
4,32616,7693,-119,446,446,0,3
4,32617,7694,389,449,449,0,3
4,32619,7695,516,452,452,0,1
4,32620,7696,169,453,453,0,2
4,32621,7697,-451,445,445,0,3
4,32625,7698,-769,423,423,0,3
4,32626,7699,-634,380,380,0,3
4,32627,7700,-205,316,316,0,3
4,32628,7701,307,235,235,0,3
4,32629,7702,421,148,148,0,3
4,32630,7703,143,68,68,0,3
4,32631,7704,-394,7,7,0,3
4,32633,7705,-721,-29,-29,0,3
4,32634,7706,-655,-42,-42,0,3
4,32638,7707,-189,-39,-39,0,3
4,32639,7708,293,-30,-30,0,3
4,32640,7709,430,-25,-25,0,3
4,32641,7710,149,-28,-28,0,3
4,32642,7711,-291,-37,-37,0,3
4,32643,7712,-696,-47,-47,0,3
4,32644,7713,-700,-53,-53,0,3
4,32645,7714,-292,-52,-52,0,1
4,32647,7715,164,-47,-47,0,2
4,32651,7716,462,-43,-43,0,3
4,32652,7717,307,-45,-45,0,3
4,32653,7718,-123,-56,-56,0,3
4,32654,7719,-675,-71,-71,0,3
4,32655,7720,-789,-85,-85,0,3
4,32656,7721,-512,-91,-91,0,3
4,32657,7722,5,-83,-83,0,3
4,32658,7723,434,-68,-68,0,3
4,32659,7724,430,-55,-55,0,3
4,32664,7725,-37,-64,-64,0,3
4,32665,7726,-579,-108,-108,0,3
4,32666,7727,-860,-195,-195,0,3
4,32667,7728,-702,-322,-322,0,3
4,32668,7729,-119,-468,-468,0,3
4,32669,7730,348,-609,-609,0,3
4,32670,7731,373,-718,-718,0,3
4,32671,7732,46,-773,-773,0,3
4,32672,7733,-512,-764,-764,0,1
4,32673,7734,-830,-690,-690,0,2
4,32677,7735,-675,-546,-546,0,3
4,32678,7736,-164,-322,-322,0,3
4,32679,7737,286,4,4,0,3
4,32680,7738,482,463,463,0,3
4,32682,7739,184,1079,1079,0,3
4,32683,7740,-374,1855,1855,0,3
4,32684,7741,-700,2748,2748,0,3
4,32685,7742,-655,3672,3672,0,3
4,32686,7743,-230,4498,4498,0,3
4,32690,7744,252,5086,5086,0,3
4,32691,7745,369,5315,5315,0,3
4,32692,7746,149,5119,5119,0,3
4,32693,7747,-332,4510,4510,0,3
4,32694,7748,-737,3578,3578,0,3
4,32696,7749,-721,2476,2476,0,3
4,32697,7750,-353,1379,1379,0,3
4,32698,7751,143,447,447,0,3
4,32699,7752,380,-212,-212,0,1
4,32703,7753,245,-564,-564,0,2
4,32704,7754,-164,-643,-643,0,3
4,32705,7755,-634,-538,-538,0,3
4,32706,7756,-707,-354,-354,0,3
4,32707,7757,-430,-187,-187,0,3
4,32708,7758,5,-94,-94,0,3
4,32710,7759,434,-89,-89,0,3
4,32711,7760,409,-149,-149,0,3
4,32712,7761,25,-234,-234,0,3
4,32716,7762,-456,-301,-301,0,3
4,32717,7763,-737,-326,-326,0,3
4,32718,7764,-579,-306,-306,0,3
4,32719,7765,-139,-257,-257,0,3
4,32720,7766,307,-204,-204,0,3
4,32721,7767,352,-168,-168,0,3
4,32722,7768,-15,-159,-159,0,3
4,32724,7769,-614,-176,-176,0,3
4,32725,7770,-1035,-206,-206,0,3
4,32729,7771,-860,-232,-232,0,1
4,32730,7772,-430,-243,-243,0,2
4,32731,7773,61,-236,-236,0,3
4,32732,7774,257,-214,-214,0,3
4,32733,7775,-82,-187,-187,0,3
4,32734,7776,-640,-164,-164,0,3
4,32735,7777,-1048,-153,-153,0,3
4,32736,7778,-921,-156,-156,0,3
4,32738,7779,-516,-169,-169,0,3
4,32742,7780,26,-185,-185,0,3
4,32743,7781,225,-198,-198,0,3
4,32744,7782,-56,-202,-202,0,3
4,32745,7783,-496,-197,-197,0,3
4,32746,7784,-860,-185,-185,0,3
4,32747,7785,-823,-172,-172,0,3
4,32748,7786,-435,-165,-165,0,3
4,32749,7787,61,-166,-166,0,3
4,32750,7788,400,-177,-177,0,3
4,32755,7789,266,-193,-193,0,3
4,32756,7790,-41,-208,-208,0,1
4,32757,7791,-471,-219,-219,0,2
4,32758,7792,-564,-222,-222,0,3
4,32759,7793,-266,-218,-218,0,3
4,32760,7794,272,-211,-211,0,3
4,32761,7795,680,-202,-202,0,3
4,32762,7796,696,-193,-193,0,3
4,32763,7797,352,-186,-186,0,3
4,32764,7798,-231,-177,-177,0,3
4,32768,7799,-430,-166,-166,0,3
4,32769,7800,-313,-153,-153,0,3
4,32770,7801,250,-136,-136,0,3
4,32771,7802,778,-121,-121,0,3
4,32773,7803,823,-109,-109,0,3
4,32774,7804,456,-104,-104,0,3
4,32775,7805,-102,-108,-108,0,3
4,32776,7806,-482,-120,-120,0,3
4,32777,7807,-266,-138,-138,0,3
4,32781,7808,225,-156,-156,0,3
4,32782,7809,716,-171,-171,0,1
4,32783,7810,830,-178,-178,0,2
4,32784,7811,492,-176,-176,0,3
4,32785,7812,-87,-168,-168,0,3
4,32787,7813,-373,-155,-155,0,3
4,32788,7814,-307,-142,-142,0,3
4,32789,7815,98,-134,-134,0,3
4,32790,7816,620,-132,-132,0,3
4,32794,7817,819,-133,-133,0,3
4,32795,7818,600,-135,-135,0,3
4,32796,7819,98,-133,-133,0,3
4,32797,7820,-286,-124,-124,0,3
4,32798,7821,-352,-110,-110,0,3
4,32799,7822,-5,-94,-94,0,3
4,32801,7823,512,-81,-81,0,3
4,32802,7824,769,-74,-74,0,3
4,32803,7825,655,-76,-76,0,3
4,32807,7826,123,-87,-87,0,3
4,32808,7827,-286,-106,-106,0,3
4,32809,7828,-441,-134,-134,0,1
4,32810,7829,-225,-167,-167,0,2
4,32811,7830,292,-204,-204,0,3
4,32812,7831,680,-244,-244,0,3
4,32813,7832,655,-282,-282,0,3
4,32815,7833,271,-317,-317,0,3
4,32816,7834,-231,-344,-344,0,3
4,32820,7835,-471,-364,-364,0,3
4,32821,7836,-354,-375,-375,0,3
4,32822,7837,189,-381,-381,0,3
4,32823,7838,634,-383,-383,0,3
4,32824,7839,680,-384,-384,0,3
4,32825,7840,272,-386,-386,0,3
4,32826,7841,-266,-389,-389,0,3
4,32827,7842,-605,-391,-391,0,3
4,32829,7843,-471,-391,-391,0,3
4,32833,7844,61,-385,-385,0,3
4,32834,7845,573,-374,-374,0,3
4,32835,7846,707,-356,-356,0,3
4,32836,7847,410,-332,-332,0,1
4,32837,7848,-149,-301,-301,0,2
4,32838,7849,-475,-266,-266,0,3
4,32839,7850,-430,-227,-227,0,3
4,32840,7851,16,-187,-187,0,3
4,32841,7852,497,-144,-144,0,3
4,32846,7853,717,-99,-99,0,3
4,32847,7854,436,-52,-52,0,3
4,32848,7855,-45,-3,-3,0,3
4,32849,7856,-512,45,45,0,3
4,32850,7857,-516,90,90,0,3
4,32851,7858,-149,125,125,0,3
4,32852,7859,328,150,150,0,3
4,32853,7860,585,164,164,0,3
4,32854,7861,471,170,170,0,3
4,32855,7862,20,171,171,0,3
4,32859,7863,-409,172,172,0,3
4,32860,7864,-544,177,177,0,3
4,32861,7865,-246,184,184,0,3
4,32862,7866,210,193,193,0,1
4,32864,7867,639,201,201,0,2
4,32865,7868,614,208,208,0,3
4,32866,7869,209,210,210,0,3
4,32867,7870,-313,208,208,0,3
4,32868,7871,-553,203,203,0,3
4,32872,7872,-436,196,196,0,3
4,32873,7873,66,190,190,0,3
4,32874,7874,532,184,184,0,3
4,32875,7875,659,181,181,0,3
4,32876,7876,251,181,181,0,3
4,32878,7877,-328,184,184,0,3
4,32879,7878,-585,189,189,0,3
4,32880,7879,-430,195,195,0,3
4,32881,7880,82,200,200,0,3
4,32885,7881,553,203,203,0,3
4,32886,7882,626,204,204,0,3
4,32887,7883,328,203,203,0,3
4,32888,7884,-169,201,201,0,3
4,32889,7885,-536,197,197,0,1
4,32890,7886,-430,190,190,0,2
4,32892,7887,-25,180,180,0,3
4,32893,7888,477,165,165,0,3
4,32894,7889,737,147,147,0,3
4,32898,7890,436,127,127,0,3
4,32899,7891,78,111,111,0,3
4,32900,7892,-286,100,100,0,3
4,32901,7893,-291,95,95,0,3
4,32902,7894,138,96,96,0,3
4,32903,7895,635,101,101,0,3
4,32904,7896,912,106,106,0,3
4,32906,7897,819,110,110,0,3
4,32907,7898,369,109,109,0,3
4,32911,7899,-41,102,102,0,3
4,32912,7900,-114,90,90,0,3
4,32913,7901,143,73,73,0,3
4,32914,7902,640,53,53,0,3
4,32915,7903,1069,34,34,0,3
4,32916,7904,1085,19,19,0,1
4,32917,7905,660,11,11,0,2
4,32918,7906,97,12,12,0,3
4,32920,7907,-184,21,21,0,3
4,32924,7908,15,36,36,0,3
4,32925,7909,455,53,53,0,3
4,32926,7910,942,68,68,0,3
4,32927,7911,1048,79,79,0,3
4,32928,7912,640,84,84,0,3
4,32929,7913,82,84,84,0,3
4,32930,7914,-277,80,80,0,3
4,32931,7915,-102,73,73,0,3
4,32932,7916,451,64,64,0,3
4,32937,7917,983,54,54,0,3
4,32938,7918,1138,42,42,0,3
4,32939,7919,778,31,31,0,3
4,32940,7920,159,19,19,0,3
4,32941,7921,-250,9,9,0,3
4,32942,7922,-204,0,0,0,3
4,32943,7923,180,-7,-7,0,1
4,32944,7924,579,-11,-11,0,2
4,32945,7925,717,-11,-11,0,3
4,32946,7926,415,-5,-5,0,3
4,32950,7927,-86,6,6,0,3
4,32951,7928,-512,21,21,0,3
4,32952,7929,-577,36,36,0,3
4,32953,7930,-210,46,46,0,3
4,32955,7931,246,49,49,0,3
4,32956,7932,523,42,42,0,3
4,32957,7933,471,29,29,0,3
4,32958,7934,20,13,13,0,3
4,32959,7935,-430,-3,-3,0,3
4,32963,7936,-544,-16,-16,0,3
4,32964,7937,-348,-22,-22,0,3
4,32965,7938,169,-23,-23,0,3
4,32966,7939,598,-19,-19,0,3
4,32967,7940,553,-12,-12,0,3
4,32969,7941,148,-3,-3,0,3
4,32970,7942,-333,6,6,0,1
4,32971,7943,-594,14,14,0,2
4,32972,7944,-374,19,19,0,3
4,32976,7945,107,21,21,0,3
4,32977,7946,553,20,20,0,3
4,32978,7947,598,16,16,0,3
4,32979,7948,231,12,12,0,3
4,32980,7949,-307,12,12,0,3
4,32981,7950,-667,18,18,0,3
4,32983,7951,-512,32,32,0,3
4,32984,7952,-123,56,56,0,3
4,32985,7953,204,87,87,0,3
4,32989,7954,175,125,125,0,3
4,32990,7955,-225,166,166,0,3
4,32991,7956,-886,206,206,0,3
4,32992,7957,-1397,243,243,0,3
4,32993,7958,-1351,275,275,0,3
4,32994,7959,-660,300,300,0,3
4,32995,7960,395,321,321,0,3
4,32997,7961,1188,339,339,0,1
4,32998,7962,1685,358,358,0,2
4,33002,7963,2146,381,381,0,3
4,33003,7964,2888,406,406,0,3
4,33004,7965,3867,431,431,0,3
4,33005,7966,4930,452,452,0,3
4,33006,7967,5448,462,462,0,3
4,33007,7968,4988,461,461,0,3
4,33008,7969,3379,448,448,0,3
4,33009,7970,1249,426,426,0,3
4,33011,7971,-430,401,401,0,3
4,33015,7972,-1097,375,375,0,3
4,33016,7973,-840,354,354,0,3
4,33017,7974,-220,339,339,0,3
4,33018,7975,352,331,331,0,3
4,33019,7976,348,333,333,0,3
4,33020,7977,-37,344,344,0,3
4,33021,7978,-579,362,362,0,3
4,33022,7979,-860,384,384,0,3
4,33023,7980,-538,405,405,0,1
4,33028,7981,-119,417,417,0,2
4,33029,7982,368,414,414,0,3
4,33030,7983,454,391,391,0,3
4,33031,7984,108,347,347,0,3
4,33032,7985,-451,287,287,0,3
4,33033,7986,-789,217,217,0,3
4,33034,7987,-614,145,145,0,3
4,33035,7988,-164,81,81,0,3
4,33036,7989,348,28,28,0,3
4,33037,7990,482,-12,-12,0,3
4,33041,7991,143,-40,-40,0,3
4,33042,7992,-435,-61,-61,0,3
4,33043,7993,-762,-77,-77,0,3
4,33044,7994,-655,-90,-90,0,3
4,33046,7995,-189,-99,-99,0,3
4,33047,7996,313,-99,-99,0,3
4,33048,7997,430,-88,-88,0,3
4,33049,7998,272,-69,-69,0,3
4,33050,7999,-271,-45,-45,0,1
4,33054,8000,-655,-26,-26,0,2
4,33055,8001,-659,-20,-20,0,3
4,33056,8002,-292,-31,-31,0,3
4,33057,8003,123,-55,-55,0,3
4,33058,8004,441,-79,-79,0,3
4,33060,8005,266,-92,-92,0,3
4,33061,8006,-164,-83,-83,0,3
4,33062,8007,-614,-53,-53,0,3
4,33063,8008,-769,-15,-15,0,3
4,33067,8009,-471,13,13,0,3
4,33068,8010,26,14,14,0,3
4,33069,8011,454,-19,-19,0,3
4,33070,8012,450,-80,-80,0,3
4,33071,8013,4,-149,-149,0,3
4,33072,8014,-497,-209,-209,0,3
4,33074,8015,-737,-252,-252,0,3
4,33075,8016,-579,-285,-285,0,3
4,33076,8017,-57,-335,-335,0,3
4,33080,8018,368,-430,-430,0,1
4,33081,8019,454,-579,-579,0,2
4,33082,8020,87,-756,-756,0,3
4,33083,8021,-512,-893,-893,0,3
4,33084,8022,-810,-887,-887,0,3
4,33085,8023,-655,-631,-631,0,3
4,33086,8024,-164,-54,-54,0,3
4,33088,8025,266,842,842,0,3
4,33089,8026,421,1963,1963,0,3
4,33093,8027,102,3132,3132,0,3
4,33094,8028,-435,4124,4124,0,3
4,33095,8029,-782,4726,4726,0,3
4,33096,8030,-716,4798,4798,0,3
4,33097,8031,-250,4316,4316,0,3
4,33098,8032,211,3382,3382,0,3
4,33099,8033,451,2199,2199,0,3
4,33100,8034,231,1011,1011,0,3
4,33102,8035,-250,39,39,0,3
4,33106,8036,-716,-579,-579,0,3
4,33107,8037,-659,-814,-814,0,1
4,33108,8038,-313,-741,-741,0,2
4,33109,8039,184,-497,-497,0,3
4,33110,8040,400,-230,-230,0,3
4,33111,8041,327,-51,-51,0,3
4,33112,8042,-123,-7,-7,0,3
4,33113,8043,-553,-78,-78,0,3
4,33114,8044,-707,-202,-202,0,3
4,33119,8045,-492,-311,-311,0,3
4,33120,8046,26,-354,-354,0,3
4,33121,8047,393,-322,-322,0,3
4,33122,8048,368,-239,-239,0,3
4,33123,8049,-98,-146,-146,0,3
4,33124,8050,-600,-86,-86,0,3
4,33125,8051,-840,-79,-79,0,3
4,33126,8052,-702,-121,-121,0,3
4,33127,8053,-180,-187,-187,0,3
4,33128,8054,307,-244,-244,0,3
4,33132,8055,332,-268,-268,0,3
4,33133,8056,-36,-251,-251,0,1
4,33134,8057,-635,-203,-203,0,2
4,33135,8058,-933,-147,-147,0,3
4,33137,8059,-778,-105,-105,0,3
4,33138,8060,-307,-90,-90,0,3
4,33139,8061,163,-103,-103,0,3
4,33140,8062,318,-131,-131,0,3
4,33141,8063,-41,-160,-160,0,3
4,33145,8064,-558,-175,-175,0,3
4,33146,8065,-823,-174,-174,0,3
4,33147,8066,-798,-161,-161,0,3
4,33148,8067,-311,-146,-146,0,3
4,33149,8068,211,-140,-140,0,3
4,33151,8069,451,-144,-144,0,3
4,33152,8070,190,-157,-157,0,3
4,33153,8071,-189,-169,-169,0,3
4,33154,8072,-573,-173,-173,0,3
4,33158,8073,-536,-163,-163,0,3
4,33159,8074,-128,-142,-142,0,3
4,33160,8075,328,-118,-118,0,1
4,33161,8076,667,-100,-100,0,2
4,33162,8077,553,-92,-92,0,3
4,33163,8078,184,-97,-97,0,3
4,33165,8079,-307,-111,-111,0,3
4,33166,8080,-359,-128,-128,0,3
4,33167,8081,-61,-143,-143,0,3
4,33171,8082,394,-152,-152,0,3
4,33172,8083,803,-154,-154,0,3
4,33173,8084,778,-153,-153,0,3
4,33174,8085,434,-152,-152,0,3
4,33175,8086,-108,-154,-154,0,3
4,33176,8087,-328,-159,-159,0,3
4,33177,8088,-149,-167,-167,0,3
4,33179,8089,373,-176,-176,0,3
4,33180,8090,798,-183,-183,0,3
4,33184,8091,905,-185,-185,0,3
4,33185,8092,517,-182,-182,0,3
4,33186,8093,-20,-173,-173,0,3
4,33187,8094,-339,-159,-159,0,1
4,33188,8095,-163,-145,-145,0,2
4,33189,8096,328,-131,-131,0,3
4,33190,8097,819,-122,-122,0,3
4,33191,8098,994,-116,-116,0,3
4,33193,8099,635,-112,-112,0,3
4,33197,8100,56,-111,-111,0,3
4,33198,8101,-250,-109,-109,0,3
4,33199,8102,-204,-106,-106,0,3
4,33200,8103,241,-104,-104,0,3
4,33201,8104,682,-102,-102,0,3
4,33202,8105,881,-102,-102,0,3
4,33203,8106,600,-103,-103,0,3
4,33204,8107,180,-107,-107,0,3
4,33205,8108,-245,-114,-114,0,3
4,33210,8109,-229,-125,-125,0,3
4,33211,8110,159,-140,-140,0,3
4,33212,8111,573,-158,-158,0,3
4,33213,8112,789,-178,-178,0,3
4,33214,8113,675,-198,-198,0,1
4,33215,8114,246,-214,-214,0,2
4,33216,8115,-204,-226,-226,0,3
4,33217,8116,-318,-234,-234,0,3
4,33218,8117,-61,-240,-240,0,3
4,33219,8118,394,-247,-247,0,3
4,33223,8119,803,-256,-256,0,3
4,33224,8120,778,-268,-268,0,3
4,33225,8121,393,-281,-281,0,3
4,33226,8122,-190,-293,-293,0,3
4,33228,8123,-430,-303,-303,0,3
4,33229,8124,-272,-309,-309,0,3
4,33230,8125,311,-310,-310,0,3
4,33231,8126,757,-307,-307,0,3
4,33232,8127,844,-299,-299,0,3
4,33236,8128,476,-286,-286,0,3
4,33237,8129,-82,-268,-268,0,3
4,33238,8130,-462,-244,-244,0,3
4,33239,8131,-286,-215,-215,0,3
4,33240,8132,184,-181,-181,0,1
4,33241,8133,675,-144,-144,0,2
4,33242,8134,851,-106,-106,0,3
4,33243,8135,492,-68,-68,0,3
4,33244,8136,-108,-30,-30,0,3
4,33245,8137,-434,6,6,0,3
4,33249,8138,-389,40,40,0,3
4,33250,8139,78,72,72,0,3
4,33251,8140,600,100,100,0,3
4,33252,8141,778,126,126,0,3
4,33253,8142,497,150,150,0,3
4,33254,8143,37,173,173,0,3
4,33255,8144,-327,194,194,0,3
4,33256,8145,-352,214,214,0,3
4,33257,8146,15,229,229,0,3
4,33258,8147,471,241,241,0,3
4,33262,8148,748,248,248,0,3
4,33263,8149,655,252,252,0,3
4,33264,8150,205,255,255,0,3
4,33265,8151,-225,257,257,0,1
4,33266,8152,-421,258,258,0,2
4,33267,8153,-164,259,259,0,3
4,33268,8154,374,258,258,0,3
4,33269,8155,741,258,258,0,3
4,33270,8156,696,259,259,0,3
4,33271,8157,311,265,265,0,3
4,33275,8158,-190,274,274,0,3
4,33276,8159,-410,287,287,0,3
4,33277,8160,-211,301,301,0,3
4,33278,8161,332,310,310,0,3
4,33279,8162,839,313,313,0,3
4,33280,8163,844,306,306,0,3
4,33281,8164,435,292,292,0,3
4,33282,8165,-102,275,275,0,3
4,33283,8166,-421,258,258,0,3
4,33284,8167,-225,246,246,0,3
4,33288,8168,184,241,241,0,3
4,33289,8169,696,243,243,0,3
4,33290,8170,830,249,249,0,1
4,33291,8171,451,254,254,0,2
4,33292,8172,-67,256,256,0,3
4,33293,8173,-393,251,251,0,3
4,33294,8174,-286,241,241,0,3
4,33295,8175,160,226,226,0,3
4,33296,8176,600,211,211,0,3
4,33297,8177,799,198,198,0,3
4,33301,8178,559,192,192,0,3
4,33302,8179,78,192,192,0,3
4,33303,8180,-327,197,197,0,3
4,33304,8181,-311,201,201,0,3
4,33305,8182,97,201,201,0,3
4,33306,8183,676,195,195,0,3
4,33307,8184,1056,182,182,0,3
4,33308,8185,942,168,168,0,3
4,33309,8186,532,156,156,0,3
4,33310,8187,103,151,151,0,3
4,33314,8188,-52,153,153,0,3
4,33315,8189,205,160,160,0,1
4,33316,8190,743,169,169,0,2
4,33317,8191,1151,176,176,1,3
4,33436,8192,1167,178,178,0,3
4,33438,8193,803,174,174,0,3
4,33439,8194,301,165,165,0,3
4,33440,8195,82,154,154,0,3
4,33444,8196,240,142,142,0,3
4,33445,8197,742,132,132,0,3
4,33446,8198,1167,123,123,0,3
4,33447,8199,1192,117,117,0,3
4,33448,8200,804,113,113,0,3
4,33449,8201,246,111,111,0,3
4,33450,8202,-73,110,110,0,3
4,33452,8203,82,110,110,0,3
4,33453,8204,573,111,111,0,3
4,33457,8205,1044,113,113,0,3
4,33458,8206,1097,116,116,0,3
4,33459,8207,799,122,122,0,3
4,33460,8208,322,129,129,0,1
4,33461,8209,58,137,137,0,2
4,33462,8210,144,144,144,0,3
4,33463,8211,569,147,147,0,3
4,33464,8212,968,147,147,0,3
4,33466,8213,1085,142,142,0,3
4,33470,8214,743,135,135,0,3
4,33471,8215,303,128,128,0,3
4,33472,8216,-184,122,122,0,3
4,33473,8217,-270,119,119,0,3
4,33474,8218,36,118,118,0,3
4,33475,8219,553,119,119,0,3
4,33476,8220,810,123,123,0,3
4,33477,8221,675,130,130,0,3
4,33478,8222,164,141,141,0,3
4,33483,8223,-307,154,154,0,3
4,33484,8224,-462,170,170,0,3
4,33485,8225,-205,184,184,0,3
4,33486,8226,272,193,193,0,3
4,33487,8227,680,194,194,0,1
4,33488,8228,634,186,186,0,2
4,33489,8229,230,170,170,0,3
4,33490,8230,-293,151,151,0,3
4,33491,8231,-553,133,133,0,3
4,33492,8232,-395,120,120,0,3
4,33496,8233,168,117,117,0,3
4,33497,8234,634,121,121,0,3
4,33498,8235,639,132,132,0,3
4,33499,8236,272,144,144,0,3
4,33501,8237,-287,151,151,0,3
4,33502,8238,-605,151,151,0,3
4,33503,8239,-450,142,142,0,3
4,33504,8240,82,128,128,0,3
4,33505,8241,553,115,115,0,3
4,33509,8242,646,113,113,0,3
4,33510,8243,348,128,128,0,3
4,33511,8244,-190,164,164,0,3
4,33512,8245,-557,217,217,0,3
4,33513,8246,-512,280,280,0,1
4,33515,8247,-148,342,342,0,2
4,33516,8248,129,393,393,0,3
4,33517,8249,184,430,430,0,3
4,33518,8250,-97,452,452,0,3
4,33522,8251,-680,465,465,0,3
4,33523,8252,-1228,477,477,0,3
4,33524,8253,-1294,492,492,0,3
4,33525,8254,-722,514,514,0,3
4,33526,8255,164,540,540,0,3
4,33527,8256,1035,567,567,0,3
4,33529,8257,1556,589,589,0,3
4,33530,8258,1864,601,601,0,3
4,33531,8259,2438,603,603,0,3
4,33535,8260,3450,593,593,0,3
4,33536,8261,4628,575,575,0,3
4,33537,8262,5596,550,550,0,3
4,33538,8263,6046,523,523,0,3
4,33539,8264,5386,496,496,0,3
4,33540,8265,3547,472,472,0,1
4,33541,8266,1305,454,454,0,2
4,33543,8267,-246,445,445,0,3
4,33544,8268,-784,446,446,0,3
4,33548,8269,-405,457,457,0,3
4,33549,8270,204,476,476,0,3
4,33550,8271,393,498,498,0,3
4,33551,8272,149,518,518,0,3
4,33552,8273,-369,529,529,0,3
4,33553,8274,-728,524,524,0,3
4,33554,8275,-553,501,501,0,3
4,33555,8276,0,459,459,0,3
4,33557,8277,491,403,403,0,3
4,33561,8278,667,340,340,0,3
4,33562,8279,287,277,277,0,3
4,33563,8280,-272,223,223,0,3
4,33564,8281,-618,180,180,0,3
4,33565,8282,-573,150,150,0,3
4,33566,8283,-86,130,130,0,3
4,33567,8284,354,116,116,0,1
4,33568,8285,553,104,104,0,2
4,33569,8286,313,91,91,0,3
4,33574,8287,-209,75,75,0,3
4,33575,8288,-614,54,54,0,3
4,33576,8289,-659,30,30,0,3
4,33577,8290,-292,5,5,0,3
4,33578,8291,205,-15,-15,0,3
4,33579,8292,462,-27,-27,0,3
4,33580,8293,327,-26,-26,0,3
4,33581,8294,-123,-16,-16,0,3
4,33582,8295,-573,-1,-1,0,3
4,33583,8296,-687,8,8,0,3
4,33587,8297,-389,4,4,0,3
4,33588,8298,67,-18,-18,0,3
4,33589,8299,454,-52,-52,0,3
4,33590,8300,450,-86,-86,0,3
4,33592,8301,66,-107,-107,0,3
4,33593,8302,-456,-102,-102,0,3
4,33594,8303,-717,-72,-72,0,1
4,33595,8304,-477,-27,-27,0,2
4,33596,8305,45,14,14,0,3
4,33600,8306,512,28,28,0,3
4,33601,8307,577,4,4,0,3
4,33602,8308,190,-61,-61,0,3
4,33603,8309,-328,-152,-152,0,3
4,33604,8310,-707,-250,-250,0,3
4,33606,8311,-512,-339,-339,0,3
4,33607,8312,-20,-414,-414,0,3
4,33608,8313,491,-484,-484,0,3
4,33609,8314,503,-561,-561,0,3
4,33613,8315,164,-646,-646,0,3
4,33614,8316,-353,-718,-718,0,3
4,33615,8317,-680,-723,-723,0,3
4,33616,8318,-573,-580,-580,0,3
4,33617,8319,-189,-208,-208,0,3
4,33618,8320,354,448,448,0,3
4,33620,8321,553,1380,1380,0,3
4,33621,8322,272,2499,2499,0,1
4,33622,8323,-209,3641,3641,0,2
4,33626,8324,-614,4597,4597,0,3
4,33627,8325,-618,5168,5168,0,3
4,33628,8326,-251,5218,5218,0,3
4,33629,8327,205,4719,4719,0,3
4,33630,8328,503,3765,3765,0,3
4,33631,8329,389,2548,2548,0,3
4,33632,8330,-102,1307,1307,0,3
4,33634,8331,-512,265,265,0,3
4,33635,8332,-667,-432,-432,0,3
4,33639,8333,-369,-740,-740,0,3
4,33640,8334,128,-717,-717,0,3
4,33641,8335,495,-490,-490,0,3
4,33642,8336,553,-209,-209,0,3
4,33643,8337,107,7,7,0,3
4,33644,8338,-415,98,98,0,3
4,33645,8339,-655,66,66,0,3
4,33646,8340,-477,-39,-39,0,3
4,33648,8341,66,-151,-151,0,1
4,33652,8342,471,-215,-215,0,2
4,33653,8343,577,-212,-212,0,3
4,33654,8344,169,-154,-154,0,3
4,33655,8345,-389,-77,-77,0,3
4,33656,8346,-707,-20,-20,0,3
4,33657,8347,-532,-7,-7,0,3
4,33658,8348,-61,-42,-42,0,3
4,33659,8349,430,-105,-105,0,3
4,33660,8350,564,-169,-169,0,3
4,33665,8351,205,-208,-208,0,3
4,33666,8352,-374,-211,-211,0,3
4,33667,8353,-721,-185,-185,0,3
4,33668,8354,-634,-147,-147,0,3
4,33669,8355,-250,-118,-118,0,3
4,33670,8356,313,-110,-110,0,3
4,33671,8357,451,-125,-125,0,3
4,33672,8358,231,-151,-151,0,3
4,33673,8359,-271,-174,-174,0,3
4,33674,8360,-655,-181,-181,0,1
4,33678,8361,-700,-169,-169,0,2
4,33679,8362,-313,-142,-142,0,3
4,33680,8363,143,-112,-112,0,3
4,33681,8364,441,-89,-89,0,3
4,33683,8365,368,-78,-78,0,3
4,33684,8366,-82,-79,-79,0,3
4,33685,8367,-553,-84,-84,0,3
4,33686,8368,-707,-87,-87,0,3
4,33687,8369,-410,-81,-81,0,3
4,33691,8370,26,-67,-67,0,3
4,33692,8371,434,-49,-49,0,3
4,33693,8372,450,-33,-33,0,3
4,33694,8373,66,-26,-26,0,3
4,33695,8374,-436,-30,-30,0,3
4,33697,8375,-696,-45,-45,0,3
4,33698,8376,-415,-66,-66,0,3
4,33699,8377,127,-86,-86,0,3
4,33700,8378,634,-99,-99,0,3
4,33704,8379,721,-105,-105,0,1
4,33705,8380,374,-103,-103,0,2
4,33706,8381,-143,-94,-94,0,3
4,33707,8382,-482,-84,-84,0,3
4,33708,8383,-286,-74,-74,0,3
4,33709,8384,246,-69,-69,0,3
4,33711,8385,737,-69,-69,0,3
4,33712,8386,912,-71,-71,0,3
4,33713,8387,573,-75,-75,0,3
4,33717,8388,77,-76,-76,0,3
4,33718,8389,-270,-75,-75,0,3
4,33719,8390,-163,-72,-72,0,3
4,33720,8391,303,-69,-69,0,3
4,33721,8392,784,-68,-68,0,3
4,33722,8393,963,-68,-68,0,3
4,33723,8394,723,-67,-67,0,3
4,33725,8395,241,-64,-64,0,3
4,33726,8396,-163,-56,-56,0,3
4,33730,8397,-209,-46,-46,0,3
4,33731,8398,199,-34,-34,0,1
4,33732,8399,676,-23,-23,0,2
4,33733,8400,933,-16,-16,0,3
4,33734,8401,778,-14,-14,0,3
4,33735,8402,348,-16,-16,0,3
4,33736,8403,-82,-23,-23,0,3
4,33737,8404,-236,-31,-31,0,3
4,33739,8405,0,-40,-40,0,3
4,33743,8406,517,-46,-46,0,3
4,33744,8407,885,-51,-51,0,3
4,33745,8408,880,-52,-52,0,3
4,33746,8409,434,-51,-51,0,3
4,33747,8410,-47,-51,-51,0,3
4,33748,8411,-307,-53,-53,0,3
4,33749,8412,-129,-59,-59,0,3
4,33750,8413,373,-70,-70,0,3
4,33751,8414,839,-84,-84,0,3
4,33756,8415,905,-100,-100,0,3
4,33757,8416,579,-115,-115,0,3
4,33758,8417,0,-126,-126,0,1
4,33759,8418,-257,-133,-133,0,2
4,33760,8419,-184,-136,-136,0,3
4,33761,8420,307,-138,-138,0,3
4,33762,8421,798,-140,-140,0,3
4,33763,8422,892,-143,-143,0,3
4,33764,8423,553,-146,-146,0,3
4,33765,8424,-5,-146,-146,0,3
4,33769,8425,-373,-144,-144,0,3
4,33770,8426,-327,-138,-138,0,3
4,33771,8427,139,-130,-130,0,3
4,33772,8428,641,-123,-123,0,3
4,33774,8429,799,-117,-117,0,3
4,33775,8430,538,-116,-116,0,3
4,33776,8431,78,-118,-118,0,3
4,33777,8432,-307,-123,-123,0,3
4,33778,8433,-373,-128,-128,0,3
4,33782,8434,-5,-130,-130,0,3
4,33783,8435,492,-129,-129,0,3
4,33784,8436,728,-119,-119,0,1
4,33785,8437,614,-100,-100,0,2
4,33786,8438,164,-72,-72,0,3
4,33788,8439,-307,-36,-36,0,3
4,33789,8440,-421,4,4,0,3
4,33790,8441,-164,44,44,0,3
4,33791,8442,333,78,78,0,3
4,33795,8443,680,107,107,0,3
4,33796,8444,675,128,128,0,3
4,33797,8445,271,146,146,0,3
4,33798,8446,-231,163,163,0,3
4,33799,8447,-430,182,182,0,3
4,33800,8448,-231,203,203,0,3
4,33802,8449,311,227,227,0,3
4,33803,8450,737,252,252,0,3
4,33804,8451,823,276,276,0,3
4,33808,8452,435,297,297,0,3
4,33809,8453,-143,313,313,0,3
4,33810,8454,-523,323,323,0,3
4,33811,8455,-368,329,329,0,1
4,33812,8456,123,330,330,0,2
4,33813,8457,634,329,329,0,3
4,33814,8458,728,326,326,0,3
4,33816,8459,430,324,324,0,3
4,33817,8460,-108,323,323,0,3
4,33821,8461,-495,323,323,0,3
4,33822,8462,-430,322,322,0,3
4,33823,8463,37,319,319,0,3
4,33824,8464,477,314,314,0,3
4,33825,8465,676,307,307,0,3
4,33826,8466,477,300,300,0,3
4,33827,8467,-25,294,294,0,3
4,33828,8468,-389,291,291,0,3
4,33830,8469,-495,290,290,0,3
4,33834,8470,-108,289,289,0,3
4,33835,8471,389,285,285,0,3
4,33836,8472,646,278,278,0,3
4,33837,8473,553,269,269,0,3
4,33838,8474,123,260,260,0,1
4,33839,8475,-348,254,254,0,2
4,33840,8476,-462,252,252,0,3
4,33841,8477,-205,255,255,0,3
4,33842,8478,292,263,263,0,3
4,33847,8479,680,272,272,0,3
4,33848,8480,716,281,281,0,3
4,33849,8481,291,286,286,0,3
4,33850,8482,-190,284,284,0,3
4,33851,8483,-451,276,276,0,3
4,33852,8484,-272,260,260,0,3
4,33853,8485,271,239,239,0,3
4,33854,8486,757,215,215,0,3
4,33855,8487,782,193,193,0,3
4,33856,8488,435,176,176,0,3
4,33860,8489,-41,165,165,0,3
4,33861,8490,-441,161,161,0,3
4,33862,8491,-245,161,161,0,3
4,33863,8492,287,162,162,0,3
4,33865,8493,778,162,162,0,1
4,33866,8494,912,158,158,0,2
4,33867,8495,614,152,152,0,3
4,33868,8496,97,144,144,0,3
4,33869,8497,-188,136,136,0,3
4,33873,8498,-82,131,131,0,3
4,33874,8499,344,127,127,0,3
4,33875,8500,845,125,125,0,3
4,33876,8501,1065,121,121,0,3
4,33877,8502,845,116,116,0,3
4,33879,8503,344,110,110,0,3
4,33880,8504,0,102,102,0,3
4,33881,8505,17,95,95,0,3
4,33882,8506,343,90,90,0,3
4,33886,8507,860,90,90,0,3
4,33887,8508,1138,96,96,0,3
4,33888,8509,1003,109,109,0,3
4,33889,8510,553,128,128,0,3
4,33890,8511,123,148,148,0,3
4,33891,8512,-11,165,165,0,1
4,33893,8513,225,173,173,0,2
4,33894,8514,661,170,170,0,3
4,33895,8515,1069,156,156,0,3
4,33899,8516,1065,135,135,0,3
4,33900,8517,639,113,113,0,3
4,33901,8518,97,93,93,0,3
4,33902,8519,-164,81,81,0,3
4,33903,8520,35,75,75,0,3
4,33904,8521,680,75,75,0,3
4,33905,8522,1187,76,76,0,3
4,33907,8523,1233,75,75,0,3
4,33908,8524,763,72,72,0,3
4,33912,8525,82,66,66,0,3
4,33913,8526,-318,58,58,0,3
4,33914,8527,-184,52,52,0,3
4,33915,8528,246,47,47,0,3
4,33916,8529,675,45,45,0,3
4,33917,8530,748,45,45,0,3
4,33918,8531,410,46,46,0,1
4,33919,8532,-128,47,47,0,2
4,33921,8533,-536,48,48,0,3
4,33925,8534,-450,47,47,0,3
4,33926,8535,-25,45,45,0,3
4,33927,8536,456,44,44,0,3
4,33928,8537,737,44,44,0,3
4,33929,8538,436,47,47,0,3
4,33930,8539,-45,54,54,0,3
4,33931,8540,-471,65,65,0,3
4,33932,8541,-495,77,77,0,3
4,33933,8542,-169,88,88,0,3
4,33938,8543,328,97,97,0,3
4,33939,8544,626,103,103,0,3
4,33940,8545,491,108,108,0,3
4,33941,8546,61,114,114,0,3
4,33942,8547,-389,121,121,0,3
4,33943,8548,-523,130,130,0,3
4,33944,8549,-287,139,139,0,3
4,33945,8550,210,147,147,0,1
4,33946,8551,577,154,154,0,2
4,33947,8552,553,161,161,0,3
4,33951,8553,168,168,168,0,3
4,33952,8554,-333,179,179,0,3
4,33953,8555,-614,194,194,0,3
4,33954,8556,-436,213,213,0,3
4,33956,8557,45,236,236,0,3
4,33957,8558,491,260,260,0,3
4,33958,8559,495,285,285,0,3
4,33959,8560,-36,309,309,0,3
4,33960,8561,-737,332,332,0,3
4,33964,8562,-1117,355,355,0,3
4,33965,8563,-1106,378,378,0,3
4,33966,8564,-758,399,399,0,3
4,33967,8565,-410,419,419,0,3
4,33968,8566,-153,436,436,0,3
4,33970,8567,-61,450,450,0,3
4,33971,8568,-67,463,463,0,3
4,33972,8569,98,474,474,0,1
4,33973,8570,758,485,485,0,2
4,33977,8571,2044,495,495,0,3
4,33978,8572,3610,503,503,0,3
4,33979,8573,4772,507,507,0,3
4,33980,8574,5187,506,506,0,3
4,33981,8575,4952,497,497,0,3
4,33982,8576,4281,481,481,0,3
4,33984,8577,3314,460,460,0,3
4,33985,8578,2166,437,437,0,3
4,33986,8579,1167,418,418,0,3
4,33990,8580,523,409,409,0,3
4,33991,8581,20,415,415,0,3
4,33992,8582,-430,434,434,0,3
4,33993,8583,-737,463,463,0,3
4,33994,8584,-707,491,491,0,3
4,33995,8585,-369,508,508,0,3
4,33996,8586,67,504,504,0,3
4,33998,8587,475,475,475,0,3
4,33999,8588,471,421,421,0,1
4,34003,8589,127,351,351,0,2
4,34004,8590,-436,272,272,0,3
4,34005,8591,-614,195,195,0,3
4,34006,8592,-415,127,127,0,3
4,34007,8593,66,73,73,0,3
4,34008,8594,491,35,35,0,3
4,34009,8595,577,13,13,0,3
4,34010,8596,190,4,4,0,3
4,34012,8597,-369,5,5,0,3
4,34016,8598,-687,13,13,0,3
4,34017,8599,-512,21,21,0,3
4,34018,8600,-41,23,23,0,3
4,34019,8601,430,17,17,0,3
4,34020,8602,523,1,1,0,3
4,34021,8603,205,-21,-21,0,3
4,34022,8604,-353,-40,-40,0,3
4,34023,8605,-700,-49,-49,0,3
4,34024,8606,-614,-46,-46,0,3
4,34029,8607,-168,-33,-33,0,1
4,34030,8608,333,-15,-15,0,2
4,34031,8609,471,-3,-3,0,3
4,34032,8610,231,-4,-4,0,3
4,34033,8611,-250,-20,-20,0,3
4,34034,8612,-573,-47,-47,0,3
4,34035,8613,-618,-73,-73,0,3
4,34036,8614,-251,-88,-88,0,3
4,34037,8615,287,-84,-84,0,3
4,34038,8616,482,-62,-62,0,3
4,34042,8617,368,-33,-33,0,3
4,34043,8618,-61,-13,-13,0,3
4,34044,8619,-471,-21,-21,0,3
4,34045,8620,-687,-64,-64,0,3
4,34047,8621,-430,-142,-142,0,3
4,34048,8622,87,-243,-243,0,3
4,34049,8623,475,-350,-350,0,3
4,34050,8624,471,-450,-450,0,3
4,34051,8625,45,-541,-541,0,3
4,34055,8626,-456,-625,-625,0,1
4,34056,8627,-696,-706,-706,0,2
4,34057,8628,-518,-775,-775,0,3
4,34058,8629,25,-798,-798,0,3
4,34059,8630,512,-715,-715,0,3
4,34061,8631,495,-455,-455,0,3
4,34062,8632,128,45,45,0,3
4,34063,8633,-410,804,804,0,3
4,34064,8634,-728,1776,1776,0,3
4,34068,8635,-594,2843,2843,0,3
4,34069,8636,-82,3830,3830,0,3
4,34070,8637,389,4545,4545,0,3
4,34071,8638,503,4834,4834,0,3
4,34072,8639,164,4622,4622,0,3
4,34073,8640,-374,3939,3939,0,3
4,34075,8641,-680,2921,2921,0,3
4,34076,8642,-614,1770,1770,0,3
4,34077,8643,-107,700,700,0,3
4,34081,8644,354,-114,-114,0,3
4,34082,8645,553,-582,-582,0,1
4,34083,8646,354,-711,-711,0,2
4,34084,8647,-209,-588,-588,0,3
4,34085,8648,-573,-342,-342,0,3
4,34086,8649,-598,-103,-103,0,3
4,34087,8650,-210,44,44,0,3
4,34089,8651,287,70,70,0,3
4,34090,8652,544,1,1,0,3
4,34094,8653,389,-105,-105,0,3
4,34095,8654,-20,-189,-189,0,3
4,34096,8655,-512,-215,-215,0,3
4,34097,8656,-605,-179,-179,0,3
4,34098,8657,-348,-107,-107,0,3
4,34099,8658,67,-36,-36,0,3
4,34100,8659,475,1,1,0,3
4,34101,8660,430,-8,-8,0,3
4,34103,8661,-16,-54,-54,0,3
4,34107,8662,-518,-114,-114,0,3
4,34108,8663,-737,-162,-162,0,3
4,34109,8664,-600,-180,-180,0,1
4,34110,8665,-16,-168,-168,0,2
4,34111,8666,450,-137,-137,0,3
4,34112,8667,454,-105,-105,0,3
4,34113,8668,128,-90,-90,0,3
4,34114,8669,-451,-97,-97,0,3
4,34115,8670,-789,-122,-122,0,3
4,34120,8671,-655,-150,-150,0,3
4,34121,8672,-143,-170,-170,0,3
4,34122,8673,348,-171,-171,0,3
4,34123,8674,482,-153,-153,0,3
4,34124,8675,102,-121,-121,0,3
4,34125,8676,-435,-88,-88,0,3
4,34126,8677,-700,-62,-62,0,3
4,34127,8678,-614,-51,-51,0,3
4,34128,8679,-230,-56,-56,0,3
4,34129,8680,293,-72,-72,0,3
4,34133,8681,492,-90,-90,0,3
4,34134,8682,272,-103,-103,0,3
4,34135,8683,-189,-109,-109,0,1
4,34136,8684,-532,-105,-105,0,2
4,34138,8685,-557,-97,-97,0,3
4,34139,8686,-149,-89,-89,0,3
4,34140,8687,389,-83,-83,0,3
4,34141,8688,667,-81,-81,0,3
4,34142,8689,594,-82,-82,0,3
4,34146,8690,164,-82,-82,0,3
4,34147,8691,-286,-81,-81,0,3
4,34148,8692,-359,-78,-78,0,3
4,34149,8693,-82,-75,-75,0,3
4,34150,8694,374,-73,-73,0,3
4,34152,8695,823,-75,-75,0,3
4,34153,8696,880,-80,-80,0,3
4,34154,8697,455,-89,-89,0,3
4,34155,8698,-47,-98,-98,0,3
4,34159,8699,-266,-106,-106,0,3
4,34160,8700,-67,-112,-112,0,3
4,34161,8701,414,-114,-114,0,3
4,34162,8702,880,-111,-111,0,1
4,34163,8703,926,-104,-104,0,2
4,34164,8704,538,-92,-92,0,3
4,34166,8705,-41,-77,-77,0,3
4,34167,8706,-380,-61,-61,0,3
4,34168,8707,-245,-45,-45,0,3
4,34172,8708,246,-34,-34,0,3
4,34173,8709,757,-27,-27,0,3
4,34174,8710,912,-26,-26,0,3
4,34175,8711,573,-29,-29,0,3
4,34176,8712,-5,-32,-32,0,3
4,34177,8713,-332,-33,-33,0,3
4,34178,8714,-286,-30,-30,0,3
4,34180,8715,160,-27,-27,0,3
4,34181,8716,641,-23,-23,0,3
4,34185,8717,840,-21,-21,0,3
4,34186,8718,600,-24,-24,0,3
4,34187,8719,78,-32,-32,0,3
4,34188,8720,-307,-45,-45,0,3
4,34189,8721,-373,-62,-62,0,1
4,34190,8722,-5,-82,-82,0,2
4,34191,8723,492,-103,-103,0,3
4,34192,8724,769,-120,-120,0,3
4,34194,8725,696,-131,-131,0,3
4,34198,8726,287,-135,-135,0,3
4,34199,8727,-163,-132,-132,0,3
4,34200,8728,-339,-125,-125,0,3
4,34201,8729,-61,-118,-118,0,3
4,34202,8730,394,-114,-114,0,3
4,34203,8731,782,-117,-117,0,3
4,34204,8732,716,-125,-125,0,3
4,34205,8733,271,-138,-138,0,3
4,34206,8734,-231,-151,-151,0,3
4,34211,8735,-492,-162,-162,0,3
4,34212,8736,-313,-168,-168,0,3
4,34213,8737,271,-169,-169,0,3
4,34214,8738,737,-166,-166,0,3
4,34215,8739,741,-160,-160,0,3
4,34216,8740,374,-153,-153,0,1
4,34217,8741,-184,-146,-146,0,2
4,34218,8742,-544,-138,-138,0,3
4,34219,8743,-389,-130,-130,0,3
4,34220,8744,123,-120,-120,0,3
4,34224,8745,594,-106,-106,0,3
4,34225,8746,769,-87,-87,0,3
4,34226,8747,430,-61,-61,0,3
4,34227,8748,-67,-29,-29,0,3
4,34229,8749,-434,8,8,0,3
4,34230,8750,-368,45,45,0,3
4,34231,8751,78,79,79,0,3
4,34232,8752,559,108,108,0,3
4,34233,8753,737,130,130,0,3
4,34237,8754,456,148,148,0,3
4,34238,8755,57,165,165,0,3
4,34239,8756,-348,184,184,0,3
4,34240,8757,-393,207,207,0,3
4,34241,8758,-46,233,233,0,3
4,34243,8759,451,261,261,0,1
4,34244,8760,707,288,288,0,2
4,34245,8761,553,310,310,0,3
4,34246,8762,123,325,325,0,3
4,34250,8763,-327,330,330,0,3
4,34251,8764,-421,326,326,0,3
4,34252,8765,-205,312,312,0,3
4,34253,8766,272,293,293,0,3
4,34254,8767,659,272,272,0,3
4,34255,8768,675,252,252,0,3
4,34257,8769,271,237,237,0,3
4,34258,8770,-272,229,229,0,3
4,34259,8771,-553,226,226,0,3
4,34263,8772,-313,226,226,0,3
4,34264,8773,230,227,227,0,3
4,34265,8774,614,226,226,0,3
4,34266,8775,721,223,223,0,3
4,34267,8776,394,219,219,0,3
4,34268,8777,-102,215,215,0,3
4,34269,8778,-462,211,211,0,1
4,34271,8779,-286,207,207,0,2
4,34272,8780,123,201,201,0,3
4,34276,8781,655,192,192,0,3
4,34277,8782,769,179,179,0,3
4,34278,8783,451,165,165,0,3
4,34279,8784,-87,154,154,0,3
4,34280,8785,-454,149,149,0,3
4,34281,8786,-348,155,155,0,3
4,34282,8787,98,169,169,0,3
4,34283,8788,620,189,189,0,3
4,34285,8789,819,211,211,0,3
4,34289,8790,600,227,227,0,3
4,34290,8791,139,233,233,0,3
4,34291,8792,-225,226,226,0,3
4,34292,8793,-229,206,206,0,3
4,34293,8794,159,177,177,0,3
4,34294,8795,676,145,145,0,3
4,34295,8796,933,118,118,0,3
4,34296,8797,860,102,102,0,1
4,34297,8798,430,98,98,0,2
4,34302,8799,-20,105,105,0,3
4,34303,8800,-134,116,116,0,3
4,34304,8801,143,125,125,0,3
4,34305,8802,681,124,124,0,3
4,34306,8803,1130,114,114,0,3
4,34307,8804,1126,96,96,0,3
4,34308,8805,680,77,77,0,3
4,34309,8806,179,64,64,0,3
4,34310,8807,-82,60,60,0,3
4,34311,8808,117,68,68,0,3
4,34315,8809,598,83,83,0,3
4,34316,8810,1024,101,101,0,3
4,34317,8811,1110,115,115,0,3
4,34318,8812,763,122,122,0,3
4,34320,8813,184,121,121,0,3
4,34321,8814,-236,114,114,0,3
4,34322,8815,-20,107,107,0,3
4,34323,8816,430,101,101,0,1
4,34324,8817,983,100,100,0,2
4,34328,8818,1158,103,103,0,3
4,34329,8819,901,109,109,0,3
4,34330,8820,281,114,114,0,3
4,34331,8821,-168,116,116,0,3
4,34332,8822,-184,112,112,0,3
4,34334,8823,201,102,102,0,3
4,34335,8824,579,90,90,0,3
4,34336,8825,778,78,78,0,3
4,34337,8826,456,70,70,0,3
4,34341,8827,-66,69,69,0,3
4,34342,8828,-491,73,73,0,3
4,34343,8829,-577,79,79,0,3
4,34344,8830,-231,83,83,0,3
4,34345,8831,328,81,81,0,3
4,34346,8832,605,73,73,0,3
4,34348,8833,471,62,62,0,3
4,34349,8834,0,52,52,0,3
4,34350,8835,-430,49,49,0,1
4,34354,8836,-544,55,55,0,2
4,34355,8837,-287,68,68,0,3
4,34356,8838,149,86,86,0,3
4,34357,8839,557,104,104,0,3
4,34358,8840,573,118,118,0,3
4,34359,8841,168,126,126,0,3
4,34360,8842,-313,127,127,0,3
4,34362,8843,-512,122,122,0,3
4,34363,8844,-374,113,113,0,3
4,34367,8845,86,104,104,0,3
4,34368,8846,573,97,97,0,3
4,34369,8847,639,93,93,0,3
4,34370,8848,272,95,95,0,3
4,34371,8849,-287,103,103,0,3
4,34372,8850,-646,117,117,0,3
4,34373,8851,-512,135,135,0,3
4,34374,8852,-20,157,157,0,3
4,34376,8853,471,181,181,0,3
4,34380,8854,503,206,206,0,1
4,34381,8855,82,231,231,0,2
4,34382,8856,-599,254,254,0,3
4,34383,8857,-1007,277,277,0,3
4,34384,8858,-942,298,298,0,3
4,34385,8859,-578,316,316,0,3
4,34386,8860,-158,334,334,0,3
4,34387,8861,-184,351,351,0,3
4,34388,8862,-527,371,371,0,3
4,34393,8863,-885,393,393,0,3
4,34394,8864,-942,419,419,0,3
4,34395,8865,-516,446,446,0,3
4,34396,8866,425,470,470,0,3
4,34397,8867,1618,490,490,0,3
4,34398,8868,2858,502,502,0,3
4,34399,8869,3809,507,507,0,3
4,34400,8870,4260,504,504,0,3
4,34401,8871,4445,495,495,0,3
4,34402,8872,4474,480,480,0,3
4,34406,8873,4137,460,460,0,1
4,34407,8874,3323,438,438,0,2
4,34408,8875,2052,418,418,0,3
4,34409,8876,860,403,403,0,3
4,34411,8877,-201,398,398,0,3
4,34412,8878,-1009,405,405,0,3
4,34413,8879,-1126,420,420,0,3
4,34414,8880,-805,439,439,0,3
4,34415,8881,-180,455,455,0,3
4,34419,8882,348,460,460,0,3
4,34420,8883,373,447,447,0,3
4,34421,8884,5,411,411,0,3
4,34422,8885,-532,355,355,0,3
4,34423,8886,-789,283,283,0,3
4,34425,8887,-696,201,201,0,3
4,34426,8888,-143,119,119,0,3
4,34427,8889,348,45,45,0,3
4,34428,8890,462,-12,-12,0,3
4,34432,8891,123,-49,-49,0,3
4,34433,8892,-415,-65,-65,0,1
4,34434,8893,-782,-62,-62,0,2
4,34435,8894,-675,-48,-48,0,3
4,34436,8895,-230,-32,-32,0,3
4,34437,8896,231,-24,-24,0,3
4,34439,8897,451,-28,-28,0,3
4,34440,8898,252,-42,-42,0,3
4,34441,8899,-271,-61,-61,0,3
4,34445,8900,-634,-75,-75,0,3
4,34446,8901,-680,-77,-77,0,3
4,34447,8902,-353,-64,-64,0,3
4,34448,8903,102,-38,-38,0,3
4,34449,8904,359,-8,-8,0,3
4,34450,8905,266,14,14,0,3
4,34451,8906,-164,20,20,0,3
4,34453,8907,-594,6,6,0,3
4,34454,8908,-810,-22,-22,0,3
4,34458,8909,-532,-52,-52,0,3
4,34459,8910,-56,-72,-72,0,3
4,34460,8911,311,-71,-71,0,1
4,34461,8912,348,-52,-52,0,2
4,34462,8913,-57,-26,-26,0,3
4,34463,8914,-661,-12,-12,0,3
4,34464,8915,-840,-30,-30,0,3
4,34465,8916,-620,-89,-89,0,3
4,34467,8917,-98,-181,-181,0,3
4,34471,8918,348,-288,-288,0,3
4,34472,8919,414,-385,-385,0,3
4,34473,8920,5,-456,-456,0,3
4,34474,8921,-492,-500,-500,0,3
4,34475,8922,-830,-535,-535,0,3
4,34476,8923,-675,-585,-585,0,3
4,34477,8924,-164,-666,-666,0,3
4,34478,8925,327,-766,-766,0,3
4,34479,8926,441,-834,-834,0,3
4,34484,8927,123,-784,-784,0,3
4,34485,8928,-394,-520,-520,0,3
4,34486,8929,-803,26,26,0,3
4,34487,8930,-716,862,862,0,1
4,34488,8931,-271,1914,1914,0,2
4,34489,8932,211,3025,3025,0,3
4,34490,8933,410,3992,3992,0,3
4,34491,8934,149,4612,4612,0,3
4,34492,8935,-332,4743,4743,0,3
4,34493,8936,-696,4346,4346,0,3
4,34497,8937,-721,3499,3499,0,3
4,34498,8938,-374,2377,2377,0,3
4,34499,8939,82,1208,1208,0,3
4,34500,8940,359,206,206,0,3
4,34502,8941,266,-480,-480,0,3
4,34503,8942,-164,-801,-801,0,3
4,34504,8943,-614,-803,-803,0,3
4,34505,8944,-769,-606,-606,0,3
4,34506,8945,-532,-348,-348,0,3
4,34510,8946,5,-145,-145,0,3
4,34511,8947,352,-57,-57,0,3
4,34512,8948,307,-84,-84,0,3
4,34513,8949,-78,-179,-179,0,1
4,34514,8950,-600,-280,-280,0,2
4,34516,8951,-860,-336,-336,0,3
4,34517,8952,-723,-328,-328,0,3
4,34518,8953,-180,-268,-268,0,3
4,34519,8954,245,-191,-191,0,3
4,34523,8955,311,-132,-132,0,3
4,34524,8956,-97,-114,-114,0,3
4,34525,8957,-614,-135,-135,0,3
4,34526,8958,-933,-179,-179,0,3
4,34527,8959,-839,-218,-218,0,3
4,34528,8960,-369,-235,-235,0,3
4,34530,8961,102,-220,-220,0,3
4,34531,8962,175,-184,-184,0,3
4,34532,8963,-143,-145,-145,0,3
4,34536,8964,-722,-119,-119,0,3
4,34537,8965,-1007,-118,-118,0,3
4,34538,8966,-921,-141,-141,0,3
4,34539,8967,-475,-176,-176,0,3
4,34540,8968,26,-210,-210,0,1
4,34541,8969,164,-230,-230,0,2
4,34542,8970,-117,-232,-232,0,3
4,34544,8971,-516,-220,-220,0,3
4,34545,8972,-880,-201,-201,0,3
4,34549,8973,-885,-189,-189,0,3
4,34550,8974,-476,-187,-187,0,3
4,34551,8975,20,-197,-197,0,3
4,34552,8976,318,-212,-212,0,3
4,34553,8977,245,-224,-224,0,3
4,34554,8978,-102,-226,-226,0,3
4,34555,8979,-491,-216,-216,0,3
4,34556,8980,-667,-199,-199,0,3
4,34558,8981,-307,-180,-180,0,3
4,34562,8982,210,-166,-166,0,3
4,34563,8983,618,-161,-161,0,3
4,34564,8984,634,-162,-162,0,3
4,34565,8985,209,-167,-167,0,3
4,34566,8986,-252,-168,-168,0,3
4,34567,8987,-512,-165,-165,0,1
4,34568,8988,-293,-157,-157,0,2
4,34569,8989,209,-148,-148,0,3
4,34570,8990,737,-141,-141,0,3
4,34575,8991,782,-140,-140,0,3
4,34576,8992,394,-145,-145,0,3
4,34577,8993,-123,-155,-155,0,3
4,34578,8994,-441,-164,-164,0,3
4,34579,8995,-286,-171,-171,0,3
4,34580,8996,266,-173,-173,0,3
4,34581,8997,737,-170,-170,0,3
4,34582,8998,851,-164,-164,0,3
4,34583,8999,532,-156,-156,0,3
4,34584,9000,-87,-150,-150,0,3
4,34588,9001,-434,-146,-146,0,3
4,34589,9002,-348,-145,-145,0,3
4,34590,9003,37,-146,-146,0,3
4,34591,9004,559,-149,-149,0,3
4,34593,9005,737,-150,-150,0,3
4,34594,9006,497,-150,-150,0,1
4,34595,9007,-4,-148,-148,0,2
4,34596,9008,-409,-146,-146,0,3
4,34597,9009,-352,-145,-145,0,3
4,34601,9010,-67,-149,-149,0,3
4,34602,9011,451,-159,-159,0,3
4,34603,9012,748,-176,-176,0,3
4,34604,9013,614,-195,-195,0,3
4,34605,9014,205,-214,-214,0,3
4,34607,9015,-245,-228,-228,0,3
4,34608,9016,-421,-238,-238,0,3
4,34609,9017,-164,-244,-244,0,3
4,34610,9018,333,-247,-247,0,3
4,34614,9019,721,-254,-254,0,3
4,34615,9020,675,-265,-265,0,3
4,34616,9021,189,-283,-283,0,3
4,34617,9022,-313,-306,-306,0,3
4,34618,9023,-532,-333,-333,0,3
4,34619,9024,-333,-359,-359,0,3
4,34621,9025,189,-381,-381,0,1
4,34622,9026,675,-397,-397,0,2
4,34623,9027,700,-405,-405,0,3
4,34627,9028,374,-406,-406,0,3
4,34628,9029,-164,-402,-402,0,3
4,34629,9030,-523,-396,-396,0,3
4,34630,9031,-389,-390,-390,0,3
4,34631,9032,102,-385,-385,0,3
4,34632,9033,553,-382,-382,0,3
4,34633,9034,646,-377,-377,0,3
4,34635,9035,328,-366,-366,0,3
4,34636,9036,-210,-347,-347,0,3
4,34640,9037,-536,-316,-316,0,3
4,34641,9038,-471,-276,-276,0,3
4,34642,9039,-45,-230,-230,0,3
4,34643,9040,395,-181,-181,0,3
4,34644,9041,635,-133,-133,0,3
4,34645,9042,354,-88,-88,0,3
4,34646,9043,-127,-47,-47,0,3
4,34647,9044,-491,-9,-9,0,1
4,34649,9045,-577,24,24,0,2
4,34653,9046,-169,54,54,0,3
4,34654,9047,307,79,79,0,3
4,34655,9048,564,98,98,0,3
4,34656,9049,471,114,114,0,3
4,34657,9050,20,126,126,0,3
4,34658,9051,-409,136,136,0,3
4,34659,9052,-544,144,144,0,3
4,34660,9053,-266,153,153,0,3
4,34661,9054,251,163,163,0,3
4,34666,9055,639,174,174,0,3
4,34667,9056,634,187,187,0,3
4,34668,9057,230,202,202,0,3
4,34669,9058,-313,215,215,0,3
4,34670,9059,-553,226,226,0,3
4,34671,9060,-354,230,230,0,3
4,34672,9061,168,227,227,0,3
4,34673,9062,594,215,215,0,3
4,34674,9063,659,196,196,0,1
4,34675,9064,292,173,173,0,2
4,34679,9065,-246,151,151,0,3
4,34680,9066,-605,134,134,0,3
4,34681,9067,-430,123,123,0,3
4,34682,9068,61,119,119,0,3
4,34684,9069,573,118,118,0,3
4,34685,9070,667,121,121,0,3
4,34686,9071,369,125,125,0,3
4,34687,9072,-190,129,129,0,3
4,34688,9073,-516,135,135,0,3
4,34692,9074,-430,141,141,0,3
4,34693,9075,37,148,148,0,3
4,34694,9076,559,156,156,0,3
4,34695,9077,840,162,162,0,3
4,34696,9078,620,167,167,0,3
4,34698,9079,139,167,167,0,3
4,34699,9080,-225,162,162,0,3
4,34700,9081,-250,149,149,0,3
4,34701,9082,179,129,129,0,1
4,34705,9083,655,106,106,0,2
4,34706,9084,974,82,82,0,3
4,34707,9085,942,64,64,0,3
4,34708,9086,492,56,56,0,3
4,34709,9087,62,60,60,0,3
4,34710,9088,-93,74,74,0,3
4,34712,9089,225,92,92,0,3
4,34713,9090,681,109,109,0,3
4,34714,9091,1048,118,118,0,3
4,34718,9092,1024,117,117,0,3
4,34719,9093,557,106,106,0,3
4,34720,9094,35,87,87,0,3
4,34721,9095,-184,66,66,0,3
4,34722,9096,-26,46,46,0,3
4,34723,9097,496,31,31,0,3
4,34724,9098,921,20,20,0,3
4,34726,9099,966,14,14,0,3
4,34727,9100,640,11,11,0,3
4,34731,9101,143,10,10,0,1
4,34732,9102,-93,7,7,0,2
4,34733,9103,62,2,2,0,3
4,34734,9104,451,-5,-5,0,3
4,34735,9105,880,-13,-13,0,3
4,34736,9106,933,-20,-20,0,3
4,34737,9107,532,-26,-26,0,3
4,34738,9108,-128,-28,-28,0,3
4,34740,9109,-454,-27,-27,0,3
4,34744,9110,-430,-23,-23,0,3
4,34745,9111,16,-18,-18,0,3
4,34746,9112,456,-14,-14,0,3
4,34747,9113,655,-9,-9,0,3
4,34748,9114,395,-3,-3,0,3
4,34749,9115,-107,5,5,0,3
4,34750,9116,-532,17,17,0,3
4,34751,9117,-598,32,32,0,3
4,34752,9118,-231,45,45,0,3
4,34757,9119,328,55,55,0,3
4,34758,9120,585,59,59,0,1
4,34759,9121,471,58,58,0,2
4,34760,9122,0,51,51,0,3
4,34761,9123,-471,42,42,0,3
4,34762,9124,-585,33,33,0,3
4,34763,9125,-369,27,27,0,3
4,34764,9126,149,23,23,0,3
4,34765,9127,557,23,23,0,3
4,34766,9128,532,25,25,0,3
4,34770,9129,66,26,26,0,3
4,34771,9130,-395,26,26,0,3
4,34772,9131,-696,24,24,0,3
4,34773,9132,-518,20,20,0,3
4,34775,9133,4,15,15,0,3
4,34776,9134,430,13,13,0,3
4,34777,9135,557,17,17,0,3
4,34778,9136,149,29,29,0,3
4,34779,9137,-369,51,51,0,3
4,34783,9138,-769,79,79,0,3
4,34784,9139,-614,113,113,0,1
4,34785,9140,-287,147,147,0,2
4,34786,9141,61,180,180,0,3
4,34787,9142,114,210,210,0,3
4,34789,9143,-307,239,239,0,3
4,34790,9144,-1070,268,268,0,3
4,34791,9145,-1499,300,300,0,3
4,34792,9146,-1167,333,333,0,3
4,34796,9147,-209,366,366,0,3
4,34797,9148,886,398,398,0,3
4,34798,9149,1741,424,424,0,3
4,34799,9150,2381,446,446,0,3
4,34800,9151,3027,461,461,0,3
4,34801,9152,3707,471,471,0,3
4,34803,9153,4440,472,472,0,3
4,34804,9154,5094,464,464,0,3
4,34805,9155,5222,446,446,0,3
4,34809,9156,4353,419,419,0,3
4,34810,9157,2519,388,388,0,3
4,34811,9158,655,357,357,0,1
4,34812,9159,-655,335,335,0,2
4,34813,9160,-1117,326,326,0,3
4,34814,9161,-819,333,333,0,3
4,34815,9162,-159,355,355,0,3
4,34817,9163,475,385,385,0,3
4,34818,9164,430,416,416,0,3
4,34822,9165,4,436,436,0,3
4,34823,9166,-518,438,438,0,3
4,34824,9167,-717,416,416,0,3
4,34825,9168,-538,371,371,0,3
4,34826,9169,-16,306,306,0,3
4,34827,9170,430,231,231,0,3
4,34828,9171,475,155,155,0,3
4,34829,9172,87,90,90,0,3
4,34831,9173,-451,40,40,0,3
4,34835,9174,-728,8,8,0,3
4,34836,9175,-594,-8,-8,0,3
4,34837,9176,-143,-14,-14,0,3
4,34838,9177,389,-16,-16,0,1
4,34839,9178,503,-22,-22,0,2
4,34840,9179,184,-33,-33,0,3
4,34841,9180,-394,-50,-50,0,3
4,34842,9181,-741,-69,-69,0,3
4,34843,9182,-675,-86,-86,0,3
4,34848,9183,-230,-94,-94,0,3
4,34849,9184,272,-91,-91,0,3
4,34850,9185,492,-78,-78,0,3
4,34851,9186,211,-60,-60,0,3
4,34852,9187,-168,-46,-46,0,3
4,34853,9188,-655,-43,-43,0,3
4,34854,9189,-659,-56,-56,0,3
4,34855,9190,-333,-84,-84,0,3
4,34856,9191,205,-118,-118,0,3
4,34857,9192,482,-148,-148,0,3
4,34861,9193,368,-161,-161,0,3
4,34862,9194,-41,-154,-154,0,3
4,34863,9195,-491,-130,-130,0,3
4,34864,9196,-626,-103,-103,0,1
4,34866,9197,-389,-90,-90,0,2
4,34867,9198,87,-100,-100,0,3
4,34868,9199,454,-136,-136,0,3
4,34869,9200,430,-188,-188,0,3
4,34870,9201,45,-241,-241,0,3
4,34874,9202,-477,-286,-286,0,3
4,34875,9203,-737,-325,-325,0,3
4,34876,9204,-518,-374,-374,0,3
4,34877,9205,-37,-454,-454,0,3
4,34878,9206,471,-578,-578,0,3
4,34880,9207,475,-732,-732,0,3
4,34881,9208,108,-863,-863,0,3
4,34882,9209,-471,-883,-883,0,3
4,34883,9210,-728,-692,-692,0,3
4,34887,9211,-573,-208,-208,0,3
4,34888,9212,-102,591,591,0,3
4,34889,9213,409,1649,1649,0,3
4,34890,9214,523,2820,2820,0,3
4,34891,9215,164,3901,3901,0,1
4,34892,9216,-394,4675,4675,0,2
4,34894,9217,-680,4970,4970,0,3
4,34895,9218,-614,4713,4713,0,3
4,34896,9219,-168,3950,3950,0,3
4,34900,9220,313,2842,2842,0,3
4,34901,9221,532,1618,1618,0,3
4,34902,9222,272,513,513,0,3
4,34903,9223,-230,-291,-291,0,3
4,34904,9224,-614,-713,-713,0,3
4,34905,9225,-557,-779,-779,0,3
4,34906,9226,-190,-597,-597,0,3
4,34908,9227,266,-317,-317,0,3
4,34909,9228,503,-75,-75,0,3
4,34913,9229,409,49,49,0,3
4,34914,9230,-102,36,36,0,3
4,34915,9231,-532,-71,-71,0,3
4,34916,9232,-728,-205,-205,0,3
4,34917,9233,-430,-300,-300,0,3
4,34918,9234,46,-322,-322,0,1
4,34919,9235,414,-274,-274,0,2
4,34920,9236,430,-188,-188,0,3
4,34922,9237,-16,-106,-106,0,3
4,34926,9238,-518,-63,-63,0,3
4,34927,9239,-799,-72,-72,0,3
4,34928,9240,-620,-122,-122,0,3
4,34929,9241,-78,-186,-186,0,3
4,34930,9242,348,-235,-235,0,3
4,34931,9243,393,-251,-251,0,3
4,34932,9244,5,-230,-230,0,3
4,34933,9245,-573,-188,-188,0,3
4,34934,9246,-892,-143,-143,0,3
4,34939,9247,-716,-114,-114,0,3
4,34940,9248,-184,-111,-111,0,3
4,34941,9249,266,-128,-128,0,3
4,34942,9250,400,-154,-154,0,3
4,34943,9251,102,-173,-173,0,3
4,34944,9252,-415,-174,-174,0,3
4,34945,9253,-741,-155,-155,0,1
4,34946,9254,-634,-123,-123,0,2
4,34947,9255,-148,-89,-89,0,3
4,34948,9256,333,-65,-65,0,3
4,34952,9257,614,-55,-55,0,3
4,34953,9258,374,-60,-60,0,3
4,34954,9259,-86,-73,-73,0,3
4,34955,9260,-430,-87,-87,0,3
4,34957,9261,-393,-96,-96,0,3
4,34958,9262,-26,-100,-100,0,3
4,34959,9263,512,-100,-100,0,3
4,34960,9264,789,-98,-98,0,3
4,34961,9265,737,-98,-98,0,3
4,34965,9266,287,-100,-100,0,3
4,34966,9267,-102,-104,-104,0,3
4,34967,9268,-298,-106,-106,0,3
4,34968,9269,-20,-108,-108,0,3
4,34969,9270,497,-108,-108,0,3
4,34971,9271,905,-108,-108,0,3
4,34972,9272,880,-106,-106,0,1
4,34973,9273,537,-105,-105,0,2
4,34974,9274,-26,-104,-104,0,3
4,34978,9275,-266,-102,-102,0,3
4,34979,9276,-47,-100,-100,0,3
4,34980,9277,434,-99,-99,0,3
4,34981,9278,962,-98,-98,0,3
4,34982,9279,1048,-97,-97,0,3
4,34983,9280,620,-97,-97,0,3
4,34985,9281,123,-96,-96,0,3
4,34986,9282,-216,-94,-94,0,3
4,34987,9283,-61,-89,-89,0,3
4,34991,9284,410,-82,-82,0,3
4,34992,9285,962,-72,-72,0,3
4,34993,9286,1056,-59,-59,0,3
4,34994,9287,717,-45,-45,0,3
4,34995,9288,138,-33,-33,0,3
4,34996,9289,-188,-24,-24,0,3
4,34997,9290,-122,-21,-21,0,3
4,34999,9291,303,-27,-27,0,1
4,35000,9292,702,-42,-42,0,2
4,35004,9293,922,-62,-62,0,3
4,35005,9294,723,-84,-84,0,3
4,35006,9295,201,-103,-103,0,3
4,35007,9296,-225,-117,-117,0,3
4,35008,9297,-188,-124,-124,0,3
4,35009,9298,118,-127,-127,0,3
4,35010,9299,655,-129,-129,0,3
4,35011,9300,871,-132,-132,0,3
4,35013,9301,737,-139,-139,0,3
4,35017,9302,328,-149,-149,0,3
4,35018,9303,-122,-163,-163,0,3
4,35019,9304,-277,-179,-179,0,3
4,35020,9305,0,-195,-195,0,3
4,35021,9306,415,-211,-211,0,3
4,35022,9307,803,-224,-224,0,3
4,35023,9308,860,-234,-234,0,3
4,35024,9309,393,-241,-241,0,3
4,35025,9310,-88,-243,-243,0,1
4,35030,9311,-328,-241,-241,0,2
4,35031,9312,-149,-234,-234,0,3
4,35032,9313,311,-224,-224,0,3
4,35033,9314,798,-210,-210,0,3
4,35034,9315,844,-193,-193,0,3
4,35035,9316,497,-171,-171,0,3
4,35036,9317,-123,-146,-146,0,3
4,35037,9318,-400,-117,-117,0,3
4,35038,9319,-266,-85,-85,0,3
4,35039,9320,184,-52,-52,0,3
4,35043,9321,696,-18,-18,0,3
4,35044,9322,810,17,17,0,3
4,35045,9323,471,53,53,0,3
4,35046,9324,-67,91,91,0,3
4,35048,9325,-373,130,130,0,3
4,35049,9326,-307,167,167,0,3
4,35050,9327,98,200,200,0,3
4,35051,9328,620,227,227,0,3
4,35052,9329,799,248,248,0,1
4,35056,9330,579,262,262,0,2
4,35057,9331,119,273,273,0,3
4,35058,9332,-307,282,282,0,3
4,35059,9333,-332,290,290,0,3
4,35060,9334,36,298,298,0,3
4,35062,9335,492,305,305,0,3
4,35063,9336,769,312,312,0,3
4,35064,9337,696,319,319,0,3
4,35065,9338,266,326,326,0,3
4,35069,9339,-225,334,334,0,3
4,35070,9340,-380,343,343,0,3
4,35071,9341,-61,352,352,0,3
4,35072,9342,374,360,360,0,3
4,35073,9343,782,366,366,0,3
4,35074,9344,757,372,372,0,3
4,35076,9345,373,377,377,0,3
4,35077,9346,-149,381,381,0,3
4,35078,9347,-410,384,384,0,3
4,35082,9348,-252,385,385,0,1
4,35083,9349,291,382,382,0,2
4,35084,9350,716,375,375,0,3
4,35085,9351,823,364,364,0,3
4,35086,9352,456,349,349,0,3
4,35087,9353,-102,331,331,0,3
4,35088,9354,-441,314,314,0,3
4,35090,9355,-286,298,298,0,3
4,35091,9356,225,285,285,0,3
4,35095,9357,716,275,275,0,3
4,35096,9358,851,270,270,0,3
4,35097,9359,553,267,267,0,3
4,35098,9360,36,268,268,0,3
4,35099,9361,-270,271,271,0,3
4,35100,9362,-122,272,272,0,3
4,35101,9363,364,272,272,0,3
4,35102,9364,886,267,267,0,3
4,35104,9365,1085,258,258,0,3
4,35108,9366,845,248,248,0,3
4,35109,9367,385,238,238,0,1
4,35110,9368,-61,231,231,0,2
4,35111,9369,-45,227,227,0,3
4,35112,9370,363,225,225,0,3
4,35113,9371,840,223,223,0,3
4,35114,9372,1117,222,222,0,3
4,35115,9373,1003,219,219,0,3
4,35116,9374,635,216,216,0,3
4,35121,9375,185,212,212,0,3
4,35122,9376,71,207,207,0,3
4,35123,9377,307,201,201,0,3
4,35124,9378,804,193,193,0,3
4,35125,9379,1212,184,184,0,3
4,35126,9380,1167,173,173,0,3
4,35127,9381,742,162,162,0,3
4,35128,9382,219,152,152,0,3
4,35129,9383,-61,143,143,0,3
4,35130,9384,138,136,136,0,3
4,35134,9385,660,131,131,0,3
4,35135,9386,1106,128,128,0,1
4,35136,9387,1151,128,128,0,2
4,35137,9388,804,130,130,0,3
4,35139,9389,348,134,134,0,3
4,35140,9390,91,139,139,0,3
4,35141,9391,226,145,145,0,3
4,35142,9392,635,150,150,0,3
4,35143,9393,1024,154,154,0,3
4,35147,9394,1056,155,155,0,3
4,35148,9395,676,156,156,0,3
4,35149,9396,36,156,156,0,3
4,35150,9397,-352,157,157,0,3
4,35151,9398,-368,159,159,0,3
4,35153,9399,57,160,160,0,3
4,35154,9400,538,160,160,0,3
4,35155,9401,717,160,160,0,3
4,35156,9402,477,160,160,0,3
4,35160,9403,-4,161,161,0,3
4,35161,9404,-471,163,163,0,3
4,35162,9405,-454,165,165,0,1
4,35163,9406,-87,166,166,0,2
4,35164,9407,369,163,163,0,3
4,35165,9408,667,157,157,0,3
4,35167,9409,512,148,148,0,3
4,35168,9410,102,139,139,0,3
4,35169,9411,-368,133,133,0,3
4,35173,9412,-503,131,131,0,3
4,35174,9413,-225,133,133,0,3
4,35175,9414,272,138,138,0,3
4,35176,9415,659,142,142,0,3
4,35177,9416,696,144,144,0,3
4,35178,9417,250,142,142,0,3
4,35179,9418,-252,138,138,0,3
4,35181,9419,-512,135,135,0,3
4,35182,9420,-333,136,136,0,3
4,35186,9421,148,147,147,0,3
4,35187,9422,389,169,169,0,3
4,35188,9423,291,202,202,0,3
4,35189,9424,-199,246,246,0,1
4,35190,9425,-901,293,293,0,2
4,35191,9426,-1363,339,339,0,3
4,35192,9427,-1351,376,376,0,3
4,35193,9428,-819,402,402,0,3
4,35195,9429,82,417,417,0,3
4,35199,9430,728,422,422,0,3
4,35200,9431,819,424,424,0,3
4,35201,9432,732,428,428,0,3
4,35202,9433,897,438,438,0,3
4,35203,9434,1598,454,454,0,3
4,35204,9435,2801,475,475,0,3
4,35205,9436,4102,496,496,0,3
4,35206,9437,4956,516,516,0,3
4,35207,9438,5208,532,532,0,3
4,35212,9439,5177,546,546,0,3
4,35213,9440,5182,556,556,0,3
4,35214,9441,5198,562,562,0,3
4,35215,9442,5033,561,561,0,3
4,35216,9443,4116,552,552,0,1
4,35217,9444,2551,535,535,0,2
4,35218,9445,942,512,512,0,3
4,35219,9446,-246,489,489,0,3
4,35220,9447,-737,469,469,0,3
4,35221,9448,-728,460,460,0,3
4,35225,9449,-287,465,465,0,3
4,35226,9450,210,484,484,0,3
4,35227,9451,557,514,514,0,3
4,35228,9452,553,547,547,0,3
4,35230,9453,148,572,572,0,3
4,35231,9454,-395,579,579,0,3
4,35232,9455,-635,558,558,0,3
4,35233,9456,-518,507,507,0,3
4,35234,9457,4,428,428,0,3
4,35238,9458,471,330,330,0,3
4,35239,9459,536,229,229,0,3
4,35240,9460,169,138,138,0,3
4,35241,9461,-389,70,70,0,3
4,35242,9462,-748,31,31,0,1
4,35244,9463,-573,18,18,0,2
4,35245,9464,-61,21,21,0,3
4,35246,9465,450,28,28,0,3
4,35247,9466,564,26,26,0,3
4,35251,9467,205,11,11,0,3
4,35252,9468,-374,-16,-16,0,3
4,35253,9469,-680,-45,-45,0,3
4,35254,9470,-634,-65,-65,0,3
4,35255,9471,-148,-68,-68,0,3
4,35256,9472,333,-52,-52,0,3
4,35258,9473,512,-26,-26,0,3
4,35259,9474,252,-2,-2,0,3
4,35260,9475,-230,8,8,0,3
4,35264,9476,-573,-1,-1,0,3
4,35265,9477,-577,-27,-27,0,3
4,35266,9478,-210,-56,-56,0,3
4,35267,9479,287,-71,-71,0,3
4,35268,9480,564,-59,-59,0,3
4,35269,9481,430,-21,-21,0,1
4,35270,9482,-20,23,23,0,2
4,35272,9483,-450,43,43,0,3
4,35273,9484,-605,2,2,0,3
4,35277,9485,-348,-120,-120,0,3
4,35278,9486,128,-320,-320,0,3
4,35279,9487,495,-563,-563,0,3
4,35280,9488,512,-791,-791,0,3
4,35281,9489,66,-942,-942,0,3
4,35282,9490,-415,-968,-968,0,3
4,35283,9491,-696,-850,-850,0,3
4,35284,9492,-518,-602,-602,0,3
4,35286,9493,25,-261,-261,0,3
4,35290,9494,450,136,136,0,3
4,35291,9495,557,567,567,0,3
4,35292,9496,190,1041,1041,0,3
4,35293,9497,-369,1589,1589,0,3
4,35294,9498,-707,2246,2246,0,3
4,35295,9499,-573,3018,3018,0,3
4,35296,9500,-61,3863,3863,0,1
4,35297,9501,471,4676,4676,0,2
4,35298,9502,626,5314,5314,0,3
4,35303,9503,266,5626,5626,0,3
4,35304,9504,-272,5503,5503,0,3
4,35305,9505,-618,4918,4918,0,3
4,35306,9506,-573,3943,3943,0,3
4,35307,9507,-86,2738,2738,0,3
4,35308,9508,374,1515,1515,0,3
4,35309,9509,614,474,474,0,3
4,35310,9510,293,-241,-241,0,3
4,35311,9511,-209,-581,-581,0,3
4,35312,9512,-614,-595,-595,0,3
4,35316,9513,-577,-401,-401,0,3
4,35317,9514,-231,-145,-145,0,3
4,35318,9515,246,51,51,0,3
4,35319,9516,523,121,121,0,3
4,35321,9517,430,63,63,0,3
4,35322,9518,-41,-73,-73,0,3
4,35323,9519,-512,-215,-215,0,1
4,35324,9520,-605,-306,-306,0,2
4,35325,9521,-410,-319,-319,0,3
4,35329,9522,67,-264,-264,0,3
4,35330,9523,495,-177,-177,0,3
4,35331,9524,471,-103,-103,0,3
4,35332,9525,86,-70,-70,0,3
4,35333,9526,-456,-86,-86,0,3
4,35335,9527,-717,-136,-136,0,3
4,35336,9528,-518,-192,-192,0,3
4,35337,9529,45,-227,-227,0,3
4,35338,9530,491,-230,-230,0,3
4,35342,9531,536,-203,-203,0,3
4,35343,9532,169,-163,-163,0,3
4,35344,9533,-348,-129,-129,0,3
4,35345,9534,-707,-115,-115,0,3
4,35346,9535,-553,-123,-123,0,3
4,35347,9536,-102,-145,-145,0,3
4,35349,9537,430,-165,-165,0,3
4,35350,9538,564,-171,-171,0,1
4,35351,9539,266,-156,-156,0,2
4,35355,9540,-292,-122,-122,0,3
4,35356,9541,-618,-81,-81,0,3
4,35357,9542,-471,-45,-45,0,3
4,35358,9543,-25,-25,-25,0,3
4,35359,9544,538,-24,-24,0,3
4,35360,9545,717,-38,-38,0,3
4,35361,9546,538,-58,-58,0,3
4,35363,9547,119,-74,-74,0,3
4,35364,9548,-266,-80,-80,0,3
4,35368,9549,-311,-77,-77,0,3
4,35369,9550,36,-70,-70,0,3
4,35370,9551,553,-65,-65,0,3
4,35371,9552,830,-66,-66,0,3
4,35372,9553,737,-72,-72,0,3
4,35373,9554,328,-82,-82,0,3
4,35374,9555,-163,-89,-89,0,3
4,35375,9556,-257,-92,-92,0,3
4,35377,9557,82,-90,-90,0,1
4,35381,9558,538,-84,-84,0,2
4,35382,9559,926,-77,-77,0,3
4,35383,9560,962,-71,-71,0,3
4,35384,9561,496,-68,-68,0,3
4,35385,9562,15,-65,-65,0,3
4,35386,9563,-225,-61,-61,0,3
4,35387,9564,-88,-56,-56,0,3
4,35388,9565,414,-48,-48,0,3
4,35389,9566,880,-38,-38,0,3
4,35394,9567,987,-28,-28,0,3
4,35395,9568,599,-21,-21,0,3
4,35396,9569,0,-17,-17,0,3
4,35397,9570,-298,-19,-19,0,3
4,35398,9571,-184,-25,-25,0,3
4,35399,9572,348,-35,-35,0,3
4,35400,9573,819,-46,-46,0,3
4,35401,9574,994,-55,-55,0,3
4,35402,9575,655,-60,-60,0,3
4,35403,9576,15,-60,-60,0,1
4,35407,9577,-291,-56,-56,0,2
4,35408,9578,-225,-48,-48,0,3
4,35409,9579,201,-42,-42,0,3
4,35410,9580,743,-40,-40,0,3
4,35412,9581,881,-43,-43,0,3
4,35413,9582,641,-51,-51,0,3
4,35414,9583,221,-61,-61,0,3
4,35415,9584,-204,-71,-71,0,3
4,35416,9585,-209,-78,-78,0,3
4,35420,9586,118,-84,-84,0,3
4,35421,9587,573,-87,-87,0,3
4,35422,9588,851,-88,-88,0,3
4,35423,9589,675,-87,-87,0,3
4,35424,9590,184,-84,-84,0,3
4,35426,9591,-245,-80,-80,0,3
4,35427,9592,-380,-75,-75,0,3
4,35428,9593,-205,-72,-72,0,3
4,35429,9594,313,-70,-70,0,3
4,35433,9595,741,-71,-71,0,1
4,35434,9596,696,-75,-75,0,2
4,35435,9597,311,-80,-80,0,3
4,35436,9598,-231,-85,-85,0,3
4,35437,9599,-492,-89,-89,0,3
4,35438,9600,-272,-91,-91,0,3
4,35440,9601,230,-89,-89,0,3
4,35441,9602,655,-83,-83,0,3
4,35442,9603,782,-69,-69,0,3
4,35446,9604,394,-48,-48,0,3
4,35447,9605,-143,-18,-18,0,3
4,35448,9606,-503,20,20,0,3
4,35449,9607,-348,62,62,0,3
4,35450,9608,184,104,104,0,3
4,35451,9609,675,143,143,0,3
4,35452,9610,789,173,173,0,3
4,35454,9611,430,194,194,0,3
4,35455,9612,-128,208,208,0,3
4,35459,9613,-475,215,215,0,3
4,35460,9614,-450,220,220,0,1
4,35461,9615,119,226,226,0,2
4,35462,9616,559,235,235,0,3
4,35463,9617,737,248,248,0,3
4,35464,9618,477,267,267,0,3
4,35465,9619,-4,289,289,0,3
4,35466,9620,-368,311,311,0,3
4,35468,9621,-414,331,331,0,3
4,35472,9622,-87,345,345,0,3
4,35473,9623,430,351,351,0,3
4,35474,9624,707,349,349,0,3
4,35475,9625,614,342,342,0,3
4,35476,9626,184,333,333,0,3
4,35477,9627,-307,323,323,0,3
4,35478,9628,-421,316,316,0,3
4,35479,9629,-143,309,309,0,3
4,35480,9630,415,304,304,0,3
4,35485,9631,782,299,299,0,3
4,35486,9632,737,295,295,0,3
4,35487,9633,332,292,292,0,1
4,35488,9634,-149,291,291,0,2
4,35489,9635,-410,291,291,0,3
4,35490,9636,-190,290,290,0,3
4,35491,9637,352,287,287,0,3
4,35492,9638,839,281,281,0,3
4,35493,9639,864,272,272,0,3
4,35494,9640,558,260,260,0,3
4,35498,9641,41,249,249,0,3
4,35499,9642,-257,242,242,0,3
4,35500,9643,-102,241,241,0,3
4,35501,9644,430,246,246,0,3
4,35503,9645,962,255,255,0,3
4,35504,9646,1076,266,266,0,3
4,35505,9647,799,275,275,0,3
4,35506,9648,261,277,277,0,3
4,35507,9649,-106,271,271,0,3
4,35511,9650,41,255,255,0,3
4,35512,9651,528,230,230,0,3
4,35513,9652,1091,199,199,0,1
4,35514,9653,1290,167,167,0,2
4,35515,9654,1091,138,138,0,3
4,35517,9655,549,118,118,0,3
4,35518,9656,144,108,108,0,3
4,35519,9657,78,106,106,0,3
4,35520,9658,404,108,108,0,3
4,35524,9659,901,111,111,0,3
4,35525,9660,1179,110,110,0,3
4,35526,9661,1085,107,107,0,3
4,35527,9662,614,101,101,0,3
4,35528,9663,185,95,95,0,3
4,35529,9664,9,91,91,0,3
4,35531,9665,266,91,91,0,3
4,35532,9666,804,95,95,0,3
4,35533,9667,1151,101,101,0,3
4,35537,9668,1044,107,107,0,3
4,35538,9669,660,113,113,0,3
4,35539,9670,158,115,115,0,3
4,35540,9671,-41,114,114,0,1
4,35541,9672,260,108,108,0,2
4,35542,9673,742,99,99,0,3
4,35543,9674,1065,88,88,0,3
4,35545,9675,1028,79,79,0,3
4,35546,9676,620,73,73,0,3
4,35550,9677,0,72,72,0,3
4,35551,9678,-359,75,75,0,3
4,35552,9679,-286,79,79,0,3
4,35553,9680,123,82,82,0,3
4,35554,9681,614,83,83,0,3
4,35555,9682,707,80,80,0,3
4,35556,9683,389,75,75,0,3
4,35557,9684,-149,70,70,0,3
4,35559,9685,-454,69,69,0,3
4,35563,9686,-368,70,70,0,3
4,35564,9687,57,75,75,0,3
4,35565,9688,538,83,83,0,3
4,35566,9689,717,91,91,0,3
4,35567,9690,497,100,100,0,1
4,35568,9691,-4,110,110,0,2
4,35569,9692,-409,120,120,0,3
4,35570,9693,-454,130,130,0,3
4,35571,9694,-108,139,139,0,3
4,35576,9695,348,146,146,0,3
4,35577,9696,626,151,151,0,3
4,35578,9697,512,155,155,0,3
4,35579,9698,61,159,159,0,3
4,35580,9699,-389,164,164,0,3
4,35581,9700,-564,174,174,0,3
4,35582,9701,-307,190,190,0,3
4,35583,9702,87,211,211,0,3
4,35584,9703,414,238,238,0,3
4,35585,9704,225,268,268,0,3
4,35589,9705,-323,299,299,0,3
4,35590,9706,-886,327,327,0,3
4,35591,9707,-1249,350,350,0,3
4,35592,9708,-1255,366,366,0,3
4,35594,9709,-794,378,378,0,1
4,35595,9710,-123,391,391,0,2
4,35596,9711,414,410,410,0,3
4,35597,9712,661,439,439,0,3
4,35598,9713,778,479,479,0,3
4,35602,9714,1279,525,525,0,3
4,35603,9715,2622,569,569,0,3
4,35604,9716,4178,603,603,0,3
4,35605,9717,5345,618,618,0,3
4,35606,9718,5684,614,614,0,3
4,35608,9719,4895,593,593,0,3
4,35609,9720,3149,565,565,0,3
4,35610,9721,1184,540,540,0,3
4,35611,9722,-41,525,525,0,3
4,35615,9723,-373,523,523,0,3
4,35616,9724,-117,530,530,0,3
4,35617,9725,123,539,539,0,3
4,35618,9726,108,543,543,0,3
4,35619,9727,-271,537,537,0,3
4,35620,9728,-675,521,521,0,1
4,35622,9729,-741,499,499,0,2
4,35623,9730,-374,479,479,0,3
4,35624,9731,164,469,469,0,3
4,35628,9732,482,471,471,0,3
4,35629,9733,409,485,485,0,3
4,35630,9734,-20,505,505,0,3
4,35631,9735,-512,518,518,0,3
4,35632,9736,-707,514,514,0,3
4,35633,9737,-451,486,486,0,3
4,35634,9738,26,434,434,0,3
4,35636,9739,454,362,362,0,3
4,35637,9740,409,282,282,0,3
4,35641,9741,4,204,204,0,3
4,35642,9742,-477,136,136,0,3
4,35643,9743,-758,81,81,0,3
4,35644,9744,-559,41,41,0,3
4,35645,9745,25,14,14,0,3
4,35646,9746,450,0,0,0,3
4,35647,9747,516,-1,-1,0,1
4,35648,9748,108,12,12,0,2
4,35650,9749,-451,34,34,0,3
4,35654,9750,-789,60,60,0,3
4,35655,9751,-634,79,79,0,3
4,35656,9752,-143,83,83,0,3
4,35657,9753,327,67,67,0,3
4,35658,9754,523,34,34,0,3
4,35659,9755,164,-5,-5,0,3
4,35660,9756,-333,-35,-35,0,3
4,35661,9757,-721,-44,-44,0,3
4,35662,9758,-696,-30,-30,0,3
4,35667,9759,-230,0,0,0,3
4,35668,9760,293,26,26,0,3
4,35669,9761,492,31,31,0,3
4,35670,9762,231,4,4,0,3
4,35671,9763,-230,-55,-55,0,3
4,35672,9764,-614,-132,-132,0,3
4,35673,9765,-659,-208,-208,0,3
4,35674,9766,-313,-273,-273,0,1
4,35675,9767,225,-327,-327,0,2
4,35676,9768,503,-387,-387,0,3
4,35680,9769,430,-477,-477,0,3
4,35681,9770,-61,-608,-608,0,3
4,35682,9771,-512,-766,-766,0,3
4,35683,9772,-646,-898,-898,0,3
4,35685,9773,-369,-917,-917,0,3
4,35686,9774,108,-721,-721,0,3
4,35687,9775,475,-233,-233,0,3
4,35688,9776,471,567,567,0,3
4,35689,9777,4,1614,1614,0,3
4,35693,9778,-477,2759,2759,0,3
4,35694,9779,-778,3795,3795,0,3
4,35695,9780,-579,4509,4509,0,3
4,35696,9781,-57,4743,4743,0,3
4,35697,9782,430,4436,4436,0,3
4,35699,9783,495,3654,3654,0,3
4,35700,9784,149,2562,2562,0,3
4,35701,9785,-451,1391,1391,0,1
4,35702,9786,-789,361,361,0,2
4,35706,9787,-655,-365,-365,0,3
4,35707,9788,-143,-725,-725,0,3
4,35708,9789,348,-759,-759,0,3
4,35709,9790,523,-577,-577,0,3
4,35710,9791,205,-318,-318,0,3
4,35711,9792,-353,-102,-102,0,3
4,35713,9793,-639,4,4,0,3
4,35714,9794,-594,-6,-6,0,3
4,35715,9795,-189,-91,-91,0,3
4,35719,9796,293,-191,-191,0,3
4,35720,9797,553,-254,-254,0,3
4,35721,9798,293,-258,-258,0,3
4,35722,9799,-209,-211,-211,0,3
4,35723,9800,-594,-144,-144,0,3
4,35724,9801,-659,-93,-93,0,3
4,35725,9802,-374,-81,-81,0,3
4,35727,9803,123,-108,-108,0,3
4,35728,9804,380,-158,-158,0,1
4,35732,9805,266,-202,-202,0,2
4,35733,9806,-225,-220,-220,0,3
4,35734,9807,-634,-203,-203,0,3
4,35735,9808,-810,-162,-162,0,3
4,35736,9809,-512,-116,-116,0,3
4,35737,9810,-15,-87,-87,0,3
4,35738,9811,352,-87,-87,0,3
4,35739,9812,307,-114,-114,0,3
4,35741,9813,-119,-154,-154,0,3
4,35745,9814,-620,-189,-189,0,3
4,35746,9815,-881,-204,-204,0,3
4,35747,9816,-743,-196,-196,0,3
4,35748,9817,-180,-170,-170,0,3
4,35749,9818,286,-140,-140,0,3
4,35750,9819,352,-117,-117,0,3
4,35751,9820,46,-110,-110,0,3
4,35752,9821,-512,-117,-117,0,3
4,35753,9822,-789,-134,-134,0,3
4,35758,9823,-573,-148,-148,0,1
4,35759,9824,-61,-153,-153,0,2
4,35760,9825,512,-147,-147,0,3
4,35761,9826,646,-131,-131,0,3
4,35762,9827,348,-111,-111,0,3
4,35763,9828,-190,-93,-93,0,3
4,35764,9829,-475,-80,-80,0,3
4,35765,9830,-409,-73,-73,0,3
4,35766,9831,119,-69,-69,0,3
4,35767,9832,600,-66,-66,0,3
4,35771,9833,758,-60,-60,0,3
4,35772,9834,538,-52,-52,0,3
4,35773,9835,78,-45,-45,0,3
4,35774,9836,-348,-42,-42,0,3
4,35776,9837,-373,-46,-46,0,3
4,35777,9838,-5,-58,-58,0,3
4,35778,9839,532,-76,-76,0,3
4,35779,9840,789,-97,-97,0,3
4,35780,9841,634,-113,-113,0,3
4,35784,9842,205,-122,-122,0,1
4,35785,9843,-245,-122,-122,0,2
4,35786,9844,-380,-115,-115,0,3
4,35787,9845,-82,-106,-106,0,3
4,35788,9846,415,-100,-100,0,3
4,35790,9847,844,-100,-100,0,3
4,35791,9848,798,-106,-106,0,3
4,35792,9849,393,-114,-114,0,3
4,35793,9850,-88,-121,-121,0,3
4,35797,9851,-307,-123,-123,0,3
4,35798,9852,-170,-118,-118,0,3
4,35799,9853,332,-108,-108,0,3
4,35800,9854,798,-95,-95,0,3
4,35801,9855,864,-82,-82,0,3
4,35802,9856,476,-72,-72,0,3
4,35804,9857,-41,-64,-64,0,3
4,35805,9858,-380,-58,-58,0,3
4,35806,9859,-245,-56,-56,0,3
4,35810,9860,246,-55,-55,0,3
4,35811,9861,716,-58,-58,0,1
4,35812,9862,851,-66,-66,0,2
4,35813,9863,471,-78,-78,0,3
4,35814,9864,-46,-96,-96,0,3
4,35815,9865,-434,-117,-117,0,3
4,35816,9866,-368,-141,-141,0,3
4,35818,9867,57,-165,-165,0,3
4,35819,9868,620,-184,-184,0,3
4,35823,9869,758,-198,-198,0,3
4,35824,9870,559,-204,-204,0,3
4,35825,9871,78,-202,-202,0,3
4,35826,9872,-368,-196,-196,0,3
4,35827,9873,-373,-192,-192,0,3
4,35828,9874,-26,-193,-193,0,3
4,35829,9875,512,-203,-203,0,3
4,35830,9876,789,-221,-221,0,3
4,35832,9877,655,-243,-243,0,3
4,35836,9878,184,-264,-264,0,3
4,35837,9879,-245,-278,-278,0,3
4,35838,9880,-400,-280,-280,0,1
4,35839,9881,-123,-271,-271,0,2
4,35840,9882,353,-251,-251,0,3
4,35841,9883,700,-223,-223,0,3
4,35842,9884,655,-190,-190,0,3
4,35843,9885,250,-155,-155,0,3
4,35844,9886,-252,-118,-118,0,3
4,35849,9887,-492,-80,-80,0,3
4,35850,9888,-354,-43,-43,0,3
4,35851,9889,148,-6,-6,0,3
4,35852,9890,655,30,30,0,3
4,35853,9891,721,63,63,0,3
4,35854,9892,333,93,93,0,3
4,35855,9893,-266,118,118,0,3
4,35856,9894,-605,138,138,0,3
4,35857,9895,-430,153,153,0,3
4,35858,9896,82,162,162,0,3
4,35862,9897,594,167,167,0,3
4,35863,9898,728,170,170,0,3
4,35864,9899,430,172,172,0,1
4,35865,9900,-169,175,175,0,2
4,35867,9901,-536,178,178,0,3
4,35868,9902,-450,181,181,0,3
4,35869,9903,37,183,183,0,3
4,35870,9904,559,182,182,0,3
4,35871,9905,737,181,181,0,3
4,35875,9906,497,181,181,0,3
4,35876,9907,-66,185,185,0,3
4,35877,9908,-450,195,195,0,3
4,35878,9909,-516,210,210,0,3
4,35879,9910,-128,227,227,0,3
4,35881,9911,430,243,243,0,3
4,35882,9912,707,253,253,0,3
4,35883,9913,553,257,257,0,3
4,35884,9914,164,254,254,0,3
4,35888,9915,-327,248,248,0,3
4,35889,9916,-482,239,239,0,3
4,35890,9917,-266,232,232,0,3
4,35891,9918,251,227,227,0,1
4,35892,9919,680,225,225,0,2
4,35893,9920,696,226,226,0,3
4,35895,9921,311,226,226,0,3
4,35896,9922,-170,224,224,0,3
4,35897,9923,-348,217,217,0,3
4,35901,9924,-129,205,205,0,3
4,35902,9925,455,187,187,0,3
4,35903,9926,901,167,167,0,3
4,35904,9927,1007,149,149,0,3
4,35905,9928,599,135,135,0,3
4,35906,9929,143,129,129,0,3
4,35907,9930,-155,130,130,0,3
4,35909,9931,-20,135,135,0,3
4,35910,9932,553,141,141,0,3
4,35914,9933,1044,145,145,0,3
4,35915,9934,1179,146,146,0,3
4,35916,9935,840,146,146,0,3
4,35917,9936,240,146,146,0,3
4,35918,9937,-127,148,148,0,1
4,35919,9938,-82,153,153,0,2
4,35920,9939,405,159,159,0,3
4,35921,9940,927,165,165,0,3
4,35923,9941,1085,167,167,0,3
4,35927,9942,886,165,165,0,3
4,35928,9943,405,158,158,0,3
4,35929,9944,-20,147,147,0,3
4,35930,9945,-45,133,133,0,3
4,35931,9946,220,118,118,0,3
4,35932,9947,717,104,104,0,3
4,35933,9948,953,90,90,0,3
4,35934,9949,860,79,79,0,3
4,35935,9950,430,70,70,0,3
4,35940,9951,62,64,64,0,3
4,35941,9952,-52,58,58,0,3
4,35942,9953,184,53,53,0,3
4,35943,9954,579,48,48,0,3
4,35944,9955,885,43,43,0,3
4,35945,9956,798,38,38,0,1
4,35946,9957,332,35,35,0,2
4,35947,9958,-231,32,32,0,3
4,35948,9959,-594,32,32,0,3
4,35949,9960,-415,33,33,0,3
4,35953,9961,107,36,36,0,3
4,35954,9962,512,41,41,0,3
4,35955,9963,598,48,48,0,3
4,35956,9964,231,57,57,0,3
4,35958,9965,-307,67,67,0,3
4,35959,9966,-626,74,74,0,3
4,35960,9967,-491,75,75,0,3
4,35961,9968,20,70,70,0,3
4,35962,9969,532,59,59,0,3
4,35966,9970,626,44,44,0,3
4,35967,9971,266,32,32,0,3
4,35968,9972,-313,28,28,0,3
4,35969,9973,-618,33,33,0,3
4,35970,9974,-491,47,47,0,3
4,35972,9975,-66,63,63,0,1
4,35973,9976,456,76,76,0,2
4,35974,9977,614,80,80,0,3
4,35975,9978,354,73,73,0,3
4,35979,9979,-148,59,59,0,3
4,35980,9980,-532,44,44,0,3
4,35981,9981,-516,37,37,0,3
4,35982,9982,-210,43,43,0,3
4,35983,9983,287,66,66,0,3
4,35984,9984,503,104,104,0,3
4,35986,9985,348,152,152,0,3
4,35987,9986,-184,201,201,0,3
4,35988,9987,-757,244,244,0,3
4,35992,9988,-974,278,278,0,3
4,35993,9989,-758,303,303,0,3
4,35994,9990,-425,323,323,0,3
4,35995,9991,-201,344,344,0,3
4,35996,9992,-308,370,370,0,3
4,35997,9993,-487,404,404,0,3
4,35998,9994,-641,441,441,0,1
4,36000,9995,-348,473,473,0,2
4,36001,9996,547,493,493,0,3
4,36005,9997,1909,495,495,0,3
4,36006,9998,3481,480,480,0,3
4,36007,9999,4591,454,454,0,3
4,36008,10000,5105,428,428,0,3
4,36009,10001,4936,411,411,0,3
4,36010,10002,4269,409,409,0,3
4,36011,10003,3236,422,422,0,3
4,36012,10004,2130,442,442,0,3
4,36014,10005,1208,460,460,0,3
4,36018,10006,462,466,466,0,3
4,36019,10007,-225,455,455,0,3
4,36020,10008,-845,428,428,0,3
4,36021,10009,-1028,394,394,0,3
4,36022,10010,-798,364,364,0,3
4,36023,10011,-311,348,348,0,3
4,36024,10012,190,350,350,0,3
4,36025,10013,389,370,370,0,1
4,36026,10014,190,398,398,0,2
4,36031,10015,-291,422,422,0,3
4,36032,10016,-675,427,427,0,3
4,36033,10017,-721,403,403,0,3
4,36034,10018,-353,347,347,0,3
4,36035,10019,123,264,264,0,3
4,36036,10020,400,167,167,0,3
4,36037,10021,307,75,75,0,3
4,36038,10022,-184,1,1,0,3
4,36039,10023,-614,-44,-44,0,3
4,36040,10024,-769,-61,-61,0,3
4,36044,10025,-512,-58,-58,0,3
4,36045,10026,-36,-49,-49,0,3
4,36046,10027,352,-44,-44,0,3
4,36047,10028,307,-49,-49,0,3
4,36049,10029,-78,-62,-62,0,3
4,36050,10030,-600,-77,-77,0,3
4,36051,10031,-901,-84,-84,0,3
4,36052,10032,-743,-81,-81,0,1
4,36053,10033,-241,-68,-68,0,2
4,36057,10034,266,-54,-54,0,3
4,36058,10035,352,-46,-46,0,3
4,36059,10036,-36,-52,-52,0,3
4,36060,10037,-553,-69,-69,0,3
4,36061,10038,-871,-92,-92,0,3
4,36063,10039,-716,-106,-106,0,3
4,36064,10040,-266,-104,-104,0,3
4,36065,10041,266,-81,-81,0,3
4,36066,10042,380,-47,-47,0,3
4,36070,10043,0,-15,-15,0,3
4,36071,10044,-538,-5,-5,0,3
4,36072,10045,-885,-28,-28,0,3
4,36073,10046,-757,-84,-84,0,3
4,36074,10047,-332,-160,-160,0,3
4,36075,10048,190,-235,-235,0,3
4,36077,10049,410,-294,-294,0,3
4,36078,10050,149,-333,-333,0,3
4,36079,10051,-393,-368,-368,0,1
4,36083,10052,-839,-426,-426,0,2
4,36084,10053,-844,-527,-527,0,3
4,36085,10054,-456,-669,-669,0,3
4,36086,10055,61,-810,-810,0,3
4,36087,10056,339,-866,-866,0,3
4,36088,10057,204,-732,-732,0,3
4,36089,10058,-266,-315,-315,0,3
4,36091,10059,-716,423,423,0,3
4,36092,10060,-871,1439,1439,0,3
4,36096,10061,-573,2599,2599,0,3
4,36097,10062,-56,3699,3699,0,3
4,36098,10063,332,4518,4518,0,3
4,36099,10064,307,4874,4874,0,3
4,36100,10065,-119,4679,4679,0,3
4,36101,10066,-620,3968,3968,0,3
4,36102,10067,-860,2892,2892,0,3
4,36103,10068,-682,1676,1676,0,3
4,36105,10069,-160,557,557,0,3
4,36109,10070,286,-281,-281,0,1
4,36110,10071,352,-745,-745,0,2
4,36111,10072,-36,-851,-851,0,3
4,36112,10073,-553,-699,-699,0,3
4,36113,10074,-892,-434,-434,0,3
4,36114,10075,-716,-188,-188,0,3
4,36115,10076,-246,-49,-49,0,3
4,36116,10077,266,-39,-39,0,3
4,36117,10078,421,-122,-122,0,3
4,36122,10079,41,-236,-236,0,3
4,36123,10080,-517,-318,-318,0,3
4,36124,10081,-905,-336,-336,0,3
4,36125,10082,-778,-290,-290,0,3
4,36126,10083,-332,-212,-212,0,3
4,36127,10084,108,-141,-141,0,3
4,36128,10085,287,-109,-109,0,3
4,36129,10086,26,-125,-125,0,3
4,36130,10087,-475,-175,-175,0,3
4,36131,10088,-880,-232,-232,0,3
4,36135,10089,-926,-273,-273,0,1
4,36136,10090,-558,-285,-285,0,2
4,36137,10091,-123,-270,-270,0,3
4,36138,10092,134,-244,-244,0,3
4,36140,10093,-62,-226,-226,0,3
4,36141,10094,-492,-228,-228,0,3
4,36142,10095,-942,-250,-250,0,3
4,36143,10096,-1097,-280,-280,0,3
4,36144,10097,-819,-306,-306,0,3
4,36148,10098,-322,-313,-313,0,3
4,36149,10099,65,-297,-297,0,3
4,36150,10100,61,-266,-266,0,3
4,36151,10101,-282,-230,-230,0,3
4,36152,10102,-825,-205,-205,0,3
4,36154,10103,-1024,-199,-199,0,3
4,36155,10104,-845,-212,-212,0,3
4,36156,10105,-282,-237,-237,0,3
4,36157,10106,163,-262,-262,0,3
4,36161,10107,270,-275,-275,0,3
4,36162,10108,-77,-270,-270,0,1
4,36163,10109,-594,-250,-250,0,2
4,36164,10110,-851,-224,-224,0,3
4,36165,10111,-696,-201,-201,0,3
4,36166,10112,-123,-190,-190,0,3
4,36168,10113,368,-193,-193,0,3
4,36169,10114,544,-208,-208,0,3
4,36170,10115,246,-226,-226,0,3
4,36174,10116,-272,-239,-239,0,3
4,36175,10117,-577,-244,-244,0,3
4,36176,10118,-471,-239,-239,0,3
4,36177,10119,-4,-229,-229,0,3
4,36178,10120,518,-219,-219,0,3
4,36179,10121,676,-212,-212,0,3
4,36180,10122,477,-211,-211,0,3
4,36182,10123,-4,-213,-213,0,3
4,36183,10124,-409,-214,-214,0,3
4,36187,10125,-434,-213,-213,0,3
4,36188,10126,-46,-208,-208,0,3
4,36189,10127,430,-200,-200,0,1
4,36190,10128,707,-193,-193,0,2
4,36191,10129,614,-188,-188,0,3
4,36192,10130,164,-186,-186,0,3
4,36193,10131,-266,-189,-189,0,3
4,36194,10132,-380,-193,-193,0,3
4,36196,10133,-164,-198,-198,0,3
4,36200,10134,333,-202,-202,0,3
4,36201,10135,721,-203,-203,0,3
4,36202,10136,696,-200,-200,0,3
4,36203,10137,332,-195,-195,0,3
4,36204,10138,-231,-188,-188,0,3
4,36205,10139,-451,-182,-182,0,3
4,36206,10140,-313,-180,-180,0,3
4,36207,10141,250,-182,-182,0,3
4,36208,10142,675,-189,-189,0,3
4,36213,10143,700,-199,-199,0,3
4,36214,10144,333,-212,-212,0,3
4,36215,10145,-246,-224,-224,0,3
4,36216,10146,-585,-236,-236,0,1
4,36217,10147,-430,-246,-246,0,2
4,36218,10148,123,-256,-256,0,3
4,36219,10149,614,-267,-267,0,3
4,36220,10150,707,-280,-280,0,3
4,36221,10151,410,-296,-296,0,3
4,36222,10152,-210,-316,-316,0,3
4,36226,10153,-536,-338,-338,0,3
4,36227,10154,-471,-362,-362,0,3
4,36228,10155,-86,-389,-389,0,3
4,36229,10156,395,-416,-416,0,3
4,36231,10157,655,-442,-442,0,3
4,36232,10158,354,-462,-462,0,3
4,36233,10159,-66,-473,-473,0,3
4,36234,10160,-512,-473,-473,0,3
4,36235,10161,-536,-465,-465,0,3
4,36239,10162,-169,-450,-450,0,3
4,36240,10163,348,-432,-432,0,3
4,36241,10164,585,-415,-415,0,3
4,36242,10165,491,-400,-400,0,1
4,36243,10166,0,-387,-387,0,2
4,36245,10167,-430,-375,-375,0,3
4,36246,10168,-605,-360,-360,0,3
4,36247,10169,-328,-342,-342,0,3
4,36248,10170,149,-319,-319,0,3
4,36252,10171,557,-290,-290,0,3
4,36253,10172,471,-257,-257,0,3
4,36254,10173,86,-221,-221,0,3
4,36255,10174,-477,-183,-183,0,3
4,36256,10175,-696,-145,-145,0,3
4,36257,10176,-538,-109,-109,0,3
4,36258,10177,4,-75,-75,0,3
4,36259,10178,471,-43,-43,0,3
4,36260,10179,536,-11,-11,0,3
4,36261,10180,149,19,19,0,3
4,36265,10181,-369,49,49,0,3
4,36266,10182,-707,76,76,0,3
4,36267,10183,-532,99,99,0,3
4,36268,10184,-61,115,115,0,1
4,36269,10185,471,124,124,0,2
4,36270,10186,564,127,127,0,3
4,36271,10187,246,127,127,0,3
4,36272,10188,-292,128,128,0,3
4,36273,10189,-639,132,132,0,3
4,36274,10190,-553,141,141,0,3
4,36278,10191,-107,153,153,0,3
4,36279,10192,395,164,164,0,3
4,36280,10193,594,173,173,0,3
4,36281,10194,313,177,177,0,3
4,36282,10195,-189,177,177,0,3
4,36283,10196,-594,175,175,0,3
4,36284,10197,-557,172,172,0,3
4,36285,10198,-231,169,169,0,3
4,36286,10199,266,167,167,0,3
4,36287,10200,503,166,166,0,3
4,36291,10201,409,166,166,0,3
4,36292,10202,0,164,164,0,3
4,36293,10203,-491,158,158,0,1
4,36294,10204,-626,147,147,0,2
4,36295,10205,-389,130,130,0,3
4,36296,10206,128,111,111,0,3
4,36297,10207,536,92,92,0,3
4,36298,10208,532,78,78,0,3
4,36299,10209,107,72,72,0,3
4,36300,10210,-354,74,74,0,3
4,36304,10211,-614,82,82,0,3
4,36305,10212,-415,90,90,0,3
4,36306,10213,148,94,94,0,3
4,36307,10214,594,90,90,0,3
4,36308,10215,680,77,77,0,3
4,36309,10216,353,57,57,0,3
4,36310,10217,-143,36,36,0,3
4,36311,10218,-482,17,17,0,3
4,36312,10219,-307,6,6,0,3
4,36313,10220,246,2,2,0,3
4,36317,10221,716,5,5,0,3
4,36318,10222,871,12,12,0,1
4,36319,10223,532,20,20,0,2
4,36320,10224,56,26,26,0,3
4,36321,10225,-270,29,29,0,3
4,36322,10226,-163,27,27,0,3
4,36323,10227,262,22,22,0,3
4,36324,10228,825,14,14,0,3
4,36325,10229,1004,6,6,0,3
4,36326,10230,764,-2,-2,0,3
4,36330,10231,241,-8,-8,0,3
4,36331,10232,-143,-13,-13,0,3
4,36332,10233,-229,-20,-20,0,3
4,36333,10234,159,-30,-30,0,3
4,36334,10235,614,-45,-45,0,3
4,36335,10236,871,-62,-62,0,3
4,36336,10237,737,-79,-79,0,3
4,36337,10238,307,-92,-92,0,3
4,36338,10239,-122,-99,-99,1,3
4,36460,10240,-277,-98,-98,0,3
4,36461,10241,-61,-92,-92,0,1
4,36462,10242,497,-83,-83,0,2
4,36463,10243,885,-74,-74,0,3
4,36464,10244,962,-67,-67,0,3
4,36465,10245,598,-64,-64,0,3
4,36466,10246,-26,-63,-63,0,3
4,36467,10247,-369,-64,-64,0,3
4,36469,10248,-313,-64,-64,0,3
4,36473,10249,189,-62,-62,0,3
4,36474,10250,573,-59,-59,0,3
4,36475,10251,577,-53,-53,0,3
4,36476,10252,128,-47,-47,0,3
4,36477,10253,-430,-41,-41,0,3
4,36478,10254,-789,-38,-38,0,3
4,36479,10255,-634,-38,-38,0,3
4,36480,10256,-102,-41,-41,0,3
4,36481,10257,368,-46,-46,0,3
4,36486,10258,503,-52,-52,0,3
4,36487,10259,123,-57,-57,0,3
4,36488,10260,-415,-57,-57,0,1
4,36489,10261,-762,-55,-55,0,2
4,36490,10262,-655,-52,-52,0,3
4,36491,10263,-271,-49,-49,0,3
4,36492,10264,252,-50,-50,0,3
4,36493,10265,389,-54,-54,0,3
4,36494,10266,170,-59,-59,0,3
4,36495,10267,-291,-63,-63,0,3
4,36499,10268,-675,-63,-63,0,3
4,36500,10269,-700,-58,-58,0,3
4,36501,10270,-333,-50,-50,0,3
4,36502,10271,123,-41,-41,0,3
4,36504,10272,380,-32,-32,0,3
4,36505,10273,245,-23,-23,0,3
4,36506,10274,-164,-14,-14,0,3
4,36507,10275,-655,-2,-2,0,3
4,36508,10276,-892,14,14,0,3
4,36512,10277,-799,36,36,0,3
4,36513,10278,-466,61,61,0,3
4,36514,10279,-201,89,89,0,1
4,36515,10280,-328,116,116,0,2
4,36516,10281,-856,141,141,0,3
4,36518,10282,-1562,162,162,0,3
4,36519,10283,-1761,180,180,0,3
4,36520,10284,-1255,197,197,0,3
4,36521,10285,-221,214,214,0,3
4,36525,10286,634,235,235,0,3
4,36526,10287,1028,259,259,0,3
4,36527,10288,1070,286,286,0,3
4,36528,10289,1106,314,314,0,3
4,36529,10290,1525,340,340,0,3
4,36530,10291,2683,360,360,0,3
4,36532,10292,4198,370,370,0,3
4,36533,10293,5447,370,370,0,3
4,36534,10294,5991,361,361,0,3
4,36538,10295,5509,347,347,0,3
4,36539,10296,3906,330,330,0,3
4,36540,10297,1778,313,313,0,3
4,36541,10298,144,298,298,0,1
4,36542,10299,-455,283,283,0,2
4,36543,10300,-342,271,271,0,3
4,36544,10301,0,260,260,0,3
4,36546,10302,-117,255,255,0,3
4,36547,10303,-414,259,259,0,3
4,36551,10304,-880,273,273,0,3
4,36552,10305,-905,295,295,0,3
4,36553,10306,-538,322,322,0,3
4,36554,10307,-20,343,343,0,3
4,36555,10308,236,349,349,0,3
4,36556,10309,82,332,332,0,3
4,36557,10310,-389,287,287,0,3
4,36558,10311,-839,214,214,0,3
4,36560,10312,-994,122,122,0,3
4,36564,10313,-717,23,23,0,3
4,36565,10314,-240,-66,-66,0,3
4,36566,10315,147,-131,-131,0,3
4,36567,10316,163,-165,-165,0,3
4,36568,10317,-221,-170,-170,0,1
4,36569,10318,-764,-156,-156,0,2
4,36570,10319,-963,-139,-139,0,3
4,36571,10320,-805,-134,-134,0,3
4,36572,10321,-303,-149,-149,0,3
4,36577,10322,204,-181,-181,0,3
4,36578,10323,229,-219,-219,0,3
4,36579,10324,-138,-246,-246,0,3
4,36580,10325,-676,-250,-250,0,3
4,36581,10326,-994,-230,-230,0,3
4,36582,10327,-839,-197,-197,0,3
4,36583,10328,-389,-167,-167,0,3
4,36584,10329,163,-160,-160,0,3
4,36585,10330,216,-181,-181,0,3
4,36586,10331,-61,-224,-224,0,3
4,36590,10332,-599,-269,-269,0,3
4,36591,10333,-966,-290,-290,0,3
4,36592,10334,-880,-275,-275,0,3
4,36593,10335,-434,-225,-225,0,3
4,36595,10336,88,-164,-164,0,1
4,36596,10337,307,-131,-131,0,2
4,36597,10338,26,-161,-161,0,3
4,36598,10339,-455,-273,-273,0,3
4,36599,10340,-819,-457,-457,0,3
4,36603,10341,-905,-678,-678,0,3
4,36604,10342,-579,-882,-882,0,3
4,36605,10343,-61,-1022,-1022,0,3
4,36606,10344,216,-1069,-1069,0,3
4,36607,10345,61,-1024,-1024,0,3
4,36609,10346,-328,-915,-915,0,3
4,36610,10347,-778,-773,-773,0,3
4,36611,10348,-953,-612,-612,0,3
4,36612,10349,-696,-413,-413,0,3
4,36616,10350,-199,-119,-119,0,3
4,36617,10351,188,342,342,0,3
4,36618,10352,204,1021,1021,0,3
4,36619,10353,-241,1914,1914,0,3
4,36620,10354,-723,2937,2937,0,3
4,36621,10355,-983,3932,3932,0,1
4,36623,10356,-825,4698,4698,0,2
4,36624,10357,-262,5051,5051,0,3
4,36625,10358,143,4880,4880,0,3
4,36629,10359,250,4188,4188,0,3
4,36630,10360,-118,3099,3099,0,3
4,36631,10361,-676,1831,1831,0,3
4,36632,10362,-1076,629,629,0,3
4,36633,10363,-860,-300,-300,0,3
4,36634,10364,-369,-838,-838,0,3
4,36635,10365,102,-984,-984,0,3
4,36637,10366,277,-836,-836,0,3
4,36638,10367,-20,-547,-547,0,3
4,36642,10368,-599,-270,-270,0,3
4,36643,10369,-905,-112,-112,0,3
4,36644,10370,-860,-109,-109,0,3
4,36645,10371,-414,-226,-226,0,3
4,36646,10372,67,-392,-392,0,3
4,36647,10373,266,-529,-529,0,3
4,36648,10374,6,-586,-586,0,1
4,36649,10375,-475,-554,-554,0,2
4,36651,10376,-860,-464,-464,0,3
4,36655,10377,-885,-363,-363,0,3
4,36656,10378,-579,-297,-297,0,3
4,36657,10379,-41,-287,-287,0,3
4,36658,10380,216,-326,-326,0,3
4,36659,10381,102,-387,-387,0,3
4,36660,10382,-348,-437,-437,0,3
4,36661,10383,-819,-452,-452,0,3
4,36662,10384,-994,-427,-427,0,3
4,36663,10385,-758,-378,-378,0,3
4,36668,10386,-240,-326,-326,0,3
4,36669,10387,86,-294,-294,0,3
4,36670,10388,102,-292,-292,0,3
4,36671,10389,-282,-316,-316,0,3
4,36672,10390,-784,-350,-350,0,3
4,36673,10391,-1044,-379,-379,0,3
4,36674,10392,-845,-389,-389,0,3
4,36675,10393,-344,-380,-380,0,1
4,36676,10394,143,-356,-356,0,2
4,36677,10395,188,-328,-328,0,3
4,36681,10396,-199,-307,-307,0,3
4,36682,10397,-676,-296,-296,0,3
4,36683,10398,-994,-294,-294,0,3
4,36684,10399,-819,-297,-297,0,3
4,36686,10400,-307,-299,-299,0,3
4,36687,10401,266,-298,-298,0,3
4,36688,10402,359,-295,-295,0,3
4,36689,10403,61,-291,-291,0,3
4,36690,10404,-476,-289,-289,0,3
4,36694,10405,-782,-292,-292,0,3
4,36695,10406,-655,-299,-299,0,3
4,36696,10407,-148,-308,-308,0,3
4,36697,10408,354,-315,-315,0,3
4,36698,10409,553,-318,-318,0,3
4,36700,10410,313,-317,-317,0,3
4,36701,10411,-107,-311,-311,0,3
4,36702,10412,-491,-305,-305,0,1
4,36703,10413,-536,-300,-300,0,2
4,36707,10414,-108,-299,-299,0,3
4,36708,10415,389,-301,-301,0,3
4,36709,10416,626,-306,-306,0,3
4,36710,10417,491,-309,-309,0,3
4,36711,10418,82,-310,-310,0,3
4,36712,10419,-348,-307,-307,0,3
4,36714,10420,-544,-303,-303,0,3
4,36715,10421,-266,-300,-300,0,3
4,36716,10422,272,-299,-299,0,3
4,36720,10423,639,-303,-303,0,3
4,36721,10424,655,-309,-309,0,3
4,36722,10425,291,-315,-315,0,3
4,36723,10426,-252,-318,-318,0,3
4,36724,10427,-532,-316,-316,0,3
4,36725,10428,-313,-308,-308,0,3
4,36726,10429,189,-297,-297,0,3
4,36728,10430,614,-284,-284,0,3
4,36729,10431,680,-272,-272,0,1
4,36733,10432,272,-264,-264,0,2
4,36734,10433,-266,-260,-260,0,3
4,36735,10434,-646,-262,-262,0,3
4,36736,10435,-430,-268,-268,0,3
4,36737,10436,61,-276,-276,0,3
4,36738,10437,573,-285,-285,0,3
4,36739,10438,626,-292,-292,0,3
4,36740,10439,287,-295,-295,0,3
4,36742,10440,-210,-293,-293,0,3
4,36746,10441,-598,-288,-288,0,3
4,36747,10442,-532,-283,-283,0,3
4,36748,10443,-66,-282,-282,0,3
4,36749,10444,415,-289,-289,0,3
4,36750,10445,635,-304,-304,0,3
4,36751,10446,333,-324,-324,0,3
4,36752,10447,-168,-346,-346,0,3
4,36753,10448,-573,-364,-364,0,3
4,36754,10449,-557,-376,-376,0,3
4,36759,10450,-190,-382,-382,0,1
4,36760,10451,246,-383,-383,0,2
4,36761,10452,544,-380,-380,0,3
4,36762,10453,368,-376,-376,0,3
4,36763,10454,-20,-374,-374,0,3
4,36764,10455,-471,-373,-373,0,3
4,36765,10456,-626,-372,-372,0,3
4,36766,10457,-430,-371,-371,0,3
4,36767,10458,87,-367,-367,0,3
4,36768,10459,475,-359,-359,0,3
4,36772,10460,450,-345,-345,0,3
4,36773,10461,4,-327,-327,0,3
4,36774,10462,-518,-304,-304,0,3
4,36775,10463,-737,-279,-279,0,3
4,36777,10464,-579,-253,-253,0,3
4,36778,10465,-16,-228,-228,0,3
4,36779,10466,389,-204,-204,0,3
4,36780,10467,454,-179,-179,0,3
4,36781,10468,67,-153,-153,0,3
4,36785,10469,-512,-124,-124,0,1
4,36786,10470,-830,-93,-93,0,2
4,36787,10471,-696,-60,-60,0,3
4,36788,10472,-184,-29,-29,0,3
4,36789,10473,327,0,0,0,3
4,36791,10474,421,24,24,0,3
4,36792,10475,82,45,45,0,3
4,36793,10476,-456,62,62,0,3
4,36794,10477,-782,76,76,0,3
4,36798,10478,-778,86,86,0,3
4,36799,10479,-271,91,91,0,3
4,36800,10480,231,91,91,0,3
4,36801,10481,430,87,87,0,3
4,36802,10482,170,82,82,0,3
4,36803,10483,-352,80,80,0,3
4,36805,10484,-696,83,83,0,3
4,36806,10485,-721,93,93,0,3
4,36807,10486,-313,107,107,0,3
4,36811,10487,123,122,122,0,3
4,36812,10488,400,135,135,0,1
4,36813,10489,266,141,141,0,2
4,36814,10490,-184,140,140,0,3
4,36815,10491,-614,131,131,0,3
4,36816,10492,-789,117,117,0,3
4,36817,10493,-512,99,99,0,3
4,36819,10494,5,81,81,0,3
4,36820,10495,352,67,67,0,3
4,36824,10496,307,57,57,0,3
4,36825,10497,-78,53,53,0,3
4,36826,10498,-538,52,52,0,3
4,36827,10499,-799,52,52,0,3
4,36828,10500,-600,49,49,0,3
4,36829,10501,-98,44,44,0,3
4,36830,10502,368,37,37,0,3
4,36831,10503,434,28,28,0,3
4,36833,10504,67,20,20,0,3
4,36837,10505,-451,15,15,0,3
4,36838,10506,-789,12,12,0,3
4,36839,10507,-594,11,11,0,1
4,36840,10508,-41,10,10,0,2
4,36841,10509,450,6,6,0,3
4,36842,10510,626,-1,-1,0,3
4,36843,10511,328,-9,-9,0,3
4,36844,10512,-190,-17,-17,0,3
4,36845,10513,-536,-22,-22,0,3
4,36850,10514,-450,-23,-23,0,3
4,36851,10515,16,-23,-23,0,3
4,36852,10516,538,-23,-23,0,3
4,36853,10517,696,-25,-25,0,3
4,36854,10518,456,-31,-31,0,3
4,36855,10519,-45,-41,-41,0,3
4,36856,10520,-389,-52,-52,0,3
4,36857,10521,-332,-66,-66,0,3
4,36858,10522,15,-78,-78,0,3
4,36859,10523,532,-90,-90,0,3
4,36863,10524,769,-99,-99,0,3
4,36864,10525,716,-105,-105,0,3
4,36865,10526,184,-109,-109,0,1
4,36866,10527,-204,-112,-112,0,2
4,36868,10528,-380,-116,-116,0,3
4,36869,10529,-143,-122,-122,0,3
4,36870,10530,333,-132,-132,0,3
4,36871,10531,741,-144,-144,0,3
4,36872,10532,778,-157,-157,0,3
4,36876,10533,373,-168,-168,0,3
4,36877,10534,-190,-176,-176,0,3
4,36878,10535,-471,-180,-180,0,3
4,36879,10536,-231,-182,-182,0,3
4,36880,10537,352,-182,-182,0,3
4,36882,10538,860,-184,-184,0,3
4,36883,10539,844,-186,-186,0,3
4,36884,10540,333,-189,-189,0,3
4,36885,10541,-328,-191,-191,0,3
4,36889,10542,-707,-191,-191,0,3
4,36890,10543,-594,-188,-188,0,3
4,36891,10544,-143,-182,-182,0,3
4,36892,10545,327,-175,-175,0,1
4,36893,10546,400,-168,-168,0,2
4,36894,10547,61,-161,-161,0,3
4,36896,10548,-538,-155,-155,0,3
4,36897,10549,-864,-150,-150,0,3
4,36898,10550,-778,-148,-148,0,3
4,36902,10551,-332,-149,-149,0,3
4,36903,10552,190,-153,-153,0,3
4,36904,10553,328,-160,-160,0,3
4,36905,10554,88,-168,-168,0,3
4,36906,10555,-393,-176,-176,0,3
4,36907,10556,-819,-182,-182,0,3
4,36908,10557,-823,-186,-186,0,3
4,36910,10558,-456,-187,-187,0,3
4,36911,10559,-20,-186,-186,0,3
4,36915,10560,257,-184,-184,0,3
4,36916,10561,184,-180,-180,0,3
4,36917,10562,-287,-174,-174,0,3
4,36918,10563,-737,-168,-168,0,3
4,36919,10564,-892,-163,-163,0,1
4,36920,10565,-594,-159,-159,0,2
4,36921,10566,-138,-156,-156,0,3
4,36922,10567,250,-153,-153,0,3
4,36924,10568,143,-146,-146,0,3
4,36928,10569,-180,-132,-132,0,3
4,36929,10570,-723,-110,-110,0,3
4,36930,10571,-1004,-80,-80,0,3
4,36931,10572,-886,-44,-44,0,3
4,36932,10573,-508,-7,-7,0,3
4,36933,10574,-226,28,28,0,3
4,36934,10575,-262,55,55,0,3
4,36935,10576,-691,74,74,0,3
4,36936,10577,-1434,85,85,0,3
4,36941,10578,-1854,91,91,0,3
4,36942,10579,-1577,95,95,0,3
4,36943,10580,-614,101,101,0,3
4,36944,10581,491,111,111,0,3
4,36945,10582,1260,126,126,0,3
4,36946,10583,1679,145,145,0,1
4,36947,10584,2247,168,168,0,2
4,36948,10585,3109,192,192,0,3
4,36949,10586,4035,213,213,0,3
4,36950,10587,4829,228,228,0,3
4,36954,10588,5126,234,234,0,3
4,36955,10589,4342,231,231,0,3
4,36956,10590,2361,222,222,0,3
4,36957,10591,201,209,209,0,3
4,36959,10592,-1187,196,196,0,3
4,36960,10593,-1499,186,186,0,3
4,36961,10594,-1029,181,181,0,3
4,36962,10595,-348,182,182,0,3
4,36963,10596,32,190,190,0,3
4,36967,10597,20,204,204,0,3
4,36968,10598,-471,222,222,0,3
4,36969,10599,-921,238,238,0,3
4,36970,10600,-1015,246,246,0,3
4,36971,10601,-799,239,239,0,3
4,36973,10602,-302,212,212,0,1
4,36974,10603,65,162,162,0,2
4,36975,10604,82,92,92,0,3
4,36976,10605,-323,10,10,0,3
4,36980,10606,-866,-73,-73,0,3
4,36981,10607,-1106,-146,-146,0,3
4,36982,10608,-927,-201,-201,0,3
4,36983,10609,-405,-233,-233,0,3
4,36984,10610,61,-245,-245,0,3
4,36985,10611,127,-244,-244,0,3
4,36987,10612,-261,-240,-240,0,3
4,36988,10613,-840,-241,-241,0,3
4,36989,10614,-1158,-250,-250,0,3
4,36993,10615,-1024,-267,-267,0,3
4,36994,10616,-553,-284,-284,0,3
4,36995,10617,-21,-295,-295,0,3
4,36996,10618,73,-294,-294,0,3
4,36997,10619,-205,-283,-283,0,3
4,36998,10620,-763,-269,-269,0,3
4,36999,10621,-1110,-259,-259,0,1
4,37001,10622,-1044,-263,-263,0,2
4,37002,10623,-598,-284,-284,0,3
4,37006,10624,-76,-314,-314,0,3
4,37007,10625,102,-342,-342,0,3
4,37008,10626,-138,-354,-354,0,3
4,37009,10627,-619,-342,-342,0,3
4,37010,10628,-1024,-311,-311,0,3
4,37011,10629,-1048,-275,-275,0,3
4,37012,10630,-722,-255,-255,0,3
4,37013,10631,-205,-268,-268,0,3
4,37015,10632,-9,-316,-316,0,3
4,37019,10633,-82,-391,-391,0,3
4,37020,10634,-532,-472,-472,0,3
4,37021,10635,-983,-541,-541,0,3
4,37022,10636,-1076,-594,-594,0,3
4,37023,10637,-778,-642,-642,0,3
4,37024,10638,-343,-710,-710,0,3
4,37025,10639,106,-818,-818,0,3
4,37026,10640,61,-966,-966,0,1
4,37027,10641,-364,-1112,-1112,0,2
4,37032,10642,-845,-1175,-1175,0,3
4,37033,10643,-1167,-1051,-1051,0,3
4,37034,10644,-948,-646,-646,0,3
4,37035,10645,-446,85,85,0,3
4,37036,10646,0,1105,1105,0,3
4,37037,10647,127,2283,2283,0,3
4,37038,10648,-302,3418,3418,0,3
4,37039,10649,-860,4282,4282,0,3
4,37040,10650,-1199,4681,4681,0,3
4,37041,10651,-1024,4518,4518,0,3
4,37045,10652,-532,3817,3817,0,3
4,37046,10653,-62,2727,2727,0,3
4,37047,10654,114,1479,1479,0,3
4,37048,10655,-225,322,322,0,3
4,37050,10656,-784,-544,-544,0,3
4,37051,10657,-1130,-1018,-1018,0,3
4,37052,10658,-1065,-1111,-1111,0,3
4,37053,10659,-578,-932,-932,0,1
4,37054,10660,-97,-633,-633,0,2
4,37058,10661,82,-363,-363,0,3
4,37059,10662,-179,-216,-216,0,3
4,37060,10663,-598,-216,-216,0,3
4,37061,10664,-1044,-324,-324,0,3
4,37062,10665,-1048,-469,-469,0,3
4,37064,10666,-702,-580,-580,0,3
4,37065,10667,-184,-615,-615,0,3
4,37066,10668,114,-572,-572,0,3
4,37067,10669,20,-483,-483,0,3
4,37071,10670,-430,-394,-394,0,3
4,37072,10671,-880,-343,-343,0,3
4,37073,10672,-1076,-348,-348,0,3
4,37074,10673,-778,-399,-399,0,3
4,37075,10674,-281,-469,-469,0,3
4,37076,10675,45,-526,-526,0,3
4,37078,10676,41,-550,-550,0,3
4,37079,10677,-344,-536,-536,0,3
4,37080,10678,-886,-498,-498,0,1
4,37084,10679,-1167,-456,-456,0,2
4,37085,10680,-989,-430,-430,0,3
4,37086,10681,-487,-430,-430,0,3
4,37087,10682,20,-451,-451,0,3
4,37088,10683,65,-479,-479,0,3
4,37089,10684,-302,-500,-500,0,3
4,37090,10685,-860,-501,-501,0,3
4,37092,10686,-1199,-481,-481,0,3
4,37093,10687,-1065,-448,-448,0,3
4,37097,10688,-532,-416,-416,0,3
4,37098,10689,-41,-396,-396,0,3
4,37099,10690,32,-395,-395,0,3
4,37100,10691,-225,-411,-411,0,3
4,37101,10692,-784,-436,-436,0,3
4,37102,10693,-1069,-459,-459,0,3
4,37103,10694,-983,-474,-474,0,3
4,37104,10695,-455,-477,-477,0,3
4,37106,10696,26,-469,-469,0,3
4,37110,10697,246,-455,-455,0,1
4,37111,10698,26,-438,-438,0,2
4,37112,10699,-373,-422,-422,0,3
4,37113,10700,-716,-409,-409,0,3
4,37114,10701,-680,-400,-400,0,3
4,37115,10702,-313,-395,-395,0,3
4,37116,10703,164,-394,-394,0,3
4,37117,10704,482,-399,-399,0,3
4,37118,10705,368,-407,-407,0,3
4,37123,10706,-61,-415,-415,0,3
4,37124,10707,-512,-424,-424,0,3
4,37125,10708,-667,-430,-430,0,3
4,37126,10709,-410,-434,-434,0,3
4,37127,10710,87,-437,-437,0,3
4,37128,10711,454,-439,-439,0,3
4,37129,10712,430,-441,-441,0,3
4,37130,10713,66,-443,-443,0,3
4,37131,10714,-436,-445,-445,0,3
4,37132,10715,-737,-445,-445,0,3
4,37136,10716,-497,-444,-444,0,1
4,37137,10717,4,-442,-442,0,2
4,37138,10718,430,-438,-438,0,3
4,37139,10719,516,-433,-433,0,3
4,37141,10720,149,-428,-428,0,3
4,37142,10721,-389,-424,-424,0,3
4,37143,10722,-728,-421,-421,0,3
4,37144,10723,-512,-420,-420,0,3
4,37145,10724,-82,-421,-421,0,3
4,37149,10725,450,-422,-422,0,3
4,37150,10726,564,-422,-422,0,3
4,37151,10727,246,-419,-419,0,3
4,37152,10728,-333,-411,-411,0,3
4,37153,10729,-659,-400,-400,0,3
4,37155,10730,-553,-387,-387,0,3
4,37156,10731,-127,-374,-374,0,3
4,37157,10732,354,-364,-364,0,3
4,37158,10733,553,-360,-360,0,3
4,37162,10734,252,-359,-359,0,3
4,37163,10735,-230,-363,-363,0,1
4,37164,10736,-655,-369,-369,0,2
4,37165,10737,-659,-378,-378,0,3
4,37166,10738,-333,-390,-390,0,3
4,37167,10739,123,-405,-405,0,3
4,37169,10740,380,-421,-421,0,3
4,37170,10741,245,-437,-437,0,3
4,37171,10742,-205,-449,-449,0,3
4,37175,10743,-614,-457,-457,0,3
4,37176,10744,-748,-461,-461,0,3
4,37177,10745,-512,-462,-462,0,3
4,37178,10746,-36,-463,-463,0,3
4,37179,10747,373,-464,-464,0,3
4,37180,10748,307,-468,-468,0,3
4,37181,10749,-57,-474,-474,0,3
4,37183,10750,-641,-481,-481,0,3
4,37184,10751,-881,-486,-486,0,3
4,37188,10752,-682,-488,-488,0,3
4,37189,10753,-180,-485,-485,0,3
4,37190,10754,266,-475,-475,0,1
4,37191,10755,373,-458,-458,0,2
4,37192,10756,5,-435,-435,0,3
4,37193,10757,-512,-406,-406,0,3
4,37194,10758,-871,-373,-373,0,3
4,37195,10759,-737,-336,-336,0,3
4,37197,10760,-205,-296,-296,0,3
4,37201,10761,266,-255,-255,0,3
4,37202,10762,359,-213,-213,0,3
4,37203,10763,61,-170,-170,0,3
4,37204,10764,-558,-128,-128,0,3
4,37205,10765,-946,-89,-89,0,3
4,37206,10766,-839,-57,-57,0,3
4,37207,10767,-393,-34,-34,0,3
4,37208,10768,108,-22,-22,0,3
4,37209,10769,287,-21,-21,0,3
4,37214,10770,26,-26,-26,0,3
4,37215,10771,-455,-33,-33,0,3
4,37216,10772,-860,-40,-40,0,3
4,37217,10773,-823,-42,-42,0,1
4,37218,10774,-456,-42,-42,0,2
4,37219,10775,20,-40,-40,0,3
4,37220,10776,257,-39,-39,0,3
4,37221,10777,122,-38,-38,0,3
4,37222,10778,-307,-40,-40,0,3
4,37223,10779,-737,-42,-42,0,3
4,37227,10780,-871,-44,-44,0,3
4,37228,10781,-655,-45,-45,0,3
4,37229,10782,-159,-44,-44,0,3
4,37230,10783,229,-42,-42,0,3
4,37232,10784,225,-38,-38,0,3
4,37233,10785,-160,-33,-33,0,3
4,37234,10786,-641,-27,-27,0,3
4,37235,10787,-901,-22,-22,0,3
4,37236,10788,-682,-19,-19,0,3
4,37240,10789,-180,-18,-18,0,3
4,37241,10790,286,-18,-18,0,3
4,37242,10791,393,-19,-19,0,3
4,37243,10792,-15,-19,-19,0,1
4,37244,10793,-553,-19,-19,0,2
4,37246,10794,-871,-18,-18,0,3
4,37247,10795,-737,-19,-19,0,3
4,37248,10796,-246,-23,-23,0,3
4,37249,10797,204,-32,-32,0,3
4,37253,10798,359,-48,-48,0,3
4,37254,10799,41,-68,-68,0,3
4,37255,10800,-538,-90,-90,0,3
4,37256,10801,-905,-110,-110,0,3
4,37257,10802,-798,-128,-128,0,3
4,37258,10803,-352,-141,-141,0,3
4,37260,10804,149,-149,-149,0,3
4,37261,10805,389,-153,-153,0,3
4,37262,10806,129,-153,-153,0,3
4,37266,10807,-271,-150,-150,0,3
4,37267,10808,-614,-148,-148,0,3
4,37268,10809,-598,-148,-148,0,3
4,37269,10810,-251,-153,-153,0,3
4,37270,10811,266,-164,-164,0,1
4,37271,10812,585,-180,-180,0,2
4,37272,10813,491,-197,-197,0,3
4,37274,10814,61,-212,-212,0,3
4,37275,10815,-348,-221,-221,0,3
4,37279,10816,-441,-222,-222,0,3
4,37280,10817,-143,-217,-217,0,3
4,37281,10818,333,-207,-207,0,3
4,37282,10819,721,-195,-195,0,3
4,37283,10820,716,-184,-184,0,3
4,37284,10821,291,-176,-176,0,3
4,37285,10822,-211,-174,-174,0,3
4,37286,10823,-471,-179,-179,0,3
4,37288,10824,-313,-190,-190,0,3
4,37292,10825,168,-205,-205,0,3
4,37293,10826,634,-224,-224,0,3
4,37294,10827,721,-244,-244,0,3
4,37295,10828,313,-261,-261,0,3
4,37296,10829,-287,-275,-275,0,3
4,37297,10830,-687,-283,-283,0,1
4,37298,10831,-471,-285,-285,0,2
4,37299,10832,61,-283,-283,0,3
4,37300,10833,696,-279,-279,0,3
4,37305,10834,871,-273,-273,0,3
4,37306,10835,492,-267,-267,0,3
4,37307,10836,-108,-261,-261,0,3
4,37308,10837,-598,-255,-255,0,3
4,37309,10838,-573,-251,-251,0,3
4,37310,10839,-168,-250,-250,0,3
4,37311,10840,293,-253,-253,0,3
4,37312,10841,430,-260,-260,0,3
4,37313,10842,108,-268,-268,0,3
4,37314,10843,-393,-277,-277,0,3
4,37318,10844,-819,-282,-282,0,3
4,37319,10845,-864,-284,-284,0,3
4,37320,10846,-517,-282,-282,0,3
4,37321,10847,-61,-276,-276,0,3
4,37323,10848,195,-266,-266,0,3
4,37324,10849,61,-254,-254,0,1
4,37325,10850,-410,-240,-240,0,2
4,37326,10851,-860,-226,-226,0,3
4,37327,10852,-974,-214,-214,0,3
4,37331,10853,-676,-206,-206,0,3
4,37332,10854,-220,-202,-202,0,3
4,37333,10855,127,-202,-202,0,3
4,37334,10856,82,-204,-204,0,3
4,37335,10857,-303,-207,-207,0,3
4,37337,10858,-866,-210,-210,0,3
4,37338,10859,-1106,-215,-215,0,3
4,37339,10860,-927,-221,-221,0,3
4,37340,10861,-385,-230,-230,0,3
4,37344,10862,102,-243,-243,0,3
4,37345,10863,147,-255,-255,0,3
4,37346,10864,-281,-264,-264,0,3
4,37347,10865,-819,-266,-266,0,3
4,37348,10866,-1158,-257,-257,0,3
4,37349,10867,-1024,-236,-236,0,3
4,37351,10868,-532,-207,-207,0,1
4,37352,10869,-62,-172,-172,0,2
4,37353,10870,-71,-136,-136,0,3
4,37357,10871,-492,-102,-102,0,3
4,37358,10872,-1193,-69,-69,0,3
4,37359,10873,-1601,-38,-38,0,3
4,37360,10874,-1597,-7,-7,0,3
4,37361,10875,-1315,25,25,0,3
4,37362,10876,-916,58,58,0,3
4,37363,10877,-594,91,91,0,3
4,37365,10878,-486,122,122,0,3
4,37366,10879,-455,149,149,0,3
4,37370,10880,-327,169,169,0,3
4,37371,10881,365,183,183,0,3
4,37372,10882,1776,191,191,0,3
4,37373,10883,3400,194,194,0,3
4,37374,10884,4537,194,194,0,3
4,37375,10885,4915,190,190,0,3
4,37376,10886,4403,183,183,0,3
4,37377,10887,3175,170,170,0,1
4,37379,10888,1627,150,150,0,2
4,37383,10889,369,123,123,0,3
4,37384,10890,-179,92,92,0,3
4,37385,10891,-365,65,65,0,3
4,37386,10892,-512,49,49,0,3
4,37387,10893,-815,51,51,0,3
4,37388,10894,-1153,72,72,0,3
4,37389,10895,-1331,108,108,0,3
4,37390,10896,-1112,148,148,0,3
4,37391,10897,-610,180,180,0,3
4,37396,10898,-144,190,190,0,3
4,37397,10899,-17,173,173,0,3
4,37398,10900,-425,127,127,0,3
4,37399,10901,-901,60,60,0,3
4,37400,10902,-1240,-17,-17,0,3
4,37401,10903,-1106,-94,-94,0,3
4,37402,10904,-532,-160,-160,0,3
4,37403,10905,-82,-209,-209,0,3
4,37404,10906,32,-242,-242,0,1
4,37405,10907,-225,-262,-262,0,2
4,37409,10908,-865,-274,-274,0,3
4,37410,10909,-1192,-286,-286,0,3
4,37411,10910,-1187,-302,-302,0,3
4,37412,10911,-701,-325,-325,0,3
4,37414,10912,-199,-353,-353,0,3
4,37415,10913,20,-379,-379,0,3
4,37416,10914,-240,-397,-397,0,3
4,37417,10915,-742,-402,-402,0,3
4,37418,10916,-1106,-393,-393,0,3
4,37422,10917,-1192,-378,-378,0,3
4,37423,10918,-845,-366,-366,0,3
4,37424,10919,-369,-368,-368,0,3
4,37425,10920,-91,-389,-389,0,3
4,37426,10921,-205,-425,-425,0,3
4,37428,10922,-717,-467,-467,0,3
4,37429,10923,-1126,-499,-499,0,3
4,37430,10924,-1281,-509,-509,0,3
4,37431,10925,-963,-493,-493,0,1
4,37435,10926,-486,-458,-458,0,2
4,37436,10927,-78,-419,-419,0,3
4,37437,10928,-123,-398,-398,0,3
4,37438,10929,-508,-410,-410,0,3
4,37439,10930,-1030,-460,-460,0,3
4,37440,10931,-1229,-539,-539,0,3
4,37442,10932,-1091,-629,-629,0,3
4,37443,10933,-590,-708,-708,0,3
4,37444,10934,-123,-768,-768,0,3
4,37448,10935,-37,-815,-815,0,3
4,37449,10936,-384,-867,-867,0,3
4,37450,10937,-983,-946,-946,0,3
4,37451,10938,-1301,-1058,-1058,0,3
4,37452,10939,-1146,-1178,-1178,0,3
4,37453,10940,-614,-1244,-1244,0,3
4,37454,10941,-82,-1164,-1164,0,3
4,37456,10942,32,-847,-847,0,3
4,37457,10943,-307,-238,-238,0,3
4,37461,10944,-865,654,654,0,1
4,37462,10945,-1233,1732,1732,0,2
4,37463,10946,-1167,2825,2825,0,3
4,37464,10947,-701,3725,3725,0,3
4,37465,10948,-179,4239,4239,0,3
4,37466,10949,0,4246,4246,0,3
4,37467,10950,-260,3736,3736,0,3
4,37468,10951,-701,2814,2814,0,3
4,37470,10952,-1167,1674,1674,0,3
4,37474,10953,-1192,543,543,0,3
4,37475,10954,-865,-376,-376,0,3
4,37476,10955,-287,-961,-961,0,3
4,37477,10956,11,-1188,-1188,0,3
4,37478,10957,-164,-1126,-1126,0,3
4,37479,10958,-676,-902,-902,0,3
4,37480,10959,-1044,-652,-652,0,3
4,37481,10960,-1158,-477,-477,0,3
4,37482,10961,-860,-422,-422,0,3
4,37487,10962,-384,-471,-471,0,3
4,37488,10963,24,-571,-571,0,1
4,37489,10964,0,-657,-657,0,2
4,37490,10965,-364,-685,-685,0,3
4,37491,10966,-927,-647,-647,0,3
4,37492,10967,-1167,-564,-564,0,3
4,37493,10968,-1009,-477,-477,0,3
4,37494,10969,-487,-424,-424,0,3
4,37495,10970,-41,-423,-423,0,3
4,37496,10971,4,-470,-470,0,3
4,37500,10972,-363,-538,-538,0,3
4,37501,10973,-901,-596,-596,0,3
4,37502,10974,-1240,-620,-620,0,3
4,37503,10975,-1065,-604,-604,0,3
4,37505,10976,-594,-561,-561,0,3
4,37506,10977,-164,-512,-512,0,3
4,37507,10978,-9,-480,-480,0,3
4,37508,10979,-369,-478,-478,0,3
4,37509,10980,-927,-505,-505,0,3
4,37513,10981,-1294,-548,-548,0,3
4,37514,10982,-1269,-590,-590,0,1
4,37515,10983,-762,-617,-617,0,2
4,37516,10984,-342,-624,-624,0,3
4,37517,10985,-123,-612,-612,0,3
4,37519,10986,-424,-590,-590,0,3
4,37520,10987,-885,-568,-568,0,3
4,37521,10988,-1269,-554,-554,0,3
4,37522,10989,-1335,-549,-549,0,3
4,37526,10990,-947,-551,-551,0,3
4,37527,10991,-451,-555,-555,0,3
4,37528,10992,-173,-557,-557,0,3
4,37529,10993,-328,-554,-554,0,3
4,37530,10994,-696,-548,-548,0,3
4,37531,10995,-1126,-541,-541,0,3
4,37533,10996,-1240,-536,-536,0,3
4,37534,10997,-881,-537,-537,0,3
4,37535,10998,-384,-541,-541,0,3
4,37539,10999,-17,-544,-544,0,3
4,37540,11000,20,-545,-545,0,3
4,37541,11001,-323,-539,-539,0,1
4,37542,11002,-845,-528,-528,0,2
4,37543,11003,-1024,-514,-514,0,3
4,37544,11004,-805,-500,-500,0,3
4,37545,11005,-282,-492,-492,0,3
4,37547,11006,225,-489,-489,0,3
4,37548,11007,291,-492,-492,0,3
4,37552,11008,-56,-498,-498,0,3
4,37553,11009,-594,-503,-503,0,3
4,37554,11010,-933,-505,-505,0,3
4,37555,11011,-798,-503,-503,0,3
4,37556,11012,-307,-498,-498,0,3
4,37557,11013,266,-493,-493,0,3
4,37558,11014,400,-489,-489,0,3
4,37559,11015,82,-488,-488,0,3
4,37561,11016,-456,-490,-490,0,3
4,37565,11017,-782,-493,-493,0,3
4,37566,11018,-696,-497,-497,0,3
4,37567,11019,-250,-500,-500,0,3
4,37568,11020,272,-499,-499,0,1
4,37569,11021,430,-495,-495,0,2
4,37570,11022,190,-485,-485,0,3
4,37571,11023,-291,-470,-470,0,3
4,37572,11024,-655,-451,-451,0,3
4,37573,11025,-741,-431,-431,0,3
4,37578,11026,-394,-415,-415,0,3
4,37579,11027,82,-405,-405,0,3
4,37580,11028,380,-404,-404,0,3
4,37581,11029,245,-412,-412,0,3
4,37582,11030,-205,-424,-424,0,3
4,37583,11031,-634,-439,-439,0,3
4,37584,11032,-810,-452,-452,0,3
4,37585,11033,-512,-462,-462,0,3
4,37586,11034,-56,-469,-469,0,3
4,37587,11035,352,-472,-472,0,3
4,37591,11036,389,-474,-474,0,3
4,37592,11037,-78,-475,-475,0,3
4,37593,11038,-559,-479,-479,0,3
4,37594,11039,-840,-487,-487,0,1
4,37596,11040,-641,-500,-500,0,2
4,37597,11041,-160,-518,-518,0,3
4,37598,11042,327,-540,-540,0,3
4,37599,11043,414,-563,-563,0,3
4,37600,11044,26,-584,-584,0,3
4,37604,11045,-553,-602,-602,0,3
4,37605,11046,-851,-614,-614,0,3
4,37606,11047,-696,-623,-623,0,3
4,37607,11048,-205,-630,-630,0,3
4,37608,11049,266,-637,-637,0,3
4,37610,11050,359,-645,-645,0,3
4,37611,11051,41,-655,-655,0,3
4,37612,11052,-538,-663,-663,0,3
4,37613,11053,-885,-668,-668,0,3
4,37617,11054,-819,-668,-668,0,3
4,37618,11055,-393,-660,-660,0,3
4,37619,11056,108,-645,-645,0,3
4,37620,11057,328,-622,-622,0,3
4,37621,11058,47,-594,-594,0,1
4,37622,11059,-475,-563,-563,0,2
4,37624,11060,-839,-529,-529,0,3
4,37625,11061,-844,-495,-495,0,3
4,37626,11062,-456,-463,-463,0,3
4,37630,11063,41,-433,-433,0,3
4,37631,11064,318,-404,-404,0,3
4,37632,11065,82,-374,-374,0,3
4,37633,11066,-369,-342,-342,0,3
4,37634,11067,-798,-309,-309,0,3
4,37635,11068,-892,-277,-277,0,3
4,37636,11069,-635,-250,-250,0,3
4,37638,11070,-118,-230,-230,0,3
4,37639,11071,250,-218,-218,0,3
4,37643,11072,245,-214,-214,0,3
4,37644,11073,-139,-212,-212,0,3
4,37645,11074,-620,-211,-211,0,3
4,37646,11075,-881,-205,-205,0,3
4,37647,11076,-764,-193,-193,0,3
4,37648,11077,-282,-176,-176,0,1
4,37649,11078,163,-156,-156,0,2
4,37650,11079,229,-136,-136,0,3
4,37652,11080,-97,-118,-118,0,3
4,37656,11081,-614,-104,-104,0,3
4,37657,11082,-974,-95,-95,0,3
4,37658,11083,-839,-90,-90,0,3
4,37659,11084,-348,-90,-90,0,3
4,37660,11085,184,-92,-92,0,3
4,37661,11086,339,-97,-97,0,3
4,37662,11087,-61,-103,-103,0,3
4,37663,11088,-620,-110,-110,0,3
4,37664,11089,-926,-118,-118,0,3
4,37669,11090,-860,-126,-126,0,3
4,37670,11091,-373,-134,-134,0,3
4,37671,11092,149,-143,-143,0,3
4,37672,11093,266,-151,-151,0,3
4,37673,11094,26,-154,-154,0,3
4,37674,11095,-414,-153,-153,0,3
4,37675,11096,-798,-148,-148,0,1
4,37676,11097,-782,-141,-141,0,2
4,37677,11098,-456,-134,-134,0,3
4,37678,11099,-20,-132,-132,0,3
4,37682,11100,257,-135,-135,0,3
4,37683,11101,163,-142,-142,0,3
4,37684,11102,-287,-150,-150,0,3
4,37685,11103,-757,-157,-157,0,3
4,37687,11104,-871,-160,-160,0,3
4,37688,11105,-594,-160,-160,0,3
4,37689,11106,-56,-157,-157,0,3
4,37690,11107,373,-154,-154,0,3
4,37691,11108,327,-153,-153,0,3
4,37695,11109,25,-155,-155,0,3
4,37696,11110,-415,-159,-159,0,3
4,37697,11111,-655,-167,-167,0,3
4,37698,11112,-559,-176,-176,0,3
4,37699,11113,-16,-188,-188,0,3
4,37701,11114,491,-200,-200,0,3
4,37702,11115,598,-214,-214,0,1
4,37703,11116,251,-227,-227,0,2
4,37704,11117,-307,-241,-241,0,3
4,37708,11118,-687,-252,-252,0,3
4,37709,11119,-512,-259,-259,0,3
4,37710,11120,20,-263,-263,0,3
4,37711,11121,594,-261,-261,0,3
4,37712,11122,748,-255,-255,0,3
4,37713,11123,451,-245,-245,0,3
4,37715,11124,-87,-236,-236,0,3
4,37716,11125,-414,-231,-231,0,3
4,37717,11126,-368,-232,-232,0,3
4,37721,11127,78,-242,-242,0,3
4,37722,11128,559,-258,-258,0,3
4,37723,11129,696,-277,-277,0,3
4,37724,11130,415,-290,-290,0,3
4,37725,11131,-66,-294,-294,0,3
4,37726,11132,-450,-285,-285,0,3
4,37727,11133,-495,-266,-266,0,3
4,37729,11134,-210,-243,-243,0,1
4,37730,11135,266,-224,-224,0,2
4,37734,11136,503,-216,-216,0,3
4,37735,11137,430,-220,-220,0,3
4,37736,11138,82,-235,-235,0,3
4,37737,11139,-327,-258,-258,0,3
4,37738,11140,-503,-281,-281,0,3
4,37739,11141,-389,-298,-298,0,3
4,37740,11142,87,-308,-308,0,3
4,37741,11143,373,-308,-308,0,3
4,37743,11144,286,-301,-301,0,3
4,37747,11145,-139,-291,-291,0,3
4,37748,11146,-723,-282,-282,0,3
4,37749,11147,-983,-276,-276,0,3
4,37750,11148,-805,-276,-276,0,3
4,37751,11149,-241,-280,-280,0,3
4,37752,11150,143,-287,-287,0,3
4,37753,11151,270,-293,-293,0,3
4,37754,11152,-138,-296,-296,0,3
4,37755,11153,-676,-293,-293,0,1
4,37760,11154,-1015,-286,-286,0,2
4,37761,11155,-901,-274,-274,0,3
4,37762,11156,-410,-262,-262,0,3
4,37763,11157,82,-251,-251,0,3
4,37764,11158,216,-243,-243,0,3
4,37765,11159,-123,-239,-239,0,3
4,37766,11160,-702,-238,-238,0,3
4,37767,11161,-1007,-240,-240,0,3
4,37768,11162,-921,-244,-244,0,3
4,37769,11163,-496,-251,-251,0,3
4,37773,11164,-56,-259,-259,0,3
4,37774,11165,164,-266,-266,0,3
4,37775,11166,-76,-267,-267,0,3
4,37776,11167,-619,-261,-261,0,3
4,37778,11168,-983,-244,-244,0,3
4,37779,11169,-1069,-217,-217,0,3
4,37780,11170,-620,-183,-183,0,3
4,37781,11171,-184,-145,-145,0,3
4,37782,11172,93,-108,-108,0,1
4,37786,11173,-41,-75,-75,0,2
4,37787,11174,-553,-48,-48,0,3
4,37788,11175,-1146,-29,-29,0,3
4,37789,11176,-1342,-17,-17,0,3
4,37790,11177,-1167,-11,-11,0,3
4,37792,11178,-752,-9,-9,0,3
4,37793,11179,-549,-6,-6,0,3
4,37794,11180,-738,1,1,0,3
4,37795,11181,-999,16,16,0,3
4,37799,11182,-1132,38,38,0,3
4,37800,11183,-840,66,66,0,3
4,37801,11184,-67,98,98,0,3
4,37802,11185,1254,129,129,0,3
4,37803,11186,2682,156,156,0,3
4,37804,11187,3834,177,177,0,3
4,37806,11188,4449,190,190,0,3
4,37807,11189,4444,195,195,0,3
4,37808,11190,4269,191,191,0,3
4,37812,11191,3707,179,179,0,1
4,37813,11192,2888,159,159,0,2
4,37814,11193,1781,130,130,0,3
4,37815,11194,646,97,97,0,3
4,37816,11195,-389,63,63,0,3
4,37817,11196,-1214,35,35,0,3
4,37818,11197,-1663,17,17,0,3
4,37820,11198,-1474,13,13,0,3
4,37821,11199,-864,22,22,0,3
4,37825,11200,-260,40,40,0,3
4,37826,11201,0,58,58,0,3
4,37827,11202,-301,67,67,0,3
4,37828,11203,-742,61,61,0,3
4,37829,11204,-1106,32,32,0,3
4,37830,11205,-1130,-20,-20,0,3
4,37831,11206,-763,-90,-90,0,3
4,37832,11207,-287,-171,-171,0,3
4,37834,11208,11,-248,-248,0,3
4,37838,11209,-123,-310,-310,0,3
4,37839,11210,-553,-347,-347,0,1
4,37840,11211,-1044,-358,-358,0,2
4,37841,11212,-1179,-348,-348,0,3
4,37842,11213,-881,-329,-329,0,3
4,37843,11214,-445,-314,-314,0,3
4,37844,11215,-17,-312,-312,0,3
4,37845,11216,-21,-328,-328,0,3
4,37846,11217,-446,-357,-357,0,3
4,37851,11218,-968,-389,-389,0,3
4,37852,11219,-1229,-414,-414,0,3
4,37853,11220,-1030,-422,-422,0,3
4,37854,11221,-508,-414,-414,0,3
4,37855,11222,-41,-396,-396,0,3
4,37856,11223,86,-378,-378,0,3
4,37857,11224,-363,-372,-372,0,3
4,37858,11225,-901,-384,-384,0,3
4,37859,11226,-1260,-411,-411,0,3
4,37860,11227,-1106,-445,-445,0,3
4,37864,11228,-594,-471,-471,0,3
4,37865,11229,-62,-479,-479,0,1
4,37866,11230,-9,-468,-468,0,2
4,37867,11231,-287,-442,-442,0,3
4,37869,11232,-784,-417,-417,0,3
4,37870,11233,-1171,-408,-408,0,3
4,37871,11234,-1065,-426,-426,0,3
4,37872,11235,-598,-470,-470,0,3
4,37873,11236,-138,-532,-532,0,3
4,37877,11237,102,-596,-596,0,3
4,37878,11238,-179,-654,-654,0,3
4,37879,11239,-680,-706,-706,0,3
4,37880,11240,-1065,-765,-765,0,3
4,37881,11241,-1089,-848,-848,0,3
4,37883,11242,-763,-959,-959,0,3
4,37884,11243,-287,-1073,-1073,0,3
4,37885,11244,11,-1133,-1133,0,3
4,37886,11245,-144,-1053,-1053,0,3
4,37890,11246,-573,-742,-742,0,3
4,37891,11247,-1003,-141,-141,0,3
4,37892,11248,-1138,748,748,0,1
4,37893,11249,-881,1841,1841,0,2
4,37894,11250,-404,2979,2979,0,3
4,37895,11251,-58,3955,3955,0,3
4,37897,11252,-21,4569,4569,0,3
4,37898,11253,-446,4683,4683,0,3
4,37899,11254,-927,4260,4260,0,3
4,37903,11255,-1249,3377,3377,0,3
4,37904,11256,-1009,2212,2212,0,3
4,37905,11257,-487,991,991,0,3
4,37906,11258,-21,-67,-67,0,3
4,37907,11259,24,-810,-810,0,3
4,37908,11260,-302,-1179,-1179,0,3
4,37909,11261,-840,-1216,-1216,0,3
4,37911,11262,-1219,-1033,-1033,0,3
4,37912,11263,-1024,-769,-769,0,3
4,37916,11264,-512,-544,-544,0,3
4,37917,11265,-21,-427,-427,0,3
4,37918,11266,114,-426,-426,0,3
4,37919,11267,-246,-503,-503,0,1
4,37920,11268,-825,-596,-596,0,2
4,37921,11269,-1233,-655,-655,0,3
4,37922,11270,-1146,-655,-655,0,3
4,37923,11271,-701,-603,-603,0,3
4,37925,11272,-240,-530,-530,0,3
4,37929,11273,-41,-471,-471,0,3
4,37930,11274,-342,-449,-449,0,3
4,37931,11275,-844,-468,-468,0,3
4,37932,11276,-1187,-514,-514,0,3
4,37933,11277,-1274,-563,-563,0,3
4,37934,11278,-927,-592,-592,0,3
4,37935,11279,-430,-592,-592,0,3
4,37936,11280,-194,-566,-566,0,3
4,37937,11281,-328,-528,-528,0,3
4,37942,11282,-737,-495,-495,0,3
4,37943,11283,-1208,-478,-478,0,3
4,37944,11284,-1363,-482,-482,0,3
4,37945,11285,-1044,-500,-500,0,3
4,37946,11286,-568,-523,-523,0,1
4,37947,11287,-160,-539,-539,0,2
4,37948,11288,-164,-542,-542,0,3
4,37949,11289,-590,-533,-533,0,3
4,37950,11290,-1071,-518,-518,0,3
4,37951,11291,-1290,-504,-504,0,3
4,37955,11292,-1050,-496,-496,0,3
4,37956,11293,-508,-495,-495,0,3
4,37957,11294,-21,-497,-497,0,3
4,37958,11295,86,-496,-496,0,3
4,37960,11296,-220,-489,-489,0,3
4,37961,11297,-758,-474,-474,0,3
4,37962,11298,-1035,-454,-454,0,3
4,37963,11299,-860,-434,-434,0,3
4,37964,11300,-328,-422,-422,0,3
4,37968,11301,245,-421,-421,0,3
4,37969,11302,380,-429,-429,0,3
4,37970,11303,102,-444,-444,0,3
4,37971,11304,-415,-458,-458,0,3
4,37972,11305,-700,-469,-469,0,1
4,37974,11306,-655,-473,-473,0,2
4,37975,11307,-189,-472,-472,0,3
4,37976,11308,313,-468,-468,0,3
4,37977,11309,492,-464,-464,0,3
4,37981,11310,252,-462,-462,0,3
4,37982,11311,-209,-463,-463,0,3
4,37983,11312,-614,-465,-465,0,3
4,37984,11313,-598,-467,-467,0,3
4,37985,11314,-272,-470,-470,0,3
4,37986,11315,205,-472,-472,0,3
4,37988,11316,544,-473,-473,0,3
4,37989,11317,389,-472,-472,0,3
4,37990,11318,-41,-471,-471,0,3
4,37994,11319,-491,-467,-467,0,3
4,37995,11320,-646,-463,-463,0,3
4,37996,11321,-389,-457,-457,0,3
4,37997,11322,46,-451,-451,0,3
4,37998,11323,434,-444,-444,0,3
4,37999,11324,409,-435,-435,0,1
4,38000,11325,4,-426,-426,0,2
4,38002,11326,-538,-417,-417,0,3
4,38003,11327,-778,-411,-411,0,3
4,38007,11328,-600,-409,-409,0,3
4,38008,11329,-98,-415,-415,0,3
4,38009,11330,368,-429,-429,0,3
4,38010,11331,454,-451,-451,0,3
4,38011,11332,67,-476,-476,0,3
4,38012,11333,-451,-502,-502,0,3
4,38013,11334,-789,-524,-524,0,3
4,38014,11335,-655,-542,-542,0,3
4,38016,11336,-143,-555,-555,0,3
4,38020,11337,368,-565,-565,0,3
4,38021,11338,441,-576,-576,0,3
4,38022,11339,102,-588,-588,0,3
4,38023,11340,-415,-603,-603,0,3
4,38024,11341,-782,-619,-619,0,3
4,38025,11342,-696,-635,-635,0,3
4,38026,11343,-209,-649,-649,0,1
4,38027,11344,252,-660,-660,0,2
4,38028,11345,471,-666,-666,0,3
4,38033,11346,231,-666,-666,0,3
4,38034,11347,-291,-661,-661,0,3
4,38035,11348,-655,-654,-654,0,3
4,38036,11349,-680,-645,-645,0,3
4,38037,11350,-394,-637,-637,0,3
4,38038,11351,82,-630,-630,0,3
4,38039,11352,359,-621,-621,0,3
4,38040,11353,245,-609,-609,0,3
4,38041,11354,-205,-589,-589,0,3
4,38042,11355,-675,-562,-562,0,3
4,38046,11356,-789,-527,-527,0,3
4,38047,11357,-553,-488,-488,0,3
4,38048,11358,-97,-449,-449,0,3
4,38049,11359,291,-410,-410,0,3
4,38051,11360,245,-373,-373,0,3
4,38052,11361,-139,-338,-338,0,3
4,38053,11362,-600,-302,-302,0,1
4,38054,11363,-881,-263,-263,0,2
4,38055,11364,-723,-223,-223,0,3
4,38059,11365,-241,-182,-182,0,3
4,38060,11366,307,-142,-142,0,3
4,38061,11367,352,-106,-106,0,3
4,38062,11368,-36,-77,-77,0,3
4,38063,11369,-553,-56,-56,0,3
4,38065,11370,-953,-43,-43,0,3
4,38066,11371,-737,-37,-37,0,3
4,38067,11372,-205,-36,-36,0,3
4,38068,11373,245,-37,-37,0,3
4,38072,11374,359,-37,-37,0,3
4,38073,11375,102,-33,-33,0,3
4,38074,11376,-456,-26,-26,0,3
4,38075,11377,-762,-16,-16,0,3
4,38076,11378,-696,-4,-4,0,3
4,38077,11379,-230,5,5,0,3
4,38079,11380,272,9,9,0,3
4,38080,11381,471,6,6,0,1
4,38081,11382,190,-2,-2,0,2
4,38085,11383,-291,-14,-14,0,3
4,38086,11384,-675,-28,-28,0,3
4,38087,11385,-721,-43,-43,0,3
4,38088,11386,-353,-58,-58,0,3
4,38089,11387,123,-74,-74,0,3
4,38090,11388,359,-90,-90,0,3
4,38091,11389,225,-104,-104,0,3
4,38093,11390,-184,-116,-116,0,3
4,38094,11391,-614,-124,-124,0,3
4,38098,11392,-728,-127,-127,0,3
4,38099,11393,-512,-126,-126,0,3
4,38100,11394,-15,-121,-121,0,3
4,38101,11395,352,-115,-115,0,3
4,38102,11396,327,-108,-108,0,3
4,38103,11397,-16,-105,-105,0,3
4,38104,11398,-518,-104,-104,0,3
4,38105,11399,-778,-108,-108,0,3
4,38107,11400,-538,-116,-116,0,1
4,38111,11401,-37,-126,-126,0,2
4,38112,11402,471,-135,-135,0,3
4,38113,11403,536,-141,-141,0,3
4,38114,11404,272,-142,-142,0,3
4,38115,11405,-266,-136,-136,0,3
4,38116,11406,-523,-124,-124,0,3
4,38117,11407,-348,-111,-111,0,3
4,38118,11408,164,-99,-99,0,3
4,38119,11409,716,-94,-94,0,3
4,38124,11410,830,-98,-98,0,3
4,38125,11411,471,-108,-108,0,3
4,38126,11412,-46,-123,-123,0,3
4,38127,11413,-373,-138,-138,0,3
4,38128,11414,-225,-153,-153,0,3
4,38129,11415,241,-164,-164,0,3
4,38130,11416,723,-173,-173,0,3
4,38131,11417,901,-181,-181,0,3
4,38132,11418,661,-188,-188,0,3
4,38133,11419,119,-195,-195,0,1
4,38137,11420,-286,-203,-203,0,2
4,38138,11421,-332,-211,-211,0,3
4,38139,11422,-5,-221,-221,0,3
4,38140,11423,492,-230,-230,0,3
4,38142,11424,748,-238,-238,0,3
4,38143,11425,696,-243,-243,0,3
4,38144,11426,225,-245,-245,0,3
4,38145,11427,-286,-244,-244,0,3
4,38146,11428,-421,-240,-240,0,3
4,38150,11429,-102,-236,-236,0,3
4,38151,11430,435,-233,-233,0,3
4,38152,11431,926,-232,-232,0,3
4,38153,11432,962,-232,-232,0,3
4,38154,11433,516,-233,-233,0,3
4,38156,11434,-129,-232,-232,0,3
4,38157,11435,-471,-229,-229,0,3
4,38158,11436,-313,-222,-222,0,3
4,38159,11437,148,-211,-211,0,3
4,38163,11438,573,-197,-197,0,1
4,38164,11439,577,-181,-181,0,2
4,38165,11440,149,-165,-165,0,3
4,38166,11441,-389,-149,-149,0,3
4,38167,11442,-789,-135,-135,0,3
4,38168,11443,-634,-126,-126,0,3
4,38170,11444,-184,-122,-122,0,3
4,38171,11445,348,-124,-124,0,3
4,38172,11446,421,-131,-131,0,3
4,38176,11447,82,-141,-141,0,3
4,38177,11448,-476,-150,-150,0,3
4,38178,11449,-823,-158,-158,0,3
4,38179,11450,-757,-164,-164,0,3
4,38180,11451,-352,-169,-169,0,3
4,38181,11452,190,-173,-173,0,3
4,38182,11453,348,-177,-177,0,3
4,38184,11454,129,-179,-179,0,3
4,38185,11455,-393,-179,-179,0,3
4,38189,11456,-737,-176,-176,0,3
4,38190,11457,-782,-172,-172,0,1
4,38191,11458,-374,-168,-168,0,2
4,38192,11459,61,-166,-166,0,3
4,38193,11460,318,-164,-164,0,3
4,38194,11461,204,-162,-162,0,3
4,38195,11462,-225,-156,-156,0,3
4,38196,11463,-757,-142,-142,0,3
4,38198,11464,-974,-118,-118,0,3
4,38202,11465,-840,-84,-84,0,3
4,38203,11466,-527,-42,-42,0,3
4,38204,11467,-201,4,4,0,3
4,38205,11468,-328,49,49,0,3
4,38206,11469,-856,90,90,0,3
4,38207,11470,-1398,124,124,0,3
4,38208,11471,-1413,150,150,0,3
4,38209,11472,-661,171,171,0,3
4,38210,11473,537,188,188,0,3
4,38215,11474,1679,204,204,0,3
4,38216,11475,2707,221,221,0,3
4,38217,11476,3507,240,240,0,1
4,38218,11477,4055,259,259,0,2
4,38219,11478,4494,275,275,0,3
4,38220,11479,5120,284,284,0,3
4,38221,11480,5755,286,286,0,3
4,38222,11481,5939,279,279,0,3
4,38223,11482,5111,265,265,0,3
4,38224,11483,3215,245,245,0,3
4,38228,11484,978,224,224,0,3
4,38229,11485,-762,203,203,0,3
4,38230,11486,-1310,184,184,0,3
4,38231,11487,-926,168,168,0,3
4,38233,11488,-322,157,157,0,3
4,38234,11489,41,153,153,0,3
4,38235,11490,6,160,160,0,3
4,38236,11491,-496,181,181,0,3
4,38237,11492,-880,214,214,0,3
4,38241,11493,-926,254,254,0,3
4,38242,11494,-538,290,290,0,3
4,38243,11495,-82,312,312,0,1
4,38244,11496,175,310,310,0,2
4,38245,11497,41,280,280,0,3
4,38247,11498,-430,224,224,0,3
4,38248,11499,-901,152,152,0,3
4,38249,11500,-1035,73,73,0,3
4,38250,11501,-799,-1,-1,0,3
4,38254,11502,-302,-60,-60,0,3
4,38255,11503,86,-101,-101,0,3
4,38256,11504,82,-126,-126,0,3
4,38257,11505,-344,-143,-143,0,3
4,38258,11506,-805,-159,-159,0,3
4,38259,11507,-1024,-180,-180,0,3
4,38261,11508,-866,-208,-208,0,3
4,38262,11509,-364,-238,-238,0,3
4,38263,11510,82,-265,-265,0,3
4,38267,11511,188,-283,-283,0,3
4,38268,11512,-179,-288,-288,0,3
4,38269,11513,-717,-283,-283,0,3
4,38270,11514,-1015,-275,-275,0,1
4,38271,11515,-880,-272,-272,0,2
4,38272,11516,-389,-279,-279,0,3
4,38273,11517,102,-295,-295,0,3
4,38275,11518,236,-313,-313,0,3
4,38276,11519,-82,-323,-323,0,3
4,38280,11520,-681,-316,-316,0,3
4,38281,11521,-1007,-294,-294,0,3
4,38282,11522,-962,-263,-263,0,3
4,38283,11523,-475,-241,-241,0,3
4,38284,11524,26,-243,-243,0,3
4,38285,11525,225,-280,-280,0,3
4,38286,11526,-97,-355,-355,0,3
4,38287,11527,-557,-457,-457,0,3
4,38289,11528,-880,-574,-574,0,3
4,38293,11529,-885,-692,-692,0,3
4,38294,11530,-538,-802,-802,0,3
4,38295,11531,-61,-894,-894,0,3
4,38296,11532,195,-956,-956,0,3
4,38297,11533,61,-963,-963,0,1
4,38298,11534,-348,-872,-872,0,2
4,38299,11535,-757,-625,-625,0,3
4,38300,11536,-871,-163,-163,0,3
4,38301,11537,-676,553,553,0,3
4,38306,11538,-199,1514,1514,0,3
4,38307,11539,188,2650,2650,0,3
4,38308,11540,163,3825,3825,0,3
4,38309,11541,-221,4858,4858,0,3
4,38310,11542,-743,5558,5558,0,3
4,38311,11543,-942,5775,5775,0,3
4,38312,11544,-764,5442,5442,0,3
4,38313,11545,-241,4601,4601,0,3
4,38314,11546,204,3396,3396,0,3
4,38315,11547,270,2043,2043,0,3
4,38319,11548,-159,775,775,0,3
4,38320,11549,-676,-218,-218,0,3
4,38321,11550,-994,-828,-828,0,3
4,38322,11551,-860,-1050,-1050,0,3
4,38324,11552,-410,-969,-969,0,1
4,38325,11553,102,-721,-721,0,2
4,38326,11554,298,-450,-450,0,3
4,38327,11555,-123,-260,-260,0,3
4,38328,11556,-640,-198,-198,0,3
4,38332,11557,-946,-250,-250,0,3
4,38333,11558,-839,-366,-366,0,3
4,38334,11559,-393,-484,-484,0,3
4,38335,11560,88,-555,-555,0,3
4,38336,11561,246,-565,-565,0,3
4,38338,11562,-35,-524,-524,0,3
4,38339,11563,-537,-465,-465,0,3
4,38340,11564,-942,-419,-419,0,3
4,38341,11565,-966,-406,-406,0,3
4,38345,11566,-599,-427,-427,0,3
4,38346,11567,-102,-467,-467,0,3
4,38347,11568,155,-502,-502,0,3
4,38348,11569,20,-516,-516,0,3
4,38349,11570,-410,-500,-500,0,3
4,38350,11571,-839,-463,-463,0,1
4,38352,11572,-994,-420,-420,0,2
4,38353,11573,-717,-387,-387,0,3
4,38354,11574,-261,-373,-373,0,3
4,38358,11575,168,-378,-378,0,3
4,38359,11576,122,-393,-393,0,3
4,38360,11577,-262,-404,-404,0,3
4,38361,11578,-764,-405,-405,0,3
4,38362,11579,-963,-392,-392,0,3
4,38363,11580,-743,-372,-372,0,3
4,38364,11581,-201,-354,-354,0,3
4,38366,11582,266,-345,-345,0,3
4,38367,11583,332,-349,-349,0,3
4,38371,11584,-15,-363,-363,0,3
4,38372,11585,-451,-380,-380,0,3
4,38373,11586,-789,-391,-391,0,3
4,38374,11587,-573,-391,-391,0,3
4,38375,11588,-102,-381,-381,0,3
4,38376,11589,430,-365,-365,0,3
4,38377,11590,605,-346,-346,0,1
4,38378,11591,307,-331,-331,0,2
4,38380,11592,-210,-321,-321,0,3
4,38384,11593,-557,-315,-315,0,3
4,38385,11594,-512,-311,-311,0,3
4,38386,11595,-4,-306,-306,0,3
4,38387,11596,497,-300,-300,0,3
4,38388,11597,676,-294,-294,0,3
4,38389,11598,477,-289,-289,0,3
4,38390,11599,-4,-286,-286,0,3
4,38391,11600,-368,-286,-286,0,3
4,38392,11601,-414,-290,-290,0,3
4,38397,11602,-67,-296,-296,0,3
4,38398,11603,451,-301,-301,0,3
4,38399,11604,707,-303,-303,0,3
4,38400,11605,594,-300,-300,0,3
4,38401,11606,143,-293,-293,0,3
4,38402,11607,-327,-282,-282,0,3
4,38403,11608,-503,-271,-271,0,3
4,38404,11609,-266,-263,-263,0,1
4,38405,11610,210,-263,-263,0,2
4,38406,11611,557,-271,-271,0,3
4,38410,11612,594,-284,-284,0,3
4,38411,11613,209,-301,-301,0,3
4,38412,11614,-354,-316,-316,0,3
4,38413,11615,-573,-326,-326,0,3
4,38415,11616,-374,-330,-330,0,3
4,38416,11617,107,-327,-327,0,3
4,38417,11618,594,-317,-317,0,3
4,38418,11619,700,-304,-304,0,3
4,38419,11620,333,-289,-289,0,3
4,38423,11621,-246,-278,-278,0,3
4,38424,11622,-585,-273,-273,0,3
4,38425,11623,-450,-276,-276,0,3
4,38426,11624,82,-288,-288,0,3
4,38427,11625,532,-307,-307,0,3
4,38429,11626,646,-329,-329,0,3
4,38430,11627,307,-349,-349,0,3
4,38431,11628,-251,-363,-363,0,1
4,38432,11629,-639,-369,-369,0,2
4,38436,11630,-532,-368,-368,0,3
4,38437,11631,-127,-363,-363,0,3
4,38438,11632,395,-358,-358,0,3
4,38439,11633,594,-356,-356,0,3
4,38440,11634,313,-358,-358,0,3
4,38441,11635,-168,-362,-362,0,3
4,38443,11636,-553,-367,-367,0,3
4,38444,11637,-598,-370,-370,0,3
4,38445,11638,-231,-370,-370,0,3
4,38449,11639,246,-366,-366,0,3
4,38450,11640,482,-356,-356,0,3
4,38451,11641,368,-342,-342,0,3
4,38452,11642,-61,-323,-323,0,3
4,38453,11643,-512,-301,-301,0,3
4,38454,11644,-646,-277,-277,0,3
4,38455,11645,-369,-251,-251,0,3
4,38457,11646,87,-223,-223,0,3
4,38458,11647,495,-195,-195,0,1
4,38462,11648,491,-165,-165,0,2
4,38463,11649,168,-133,-133,0,3
4,38464,11650,-395,-100,-100,0,3
4,38465,11651,-655,-67,-67,0,3
4,38466,11652,-497,-36,-36,0,3
4,38467,11653,45,-8,-8,0,3
4,38468,11654,471,14,14,0,3
4,38469,11655,536,33,33,0,3
4,38471,11656,169,48,48,0,3
4,38475,11657,-451,62,62,0,3
4,38476,11658,-769,75,75,0,3
4,38477,11659,-573,89,89,0,3
4,38478,11660,-123,104,104,0,3
4,38479,11661,389,117,117,0,3
4,38480,11662,503,130,130,0,3
4,38481,11663,225,141,141,0,3
4,38482,11664,-353,152,152,0,3
4,38483,11665,-700,160,160,0,3
4,38488,11666,-634,164,164,0,1
4,38489,11667,-168,163,163,0,2
4,38490,11668,333,155,155,0,3
4,38491,11669,532,141,141,0,3
4,38492,11670,272,121,121,0,3
4,38493,11671,-189,99,99,0,3
4,38494,11672,-594,79,79,0,3
4,38495,11673,-639,62,62,0,3
4,38496,11674,-231,50,50,0,3
4,38497,11675,266,42,42,0,3
4,38501,11676,564,39,39,0,3
4,38502,11677,491,40,40,0,3
4,38503,11678,0,45,45,0,3
4,38504,11679,-430,52,52,0,3
4,38506,11680,-503,60,60,0,3
4,38507,11681,-266,68,68,0,3
4,38508,11682,251,74,74,0,3
4,38509,11683,659,78,78,0,3
4,38510,11684,696,78,78,0,3
4,38514,11685,373,75,75,0,1
4,38515,11686,-129,69,69,0,2
4,38516,11687,-389,60,60,0,3
4,38517,11688,-211,47,47,0,3
4,38518,11689,352,31,31,0,3
4,38520,11690,839,15,15,0,3
4,38521,11691,885,-2,-2,0,3
4,38522,11692,517,-15,-15,0,3
4,38523,11693,0,-24,-24,0,3
4,38527,11694,-236,-28,-28,0,3
4,38528,11695,-122,-29,-29,0,3
4,38529,11696,410,-28,-28,0,3
4,38530,11697,942,-29,-29,0,3
4,38531,11698,1056,-31,-31,0,3
4,38532,11699,717,-36,-36,0,3
4,38534,11700,159,-42,-42,0,3
4,38535,11701,-250,-49,-49,0,3
4,38536,11702,-204,-56,-56,0,3
4,38540,11703,282,-63,-63,0,3
4,38541,11704,784,-70,-70,0,1
4,38542,11705,1004,-77,-77,0,2
4,38543,11706,743,-80,-80,0,3
4,38544,11707,262,-80,-80,0,3
4,38545,11708,-102,-74,-74,0,3
4,38546,11709,-86,-64,-64,0,3
4,38548,11710,322,-52,-52,0,3
4,38549,11711,799,-40,-40,0,3
4,38553,11712,953,-31,-31,0,3
4,38554,11713,675,-28,-28,0,3
4,38555,11714,225,-29,-29,0,3
4,38556,11715,-307,-36,-36,0,3
4,38557,11716,-482,-47,-47,0,3
4,38558,11717,-266,-61,-61,0,3
4,38559,11718,169,-76,-76,0,3
4,38560,11719,516,-91,-91,0,3
4,38562,11720,512,-105,-105,0,3
4,38566,11721,66,-115,-115,0,3
4,38567,11722,-436,-121,-121,0,3
4,38568,11723,-655,-123,-123,0,1
4,38569,11724,-477,-123,-123,0,2
4,38570,11725,4,-120,-120,0,3
4,38571,11726,450,-117,-117,0,3
4,38572,11727,536,-113,-113,0,3
4,38573,11728,210,-109,-109,0,3
4,38574,11729,-348,-105,-105,0,3
4,38579,11730,-707,-102,-102,0,3
4,38580,11731,-532,-100,-100,0,3
4,38581,11732,-61,-99,-99,0,3
4,38582,11733,389,-98,-98,0,3
4,38583,11734,523,-96,-96,0,3
4,38584,11735,164,-91,-91,0,3
4,38585,11736,-374,-81,-81,0,3
4,38586,11737,-741,-67,-67,0,3
4,38587,11738,-655,-50,-50,0,3
4,38588,11739,-230,-34,-34,0,3
4,38592,11740,272,-20,-20,0,3
4,38593,11741,471,-9,-9,0,3
4,38594,11742,170,1,1,0,1
4,38595,11743,-373,13,13,0,2
4,38597,11744,-839,31,31,0,3
4,38598,11745,-1048,57,57,0,3
4,38599,11746,-784,88,88,0,3
4,38600,11747,-369,123,123,0,3
4,38601,11748,-255,158,158,0,3
4,38605,11749,-533,188,188,0,3
4,38606,11750,-963,212,212,0,3
4,38607,11751,-1044,229,229,0,3
4,38608,11752,-605,240,240,0,3
4,38609,11753,225,247,247,0,3
4,38611,11754,1459,256,256,0,3
4,38612,11755,2871,268,268,0,3
4,38613,11756,4055,288,288,0,3
4,38614,11757,4571,313,313,0,3
4,38618,11758,4582,342,342,0,3
4,38619,11759,4280,370,370,0,3
4,38620,11760,3619,390,390,0,3
4,38621,11761,2503,398,398,0,1
4,38622,11762,1351,392,392,0,2
4,38623,11763,352,375,375,0,3
4,38625,11764,-466,350,350,0,3
4,38626,11765,-942,326,326,0,3
4,38627,11766,-1056,309,309,0,3
4,38631,11767,-778,304,304,0,3
4,38632,11768,-225,314,314,0,3
4,38633,11769,245,339,339,0,3
4,38634,11770,400,372,372,0,3
4,38635,11771,123,406,406,0,3
4,38636,11772,-435,432,432,0,3
4,38637,11773,-823,439,439,0,3
4,38639,11774,-757,421,421,0,3
4,38640,11775,-271,374,374,0,3
4,38644,11776,170,304,304,0,3
4,38645,11777,369,218,218,0,3
4,38646,11778,108,132,132,0,3
4,38647,11779,-352,57,57,0,3
4,38648,11780,-716,3,3,0,1
4,38649,11781,-782,-29,-29,0,2
4,38650,11782,-374,-45,-45,0,3
4,38651,11783,82,-55,-55,0,3
4,38653,11784,318,-68,-68,0,3
4,38657,11785,225,-87,-87,0,3
4,38658,11786,-266,-111,-111,0,3
4,38659,11787,-655,-131,-131,0,3
4,38660,11788,-810,-138,-138,0,3
4,38661,11789,-553,-129,-129,0,3
4,38662,11790,-97,-106,-106,0,3
4,38663,11791,291,-78,-78,0,3
4,38664,11792,266,-59,-59,0,3
4,38665,11793,-119,-60,-60,0,3
4,38670,11794,-641,-84,-84,0,3
4,38671,11795,-881,-126,-126,0,3
4,38672,11796,-702,-169,-169,0,3
4,38673,11797,-160,-200,-200,0,3
4,38674,11798,286,-205,-205,0,3
4,38675,11799,373,-185,-185,0,1
4,38676,11800,5,-153,-153,0,2
4,38677,11801,-553,-128,-128,0,3
4,38678,11802,-871,-128,-128,0,3
4,38679,11803,-696,-161,-161,0,3
4,38683,11804,-184,-222,-222,0,3
4,38684,11805,307,-292,-292,0,3
4,38685,11806,421,-354,-354,0,3
4,38686,11807,143,-400,-400,0,3
4,38688,11808,-415,-438,-438,0,3
4,38689,11809,-823,-493,-493,0,3
4,38690,11810,-716,-591,-591,0,3
4,38691,11811,-250,-739,-739,0,3
4,38692,11812,170,-906,-906,0,3
4,38696,11813,410,-1020,-1020,0,3
4,38697,11814,108,-975,-975,0,3
4,38698,11815,-373,-667,-667,0,3
4,38699,11816,-757,-34,-34,0,3
4,38700,11817,-803,907,907,0,3
4,38702,11818,-415,2048,2048,0,1
4,38703,11819,61,3197,3197,0,2
4,38704,11820,318,4128,4128,0,3
4,38705,11821,204,4636,4636,0,3
4,38709,11822,-205,4602,4602,0,3
4,38710,11823,-675,4026,4026,0,3
4,38711,11824,-769,3032,3032,0,3
4,38712,11825,-492,1835,1835,0,3
4,38713,11826,-15,680,680,0,3
4,38714,11827,332,-224,-224,0,3
4,38716,11828,348,-756,-756,0,3
4,38717,11829,-57,-909,-909,0,3
4,38718,11830,-518,-771,-771,0,3
4,38722,11831,-778,-487,-487,0,3
4,38723,11832,-559,-206,-206,0,3
4,38724,11833,-78,-33,-33,0,3
4,38725,11834,389,-6,-6,0,3
4,38726,11835,454,-97,-97,0,3
4,38727,11836,26,-238,-238,0,3
4,38728,11837,-471,-358,-358,0,1
4,38730,11838,-892,-407,-407,0,2
4,38731,11839,-757,-377,-377,0,3
4,38735,11840,-246,-294,-294,0,3
4,38736,11841,245,-204,-204,0,3
4,38737,11842,421,-146,-146,0,3
4,38738,11843,41,-139,-139,0,3
4,38739,11844,-517,-179,-179,0,3
4,38740,11845,-864,-239,-239,0,3
4,38741,11846,-798,-290,-290,0,3
4,38742,11847,-332,-310,-310,0,3
4,38744,11848,129,-296,-296,0,3
4,38748,11849,348,-258,-258,0,3
4,38749,11850,67,-218,-218,0,3
4,38750,11851,-414,-196,-196,0,3
4,38751,11852,-757,-198,-198,0,3
4,38752,11853,-803,-224,-224,0,3
4,38753,11854,-476,-259,-259,0,3
4,38754,11855,20,-289,-289,0,3
4,38755,11856,298,-301,-301,0,1
4,38756,11857,266,-292,-292,0,2
4,38761,11858,-143,-268,-268,0,3
4,38762,11859,-573,-239,-239,0,3
4,38763,11860,-667,-217,-217,0,3
4,38764,11861,-389,-208,-208,0,3
4,38765,11862,108,-212,-212,0,3
4,38766,11863,495,-222,-222,0,3
4,38767,11864,512,-228,-228,0,3
4,38768,11865,168,-225,-225,0,3
4,38769,11866,-333,-212,-212,0,3
4,38770,11867,-614,-190,-190,0,3
4,38774,11868,-415,-168,-168,0,3
4,38775,11869,168,-152,-152,0,3
4,38776,11870,614,-147,-147,0,3
4,38777,11871,721,-151,-151,0,3
4,38779,11872,353,-160,-160,0,3
4,38780,11873,-184,-171,-171,0,3
4,38781,11874,-523,-179,-179,0,3
4,38782,11875,-368,-185,-185,0,1
4,38783,11876,143,-189,-189,0,2
4,38787,11877,675,-194,-194,0,3
4,38788,11878,830,-200,-200,0,3
4,38789,11879,512,-208,-208,0,3
4,38790,11880,-108,-215,-215,0,3
4,38791,11881,-454,-219,-219,0,3
4,38793,11882,-368,-218,-218,0,3
4,38794,11883,78,-211,-211,0,3
4,38795,11884,600,-201,-201,0,3
4,38796,11885,819,-190,-190,0,3
4,38800,11886,579,-180,-180,0,3
4,38801,11887,119,-172,-172,0,3
4,38802,11888,-307,-166,-166,0,3
4,38803,11889,-311,-163,-163,0,3
4,38804,11890,36,-159,-159,0,3
4,38805,11891,492,-154,-154,0,3
4,38807,11892,728,-146,-146,0,3
4,38808,11893,594,-135,-135,0,3
4,38809,11894,184,-124,-124,0,1
4,38813,11895,-245,-114,-114,0,2
4,38814,11896,-462,-109,-109,0,3
4,38815,11897,-205,-112,-112,0,3
4,38816,11898,313,-124,-124,0,3
4,38817,11899,659,-143,-143,0,3
4,38818,11900,634,-165,-165,0,3
4,38819,11901,271,-186,-186,0,3
4,38821,11902,-313,-203,-203,0,3
4,38822,11903,-594,-214,-214,0,3
4,38826,11904,-354,-220,-220,0,3
4,38827,11905,107,-224,-224,0,3
4,38828,11906,573,-227,-227,0,3
4,38829,11907,659,-231,-231,0,3
4,38830,11908,313,-235,-235,0,3
4,38831,11909,-246,-240,-240,0,3
4,38832,11910,-605,-243,-243,0,3
4,38833,11911,-430,-245,-245,0,3
4,38835,11912,41,-247,-247,0,3
4,38839,11913,532,-249,-249,0,1
4,38840,11914,667,-253,-253,0,2
4,38841,11915,328,-258,-258,0,3
4,38842,11916,-231,-260,-260,0,3
4,38843,11917,-577,-257,-257,0,3
4,38844,11918,-532,-248,-248,0,3
4,38845,11919,-86,-229,-229,0,3
4,38846,11920,395,-204,-204,0,3
4,38847,11921,573,-173,-173,0,3
4,38852,11922,333,-139,-139,0,3
4,38853,11923,-209,-107,-107,0,3
4,38854,11924,-594,-77,-77,0,3
4,38855,11925,-618,-52,-52,0,3
4,38856,11926,-292,-33,-33,0,3
4,38857,11927,205,-17,-17,0,3
4,38858,11928,503,-4,-4,0,3
4,38859,11929,389,10,10,0,3
4,38860,11930,-82,26,26,0,3
4,38861,11931,-512,44,44,0,3
4,38865,11932,-646,62,62,0,1
4,38866,11933,-369,78,78,0,2
4,38867,11934,169,92,92,0,3
4,38868,11935,536,104,104,0,3
4,38870,11936,532,114,114,0,3
4,38871,11937,107,125,125,0,3
4,38872,11938,-374,138,138,0,3
4,38873,11939,-696,151,151,0,3
4,38874,11940,-559,162,162,0,3
4,38878,11941,-37,168,168,0,3
4,38879,11942,409,169,169,0,3
4,38880,11943,495,164,164,0,3
4,38881,11944,128,158,158,0,3
4,38882,11945,-430,154,154,0,3
4,38884,11946,-707,157,157,0,3
4,38885,11947,-512,167,167,0,3
4,38886,11948,-61,183,183,0,3
4,38887,11949,450,201,201,0,3
4,38891,11950,605,217,217,0,3
4,38892,11951,287,225,225,0,1
4,38893,11952,-292,225,225,0,2
4,38894,11953,-659,216,216,0,3
4,38895,11954,-573,200,200,0,3
4,38896,11955,-168,181,181,0,3
4,38898,11956,313,162,162,0,3
4,38899,11957,492,147,147,0,3
4,38900,11958,252,137,137,0,3
4,38904,11959,-230,132,132,0,3
4,38905,11960,-512,130,130,0,3
4,38906,11961,-536,126,126,0,3
4,38907,11962,-210,118,118,0,3
4,38908,11963,246,104,104,0,3
4,38909,11964,503,85,85,0,3
4,38910,11965,389,65,65,0,3
4,38912,11966,-61,49,49,0,3
4,38913,11967,-430,38,38,0,3
4,38917,11968,-585,35,35,0,3
4,38918,11969,-287,37,37,0,3
4,38919,11970,231,43,43,0,1
4,38920,11971,639,48,48,0,2
4,38921,11972,655,50,50,0,3
4,38922,11973,291,49,49,0,3
4,38923,11974,-190,45,45,0,3
4,38924,11975,-471,39,39,0,3
4,38926,11976,-211,33,33,0,3
4,38930,11977,352,27,27,0,3
4,38931,11978,839,22,22,0,3
4,38932,11979,966,16,16,0,3
4,38933,11980,640,9,9,0,3
4,38934,11981,61,1,1,0,3
4,38935,11982,-216,-9,-9,0,3
4,38936,11983,-82,-21,-21,0,3
4,38937,11984,430,-33,-33,0,3
4,38938,11985,901,-47,-47,0,3
4,38943,11986,994,-60,-60,0,3
4,38944,11987,655,-71,-71,0,3
4,38945,11988,77,-80,-80,0,3
4,38946,11989,-229,-86,-86,0,1
4,38947,11990,-184,-90,-90,0,2
4,38948,11991,201,-91,-91,0,3
4,38949,11992,661,-90,-90,0,3
4,38950,11993,860,-86,-86,0,3
4,38951,11994,682,-78,-78,0,3
4,38952,11995,262,-65,-65,0,3
4,38956,11996,-184,-49,-49,0,3
4,38957,11997,-311,-33,-33,0,3
4,38958,11998,-5,-20,-20,0,3
4,38959,11999,369,-16,-16,0,3
4,38961,12000,585,-23,-23,0,3
4,38962,12001,430,-38,-38,0,3
4,38963,12002,-123,-61,-61,0,3
4,38964,12003,-573,-85,-85,0,3
4,38965,12004,-748,-107,-107,0,3
4,38969,12005,-512,-124,-124,0,3
4,38970,12006,-15,-131,-131,0,3
4,38971,12007,393,-129,-129,0,3
4,38972,12008,389,-117,-117,0,1
4,38973,12009,-57,-98,-98,0,2
4,38975,12010,-579,-74,-74,0,3
4,38976,12011,-778,-51,-51,0,3
4,38977,12012,-579,-32,-32,0,3
4,38978,12013,-98,-23,-23,0,3
4,38982,12014,409,-26,-26,0,3
4,38983,12015,434,-40,-40,0,3
4,38984,12016,67,-61,-61,0,3
4,38985,12017,-532,-83,-83,0,3
4,38986,12018,-892,-100,-100,0,3
4,38987,12019,-757,-108,-108,0,3
4,38989,12020,-225,-105,-105,0,3
4,38990,12021,266,-93,-93,0,3
4,38991,12022,421,-76,-76,0,3
4,38995,12023,102,-59,-59,0,3
4,38996,12024,-415,-47,-47,0,3
4,38997,12025,-823,-42,-42,0,3
4,38998,12026,-737,-44,-44,0,3
4,38999,12027,-332,-51,-51,0,1
4,39000,12028,129,-57,-57,0,2
4,39001,12029,225,-57,-57,0,3
4,39003,12030,-179,-49,-49,0,3
4,39004,12031,-721,-29,-29,0,3
4,39008,12032,-1187,-1,-1,0,3
4,39009,12033,-1233,31,31,0,3
4,39010,12034,-1070,63,63,0,3
4,39011,12035,-737,92,92,0,3
4,39012,12036,-603,117,117,0,3
4,39013,12037,-676,140,140,0,3
4,39014,12038,-860,167,167,0,3
4,39015,12039,-942,198,198,0,3
4,39017,12040,-605,234,234,0,3
4,39021,12041,205,274,274,0,3
4,39022,12042,1521,313,313,0,3
4,39023,12043,3035,348,348,0,3
4,39024,12044,4116,376,376,0,3
4,39025,12045,4489,395,395,0,3
4,39026,12046,4336,405,405,0,1
4,39027,12047,3809,405,405,0,2
4,39028,12048,2861,396,396,0,3
4,39029,12049,1847,379,379,0,3
4,39034,12050,983,356,356,0,3
4,39035,12051,229,330,330,0,3
4,39036,12052,-507,306,306,0,3
4,39037,12053,-1085,288,288,0,3
4,39038,12054,-1219,280,280,0,3
4,39039,12055,-962,281,281,0,3
4,39040,12056,-369,290,290,0,3
4,39041,12057,102,300,300,0,3
4,39042,12058,257,304,304,0,3
4,39043,12059,-20,293,293,0,3
4,39047,12060,-599,262,262,0,3
4,39048,12061,-946,209,209,0,3
4,39049,12062,-901,138,138,0,3
4,39050,12063,-434,56,56,0,3
4,39052,12064,67,-28,-28,0,3
4,39053,12065,266,-102,-102,0,1
4,39054,12066,26,-158,-158,0,2
4,39055,12067,-496,-189,-189,0,3
4,39056,12068,-880,-199,-199,0,3
4,39060,12069,-885,-193,-193,0,3
4,39061,12070,-497,-183,-183,0,3
4,39062,12071,-20,-176,-176,0,3
4,39063,12072,216,-179,-179,0,3
4,39064,12073,122,-188,-188,0,3
4,39066,12074,-348,-199,-199,0,3
4,39067,12075,-798,-204,-204,0,3
4,39068,12076,-912,-199,-199,0,3
4,39069,12077,-717,-187,-187,0,3
4,39073,12078,-199,-175,-175,0,3
4,39074,12079,188,-171,-171,0,3
4,39075,12080,102,-183,-183,0,3
4,39076,12081,-262,-212,-212,0,3
4,39077,12082,-743,-252,-252,0,3
4,39078,12083,-1065,-287,-287,0,3
4,39080,12084,-907,-303,-303,0,1
4,39081,12085,-323,-290,-290,0,2
4,39082,12086,122,-252,-252,0,3
4,39086,12087,168,-201,-201,0,3
4,39087,12088,-159,-162,-162,0,3
4,39088,12089,-676,-158,-158,0,3
4,39089,12090,-1056,-202,-202,0,3
4,39090,12091,-880,-293,-293,0,3
4,39091,12092,-389,-411,-411,0,3
4,39092,12093,143,-529,-529,0,3
4,39094,12094,298,-624,-624,0,3
4,39095,12095,-41,-686,-686,0,3
4,39099,12096,-579,-728,-728,0,3
4,39100,12097,-885,-776,-776,0,3
4,39101,12098,-860,-854,-854,0,3
4,39102,12099,-455,-967,-967,0,3
4,39103,12100,47,-1078,-1078,0,3
4,39104,12101,246,-1114,-1114,0,3
4,39105,12102,26,-976,-976,0,3
4,39106,12103,-434,-575,-575,0,1
4,39108,12104,-839,129,129,0,2
4,39112,12105,-905,1097,1097,0,3
4,39113,12106,-558,2205,2205,0,3
4,39114,12107,-82,3261,3261,0,3
4,39115,12108,134,4052,4052,0,3
4,39116,12109,61,4405,4405,0,3
4,39117,12110,-369,4233,4233,0,3
4,39118,12111,-778,3569,3569,0,3
4,39119,12112,-933,2555,2555,0,3
4,39120,12113,-655,1405,1405,0,3
4,39125,12114,-179,344,344,0,3
4,39126,12115,209,-447,-447,0,3
4,39127,12116,225,-880,-880,0,3
4,39128,12117,-201,-970,-970,0,3
4,39129,12118,-764,-812,-812,0,3
4,39130,12119,-983,-547,-547,0,3
4,39131,12120,-805,-304,-304,0,3
4,39132,12121,-282,-169,-169,0,3
4,39133,12122,204,-163,-163,0,1
4,39134,12123,291,-252,-252,0,2
4,39138,12124,-56,-372,-372,0,3
4,39139,12125,-614,-463,-463,0,3
4,39140,12126,-1015,-486,-486,0,3
4,39141,12127,-901,-443,-443,0,3
4,39143,12128,-348,-362,-362,0,3
4,39144,12129,143,-284,-284,0,3
4,39145,12130,277,-241,-241,0,3
4,39146,12131,-143,-245,-245,0,3
4,39147,12132,-702,-285,-285,0,3
4,39151,12133,-1110,-337,-337,0,3
4,39152,12134,-1024,-374,-374,0,3
4,39153,12135,-578,-381,-381,0,3
4,39154,12136,-117,-359,-359,0,3
4,39155,12137,82,-323,-323,0,3
4,39157,12138,-158,-291,-291,0,3
4,39158,12139,-639,-278,-278,0,3
4,39159,12140,-1065,-291,-291,0,3
4,39160,12141,-1110,-323,-323,0,1
4,39164,12142,-763,-362,-362,0,2
4,39165,12143,-246,-393,-393,0,3
4,39166,12144,-9,-407,-407,0,3
4,39167,12145,-82,-403,-403,0,3
4,39168,12146,-553,-386,-386,0,3
4,39169,12147,-942,-367,-367,0,3
4,39171,12148,-1076,-354,-354,0,3
4,39172,12149,-737,-353,-353,0,3
4,39173,12150,-261,-361,-361,0,3
4,39177,12151,147,-372,-372,0,3
4,39178,12152,245,-376,-376,0,3
4,39179,12153,-98,-368,-368,0,3
4,39180,12154,-579,-349,-349,0,3
4,39181,12155,-758,-323,-323,0,3
4,39182,12156,-579,-296,-296,0,3
4,39183,12157,-37,-278,-278,0,3
4,39185,12158,491,-270,-270,0,3
4,39186,12159,598,-272,-272,0,3
4,39190,12160,190,-280,-280,0,1
4,39191,12161,-348,-287,-287,0,2
4,39192,12162,-646,-290,-290,0,3
4,39193,12163,-553,-286,-286,0,3
4,39194,12164,-41,-278,-278,0,3
4,39195,12165,491,-270,-270,0,3
4,39196,12166,605,-267,-267,0,3
4,39197,12167,266,-271,-271,0,3
4,39199,12168,-251,-282,-282,0,3
4,39203,12169,-557,-297,-297,0,3
4,39204,12170,-450,-312,-312,0,3
4,39205,12171,37,-322,-322,0,3
4,39206,12172,538,-324,-324,0,3
4,39207,12173,696,-318,-318,0,3
4,39208,12174,456,-305,-305,0,3
4,39209,12175,-107,-287,-287,0,3
4,39210,12176,-471,-271,-271,0,3
4,39211,12177,-516,-260,-260,0,3
4,39216,12178,-190,-257,-257,0,3
4,39217,12179,328,-263,-263,0,1
4,39218,12180,585,-274,-274,0,2
4,39219,12181,430,-286,-286,0,3
4,39220,12182,-20,-294,-294,0,3
4,39221,12183,-512,-294,-294,0,3
4,39222,12184,-646,-287,-287,0,3
4,39223,12185,-369,-276,-276,0,3
4,39224,12186,149,-263,-263,0,3
4,39225,12187,557,-254,-254,0,3
4,39229,12188,532,-252,-252,0,3
4,39230,12189,127,-257,-257,0,3
4,39231,12190,-374,-268,-268,0,3
4,39232,12191,-594,-284,-284,0,3
4,39234,12192,-456,-305,-305,0,3
4,39235,12193,25,-328,-328,0,3
4,39236,12194,430,-352,-352,0,3
4,39237,12195,557,-377,-377,0,3
4,39238,12196,190,-401,-401,0,3
4,39242,12197,-369,-422,-422,0,3
4,39243,12198,-687,-439,-439,0,1
4,39244,12199,-573,-452,-452,0,2
4,39245,12200,-102,-461,-461,0,3
4,39246,12201,430,-467,-467,0,3
4,39248,12202,523,-472,-472,0,3
4,39249,12203,143,-478,-478,0,3
4,39250,12204,-415,-485,-485,0,3
4,39251,12205,-741,-491,-491,0,3
4,39255,12206,-634,-498,-498,0,3
4,39256,12207,-168,-502,-502,0,3
4,39257,12208,313,-503,-503,0,3
4,39258,12209,492,-497,-497,0,3
4,39259,12210,190,-482,-482,0,3
4,39260,12211,-271,-457,-457,0,3
4,39262,12212,-675,-422,-422,0,3
4,39263,12213,-700,-379,-379,0,3
4,39264,12214,-333,-332,-332,0,3
4,39268,12215,184,-284,-284,0,3
4,39269,12216,441,-237,-237,0,3
4,39270,12217,307,-191,-191,0,1
4,39271,12218,-123,-146,-146,0,2
4,39272,12219,-573,-103,-103,0,3
4,39273,12220,-728,-63,-63,0,3
4,39274,12221,-451,-29,-29,0,3
4,39276,12222,67,-3,-3,0,3
4,39277,12223,414,12,12,0,3
4,39281,12224,368,16,16,0,3
4,39282,12225,4,11,11,0,3
4,39283,12226,-518,1,1,0,3
4,39284,12227,-778,-8,-8,0,3
4,39285,12228,-559,-11,-11,0,3
4,39286,12229,-16,-5,-5,0,3
4,39287,12230,450,11,11,0,3
4,39288,12231,536,36,36,0,3
4,39289,12232,169,65,65,0,3
4,39290,12233,-389,93,93,0,3
4,39294,12234,-789,114,114,0,3
4,39295,12235,-594,125,125,0,3
4,39296,12236,-123,125,125,0,1
4,39297,12237,389,115,115,0,2
4,39298,12238,523,99,99,0,3
4,39299,12239,225,81,81,0,3
4,39300,12240,-333,65,65,0,3
4,39301,12241,-659,51,51,0,3
4,39302,12242,-614,38,38,0,3
4,39303,12243,-168,24,24,0,3
4,39307,12244,313,8,8,0,3
4,39308,12245,492,-9,-9,0,3
4,39309,12246,190,-23,-23,0,3
4,39310,12247,-291,-31,-31,0,3
4,39311,12248,-675,-30,-30,0,3
4,39312,12249,-721,-19,-19,0,3
4,39313,12250,-313,-3,-3,0,3
4,39314,12251,123,12,12,0,3
4,39315,12252,421,21,21,0,3
4,39316,12253,368,21,21,0,3
4,39320,12254,-41,12,12,0,3
4,39321,12255,-368,-3,-3,0,1
4,39322,12256,-462,-20,-20,0,2
4,39323,12257,-164,-33,-33,0,3
4,39324,12258,272,-42,-42,0,3
4,39325,12259,680,-45,-45,0,3
4,39326,12260,675,-45,-45,0,3
4,39327,12261,271,-46,-46,0,3
4,39328,12262,-231,-50,-50,0,3
4,39329,12263,-410,-60,-60,0,3
4,39333,12264,-190,-75,-75,0,3
4,39334,12265,352,-93,-93,0,3
4,39335,12266,819,-109,-109,0,3
4,39336,12267,905,-120,-120,0,3
4,39337,12268,517,-123,-123,0,3
4,39338,12269,-41,-120,-120,0,3
4,39339,12270,-380,-112,-112,0,3
4,39340,12271,-204,-105,-105,0,3
4,39341,12272,287,-102,-102,0,3
4,39342,12273,778,-106,-106,0,3
4,39346,12274,892,-115,-115,0,1
4,39347,12275,553,-127,-127,0,2
4,39348,12276,-26,-136,-136,0,3
4,39349,12277,-373,-140,-140,0,3
4,39350,12278,-327,-138,-138,0,3
4,39351,12279,180,-130,-130,0,3
4,39352,12280,743,-120,-120,0,3
4,39353,12281,942,-112,-112,0,3
4,39354,12282,641,-108,-108,0,3
4,39355,12283,57,-110,-110,0,3
4,39359,12284,-450,-116,-116,0,3
4,39360,12285,-495,-126,-126,0,3
4,39361,12286,-251,-135,-135,0,3
4,39362,12287,164,-142,-142,1,3
4,39481,12288,359,-144,-144,0,3
4,39482,12289,245,-140,-140,0,3
4,39483,12290,-266,-128,-128,0,3
4,39484,12291,-696,-113,-113,0,3
4,39489,12292,-810,-97,-97,0,3
4,39490,12293,-553,-83,-83,0,1
4,39491,12294,-56,-77,-77,0,2
4,39492,12295,311,-77,-77,0,3
4,39493,12296,245,-83,-83,0,3
4,39494,12297,-119,-91,-91,0,3
4,39495,12298,-600,-99,-99,0,3
4,39496,12299,-881,-103,-103,0,3
4,39497,12300,-723,-103,-103,0,3
4,39498,12301,-241,-99,-99,0,3
4,39502,12302,225,-93,-93,0,3
4,39503,12303,332,-85,-85,0,3
4,39504,12304,5,-78,-78,0,3
4,39505,12305,-553,-75,-75,0,3
4,39507,12306,-912,-77,-77,0,3
4,39508,12307,-737,-85,-85,0,3
4,39509,12308,-266,-100,-100,0,3
4,39510,12309,245,-122,-122,0,3
4,39511,12310,359,-146,-146,0,3
4,39515,12311,20,-169,-169,0,3
4,39516,12312,-517,-182,-182,0,1
4,39517,12313,-946,-182,-182,0,2
4,39518,12314,-983,-164,-164,0,3
4,39519,12315,-639,-130,-130,0,3
4,39521,12316,-260,-84,-84,0,3
4,39522,12317,-102,-32,-32,0,3
4,39523,12318,-404,18,18,0,3
4,39524,12319,-1049,62,62,0,3
4,39528,12320,-1577,96,96,0,3
4,39529,12321,-1642,119,119,0,3
4,39530,12322,-1009,133,133,0,3
4,39531,12323,-41,142,142,0,3
4,39532,12324,748,151,151,0,3
4,39533,12325,1228,164,164,0,3
4,39535,12326,1577,182,182,0,3
4,39536,12327,2089,207,207,0,3
4,39537,12328,3081,233,233,0,3
4,39541,12329,4178,257,257,0,3
4,39542,12330,5166,276,276,0,3
4,39543,12331,5554,287,287,0,1
4,39544,12332,4792,291,291,0,2
4,39545,12333,2912,288,288,0,3
4,39546,12334,731,280,280,0,3
4,39547,12335,-737,270,270,0,3
4,39549,12336,-1050,257,257,0,3
4,39550,12337,-692,244,244,0,3
4,39554,12338,-164,232,232,0,3
4,39555,12339,45,225,225,0,3
4,39556,12340,-179,227,227,0,3
4,39557,12341,-696,237,237,0,3
4,39558,12342,-1035,254,254,0,3
4,39559,12343,-901,271,271,0,3
4,39560,12344,-369,279,279,0,3
4,39561,12345,143,267,267,0,3
4,39563,12346,236,228,228,0,3
4,39567,12347,-41,162,162,0,3
4,39568,12348,-640,74,74,0,3
4,39569,12349,-905,-24,-24,0,3
4,39570,12350,-901,-117,-117,0,1
4,39571,12351,-414,-193,-193,0,2
4,39572,12352,67,-241,-241,0,3
4,39573,12353,246,-262,-262,0,3
4,39574,12354,-15,-261,-261,0,3
4,39575,12355,-557,-249,-249,0,3
4,39580,12356,-921,-238,-238,0,3
4,39581,12357,-966,-238,-238,0,3
4,39582,12358,-620,-251,-251,0,3
4,39583,12359,-164,-273,-273,0,3
4,39584,12360,93,-295,-295,0,3
4,39585,12361,0,-307,-307,0,3
4,39586,12362,-430,-306,-306,0,3
4,39587,12363,-860,-294,-294,0,3
4,39588,12364,-1015,-279,-279,0,3
4,39589,12365,-717,-273,-273,0,3
4,39593,12366,-199,-280,-280,0,3
4,39594,12367,168,-298,-298,0,3
4,39595,12368,102,-318,-318,0,3
4,39596,12369,-262,-326,-326,0,1
4,39598,12370,-784,-315,-315,0,2
4,39599,12371,-1024,-285,-285,0,3
4,39600,12372,-886,-248,-248,0,3
4,39601,12373,-344,-225,-225,0,3
4,39602,12374,122,-235,-235,0,3
4,39606,12375,147,-287,-287,0,3
4,39607,12376,-179,-375,-375,0,3
4,39608,12377,-717,-482,-482,0,3
4,39609,12378,-1056,-586,-586,0,3
4,39610,12379,-860,-668,-668,0,3
4,39612,12380,-369,-729,-729,0,3
4,39613,12381,82,-778,-778,0,3
4,39614,12382,216,-833,-833,0,3
4,39615,12383,-82,-900,-900,0,3
4,39619,12384,-661,-957,-957,0,3
4,39620,12385,-1069,-949,-949,0,3
4,39621,12386,-983,-796,-796,0,3
4,39622,12387,-496,-415,-415,0,3
4,39623,12388,-15,243,243,0,1
4,39624,12389,164,1166,1166,0,2
4,39626,12390,-97,2261,2261,0,3
4,39627,12391,-557,3363,3363,0,3
4,39628,12392,-962,4265,4265,0,3
4,39632,12393,-966,4776,4776,0,3
4,39633,12394,-620,4772,4772,0,3
4,39634,12395,-102,4237,4237,0,3
4,39635,12396,175,3274,3274,0,3
4,39636,12397,20,2078,2078,0,3
4,39637,12398,-389,882,882,0,3
4,39638,12399,-819,-101,-101,0,3
4,39640,12400,-953,-737,-737,0,3
4,39641,12401,-676,-995,-995,0,3
4,39645,12402,-179,-944,-944,0,3
4,39646,12403,209,-712,-712,0,3
4,39647,12404,204,-444,-444,0,3
4,39648,12405,-160,-250,-250,0,3
4,39649,12406,-702,-184,-184,0,3
4,39650,12407,-942,-233,-233,0,1
4,39651,12408,-764,-345,-345,0,2
4,39652,12409,-282,-452,-452,0,3
4,39654,12410,143,-504,-504,0,3
4,39658,12411,209,-485,-485,0,3
4,39659,12412,-138,-412,-412,0,3
4,39660,12413,-717,-324,-324,0,3
4,39661,12414,-1015,-260,-260,0,3
4,39662,12415,-921,-245,-245,0,3
4,39663,12416,-430,-281,-281,0,3
4,39664,12417,61,-347,-347,0,3
4,39665,12418,195,-415,-415,0,3
4,39666,12419,-164,-459,-459,0,3
4,39671,12420,-743,-469,-469,0,3
4,39672,12421,-1069,-448,-448,0,3
4,39673,12422,-1024,-415,-415,0,3
4,39674,12423,-578,-387,-387,0,3
4,39675,12424,-117,-376,-376,0,3
4,39676,12425,82,-384,-384,0,3
4,39677,12426,-179,-401,-401,0,1
4,39678,12427,-639,-414,-414,0,2
4,39679,12428,-1044,-413,-413,0,3
4,39680,12429,-1110,-395,-395,0,3
4,39684,12430,-743,-369,-369,0,3
4,39685,12431,-184,-344,-344,0,3
4,39686,12432,32,-332,-332,0,3
4,39687,12433,-103,-336,-336,0,3
4,39689,12434,-614,-354,-354,0,3
4,39690,12435,-962,-377,-377,0,3
4,39691,12436,-1138,-395,-395,0,3
4,39692,12437,-840,-402,-402,0,3
4,39693,12438,-302,-394,-394,0,3
4,39697,12439,106,-376,-376,0,3
4,39698,12440,102,-353,-353,0,3
4,39699,12441,-241,-334,-334,0,3
4,39700,12442,-702,-322,-322,0,3
4,39701,12443,-881,-320,-320,0,3
4,39703,12444,-661,-325,-325,0,3
4,39704,12445,-139,-335,-335,0,1
4,39705,12446,409,-347,-347,0,2
4,39706,12447,495,-357,-357,0,3
4,39710,12448,149,-365,-365,0,3
4,39711,12449,-348,-369,-369,0,3
4,39712,12450,-646,-371,-371,0,3
4,39713,12451,-512,-371,-371,0,3
4,39714,12452,41,-371,-371,0,3
4,39715,12453,573,-370,-370,0,3
4,39717,12454,646,-367,-367,0,3
4,39718,12455,348,-363,-363,0,3
4,39719,12456,-190,-356,-356,0,3
4,39723,12457,-475,-348,-348,0,3
4,39724,12458,-368,-339,-339,0,3
4,39725,12459,57,-331,-331,0,3
4,39726,12460,579,-324,-324,0,3
4,39727,12461,758,-319,-319,0,3
4,39728,12462,497,-312,-312,0,3
4,39729,12463,16,-302,-302,0,3
4,39731,12464,-368,-289,-289,0,1
4,39732,12465,-414,-273,-273,0,2
4,39736,12466,-5,-259,-259,0,3
4,39737,12467,430,-247,-247,0,3
4,39738,12468,646,-242,-242,0,3
4,39739,12469,532,-243,-243,0,3
4,39740,12470,123,-250,-250,0,3
4,39741,12471,-348,-260,-260,0,3
4,39742,12472,-523,-273,-273,0,3
4,39743,12473,-225,-287,-287,0,3
4,39745,12474,231,-300,-300,0,3
4,39749,12475,598,-311,-311,0,3
4,39750,12476,594,-321,-321,0,3
4,39751,12477,209,-330,-330,0,3
4,39752,12478,-333,-337,-337,0,3
4,39753,12479,-573,-345,-345,0,3
4,39754,12480,-395,-355,-355,0,3
4,39755,12481,148,-367,-367,0,3
4,39756,12482,532,-381,-381,0,3
4,39757,12483,618,-397,-397,0,1
4,39762,12484,251,-413,-413,0,2
4,39763,12485,-266,-428,-428,0,3
4,39764,12486,-626,-441,-441,0,3
4,39765,12487,-512,-450,-450,0,3
4,39766,12488,61,-457,-457,0,3
4,39767,12489,594,-461,-461,0,3
4,39768,12490,667,-464,-464,0,3
4,39769,12491,348,-466,-466,0,3
4,39770,12492,-190,-468,-468,0,3
4,39771,12493,-557,-471,-471,0,3
4,39775,12494,-512,-476,-476,0,3
4,39776,12495,-25,-484,-484,0,3
4,39777,12496,497,-493,-493,0,3
4,39778,12497,594,-502,-502,0,3
4,39780,12498,293,-505,-505,0,3
4,39781,12499,-209,-501,-501,0,3
4,39782,12500,-553,-486,-486,0,3
4,39783,12501,-598,-460,-460,0,3
4,39784,12502,-231,-427,-427,0,1
4,39788,12503,287,-388,-388,0,2
4,39789,12504,503,-347,-347,0,3
4,39790,12505,327,-305,-305,0,3
4,39791,12506,-102,-263,-263,0,3
4,39792,12507,-532,-219,-219,0,3
4,39794,12508,-626,-175,-175,0,3
4,39795,12509,-389,-131,-131,0,3
4,39796,12510,87,-90,-90,0,3
4,39797,12511,516,-53,-53,0,3
4,39801,12512,450,-21,-21,0,3
4,39802,12513,86,5,5,0,3
4,39803,12514,-436,26,26,0,3
4,39804,12515,-655,42,42,0,3
4,39805,12516,-477,56,56,0,3
4,39806,12517,25,69,69,0,3
4,39808,12518,553,83,83,0,3
4,39809,12519,557,99,99,0,3
4,39810,12520,190,117,117,0,3
4,39814,12521,-348,136,136,0,1
4,39815,12522,-687,153,153,0,2
4,39816,12523,-532,167,167,0,3
4,39817,12524,-20,176,176,0,3
4,39818,12525,450,178,178,0,3
4,39819,12526,564,174,174,0,3
4,39820,12527,266,167,167,0,3
4,39822,12528,-333,159,159,0,3
4,39823,12529,-680,150,150,0,3
4,39827,12530,-553,142,142,0,3
4,39828,12531,-107,133,133,0,3
4,39829,12532,374,122,122,0,3
4,39830,12533,553,109,109,0,3
4,39831,12534,293,97,97,0,3
4,39832,12535,-230,85,85,0,3
4,39833,12536,-614,77,77,0,3
4,39834,12537,-618,71,71,0,3
4,39836,12538,-272,68,68,0,3
4,39840,12539,184,65,65,0,3
4,39841,12540,503,62,62,0,1
4,39842,12541,368,57,57,0,2
4,39843,12542,-61,52,52,0,3
4,39844,12543,-512,46,46,0,3
4,39845,12544,-667,39,39,0,3
4,39846,12545,-410,32,32,0,3
4,39847,12546,26,25,25,0,3
4,39848,12547,475,20,20,0,3
4,39853,12548,491,18,18,0,3
4,39854,12549,66,19,19,0,3
4,39855,12550,-395,24,24,0,3
4,39856,12551,-676,33,33,0,3
4,39857,12552,-436,44,44,0,3
4,39858,12553,45,53,53,0,3
4,39859,12554,553,60,60,0,3
4,39860,12555,659,62,62,0,3
4,39861,12556,272,58,58,0,3
4,39862,12557,-225,49,49,0,3
4,39866,12558,-544,35,35,0,3
4,39867,12559,-327,19,19,0,1
4,39868,12560,205,2,2,0,2
4,39869,12561,696,-15,-15,0,3
4,39871,12562,830,-29,-29,0,3
4,39872,12563,553,-41,-41,0,3
4,39873,12564,15,-49,-49,0,3
4,39874,12565,-332,-55,-55,0,3
4,39875,12566,-225,-59,-59,0,3
4,39879,12567,282,-64,-64,0,3
4,39880,12568,784,-71,-71,0,3
4,39881,12569,983,-78,-78,0,3
4,39882,12570,723,-84,-84,0,3
4,39883,12571,241,-86,-86,0,3
4,39885,12572,-184,-84,-84,0,3
4,39886,12573,-188,-77,-77,0,3
4,39887,12574,179,-69,-69,0,3
4,39888,12575,655,-61,-61,0,3
4,39892,12576,871,-55,-55,0,3
4,39893,12577,757,-52,-52,0,3
4,39894,12578,287,-49,-49,0,1
4,39895,12579,-102,-47,-47,0,2
4,39896,12580,-257,-43,-43,0,3
4,39897,12581,0,-39,-39,0,3
4,39899,12582,456,-34,-34,0,3
4,39900,12583,844,-31,-31,0,3
4,39901,12584,901,-30,-30,0,3
4,39905,12585,598,-32,-32,0,3
4,39906,12586,76,-38,-38,0,3
4,39907,12587,-205,-45,-45,0,3
4,39908,12588,-129,-53,-53,0,3
4,39909,12589,311,-59,-59,0,3
4,39910,12590,716,-62,-62,0,3
4,39911,12591,721,-60,-60,0,3
4,39913,12592,251,-57,-57,0,3
4,39914,12593,-328,-52,-52,0,3
4,39918,12594,-707,-48,-48,0,3
4,39919,12595,-553,-49,-49,0,3
4,39920,12596,-123,-56,-56,0,3
4,39921,12597,430,-67,-67,0,1
4,39922,12598,564,-80,-80,0,2
4,39923,12599,246,-91,-91,0,3
4,39924,12600,-292,-97,-97,0,3
4,39925,12601,-700,-97,-97,0,3
4,39927,12602,-634,-93,-93,0,3
4,39931,12603,-230,-87,-87,0,3
4,39932,12604,313,-84,-84,0,3
4,39933,12605,492,-87,-87,0,3
4,39934,12606,231,-93,-93,0,3
4,39935,12607,-291,-101,-101,0,3
4,39936,12608,-655,-106,-106,0,3
4,39937,12609,-680,-107,-107,0,3
4,39938,12610,-313,-102,-102,0,3
4,39939,12611,164,-93,-93,0,3
4,39944,12612,380,-81,-81,0,3
4,39945,12613,286,-69,-69,0,3
4,39946,12614,-164,-57,-57,0,3
4,39947,12615,-573,-45,-45,0,3
4,39948,12616,-769,-32,-32,0,1
4,39949,12617,-471,-17,-17,0,2
4,39950,12618,-36,2,2,0,3
4,39951,12619,332,26,26,0,3
4,39952,12620,225,54,54,0,3
4,39953,12621,-262,85,85,0,3
4,39957,12622,-948,115,115,0,3
4,39958,12623,-1270,144,144,0,3
4,39959,12624,-1173,169,169,0,3
4,39960,12625,-692,191,191,0,3
4,39962,12626,-308,211,211,0,3
4,39963,12627,-324,232,232,0,3
4,39964,12628,-875,255,255,0,3
4,39965,12629,-1536,280,280,0,3
4,39966,12630,-1629,306,306,0,3
4,39970,12631,-1065,329,329,0,3
4,39971,12632,-143,345,345,0,3
4,39972,12633,962,353,353,0,3
4,39973,12634,1731,353,353,0,3
4,39974,12635,2253,347,347,0,1
4,39976,12636,2841,338,338,0,2
4,39977,12637,3601,330,330,0,3
4,39978,12638,4486,321,321,0,3
4,39979,12639,5280,310,310,0,3
4,39983,12640,5597,298,298,0,3
4,39984,12641,4792,284,284,0,3
4,39985,12642,2975,271,271,0,3
4,39986,12643,794,264,264,0,3
4,39987,12644,-798,267,267,0,3
4,39988,12645,-1233,284,284,0,3
4,39990,12646,-845,310,310,0,3
4,39991,12647,-225,341,341,0,3
4,39992,12648,175,367,367,0,3
4,39996,12649,122,380,380,0,3
4,39997,12650,-287,371,371,0,3
4,39998,12651,-778,337,337,0,3
4,39999,12652,-912,278,278,0,3
4,40000,12653,-676,200,200,0,3
4,40001,12654,-179,115,115,0,1
4,40002,12655,209,32,32,0,2
4,40004,12656,163,-37,-37,0,3
4,40005,12657,-221,-85,-85,0,3
4,40009,12658,-743,-112,-112,0,3
4,40010,12659,-1004,-118,-118,0,3
4,40011,12660,-805,-111,-111,0,3
4,40012,12661,-303,-99,-99,0,3
4,40013,12662,163,-89,-89,0,3
4,40014,12663,209,-87,-87,0,3
4,40015,12664,-138,-96,-96,0,3
4,40016,12665,-676,-115,-115,0,3
4,40018,12666,-1035,-140,-140,0,3
4,40022,12667,-860,-165,-165,0,3
4,40023,12668,-328,-181,-181,0,3
4,40024,12669,163,-187,-187,0,3
4,40025,12670,298,-180,-180,0,3
4,40026,12671,-20,-165,-165,0,3
4,40027,12672,-620,-151,-151,0,3
4,40028,12673,-966,-146,-146,0,1
4,40029,12674,-839,-156,-156,0,2
4,40030,12675,-434,-180,-180,0,3
4,40035,12676,6,-210,-210,0,3
4,40036,12677,246,-235,-235,0,3
4,40037,12678,-15,-242,-242,0,3
4,40038,12679,-516,-230,-230,0,3
4,40039,12680,-901,-206,-206,0,3
4,40040,12681,-926,-191,-191,0,3
4,40041,12682,-538,-206,-206,0,3
4,40042,12683,-82,-269,-269,0,3
4,40043,12684,175,-381,-381,0,3
4,40044,12685,82,-526,-526,0,3
4,40048,12686,-348,-674,-674,0,3
4,40049,12687,-798,-798,-798,0,3
4,40050,12688,-912,-879,-879,0,3
4,40051,12689,-655,-921,-921,0,3
4,40053,12690,-179,-940,-940,0,3
4,40054,12691,250,-960,-960,0,3
4,40055,12692,266,-986,-986,0,1
4,40056,12693,-180,-993,-993,0,2
4,40057,12694,-682,-919,-919,0,3
4,40061,12695,-963,-679,-679,0,3
4,40062,12696,-764,-193,-193,0,3
4,40063,12697,-180,581,581,0,3
4,40064,12698,225,1608,1608,0,3
4,40065,12699,311,2772,2772,0,3
4,40067,12700,-77,3886,3886,0,3
4,40068,12701,-614,4736,4736,0,3
4,40069,12702,-974,5136,5136,0,3
4,40070,12703,-839,4983,4983,0,3
4,40074,12704,-369,4294,4294,0,3
4,40075,12705,163,3204,3204,0,3
4,40076,12706,236,1932,1932,0,3
4,40077,12707,-20,724,724,0,3
4,40078,12708,-599,-215,-215,0,3
4,40079,12709,-926,-772,-772,0,3
4,40081,12710,-860,-944,-944,0,3
4,40082,12711,-414,-825,-825,0,1
4,40083,12712,26,-562,-562,0,2
4,40087,12713,225,-302,-302,0,3
4,40088,12714,6,-145,-145,0,3
4,40089,12715,-434,-128,-128,0,3
4,40090,12716,-860,-222,-222,0,3
4,40091,12717,-823,-362,-362,0,3
4,40092,12718,-456,-479,-479,0,3
4,40093,12719,20,-528,-528,0,3
4,40095,12720,257,-500,-500,0,3
4,40096,12721,122,-423,-423,0,3
4,40100,12722,-266,-340,-340,0,3
4,40101,12723,-737,-288,-288,0,3
4,40102,12724,-851,-286,-286,0,3
4,40103,12725,-553,-329,-329,0,3
4,40104,12726,-118,-391,-391,0,3
4,40105,12727,270,-441,-441,0,3
4,40106,12728,245,-456,-456,0,3
4,40107,12729,-160,-431,-431,0,3
4,40109,12730,-702,-378,-378,0,1
4,40113,12731,-963,-321,-321,0,2
4,40114,12732,-805,-280,-280,0,3
4,40115,12733,-282,-269,-269,0,3
4,40116,12734,184,-287,-287,0,3
4,40117,12735,270,-322,-322,0,3
4,40118,12736,-97,-355,-355,0,3
4,40119,12737,-676,-374,-374,0,3
4,40120,12738,-994,-373,-373,0,3
4,40121,12739,-860,-356,-356,0,3
4,40126,12740,-348,-334,-334,0,3
4,40127,12741,163,-318,-318,0,3
4,40128,12742,236,-314,-314,0,3
4,40129,12743,-82,-324,-324,0,3
4,40130,12744,-558,-339,-339,0,3
4,40131,12745,-966,-353,-353,0,3
4,40132,12746,-860,-358,-358,0,3
4,40133,12747,-393,-353,-353,0,3
4,40134,12748,170,-339,-339,0,3
4,40135,12749,348,-321,-321,0,1
4,40139,12750,108,-304,-304,0,2
4,40140,12751,-311,-290,-290,0,3
4,40141,12752,-675,-281,-281,0,3
4,40142,12753,-659,-276,-276,0,3
4,40144,12754,-231,-273,-273,0,3
4,40145,12755,287,-272,-272,0,3
4,40146,12756,564,-271,-271,0,3
4,40147,12757,430,-267,-267,0,3
4,40148,12758,41,-260,-260,0,3
4,40152,12759,-389,-252,-252,0,3
4,40153,12760,-503,-245,-245,0,3
4,40154,12761,-246,-242,-242,0,3
4,40155,12762,231,-243,-243,0,3
4,40156,12763,639,-251,-251,0,3
4,40158,12764,614,-262,-262,0,3
4,40159,12765,230,-274,-274,0,3
4,40160,12766,-313,-284,-284,0,3
4,40161,12767,-512,-289,-289,0,3
4,40165,12768,-374,-290,-290,0,1
4,40166,12769,189,-286,-286,0,2
4,40167,12770,634,-283,-283,0,3
4,40168,12771,741,-281,-281,0,3
4,40169,12772,353,-282,-282,0,3
4,40170,12773,-205,-287,-287,0,3
4,40172,12774,-585,-292,-292,0,3
4,40173,12775,-348,-296,-296,0,3
4,40174,12776,143,-295,-295,0,3
4,40178,12777,614,-289,-289,0,3
4,40179,12778,748,-278,-278,0,3
4,40180,12779,451,-264,-264,0,3
4,40181,12780,-169,-249,-249,0,3
4,40182,12781,-475,-238,-238,0,3
4,40183,12782,-389,-231,-231,0,3
4,40184,12783,57,-230,-230,0,3
4,40186,12784,538,-232,-232,0,3
4,40187,12785,717,-234,-234,0,3
4,40191,12786,497,-234,-234,0,3
4,40192,12787,-25,-230,-230,0,1
4,40193,12788,-389,-224,-224,0,2
4,40194,12789,-434,-220,-220,0,3
4,40195,12790,-87,-221,-221,0,3
4,40196,12791,410,-230,-230,0,3
4,40197,12792,667,-247,-247,0,3
4,40198,12793,491,-269,-269,0,3
4,40200,12794,82,-291,-291,0,3
4,40204,12795,-409,-306,-306,0,3
4,40205,12796,-523,-314,-314,0,3
4,40206,12797,-287,-315,-315,0,3
4,40207,12798,210,-311,-311,0,3
4,40208,12799,557,-306,-306,0,3
4,40209,12800,532,-303,-303,0,3
4,40210,12801,127,-305,-305,0,3
4,40211,12802,-374,-310,-310,0,3
4,40212,12803,-635,-318,-318,0,3
4,40217,12804,-436,-325,-325,0,3
4,40218,12805,86,-329,-329,0,3
4,40219,12806,512,-330,-330,0,1
4,40220,12807,598,-326,-326,0,2
4,40221,12808,231,-318,-318,0,3
4,40222,12809,-307,-305,-305,0,3
4,40223,12810,-646,-287,-287,0,3
4,40224,12811,-512,-266,-266,0,3
4,40225,12812,-41,-240,-240,0,3
4,40226,12813,471,-211,-211,0,3
4,40230,12814,585,-178,-178,0,3
4,40231,12815,287,-141,-141,0,3
4,40232,12816,-313,-103,-103,0,3
4,40233,12817,-680,-64,-64,0,3
4,40235,12818,-634,-27,-27,0,3
4,40236,12819,-168,5,5,0,3
4,40237,12820,313,30,30,0,3
4,40238,12821,492,48,48,0,3
4,40239,12822,231,61,61,0,3
4,40243,12823,-271,70,70,0,3
4,40244,12824,-634,77,77,0,3
4,40245,12825,-680,83,83,0,1
4,40246,12826,-313,88,88,0,2
4,40247,12827,184,90,90,0,3
4,40249,12828,441,91,91,0,3
4,40250,12829,286,92,92,0,3
4,40251,12830,-123,93,93,0,3
4,40252,12831,-553,96,96,0,3
4,40256,12832,-687,100,100,0,3
4,40257,12833,-430,106,106,0,3
4,40258,12834,26,110,110,0,3
4,40259,12835,434,114,114,0,3
4,40260,12836,409,116,116,0,3
4,40261,12837,4,118,118,0,3
4,40263,12838,-477,119,119,0,3
4,40264,12839,-696,121,121,0,3
4,40265,12840,-518,123,123,0,3
4,40269,12841,45,124,124,0,3
4,40270,12842,512,124,124,0,3
4,40271,12843,557,123,123,0,3
4,40272,12844,149,122,122,0,1
4,40273,12845,-369,121,121,0,2
4,40274,12846,-707,121,121,0,3
4,40275,12847,-573,123,123,0,3
4,40277,12848,-102,124,124,0,3
4,40278,12849,450,125,125,0,3
4,40282,12850,544,124,124,0,3
4,40283,12851,225,121,121,0,3
4,40284,12852,-333,115,115,0,3
4,40285,12853,-680,109,109,0,3
4,40286,12854,-594,100,100,0,3
4,40287,12855,-107,91,91,0,3
4,40288,12856,354,79,79,0,3
4,40289,12857,532,67,67,0,3
4,40291,12858,272,55,55,0,3
4,40295,12859,-230,43,43,0,3
4,40296,12860,-594,33,33,0,3
4,40297,12861,-598,24,24,0,3
4,40298,12862,-272,15,15,0,3
4,40299,12863,307,6,6,0,1
4,40300,12864,564,-2,-2,0,2
4,40301,12865,491,-8,-8,0,3
4,40302,12866,164,-11,-11,0,3
4,40303,12867,-266,-12,-12,0,3
4,40308,12868,-359,-9,-9,0,3
4,40309,12869,-61,-7,-7,0,3
4,40310,12870,415,-5,-5,0,3
4,40311,12871,782,-5,-5,0,3
4,40312,12872,839,-6,-6,0,3
4,40313,12873,475,-9,-9,0,3
4,40314,12874,35,-13,-13,0,3
4,40315,12875,-266,-17,-17,0,3
4,40316,12876,-47,-23,-23,0,3
4,40317,12877,475,-31,-31,0,3
4,40321,12878,880,-41,-41,0,3
4,40322,12879,946,-54,-54,0,3
4,40323,12880,538,-68,-68,0,3
4,40324,12881,-41,-81,-81,0,3
4,40326,12882,-400,-93,-93,0,1
4,40327,12883,-245,-102,-102,0,2
4,40328,12884,266,-109,-109,0,3
4,40329,12885,778,-115,-115,0,3
4,40330,12886,912,-121,-121,0,3
4,40334,12887,573,-125,-125,0,3
4,40335,12888,-26,-128,-128,0,3
4,40336,12889,-393,-129,-129,0,3
4,40337,12890,-327,-127,-127,0,3
4,40338,12891,139,-124,-124,0,3
4,40340,12892,682,-122,-122,0,3
4,40341,12893,881,-121,-121,0,3
4,40342,12894,702,-122,-122,0,3
4,40343,12895,282,-123,-123,0,3
4,40347,12896,-143,-126,-126,0,3
4,40348,12897,-291,-128,-128,0,3
4,40349,12898,15,-128,-128,0,3
4,40350,12899,451,-126,-126,0,3
4,40351,12900,626,-120,-120,0,3
4,40352,12901,450,-109,-109,0,1
4,40354,12902,-61,-95,-95,0,2
4,40355,12903,-553,-79,-79,0,3
4,40356,12904,-707,-64,-64,0,3
4,40360,12905,-410,-54,-54,0,3
4,40361,12906,26,-49,-49,0,3
4,40362,12907,414,-51,-51,0,3
4,40363,12908,430,-58,-58,0,3
4,40364,12909,4,-68,-68,0,3
4,40365,12910,-538,-78,-78,0,3
4,40366,12911,-778,-86,-86,0,3
4,40368,12912,-641,-90,-90,0,3
4,40369,12913,-98,-91,-91,0,3
4,40373,12914,348,-89,-89,0,3
4,40374,12915,414,-84,-84,0,3
4,40375,12916,26,-78,-78,0,3
4,40376,12917,-512,-71,-71,0,3
4,40377,12918,-871,-67,-67,0,3
4,40378,12919,-716,-66,-66,0,3
4,40379,12920,-246,-71,-71,0,1
4,40380,12921,307,-81,-81,0,2
4,40382,12922,421,-93,-93,0,3
4,40386,12923,82,-101,-101,0,3
4,40387,12924,-497,-100,-100,0,3
4,40388,12925,-864,-84,-84,0,3
4,40389,12926,-839,-52,-52,0,3
4,40390,12927,-496,-7,-7,0,3
4,40391,12928,-158,43,43,0,3
4,40392,12929,-123,93,93,0,3
4,40393,12930,-424,137,137,0,3
4,40394,12931,-1049,173,173,0,3
4,40399,12932,-1638,201,201,0,3
4,40400,12933,-1683,225,225,0,3
4,40401,12934,-1050,249,249,0,3
4,40402,12935,-41,276,276,0,3
4,40403,12936,748,306,306,0,3
4,40404,12937,1167,335,335,0,3
4,40405,12938,1475,359,359,0,3
4,40406,12939,2007,372,372,0,1
4,40407,12940,2999,369,369,0,2
4,40408,12941,4116,351,351,0,3
4,40412,12942,5105,320,320,0,3
4,40413,12943,5554,286,286,0,3
4,40414,12944,5038,257,257,0,3
4,40415,12945,3588,239,239,0,3
4,40417,12946,1592,235,235,0,3
4,40418,12947,82,240,240,0,3
4,40419,12948,-661,247,247,0,3
4,40420,12949,-610,247,247,0,3
4,40421,12950,-390,236,236,0,3
4,40425,12951,-344,216,216,0,3
4,40426,12952,-568,195,195,0,3
4,40427,12953,-901,182,182,0,3
4,40428,12954,-1097,187,187,0,3
4,40429,12955,-880,212,212,0,3
4,40431,12956,-369,252,252,0,3
4,40432,12957,143,295,295,0,3
4,40433,12958,277,326,326,0,1
4,40434,12959,0,332,332,0,2
4,40438,12960,-579,304,304,0,3
4,40439,12961,-946,244,244,0,3
4,40440,12962,-901,160,160,0,3
4,40441,12963,-455,68,68,0,3
4,40442,12964,88,-17,-17,0,3
4,40443,12965,246,-82,-82,0,3
4,40445,12966,6,-121,-121,0,3
4,40446,12967,-516,-138,-138,0,3
4,40447,12968,-962,-141,-141,0,3
4,40451,12969,-885,-142,-142,0,3
4,40452,12970,-558,-148,-148,0,3
4,40453,12971,-61,-163,-163,0,3
4,40454,12972,236,-183,-183,0,3
4,40455,12973,61,-201,-201,0,3
4,40456,12974,-389,-212,-212,0,3
4,40457,12975,-819,-212,-212,0,3
4,40459,12976,-953,-207,-207,0,3
4,40460,12977,-737,-204,-204,0,1
4,40464,12978,-240,-211,-211,0,2
4,40465,12979,209,-231,-231,0,3
4,40466,12980,143,-258,-258,0,3
4,40467,12981,-160,-283,-283,0,3
4,40468,12982,-682,-294,-294,0,3
4,40469,12983,-901,-285,-285,0,3
4,40470,12984,-784,-260,-260,0,3
4,40471,12985,-221,-230,-230,0,3
4,40473,12986,225,-213,-213,0,3
4,40477,12987,311,-225,-225,0,3
4,40478,12988,-97,-275,-275,0,3
4,40479,12989,-614,-359,-359,0,3
4,40480,12990,-953,-467,-467,0,3
4,40481,12991,-839,-585,-585,0,3
4,40482,12992,-328,-701,-701,0,3
4,40483,12993,143,-808,-808,0,3
4,40484,12994,298,-904,-904,0,3
4,40485,12995,-20,-980,-980,0,3
4,40490,12996,-538,-1015,-1015,0,1
4,40491,12997,-926,-968,-968,0,2
4,40492,12998,-798,-782,-782,0,3
4,40493,12999,-352,-398,-398,0,3
4,40494,13000,170,223,223,0,3
4,40495,13001,348,1077,1077,0,3
4,40496,13002,47,2098,2098,0,3
4,40497,13003,-475,3157,3157,0,3
4,40498,13004,-839,4084,4084,0,3
4,40499,13005,-844,4703,4703,0,3
4,40503,13006,-497,4879,4879,0,3
4,40504,13007,-61,4557,4557,0,3
4,40505,13008,236,3784,3784,0,3
4,40506,13009,143,2698,2698,0,3
4,40508,13010,-369,1498,1498,0,3
4,40509,13011,-737,392,392,0,3
4,40510,13012,-912,-456,-456,0,3
4,40511,13013,-655,-960,-960,0,3
4,40512,13014,-159,-1124,-1124,0,3
4,40516,13015,229,-1028,-1028,0,1
4,40517,13016,204,-793,-793,0,2
4,40518,13017,-160,-540,-540,0,3
4,40519,13018,-682,-356,-356,0,3
4,40520,13019,-983,-275,-275,0,3
4,40522,13020,-764,-287,-287,0,3
4,40523,13021,-241,-348,-348,0,3
4,40524,13022,245,-410,-410,0,3
4,40525,13023,291,-438,-438,0,3
4,40529,13024,-97,-423,-423,0,3
4,40530,13025,-614,-379,-379,0,3
4,40531,13026,-953,-332,-332,0,3
4,40532,13027,-819,-305,-305,0,3
4,40533,13028,-287,-310,-310,0,3
4,40534,13029,204,-341,-341,0,3
4,40536,13030,318,-381,-381,0,3
4,40537,13031,-41,-411,-411,0,3
4,40538,13032,-517,-416,-416,0,3
4,40542,13033,-864,-397,-397,0,3
4,40543,13034,-819,-364,-364,0,1
4,40544,13035,-373,-333,-333,0,2
4,40545,13036,149,-320,-320,0,3
4,40546,13037,348,-328,-328,0,3
4,40547,13038,67,-352,-352,0,3
4,40548,13039,-434,-379,-379,0,3
4,40550,13040,-839,-396,-396,0,3
4,40551,13041,-885,-395,-395,0,3
4,40555,13042,-517,-374,-374,0,3
4,40556,13043,-20,-341,-341,0,3
4,40557,13044,216,-306,-306,0,3
4,40558,13045,82,-279,-279,0,3
4,40559,13046,-307,-264,-264,0,3
4,40560,13047,-737,-262,-262,0,3
4,40561,13048,-892,-267,-267,0,3
4,40562,13049,-594,-274,-274,0,3
4,40564,13050,-118,-279,-279,0,3
4,40568,13051,291,-281,-281,0,3
4,40569,13052,245,-281,-281,0,3
4,40570,13053,-139,-280,-280,0,1
4,40571,13054,-641,-281,-281,0,2
4,40572,13055,-901,-284,-284,0,3
4,40573,13056,-661,-287,-287,0,3
4,40574,13057,-119,-287,-287,0,3
4,40575,13058,430,-282,-282,0,3
4,40576,13059,516,-271,-271,0,3
4,40581,13060,190,-256,-256,0,3
4,40582,13061,-328,-239,-239,0,3
4,40583,13062,-646,-224,-224,0,3
4,40584,13063,-450,-217,-217,0,3
4,40585,13064,-20,-218,-218,0,3
4,40586,13065,512,-228,-228,0,3
4,40587,13066,687,-243,-243,0,3
4,40588,13067,369,-258,-258,0,3
4,40589,13068,-149,-270,-270,0,3
4,40590,13069,-536,-275,-275,0,3
4,40594,13070,-512,-276,-276,0,3
4,40595,13071,-45,-273,-273,0,3
4,40596,13072,497,-269,-269,0,1
4,40597,13073,717,-267,-267,0,2
4,40599,13074,456,-267,-267,0,3
4,40600,13075,-45,-267,-267,0,3
4,40601,13076,-450,-268,-268,0,3
4,40602,13077,-454,-267,-267,0,3
4,40603,13078,-108,-267,-267,0,3
4,40607,13079,328,-267,-267,0,3
4,40608,13080,605,-267,-267,0,3
4,40609,13081,471,-267,-267,0,3
4,40610,13082,20,-267,-267,0,3
4,40611,13083,-409,-267,-267,0,3
4,40613,13084,-523,-265,-265,0,3
4,40614,13085,-246,-263,-263,0,3
4,40615,13086,251,-261,-261,0,3
4,40616,13087,598,-260,-260,0,3
4,40620,13088,614,-259,-259,0,3
4,40621,13089,189,-258,-258,0,3
4,40622,13090,-313,-257,-257,0,3
4,40623,13091,-573,-256,-256,0,1
4,40624,13092,-456,-254,-254,0,2
4,40625,13093,107,-253,-253,0,3
4,40627,13094,553,-251,-251,0,3
4,40628,13095,659,-248,-248,0,3
4,40629,13096,272,-244,-244,0,3
4,40633,13097,-307,-239,-239,0,3
4,40634,13098,-707,-233,-233,0,3
4,40635,13099,-532,-228,-228,0,3
4,40636,13100,-20,-227,-227,0,3
4,40637,13101,471,-232,-232,0,3
4,40638,13102,585,-244,-244,0,3
4,40639,13103,205,-260,-260,0,3
4,40641,13104,-353,-278,-278,0,3
4,40642,13105,-721,-294,-294,0,3
4,40646,13106,-614,-304,-304,0,3
4,40647,13107,-189,-307,-307,0,3
4,40648,13108,333,-302,-302,0,3
4,40649,13109,532,-292,-292,0,3
4,40650,13110,231,-278,-278,0,1
4,40651,13111,-250,-263,-263,0,2
4,40652,13112,-594,-253,-253,0,3
4,40653,13113,-639,-247,-247,0,3
4,40655,13114,-313,-248,-248,0,3
4,40659,13115,164,-252,-252,0,3
4,40660,13116,441,-256,-256,0,3
4,40661,13117,266,-253,-253,0,3
4,40662,13118,-123,-239,-239,0,3
4,40663,13119,-573,-212,-212,0,3
4,40664,13120,-687,-174,-174,0,3
4,40665,13121,-430,-130,-130,0,3
4,40666,13122,-15,-86,-86,0,3
4,40667,13123,373,-45,-45,0,3
4,40672,13124,368,-12,-12,0,3
4,40673,13125,-37,13,13,0,3
4,40674,13126,-497,32,32,0,3
4,40675,13127,-778,46,46,0,3
4,40676,13128,-641,56,56,0,3
4,40677,13129,-160,62,62,0,1
4,40678,13130,307,67,67,0,2
4,40679,13131,373,69,69,0,3
4,40680,13132,5,71,71,0,3
4,40681,13133,-594,74,74,0,3
4,40685,13134,-892,79,79,0,3
4,40686,13135,-757,87,87,0,3
4,40687,13136,-246,96,96,0,3
4,40688,13137,225,104,104,0,3
4,40690,13138,380,108,108,0,3
4,40691,13139,61,106,106,0,3
4,40692,13140,-456,98,98,0,3
4,40693,13141,-803,85,85,0,3
4,40694,13142,-757,69,69,0,3
4,40698,13143,-271,54,54,0,3
4,40699,13144,272,43,43,0,3
4,40700,13145,451,38,38,0,3
4,40701,13146,190,41,41,0,3
4,40702,13147,-332,50,50,0,3
4,40704,13148,-716,64,64,0,1
4,40705,13149,-741,76,76,0,2
4,40706,13150,-374,83,83,0,3
4,40707,13151,102,83,83,0,3
4,40711,13152,359,75,75,0,3
4,40712,13153,225,62,62,0,3
4,40713,13154,-205,49,49,0,3
4,40714,13155,-634,39,39,0,3
4,40715,13156,-830,33,33,0,3
4,40716,13157,-553,31,31,0,3
4,40718,13158,-77,30,30,0,3
4,40719,13159,311,28,28,0,3
4,40720,13160,327,22,22,0,3
4,40724,13161,-37,13,13,0,3
4,40725,13162,-477,0,0,0,3
4,40726,13163,-676,-15,-15,0,3
4,40727,13164,-436,-32,-32,0,3
4,40728,13165,127,-49,-49,0,3
4,40729,13166,594,-64,-64,0,3
4,40730,13167,680,-76,-76,0,1
4,40732,13168,313,-83,-83,0,2
4,40733,13169,-205,-87,-87,0,3
4,40737,13170,-503,-86,-86,0,3
4,40738,13171,-266,-83,-83,0,3
4,40739,13172,246,-79,-79,0,3
4,40740,13173,696,-78,-78,0,3
4,40741,13174,871,-80,-80,0,3
4,40742,13175,594,-84,-84,0,3
4,40743,13176,36,-90,-90,0,3
4,40744,13177,-332,-97,-97,0,3
4,40746,13178,-266,-104,-104,0,3
4,40750,13179,160,-109,-109,0,3
4,40751,13180,620,-114,-114,0,3
4,40752,13181,799,-119,-119,0,3
4,40753,13182,518,-122,-122,0,3
4,40754,13183,37,-125,-125,0,3
4,40755,13184,-389,-126,-126,0,3
4,40756,13185,-414,-127,-127,0,3
4,40757,13186,-26,-128,-128,0,1
4,40758,13187,430,-132,-132,0,2
4,40763,13188,626,-138,-138,0,3
4,40764,13189,532,-147,-147,0,3
4,40765,13190,164,-158,-158,0,3
4,40766,13191,-204,-171,-171,0,3
4,40767,13192,-380,-184,-184,0,3
4,40768,13193,-164,-198,-198,0,3
4,40769,13194,149,-211,-211,0,3
4,40770,13195,495,-223,-223,0,3
4,40771,13196,430,-232,-232,0,3
4,40772,13197,-37,-239,-239,0,3
4,40776,13198,-579,-242,-242,0,3
4,40777,13199,-860,-242,-242,0,3
4,40778,13200,-702,-239,-239,0,3
4,40779,13201,-180,-233,-233,0,3
4,40781,13202,286,-225,-225,0,3
4,40782,13203,393,-213,-213,0,3
4,40783,13204,46,-199,-199,0,3
4,40784,13205,-532,-184,-184,0,1
4,40785,13206,-912,-168,-168,0,2
4,40789,13207,-798,-156,-156,0,3
4,40790,13208,-369,-150,-150,0,3
4,40791,13209,184,-151,-151,0,3
4,40792,13210,277,-158,-158,0,3
4,40793,13211,-41,-167,-167,0,3
4,40795,13212,-579,-176,-176,0,3
4,40796,13213,-966,-182,-182,0,3
4,40797,13214,-901,-183,-183,0,3
4,40798,13215,-414,-182,-182,0,3
4,40802,13216,67,-183,-183,0,3
4,40803,13217,246,-189,-189,0,3
4,40804,13218,-15,-201,-201,0,3
4,40805,13219,-455,-216,-216,0,3
4,40806,13220,-860,-229,-229,0,3
4,40807,13221,-885,-235,-235,0,3
4,40809,13222,-497,-229,-229,0,3
4,40810,13223,0,-208,-208,0,3
4,40811,13224,195,-172,-172,0,1
4,40815,13225,-62,-124,-124,0,2
4,40816,13226,-614,-71,-71,0,3
4,40817,13227,-1146,-20,-20,0,3
4,40818,13228,-1383,24,24,0,3
4,40819,13229,-1270,58,58,0,3
4,40820,13230,-957,82,82,0,3
4,40821,13231,-590,101,101,0,3
4,40823,13232,-267,121,121,0,3
4,40824,13233,-201,145,145,0,3
4,40828,13234,-170,176,176,0,3
4,40829,13235,307,210,210,0,3
4,40830,13236,1510,243,243,0,3
4,40831,13237,3220,269,269,0,3
4,40832,13238,4690,283,283,0,3
4,40833,13239,5308,284,284,0,3
4,40834,13240,4921,274,274,0,3
4,40835,13241,3625,260,260,0,3
4,40837,13242,1812,243,243,0,3
4,40841,13243,410,228,228,0,1
4,40842,13244,-164,213,213,0,2
4,40843,13245,-185,197,197,0,3
4,40844,13246,-214,178,178,0,3
4,40845,13247,-471,156,156,0,3
4,40846,13248,-804,133,133,0,3
4,40847,13249,-1007,117,117,0,3
4,40848,13250,-942,111,111,0,3
4,40849,13251,-496,117,117,0,3
4,40854,13252,6,136,136,0,3
4,40855,13253,246,158,158,0,3
4,40856,13254,-35,175,175,0,3
4,40857,13255,-516,174,174,0,3
4,40858,13256,-962,147,147,0,3
4,40859,13257,-1028,91,91,0,3
4,40860,13258,-661,13,13,0,3
4,40861,13259,-143,-76,-76,0,3
4,40862,13260,73,-159,-159,0,3
4,40863,13261,-41,-219,-219,0,3
4,40867,13262,-451,-249,-249,0,1
4,40868,13263,-901,-251,-251,0,2
4,40869,13264,-1015,-235,-235,0,3
4,40870,13265,-737,-218,-218,0,3
4,40872,13266,-240,-211,-211,0,3
4,40873,13267,86,-222,-222,0,3
4,40874,13268,61,-248,-248,0,3
4,40875,13269,-323,-279,-279,0,3
4,40876,13270,-784,-304,-304,0,3
4,40880,13271,-1085,-317,-317,0,3
4,40881,13272,-886,-320,-320,0,3
4,40882,13273,-303,-319,-319,0,3
4,40883,13274,163,-324,-324,0,3
4,40884,13275,250,-341,-341,0,3
4,40886,13276,-138,-368,-368,0,3
4,40887,13277,-655,-394,-394,0,3
4,40888,13278,-1015,-408,-408,0,3
4,40889,13279,-860,-400,-400,0,3
4,40893,13280,-389,-370,-370,0,3
4,40894,13281,41,-329,-329,0,1
4,40895,13282,216,-295,-295,0,2
4,40896,13283,-184,-284,-284,0,3
4,40897,13284,-640,-304,-304,0,3
4,40898,13285,-1007,-349,-349,0,3
4,40900,13286,-921,-405,-405,0,3
4,40901,13287,-496,-456,-456,0,3
4,40902,13288,-15,-495,-495,0,3
4,40906,13289,143,-530,-530,0,3
4,40907,13290,-97,-584,-584,0,3
4,40908,13291,-557,-681,-681,0,3
4,40909,13292,-962,-830,-830,0,3
4,40910,13293,-966,-1003,-1003,0,3
4,40911,13294,-640,-1134,-1134,0,3
4,40912,13295,-61,-1123,-1123,0,3
4,40914,13296,216,-866,-866,0,3
4,40915,13297,102,-294,-294,0,3
4,40919,13298,-307,591,591,0,3
4,40920,13299,-757,1695,1695,0,3
4,40921,13300,-933,2842,2842,0,1
4,40922,13301,-655,3811,3811,0,2
4,40923,13302,-179,4394,4394,0,3
4,40924,13303,188,4456,4456,0,3
4,40925,13304,163,3977,3977,0,3
4,40926,13305,-221,3059,3059,0,3
4,40928,13306,-702,1900,1900,0,3
4,40932,13307,-1004,741,741,0,3
4,40933,13308,-825,-206,-206,0,3
4,40934,13309,-282,-807,-807,0,3
4,40935,13310,204,-1033,-1033,0,3
4,40936,13311,250,-954,-954,0,3
4,40937,13312,-118,-704,-704,0,3
4,40938,13313,-635,-425,-425,0,3
4,40939,13314,-1015,-230,-230,0,3
4,40940,13315,-860,-168,-168,0,3
4,40945,13316,-369,-227,-227,0,3
4,40946,13317,184,-351,-351,0,3
4,40947,13318,298,-475,-475,0,3
4,40948,13319,-82,-547,-547,0,1
4,40949,13320,-681,-550,-550,0,2
4,40950,13321,-1048,-499,-499,0,3
4,40951,13322,-983,-428,-428,0,3
4,40952,13323,-516,-376,-376,0,3
4,40953,13324,-56,-362,-362,0,3
4,40954,13325,184,-386,-386,0,3
4,40958,13326,-117,-429,-429,0,3
4,40959,13327,-639,-467,-467,0,3
4,40960,13328,-962,-480,-480,0,3
4,40961,13329,-987,-464,-464,0,3
4,40963,13330,-620,-431,-431,0,3
4,40964,13331,-164,-397,-397,0,3
4,40965,13332,73,-377,-377,0,3
4,40966,13333,-103,-376,-376,0,3
4,40967,13334,-553,-388,-388,0,3
4,40971,13335,-983,-400,-400,0,3
4,40972,13336,-1056,-401,-401,0,3
4,40973,13337,-819,-384,-384,0,3
4,40974,13338,-363,-353,-353,0,1
4,40975,13339,4,-318,-318,0,2
4,40977,13340,0,-292,-292,0,3
4,40978,13341,-364,-286,-286,0,3
4,40979,13342,-866,-300,-300,0,3
4,40980,13343,-1044,-329,-329,0,3
4,40984,13344,-886,-361,-361,0,3
4,40985,13345,-282,-385,-385,0,3
4,40986,13346,184,-393,-393,0,3
4,40987,13347,311,-386,-386,0,3
4,40988,13348,5,-370,-370,0,3
4,40989,13349,-492,-353,-353,0,3
4,40991,13350,-851,-343,-343,0,3
4,40992,13351,-716,-346,-346,0,3
4,40993,13352,-164,-359,-359,0,3
4,40997,13353,409,-376,-376,0,3
4,40998,13354,605,-389,-389,0,3
4,40999,13355,307,-392,-392,0,3
4,41000,13356,-272,-380,-380,0,3
4,41001,13357,-577,-356,-356,0,1
4,41002,13358,-471,-324,-324,0,2
4,41003,13359,37,-293,-293,0,3
4,41005,13360,538,-269,-269,0,3
4,41006,13361,696,-256,-256,0,3
4,41010,13362,456,-255,-255,0,3
4,41011,13363,-107,-261,-261,0,3
4,41012,13364,-512,-270,-270,0,3
4,41013,13365,-557,-280,-280,0,3
4,41014,13366,-190,-287,-287,0,3
4,41015,13367,287,-290,-290,0,3
4,41016,13368,605,-291,-291,0,3
4,41017,13369,491,-289,-289,0,3
4,41019,13370,123,-286,-286,0,3
4,41023,13371,-368,-283,-283,0,3
4,41024,13372,-564,-281,-281,0,3
4,41025,13373,-246,-280,-280,0,3
4,41026,13374,210,-281,-281,0,3
4,41027,13375,598,-281,-281,0,3
4,41028,13376,491,-279,-279,0,1
4,41029,13377,189,-276,-276,0,2
4,41030,13378,-293,-272,-272,0,3
4,41031,13379,-512,-270,-270,0,3
4,41036,13380,-333,-272,-272,0,3
4,41037,13381,148,-282,-282,0,3
4,41038,13382,573,-299,-299,0,3
4,41039,13383,659,-323,-323,0,3
4,41040,13384,272,-350,-350,0,3
4,41041,13385,-307,-374,-374,0,3
4,41042,13386,-626,-390,-390,0,3
4,41043,13387,-471,-398,-398,0,3
4,41044,13388,41,-397,-397,0,3
4,41045,13389,512,-392,-392,0,3
4,41049,13390,646,-386,-386,0,3
4,41050,13391,287,-383,-383,0,3
4,41051,13392,-292,-386,-386,0,3
4,41052,13393,-639,-395,-395,0,3
4,41054,13394,-573,-409,-409,0,3
4,41055,13395,-148,-426,-426,0,1
4,41056,13396,374,-443,-443,0,2
4,41057,13397,594,-458,-458,0,3
4,41058,13398,333,-469,-469,0,3
4,41062,13399,-189,-475,-475,0,3
4,41063,13400,-594,-476,-476,0,3
4,41064,13401,-618,-475,-475,0,3
4,41065,13402,-272,-472,-472,0,3
4,41066,13403,184,-467,-467,0,3
4,41068,13404,400,-460,-460,0,3
4,41069,13405,307,-447,-447,0,3
4,41070,13406,-123,-426,-426,0,3
4,41071,13407,-491,-395,-395,0,3
4,41075,13408,-646,-356,-356,0,3
4,41076,13409,-369,-311,-311,0,3
4,41077,13410,87,-267,-267,0,3
4,41078,13411,475,-226,-226,0,3
4,41079,13412,471,-191,-191,0,3
4,41080,13413,86,-162,-162,0,3
4,41082,13414,-456,-138,-138,0,1
4,41083,13415,-758,-115,-115,0,2
4,41084,13416,-579,-90,-90,0,3
4,41088,13417,-78,-59,-59,0,3
4,41089,13418,389,-21,-21,0,3
4,41090,13419,454,21,21,0,3
4,41091,13420,46,64,64,0,3
4,41092,13421,-471,102,102,0,3
4,41093,13422,-769,128,128,0,3
4,41094,13423,-655,138,138,0,3
4,41096,13424,-184,131,131,0,3
4,41097,13425,348,108,108,0,3
4,41101,13426,482,76,76,0,3
4,41102,13427,164,45,45,0,3
4,41103,13428,-374,24,24,0,3
4,41104,13429,-782,18,18,0,3
4,41105,13430,-696,28,28,0,3
4,41106,13431,-209,48,48,0,3
4,41107,13432,333,69,69,0,3
4,41108,13433,471,84,84,0,1
4,41110,13434,252,88,88,0,2
4,41114,13435,-250,81,81,0,3
4,41115,13436,-634,67,67,0,3
4,41116,13437,-659,53,53,0,3
4,41117,13438,-313,44,44,0,3
4,41118,13439,225,43,43,0,3
4,41119,13440,523,53,53,0,3
4,41120,13441,389,68,68,0,3
4,41121,13442,-41,83,83,0,3
4,41122,13443,-553,94,94,0,3
4,41127,13444,-646,95,95,0,3
4,41128,13445,-389,85,85,0,3
4,41129,13446,108,69,69,0,3
4,41130,13447,414,51,51,0,3
4,41131,13448,471,36,36,0,3
4,41132,13449,86,29,29,0,3
4,41133,13450,-333,28,28,0,3
4,41134,13451,-594,31,31,0,3
4,41135,13452,-354,31,31,0,1
4,41136,13453,148,25,25,0,2
4,41140,13454,655,11,11,0,3
4,41141,13455,762,-8,-8,0,3
4,41142,13456,415,-27,-27,0,3
4,41143,13457,-82,-40,-40,0,3
4,41145,13458,-421,-44,-44,0,3
4,41146,13459,-286,-40,-40,0,3
4,41147,13460,246,-31,-31,0,3
4,41148,13461,819,-25,-25,0,3
4,41149,13462,933,-26,-26,0,3
4,41153,13463,614,-37,-37,0,3
4,41154,13464,77,-58,-58,0,3
4,41155,13465,-270,-82,-82,0,3
4,41156,13466,-163,-105,-105,0,3
4,41157,13467,262,-120,-120,0,3
4,41159,13468,743,-124,-124,0,3
4,41160,13469,963,-117,-117,0,3
4,41161,13470,702,-101,-101,0,3
4,41162,13471,180,-80,-80,0,1
4,41166,13472,-266,-60,-60,0,2
4,41167,13473,-270,-46,-46,0,3
4,41168,13474,97,-41,-41,0,3
4,41169,13475,614,-48,-48,0,3
4,41170,13476,851,-64,-64,0,3
4,41171,13477,716,-86,-86,0,3
4,41173,13478,266,-108,-108,0,3
4,41174,13479,-184,-127,-127,0,3
4,41175,13480,-236,-141,-141,0,3
4,41179,13481,61,-149,-149,0,3
4,41180,13482,517,-153,-153,0,3
4,41181,13483,823,-155,-155,0,3
4,41182,13484,716,-154,-154,0,3
4,41183,13485,271,-153,-153,0,3
4,41184,13486,-272,-152,-152,0,3
4,41185,13487,-614,-152,-152,0,3
4,41187,13488,-518,-152,-152,0,3
4,41188,13489,-37,-152,-152,0,3
4,41192,13490,307,-152,-152,0,1
4,41193,13491,434,-150,-150,0,2
4,41194,13492,46,-146,-146,0,3
4,41195,13493,-451,-140,-140,0,3
4,41196,13494,-789,-133,-133,0,3
4,41197,13495,-696,-127,-127,0,3
4,41198,13496,-164,-122,-122,0,3
4,41199,13497,286,-120,-120,0,3
4,41201,13498,441,-119,-119,0,3
4,41205,13499,123,-116,-116,0,3
4,41206,13500,-394,-111,-111,0,3
4,41207,13501,-782,-101,-101,0,3
4,41208,13502,-716,-89,-89,0,3
4,41209,13503,-271,-77,-77,0,3
4,41210,13504,190,-68,-68,0,3
4,41211,13505,369,-66,-66,0,3
4,41212,13506,108,-71,-71,0,3
4,41213,13507,-373,-80,-80,0,3
4,41218,13508,-778,-89,-89,0,3
4,41219,13509,-762,-96,-96,0,1
4,41220,13510,-456,-95,-95,0,2
4,41221,13511,82,-85,-85,0,3
4,41222,13512,298,-65,-65,0,3
4,41223,13513,122,-36,-36,0,3
4,41224,13514,-451,0,0,0,3
4,41225,13515,-1044,38,38,0,3
4,41226,13516,-1260,75,75,0,3
4,41227,13517,-1065,108,108,0,3
4,41231,13518,-752,135,135,0,3
4,41232,13519,-508,157,157,0,3
4,41233,13520,-410,176,176,0,3
4,41234,13521,-426,195,195,0,3
4,41236,13522,-313,216,216,0,3
4,41237,13523,61,238,238,0,3
4,41238,13524,1018,261,261,0,3
4,41239,13525,2585,283,283,0,3
4,41240,13526,4137,300,300,0,3
4,41244,13527,5103,312,312,0,3
4,41245,13528,5310,319,319,0,1
4,41246,13529,4772,321,321,0,2
4,41247,13530,3655,321,321,0,3
4,41248,13531,2335,319,319,0,3
4,41250,13532,1147,315,315,0,3
4,41251,13533,491,310,310,0,3
4,41252,13534,32,302,302,0,3
4,41253,13535,-471,290,290,0,3
4,41257,13536,-927,276,276,0,3
4,41258,13537,-1089,261,261,0,3
4,41259,13538,-921,248,248,0,3
4,41260,13539,-434,241,241,0,3
4,41261,13540,47,243,243,0,3
4,41262,13541,287,254,254,0,3
4,41264,13542,47,273,273,0,3
4,41265,13543,-434,294,294,0,3
4,41266,13544,-819,309,309,0,3
4,41270,13545,-844,307,307,0,3
4,41271,13546,-435,280,280,0,3
4,41272,13547,0,228,228,0,1
4,41273,13548,236,154,154,0,2
4,41274,13549,122,70,70,0,3
4,41275,13550,-287,-12,-12,0,3
4,41276,13551,-737,-81,-81,0,3
4,41278,13552,-892,-131,-131,0,3
4,41279,13553,-635,-165,-165,0,3
4,41283,13554,-199,-187,-187,0,3
4,41284,13555,188,-203,-203,0,3
4,41285,13556,122,-217,-217,0,3
4,41286,13557,-282,-228,-228,0,3
4,41287,13558,-723,-232,-232,0,3
4,41288,13559,-983,-227,-227,0,3
4,41289,13560,-784,-214,-214,0,3
4,41290,13561,-303,-196,-196,0,3
4,41292,13562,163,-184,-184,0,3
4,41296,13563,270,-183,-183,0,3
4,41297,13564,-77,-200,-200,0,3
4,41298,13565,-635,-231,-231,0,3
4,41299,13566,-1015,-265,-265,0,1
4,41300,13567,-880,-290,-290,0,2
4,41301,13568,-369,-297,-297,0,3
4,41302,13569,143,-284,-284,0,3
4,41303,13570,298,-258,-258,0,3
4,41304,13571,0,-233,-233,0,3
4,41309,13572,-538,-227,-227,0,3
4,41310,13573,-905,-247,-247,0,3
4,41311,13574,-798,-294,-294,0,3
4,41312,13575,-373,-357,-357,0,3
4,41313,13576,108,-422,-422,0,3
4,41314,13577,307,-482,-482,0,3
4,41315,13578,47,-541,-541,0,3
4,41316,13579,-455,-611,-611,0,3
4,41317,13580,-860,-708,-708,0,3
4,41318,13581,-885,-833,-833,0,3
4,41322,13582,-599,-955,-955,0,3
4,41323,13583,-20,-1012,-1012,0,3
4,41324,13584,216,-912,-912,0,3
4,41325,13585,122,-564,-564,0,1
4,41327,13586,-369,87,87,0,2
4,41328,13587,-798,1028,1028,0,3
4,41329,13588,-933,2160,2160,0,3
4,41330,13589,-655,3306,3306,0,3
4,41331,13590,-159,4253,4253,0,3
4,41335,13591,229,4799,4799,0,3
4,41336,13592,225,4818,4818,0,3
4,41337,13593,-180,4295,4295,0,3
4,41338,13594,-661,3333,3333,0,3
4,41339,13595,-901,2131,2131,0,3
4,41341,13596,-723,925,925,0,3
4,41342,13597,-201,-69,-69,0,3
4,41343,13598,266,-716,-716,0,3
4,41344,13599,291,-982,-982,0,3
4,41348,13600,-15,-933,-933,0,3
4,41349,13601,-614,-698,-698,0,3
4,41350,13602,-974,-422,-422,0,3
4,41351,13603,-798,-217,-217,0,3
4,41352,13604,-287,-139,-139,0,1
4,41353,13605,204,-179,-179,0,2
4,41355,13606,359,-285,-285,0,3
4,41356,13607,0,-391,-391,0,3
4,41357,13608,-558,-446,-446,0,3
4,41361,13609,-905,-431,-431,0,3
4,41362,13610,-839,-364,-364,0,3
4,41363,13611,-393,-281,-281,0,3
4,41364,13612,67,-222,-222,0,3
4,41365,13613,225,-210,-210,0,3
4,41366,13614,-15,-246,-246,0,3
4,41367,13615,-557,-309,-309,0,3
4,41369,13616,-921,-373,-373,0,3
4,41370,13617,-966,-413,-413,0,3
4,41374,13618,-640,-420,-420,0,3
4,41375,13619,-143,-400,-400,0,3
4,41376,13620,93,-367,-367,0,3
4,41377,13621,-41,-339,-339,0,3
4,41378,13622,-471,-325,-325,0,3
4,41379,13623,-942,-327,-327,0,1
4,41380,13624,-1076,-338,-338,0,2
4,41381,13625,-758,-350,-350,0,3
4,41383,13626,-281,-354,-354,0,3
4,41387,13627,106,-348,-348,0,3
4,41388,13628,61,-335,-335,0,3
4,41389,13629,-303,-321,-321,0,3
4,41390,13630,-825,-310,-310,0,3
4,41391,13631,-1065,-306,-306,0,3
4,41392,13632,-825,-306,-306,0,3
4,41393,13633,-323,-306,-306,0,3
4,41394,13634,163,-301,-301,0,3
4,41395,13635,229,-288,-288,0,3
4,41400,13636,-77,-271,-271,0,3
4,41401,13637,-614,-252,-252,0,3
4,41402,13638,-912,-239,-239,0,3
4,41403,13639,-737,-235,-235,0,3
4,41404,13640,-164,-242,-242,0,3
4,41405,13641,389,-258,-258,0,3
4,41406,13642,585,-277,-277,0,1
4,41407,13643,287,-293,-293,0,2
4,41408,13644,-333,-302,-302,0,3
4,41409,13645,-598,-305,-305,0,3
4,41413,13646,-553,-302,-302,0,3
4,41414,13647,-25,-297,-297,0,3
4,41415,13648,456,-293,-293,0,3
4,41416,13649,737,-293,-293,0,3
4,41418,13650,436,-295,-295,0,3
4,41419,13651,-4,-295,-295,0,3
4,41420,13652,-368,-293,-293,0,3
4,41421,13653,-434,-287,-287,0,3
4,41422,13654,-46,-276,-276,0,3
4,41426,13655,492,-263,-263,0,3
4,41427,13656,707,-249,-249,0,3
4,41428,13657,594,-236,-236,0,3
4,41429,13658,164,-225,-225,0,3
4,41430,13659,-286,-218,-218,0,3
4,41432,13660,-400,-214,-214,0,3
4,41433,13661,-123,-215,-215,0,1
4,41434,13662,353,-219,-219,0,2
4,41435,13663,700,-226,-226,0,3
4,41439,13664,716,-233,-233,0,3
4,41440,13665,271,-239,-239,0,3
4,41441,13666,-231,-240,-240,0,3
4,41442,13667,-451,-238,-238,0,3
4,41443,13668,-293,-233,-233,0,3
4,41444,13669,168,-229,-229,0,3
4,41446,13670,655,-228,-228,0,3
4,41447,13671,700,-232,-232,0,3
4,41448,13672,353,-240,-240,0,3
4,41452,13673,-205,-252,-252,0,3
4,41453,13674,-544,-267,-267,0,3
4,41454,13675,-368,-282,-282,0,3
4,41455,13676,143,-299,-299,0,3
4,41456,13677,614,-316,-316,0,3
4,41457,13678,707,-333,-333,0,3
4,41458,13679,410,-351,-351,0,3
4,41460,13680,-149,-368,-368,0,1
4,41461,13681,-516,-385,-385,0,2
4,41465,13682,-471,-399,-399,0,3
4,41466,13683,16,-411,-411,0,3
4,41467,13684,538,-422,-422,0,3
4,41468,13685,696,-429,-429,0,3
4,41469,13686,497,-434,-434,0,3
4,41470,13687,-4,-434,-434,0,3
4,41471,13688,-389,-431,-431,0,3
4,41472,13689,-393,-425,-425,0,3
4,41474,13690,-26,-418,-418,0,3
4,41478,13691,410,-412,-412,0,3
4,41479,13692,687,-405,-405,0,3
4,41480,13693,553,-400,-400,0,3
4,41481,13694,123,-393,-393,0,3
4,41482,13695,-389,-385,-385,0,3
4,41483,13696,-462,-374,-374,0,3
4,41484,13697,-205,-360,-360,0,3
4,41485,13698,231,-341,-341,0,3
4,41486,13699,618,-317,-317,0,1
4,41491,13700,614,-286,-286,0,2
4,41492,13701,209,-248,-248,0,3
4,41493,13702,-313,-205,-205,0,3
4,41494,13703,-532,-159,-159,0,3
4,41495,13704,-395,-114,-114,0,3
4,41496,13705,86,-75,-75,0,3
4,41497,13706,553,-42,-42,0,3
4,41498,13707,618,-18,-18,0,3
4,41499,13708,272,2,2,0,3
4,41500,13709,-246,20,20,0,3
4,41504,13710,-585,39,39,0,3
4,41505,13711,-532,60,60,0,3
4,41506,13712,61,84,84,0,3
4,41507,13713,553,107,107,0,3
4,41509,13714,626,127,127,0,3
4,41510,13715,348,142,142,0,3
4,41511,13716,-231,152,152,0,3
4,41512,13717,-536,158,158,0,3
4,41513,13718,-512,160,160,0,1
4,41517,13719,-25,160,160,0,2
4,41518,13720,436,160,160,0,3
4,41519,13721,655,161,161,0,3
4,41520,13722,436,163,163,0,3
4,41521,13723,-86,167,167,0,3
4,41523,13724,-409,172,172,0,3
4,41524,13725,-475,175,175,0,3
4,41525,13726,-108,174,174,0,3
4,41526,13727,389,170,170,0,3
4,41530,13728,605,160,160,0,3
4,41531,13729,512,147,147,0,3
4,41532,13730,82,134,134,0,3
4,41533,13731,-368,122,122,0,3
4,41534,13732,-544,111,111,0,3
4,41535,13733,-246,104,104,0,3
4,41537,13734,210,100,100,0,3
4,41538,13735,577,98,98,0,3
4,41539,13736,553,99,99,0,3
4,41543,13737,168,101,101,0,1
4,41544,13738,-354,104,104,0,2
4,41545,13739,-676,105,105,0,3
4,41546,13740,-497,104,104,0,3
4,41547,13741,107,99,99,0,3
4,41548,13742,553,90,90,0,3
4,41549,13743,659,80,80,0,3
4,41551,13744,272,70,70,0,3
4,41552,13745,-266,65,65,0,3
4,41556,13746,-626,66,66,0,3
4,41557,13747,-471,75,75,0,3
4,41558,13748,61,88,88,0,3
4,41559,13749,553,103,103,0,3
4,41560,13750,687,116,116,0,3
4,41561,13751,389,125,125,0,3
4,41562,13752,-149,129,129,0,3
4,41563,13753,-475,127,127,0,3
4,41565,13754,-389,120,120,0,3
4,41569,13755,180,109,109,0,3
4,41570,13756,723,97,97,0,1
4,41571,13757,922,85,85,0,2
4,41572,13758,661,76,76,0,3
4,41573,13759,180,70,70,0,3
4,41574,13760,-184,68,68,0,3
4,41575,13761,-229,67,67,0,3
4,41576,13762,199,66,66,0,3
4,41577,13763,758,62,62,0,3
4,41582,13764,1015,55,55,0,3
4,41583,13765,942,45,45,0,3
4,41584,13766,532,34,34,0,3
4,41585,13767,62,25,25,0,3
4,41586,13768,-114,17,17,0,3
4,41587,13769,184,12,12,0,3
4,41588,13770,661,9,9,0,3
4,41589,13771,966,8,8,0,3
4,41590,13772,983,8,8,0,3
4,41591,13773,578,10,10,0,3
4,41595,13774,117,12,12,0,3
4,41596,13775,-164,14,14,0,1
4,41597,13776,-67,15,15,0,2
4,41598,13777,475,15,15,0,3
4,41600,13778,1024,13,13,0,3
4,41601,13779,1151,10,10,0,3
4,41602,13780,825,7,7,0,3
4,41603,13781,205,7,7,0,3
4,41604,13782,-298,10,10,0,3
4,41608,13783,-184,17,17,0,3
4,41609,13784,184,27,27,0,3
4,41610,13785,675,37,37,0,3
4,41611,13786,810,46,46,0,3
4,41612,13787,389,53,53,0,3
4,41614,13788,-210,56,56,0,3
4,41615,13789,-516,56,56,0,3
4,41616,13790,-471,54,54,0,3
4,41617,13791,-25,49,49,0,3
4,41621,13792,374,43,43,0,3
4,41622,13793,635,38,38,0,3
4,41623,13794,313,34,34,0,1
4,41624,13795,-127,31,31,0,2
4,41625,13796,-512,29,29,0,3
4,41626,13797,-577,24,24,0,3
4,41628,13798,-190,15,15,0,3
4,41629,13799,307,1,1,0,3
4,41630,13800,544,-18,-18,0,3
4,41634,13801,389,-35,-35,0,3
4,41635,13802,-41,-47,-47,0,3
4,41636,13803,-491,-51,-51,0,3
4,41637,13804,-605,-44,-44,0,3
4,41638,13805,-307,-30,-30,0,3
4,41639,13806,149,-13,-13,0,3
4,41640,13807,516,2,2,0,3
4,41642,13808,471,12,12,0,3
4,41643,13809,127,13,13,0,3
4,41647,13810,-415,9,9,0,3
4,41648,13811,-635,3,3,0,3
4,41649,13812,-518,1,1,0,3
4,41650,13813,-119,7,7,0,1
4,41651,13814,245,23,23,0,2
4,41652,13815,127,52,52,0,3
4,41653,13816,-363,89,89,0,3
4,41654,13817,-983,132,132,0,3
4,41656,13818,-1506,174,174,0,3
4,41660,13819,-1454,212,212,0,3
4,41661,13820,-819,242,242,0,3
4,41662,13821,122,264,264,0,3
4,41663,13822,830,281,281,0,3
4,41664,13823,1126,296,296,0,3
4,41665,13824,1244,313,313,0,3
4,41666,13825,1839,335,335,0,3
4,41667,13826,3134,363,363,0,3
4,41668,13827,4624,393,393,0,3
4,41673,13828,5904,421,421,0,3
4,41674,13829,6390,443,443,0,3
4,41675,13830,5863,457,457,0,3
4,41676,13831,4297,461,461,0,3
4,41677,13832,2048,454,454,0,1
4,41678,13833,303,438,438,0,2
4,41679,13834,-415,416,416,0,3
4,41680,13835,-348,393,393,0,3
4,41681,13836,32,373,373,0,3
4,41682,13837,163,362,362,0,3
4,41686,13838,-123,365,365,0,3
4,41687,13839,-594,382,382,0,3
4,41688,13840,-769,407,407,0,3
4,41689,13841,-512,434,434,0,3
4,41691,13842,-36,452,452,0,3
4,41692,13843,352,451,451,0,3
4,41693,13844,348,427,427,0,3
4,41694,13845,-98,378,378,0,3
4,41695,13846,-620,309,309,0,3
4,41699,13847,-860,230,230,0,3
4,41700,13848,-702,150,150,0,3
4,41701,13849,-201,82,82,0,3
4,41702,13850,266,33,33,0,3
4,41703,13851,332,5,5,0,1
4,41705,13852,-56,-6,-6,0,2
4,41706,13853,-594,-7,-7,0,3
4,41707,13854,-912,-10,-10,0,3
4,41708,13855,-757,-21,-21,0,3
4,41712,13856,-266,-43,-43,0,3
4,41713,13857,266,-73,-73,0,3
4,41714,13858,380,-99,-99,0,3
4,41715,13859,61,-113,-113,0,3
4,41716,13860,-497,-110,-110,0,3
4,41717,13861,-885,-91,-91,0,3
4,41719,13862,-819,-67,-67,0,3
4,41720,13863,-373,-52,-52,0,3
4,41721,13864,108,-57,-57,0,3
4,41725,13865,287,-84,-84,0,3
4,41726,13866,67,-124,-124,0,3
4,41727,13867,-434,-159,-159,0,3
4,41728,13868,-819,-173,-173,0,3
4,41729,13869,-823,-157,-157,0,3
4,41730,13870,-476,-114,-114,0,1
4,41731,13871,41,-63,-63,0,2
4,41733,13872,298,-28,-28,0,3
4,41734,13873,184,-32,-32,0,3
4,41738,13874,-307,-85,-85,0,3
4,41739,13875,-757,-180,-180,0,3
4,41740,13876,-871,-299,-299,0,3
4,41741,13877,-594,-419,-419,0,3
4,41742,13878,-97,-524,-524,0,3
4,41743,13879,311,-610,-610,0,3
4,41744,13880,286,-686,-686,0,3
4,41745,13881,-139,-760,-760,0,3
4,41747,13882,-641,-826,-826,0,3
4,41751,13883,-860,-848,-848,0,3
4,41752,13884,-723,-758,-758,0,3
4,41753,13885,-201,-471,-471,0,3
4,41754,13886,245,88,88,0,3
4,41755,13887,311,944,944,0,3
4,41756,13888,-97,2050,2050,0,3
4,41757,13889,-635,3267,3267,0,1
4,41758,13890,-953,4396,4396,0,2
4,41759,13891,-778,5212,5212,0,3
4,41764,13892,-307,5533,5533,0,3
4,41765,13893,204,5271,5271,0,3
4,41766,13894,339,4465,4465,0,3
4,41767,13895,0,3273,3273,0,3
4,41768,13896,-558,1935,1935,0,3
4,41769,13897,-885,705,705,0,3
4,41770,13898,-880,-216,-216,0,3
4,41771,13899,-352,-727,-727,0,3
4,41772,13900,129,-847,-847,0,3
4,41773,13901,328,-684,-684,0,3
4,41777,13902,67,-397,-397,0,3
4,41778,13903,-414,-135,-135,0,3
4,41779,13904,-778,5,5,0,3
4,41780,13905,-823,-4,-4,0,3
4,41782,13906,-456,-123,-123,0,3
4,41783,13907,82,-280,-280,0,3
4,41784,13908,318,-402,-402,0,1
4,41785,13909,184,-447,-447,0,2
4,41786,13910,-287,-412,-412,0,3
4,41790,13911,-696,-329,-329,0,3
4,41791,13912,-871,-246,-246,0,3
4,41792,13913,-614,-202,-202,0,3
4,41793,13914,-159,-212,-212,0,3
4,41794,13915,229,-265,-265,0,3
4,41796,13916,204,-330,-330,0,3
4,41797,13917,-201,-374,-374,0,3
4,41798,13918,-723,-378,-378,0,3
4,41799,13919,-922,-341,-341,0,3
4,41803,13920,-743,-281,-281,0,3
4,41804,13921,-221,-227,-227,0,3
4,41805,13922,204,-199,-199,0,3
4,41806,13923,311,-208,-208,0,3
4,41807,13924,-56,-247,-247,0,3
4,41808,13925,-573,-296,-296,0,3
4,41810,13926,-892,-335,-335,0,3
4,41811,13927,-778,-351,-351,0,1
4,41812,13928,-205,-341,-341,0,2
4,41816,13929,327,-312,-312,0,3
4,41817,13930,462,-278,-278,0,3
4,41818,13931,184,-252,-252,0,3
4,41819,13932,-313,-241,-241,0,3
4,41820,13933,-700,-245,-245,0,3
4,41821,13934,-614,-258,-258,0,3
4,41822,13935,-86,-273,-273,0,3
4,41824,13936,477,-282,-282,0,3
4,41825,13937,655,-283,-283,0,3
4,41829,13938,456,-276,-276,0,3
4,41830,13939,-25,-265,-265,0,3
4,41831,13940,-368,-251,-251,0,3
4,41832,13941,-373,-240,-240,0,3
4,41833,13942,36,-232,-232,0,3
4,41834,13943,532,-227,-227,0,3
4,41835,13944,728,-226,-226,0,3
4,41836,13945,614,-227,-227,0,3
4,41838,13946,164,-231,-231,0,1
4,41842,13947,-307,-236,-236,0,2
4,41843,13948,-380,-244,-244,0,3
4,41844,13949,-164,-253,-253,0,3
4,41845,13950,353,-263,-263,0,3
4,41846,13951,762,-271,-271,0,3
4,41847,13952,696,-275,-275,0,3
4,41848,13953,291,-274,-274,0,3
4,41849,13954,-211,-269,-269,0,3
4,41850,13955,-451,-262,-262,0,3
4,41855,13956,-272,-255,-255,0,3
4,41856,13957,250,-251,-251,0,3
4,41857,13958,696,-250,-250,0,3
4,41858,13959,762,-253,-253,0,3
4,41859,13960,415,-256,-256,0,3
4,41860,13961,-123,-258,-258,0,3
4,41861,13962,-482,-256,-256,0,3
4,41862,13963,-307,-252,-252,0,3
4,41863,13964,123,-246,-246,0,3
4,41864,13965,634,-239,-239,0,1
4,41868,13966,769,-232,-232,0,2
4,41869,13967,389,-227,-227,0,3
4,41870,13968,-169,-221,-221,0,3
4,41871,13969,-516,-216,-216,0,3
4,41873,13970,-430,-211,-211,0,3
4,41874,13971,-4,-210,-210,0,3
4,41875,13972,477,-212,-212,0,3
4,41876,13973,717,-220,-220,0,3
4,41877,13974,456,-232,-232,0,3
4,41881,13975,-107,-247,-247,0,3
4,41882,13976,-471,-263,-263,0,3
4,41883,13977,-475,-278,-278,0,3
4,41884,13978,-149,-291,-291,0,3
4,41885,13979,328,-299,-299,0,3
4,41887,13980,564,-303,-303,0,3
4,41888,13981,471,-303,-303,0,3
4,41889,13982,20,-298,-298,0,3
4,41890,13983,-409,-292,-292,0,3
4,41894,13984,-585,-284,-284,0,1
4,41895,13985,-287,-278,-278,0,2
4,41896,13986,190,-274,-274,0,3
4,41897,13987,598,-270,-270,0,3
4,41898,13988,553,-264,-264,0,3
4,41899,13989,148,-252,-252,0,3
4,41901,13990,-374,-234,-234,0,3
4,41902,13991,-614,-209,-209,0,3
4,41903,13992,-477,-180,-180,0,3
4,41907,13993,66,-150,-150,0,3
4,41908,13994,512,-122,-122,0,3
4,41909,13995,577,-96,-96,0,3
4,41910,13996,190,-73,-73,0,3
4,41911,13997,-389,-50,-50,0,3
4,41912,13998,-687,-23,-23,0,3
4,41913,13999,-573,9,9,0,3
4,41915,14000,-41,45,45,0,3
4,41916,14001,450,85,85,0,3
4,41920,14002,605,123,123,0,3
4,41921,14003,287,157,157,0,1
4,41922,14004,-272,182,182,0,2
4,41923,14005,-639,196,196,0,3
4,41924,14006,-573,200,200,0,3
4,41925,14007,-107,194,194,0,3
4,41926,14008,415,183,183,0,3
4,41927,14009,594,171,171,0,3
4,41929,14010,354,162,162,0,3
4,41933,14011,-148,159,159,0,3
4,41934,14012,-532,162,162,0,3
4,41935,14013,-557,169,169,0,3
4,41936,14014,-169,174,174,0,3
4,41937,14015,328,176,176,0,3
4,41938,14016,544,172,172,0,3
4,41939,14017,491,164,164,0,3
4,41940,14018,20,156,156,0,3
4,41941,14019,-389,150,150,0,3
4,41946,14020,-523,149,149,0,3
4,41947,14021,-287,153,153,0,3
4,41948,14022,190,159,159,0,1
4,41949,14023,557,165,165,0,2
4,41950,14024,573,169,169,0,3
4,41951,14025,148,167,167,0,3
4,41952,14026,-354,160,160,0,3
4,41953,14027,-594,148,148,0,3
4,41954,14028,-415,131,131,0,3
4,41955,14029,66,113,113,0,3
4,41959,14030,573,96,96,0,3
4,41960,14031,639,82,82,0,3
4,41961,14032,272,73,73,0,3
4,41962,14033,-266,69,69,0,3
4,41964,14034,-605,70,70,0,3
4,41965,14035,-430,71,71,0,3
4,41966,14036,143,72,72,0,3
4,41967,14037,634,70,70,0,3
4,41968,14038,871,63,63,0,3
4,41972,14039,573,52,52,0,3
4,41973,14040,-5,40,40,0,3
4,41974,14041,-270,28,28,0,1
4,41975,14042,-204,18,18,0,2
4,41976,14043,282,11,11,0,3
4,41978,14044,845,6,6,0,3
4,41979,14045,1024,4,4,0,3
4,41980,14046,784,4,4,0,3
4,41981,14047,323,6,6,0,3
4,41985,14048,-41,9,9,0,3
4,41986,14049,-24,11,11,0,3
4,41987,14050,322,12,12,0,3
4,41988,14051,778,10,10,0,3
4,41989,14052,994,4,4,0,3
4,41990,14053,860,-3,-3,0,3
4,41992,14054,389,-12,-12,0,3
4,41993,14055,-102,-22,-22,0,3
4,41994,14056,-175,-32,-32,0,3
4,41998,14057,102,-42,-42,0,3
4,41999,14058,558,-52,-52,0,3
4,42000,14059,885,-61,-61,0,3
4,42001,14060,880,-67,-67,0,1
4,42002,14061,516,-71,-71,0,2
4,42003,14062,158,-70,-70,0,3
4,42004,14063,-82,-66,-66,0,3
4,42006,14064,56,-60,-60,0,3
4,42007,14065,414,-53,-53,0,3
4,42011,14066,778,-49,-49,0,3
4,42012,14067,885,-46,-46,0,3
4,42013,14068,456,-44,-44,0,3
4,42014,14069,-164,-43,-43,0,3
4,42015,14070,-544,-41,-41,0,3
4,42016,14071,-409,-37,-37,0,3
4,42017,14072,102,-33,-33,0,3
4,42018,14073,614,-30,-30,0,3
4,42020,14074,769,-28,-28,0,3
4,42024,14075,430,-26,-26,0,3
4,42025,14076,-169,-23,-23,0,3
4,42026,14077,-557,-19,-19,0,3
4,42027,14078,-532,-13,-13,0,3
4,42028,14079,-86,-5,-5,0,1
4,42029,14080,395,3,3,0,2
4,42030,14081,594,9,9,0,3
4,42031,14082,333,13,13,0,3
4,42032,14083,-189,13,13,0,3
4,42037,14084,-594,11,11,0,3
4,42038,14085,-618,7,7,0,3
4,42039,14086,-251,1,1,0,3
4,42040,14087,266,-5,-5,0,3
4,42041,14088,462,-10,-10,0,3
4,42042,14089,327,-12,-12,0,3
4,42043,14090,-102,-13,-13,0,3
4,42044,14091,-594,-11,-11,0,3
4,42045,14092,-728,-9,-9,0,3
4,42046,14093,-389,-9,-9,0,3
4,42050,14094,87,-8,-8,0,3
4,42051,14095,495,-7,-7,0,3
4,42052,14096,430,0,0,0,3
4,42053,14097,66,14,14,0,3
4,42055,14098,-477,38,38,0,1
4,42056,14099,-778,71,71,0,2
4,42057,14100,-661,110,110,0,3
4,42058,14101,-303,152,152,0,3
4,42059,14102,-41,193,193,0,3
4,42063,14103,-17,230,230,0,3
4,42064,14104,-527,263,263,0,3
4,42065,14105,-1270,292,292,0,3
4,42066,14106,-1650,320,320,0,3
4,42067,14107,-1187,348,348,0,3
4,42069,14108,-123,375,375,0,3
4,42070,14109,1024,400,400,0,3
4,42071,14110,1977,422,422,0,3
4,42072,14111,2744,439,439,0,3
4,42076,14112,3353,449,449,0,3
4,42077,14113,3949,451,451,0,3
4,42078,14114,4424,443,443,0,3
4,42079,14115,4481,426,426,0,3
4,42080,14116,3713,400,400,0,3
4,42081,14117,2171,370,370,0,1
4,42083,14118,436,340,340,0,2
4,42084,14119,-803,318,318,0,3
4,42085,14120,-1208,308,308,0,3
4,42089,14121,-987,312,312,0,3
4,42090,14122,-435,330,330,0,3
4,42091,14123,164,356,356,0,3
4,42092,14124,380,384,384,0,3
4,42093,14125,245,407,407,0,3
4,42094,14126,-205,416,416,0,3
4,42095,14127,-594,406,406,0,3
4,42097,14128,-707,374,374,0,3
4,42098,14129,-471,320,320,0,3
4,42102,14130,-56,251,251,0,3
4,42103,14131,311,178,178,0,3
4,42104,14132,307,112,112,0,3
4,42105,14133,-119,66,66,0,3
4,42106,14134,-579,43,43,0,3
4,42107,14135,-881,44,44,0,3
4,42108,14136,-661,61,61,0,1
4,42109,14137,-139,81,81,0,2
4,42111,14138,286,89,89,0,3
4,42115,14139,332,76,76,0,3
4,42116,14140,5,41,41,0,3
4,42117,14141,-553,-9,-9,0,3
4,42118,14142,-871,-61,-61,0,3
4,42119,14143,-737,-99,-99,0,3
4,42120,14144,-205,-113,-113,0,3
4,42121,14145,307,-103,-103,0,3
4,42122,14146,462,-79,-79,0,3
4,42123,14147,143,-57,-57,0,3
4,42128,14148,-415,-53,-53,0,3
4,42129,14149,-803,-74,-74,0,3
4,42130,14150,-716,-119,-119,0,3
4,42131,14151,-250,-171,-171,0,3
4,42132,14152,293,-212,-212,0,3
4,42133,14153,430,-224,-224,0,3
4,42134,14154,190,-201,-201,0,3
4,42135,14155,-271,-153,-153,0,1
4,42136,14156,-716,-100,-100,0,2
4,42137,14157,-700,-70,-70,0,3
4,42141,14158,-333,-77,-77,0,3
4,42142,14159,184,-123,-123,0,3
4,42143,14160,441,-188,-188,0,3
4,42144,14161,286,-246,-246,0,3
4,42146,14162,-143,-280,-280,0,3
4,42147,14163,-634,-291,-291,0,3
4,42148,14164,-769,-305,-305,0,3
4,42149,14165,-471,-363,-363,0,3
4,42150,14166,-36,-498,-498,0,3
4,42154,14167,352,-711,-711,0,3
4,42155,14168,368,-951,-951,0,3
4,42156,14169,-37,-1115,-1115,0,3
4,42157,14170,-559,-1077,-1077,0,3
4,42158,14171,-819,-726,-726,0,3
4,42160,14172,-600,-13,-13,0,3
4,42161,14173,-57,1015,1015,0,3
4,42162,14174,368,2207,2207,0,1
4,42163,14175,475,3340,3340,0,2
4,42167,14176,67,4171,4171,0,3
4,42168,14177,-492,4510,4510,0,3
4,42169,14178,-830,4276,4276,0,3
4,42170,14179,-675,3522,3522,0,3
4,42171,14180,-184,2422,2422,0,3
4,42172,14181,368,1223,1223,0,3
4,42174,14182,482,172,172,0,3
4,42175,14183,164,-550,-550,0,3
4,42176,14184,-394,-872,-872,0,3
4,42180,14185,-700,-841,-841,0,3
4,42181,14186,-634,-585,-585,0,3
4,42182,14187,-230,-266,-266,0,3
4,42183,14188,252,-22,-22,0,3
4,42184,14189,410,72,72,0,3
4,42185,14190,170,17,17,0,3
4,42186,14191,-352,-129,-129,0,3
4,42188,14192,-716,-286,-286,0,3
4,42189,14193,-721,-386,-386,0,1
4,42193,14194,-374,-399,-399,0,2
4,42194,14195,82,-339,-339,0,3
4,42195,14196,318,-247,-247,0,3
4,42196,14197,184,-171,-171,0,3
4,42197,14198,-246,-143,-143,0,3
4,42198,14199,-675,-170,-170,0,3
4,42199,14200,-851,-233,-233,0,3
4,42200,14201,-614,-299,-299,0,3
4,42202,14202,-56,-340,-340,0,3
4,42206,14203,291,-339,-339,0,3
4,42207,14204,266,-300,-300,0,3
4,42208,14205,-119,-243,-243,0,3
4,42209,14206,-620,-191,-191,0,3
4,42210,14207,-881,-161,-161,0,3
4,42211,14208,-661,-159,-159,0,3
4,42212,14209,-139,-177,-177,0,3
4,42213,14210,348,-200,-200,0,3
4,42214,14211,434,-214,-214,0,3
4,42219,14212,46,-211,-211,0,1
4,42220,14213,-492,-192,-192,0,2
4,42221,14214,-871,-165,-165,0,3
4,42222,14215,-675,-142,-142,0,3
4,42223,14216,-143,-130,-130,0,3
4,42224,14217,348,-131,-131,0,3
4,42225,14218,503,-141,-141,0,3
4,42226,14219,225,-152,-152,0,3
4,42227,14220,-272,-157,-157,0,3
4,42228,14221,-618,-152,-152,0,3
4,42232,14222,-512,-139,-139,0,3
4,42233,14223,-66,-127,-127,0,3
4,42234,14224,456,-119,-119,0,3
4,42235,14225,655,-122,-122,0,3
4,42237,14226,395,-133,-133,0,3
4,42238,14227,-66,-149,-149,0,3
4,42239,14228,-409,-164,-164,0,3
4,42240,14229,-454,-174,-174,0,3
4,42241,14230,-26,-178,-178,0,3
4,42245,14231,389,-175,-175,0,1
4,42246,14232,626,-168,-168,0,2
4,42247,14233,532,-158,-158,0,3
4,42248,14234,123,-147,-147,0,3
4,42249,14235,-327,-137,-137,0,3
4,42251,14236,-462,-131,-131,0,3
4,42252,14237,-164,-129,-129,0,3
4,42253,14238,272,-133,-133,0,3
4,42254,14239,659,-140,-140,0,3
4,42258,14240,675,-148,-148,0,3
4,42259,14241,250,-153,-153,0,3
4,42260,14242,-252,-152,-152,0,3
4,42261,14243,-532,-145,-145,0,3
4,42262,14244,-415,-131,-131,0,3
4,42263,14245,148,-115,-115,0,3
4,42265,14246,573,-100,-100,0,3
4,42266,14247,598,-91,-91,0,3
4,42267,14248,190,-90,-90,0,3
4,42271,14249,-389,-97,-97,0,3
4,42272,14250,-687,-110,-110,0,1
4,42273,14251,-532,-126,-126,0,2
4,42274,14252,0,-141,-141,0,3
4,42275,14253,512,-153,-153,0,3
4,42276,14254,626,-161,-161,0,3
4,42277,14255,246,-167,-167,0,3
4,42279,14256,-292,-172,-172,0,3
4,42280,14257,-598,-177,-177,0,3
4,42284,14258,-594,-184,-184,0,3
4,42285,14259,-107,-194,-194,0,3
4,42286,14260,374,-207,-207,0,3
4,42287,14261,573,-220,-220,0,3
4,42288,14262,354,-230,-230,0,3
4,42289,14263,-168,-238,-238,0,3
4,42290,14264,-553,-241,-241,0,3
4,42291,14265,-577,-242,-242,0,3
4,42293,14266,-210,-242,-242,0,3
4,42297,14267,246,-241,-241,0,3
4,42298,14268,564,-239,-239,0,3
4,42299,14269,389,-234,-234,0,1
4,42300,14270,-82,-225,-225,0,2
4,42301,14271,-553,-212,-212,0,3
4,42302,14272,-667,-198,-198,0,3
4,42303,14273,-492,-185,-185,0,3
4,42304,14274,46,-176,-176,0,3
4,42305,14275,434,-172,-172,0,3
4,42306,14276,430,-172,-172,0,3
4,42310,14277,66,-173,-173,0,3
4,42311,14278,-477,-170,-170,0,3
4,42312,14279,-717,-159,-159,0,3
4,42313,14280,-579,-139,-139,0,3
4,42314,14281,-78,-112,-112,0,3
4,42315,14282,389,-79,-79,0,3
4,42316,14283,414,-47,-47,0,3
4,42317,14284,26,-17,-17,0,3
4,42318,14285,-512,8,8,0,3
4,42319,14286,-789,28,28,0,3
4,42323,14287,-655,44,44,0,3
4,42324,14288,-164,57,57,0,1
4,42325,14289,348,68,68,0,2
4,42326,14290,503,80,80,0,3
4,42327,14291,164,91,91,0,3
4,42328,14292,-415,101,101,0,3
4,42329,14293,-803,110,110,0,3
4,42330,14294,-696,116,116,0,3
4,42331,14295,-271,118,118,0,3
4,42332,14296,272,116,116,0,3
4,42336,14297,471,113,113,0,3
4,42337,14298,170,111,111,0,3
4,42338,14299,-271,112,112,0,3
4,42339,14300,-696,118,118,0,3
4,42340,14301,-741,126,126,0,3
4,42341,14302,-374,134,134,0,3
4,42342,14303,143,138,138,0,3
4,42343,14304,359,134,134,0,3
4,42344,14305,266,123,123,0,3
4,42345,14306,-225,104,104,0,3
4,42349,14307,-655,80,80,0,1
4,42350,14308,-707,53,53,0,2
4,42351,14309,-430,26,26,0,3
4,42352,14310,67,2,2,0,3
4,42353,14311,454,-17,-17,0,3
4,42354,14312,471,-28,-28,0,3
4,42355,14313,45,-32,-32,0,3
4,42356,14314,-477,-29,-29,0,3
4,42357,14315,-737,-22,-22,0,3
4,42358,14316,-538,-15,-15,0,3
4,42362,14317,25,-10,-10,0,3
4,42363,14318,450,-9,-9,0,3
4,42364,14319,639,-12,-12,0,3
4,42365,14320,313,-18,-18,0,3
4,42366,14321,-246,-25,-25,0,3
4,42367,14322,-503,-30,-30,0,3
4,42368,14323,-409,-32,-32,0,3
4,42369,14324,143,-31,-31,0,3
4,42370,14325,634,-27,-27,0,3
4,42371,14326,769,-21,-21,0,1
4,42375,14327,410,-15,-15,0,2
4,42376,14328,-149,-10,-10,0,3
4,42377,14329,-454,-8,-8,0,3
4,42378,14330,-327,-11,-11,0,3
4,42379,14331,98,-22,-22,0,3
4,42380,14332,641,-39,-39,0,3
4,42381,14333,819,-62,-62,0,3
4,42382,14334,579,-86,-86,0,3
4,42383,14335,139,-105,-105,1,3
