#-----------------------------------------------------------
# Vivado v2025.1.1 (64-bit)
# SW Build 6233196 on Thu Sep 11 21:27:30 MDT 2025
# IP Build 6232796 on Fri Sep 12 01:46:16 MDT 2025
# SharedData Build 6233195 on Thu Sep 11 17:56:43 MDT 2025
# Start of session at: Thu Oct  8 12:19:52 2026
# Process ID         : 31856
# Current directory  : C:/Users/yamle/OneDrive/Desktop/Project5_BNN_Safety_Complete_Pack_v1/Project5_BNN_Safety
# Command line       : vivado.exe -mode batch -source C:\Users\yamle\OneDrive\Desktop\Project5_BNN_Safety_Complete_Pack_v1\Project5_BNN_Safety\Vivado\run_all.tcl -log C:\Users\yamle\OneDrive\Desktop\Project5_BNN_Safety_Complete_Pack_v1\Project5_BNN_Safety\Results\run_20261008_121952_125\vivado_batch.log -journal C:\Users\yamle\OneDrive\Desktop\Project5_BNN_Safety_Complete_Pack_v1\Project5_BNN_Safety\Results\run_20261008_121952_125\vivado_batch.jou -tclargs C:\Users\yamle\OneDrive\Desktop\Project5_BNN_Safety_Complete_Pack_v1\Project5_BNN_Safety\Results\run_20261008_121952_125
# Log file           : C:/Users/yamle/OneDrive/Desktop/Project5_BNN_Safety_Complete_Pack_v1/Project5_BNN_Safety/Results/run_20261008_121952_125/vivado_batch.log
# Journal file       : C:\Users\yamle\OneDrive\Desktop\Project5_BNN_Safety_Complete_Pack_v1\Project5_BNN_Safety\Results\run_20261008_121952_125\vivado_batch.jou
# Running On         : KARTIK-PC
# Platform           : Windows Server 2016 or Windows 10
# Operating System   : 26200
# Processor Detail   : 13th Gen Intel(R) Core(TM) i7-13650HX
# CPU Frequency      : 2803 MHz
# CPU Physical cores : 14
# CPU Logical cores  : 20
# Host memory        : 16873 MB
# Swap memory        : 25769 MB
# Total Virtual      : 42643 MB
# Available Virtual  : 22930 MB
#-----------------------------------------------------------
source {C:\Users\yamle\OneDrive\Desktop\Project5_BNN_Safety_Complete_Pack_v1\Project5_BNN_Safety\Vivado\run_all.tcl}
# set p5_root [file normalize [file join [file dirname [info script]] ..]]
# if {[llength $argv]} {set p5_results [file normalize [lindex $argv 0]]} else {
#     set p5_results [file join $p5_root Results run_[clock format [clock seconds] -format %Y%m%d_%H%M%S]]
# }
# file mkdir $p5_results
INFO: [ProjectBase 1-489] The host OS only allows 260 characters in a normal path. The project is stored in a path with more than 80 characters. If you experience issues with IP, Block Designs, or files not being found, please consider moving the project to a location with a shorter path. Alternately consider using the OS subst command to map part of the path to a drive letter.
Current project path is 'C:/Users/yamle/OneDrive/Desktop/Project5_BNN_Safety_Complete_Pack_v1/Project5_BNN_Safety/build'
create_project: Time (s): cpu = 00:00:29 ; elapsed = 00:00:27 . Memory (MB): peak = 482.020 ; gain = 211.105
INFO: [IP_Flow 19-234] Refreshing IP repositories
INFO: [IP_Flow 19-1704] No user IP repositories specified
INFO: [IP_Flow 19-2313] Loaded Vivado IP repository 'C:/Xilinx/2025.1.1/Vivado/data/ip'.
INFO: [Device 21-403] Loading part xc7z020clg400-1
create_ip: Time (s): cpu = 00:00:06 ; elapsed = 00:00:27 . Memory (MB): peak = 761.383 ; gain = 279.363
INFO: [IP_Flow 19-1686] Generating 'Instantiation Template' target for IP 'bnn_clk'...
INFO: [IP_Flow 19-1686] Generating 'Synthesis' target for IP 'bnn_clk'...
INFO: [IP_Flow 19-1686] Generating 'Simulation' target for IP 'bnn_clk'...
INFO: [IP_Flow 19-1686] Generating 'Implementation' target for IP 'bnn_clk'...
INFO: [IP_Flow 19-1686] Generating 'Change Log' target for IP 'bnn_clk'...
INFO: [IP_Flow 19-1686] Generating 'Instantiation Template' target for IP 'bnn_vio'...
INFO: [IP_Flow 19-1686] Generating 'Synthesis' target for IP 'bnn_vio'...
INFO: [IP_Flow 19-1686] Generating 'Simulation' target for IP 'bnn_vio'...
INFO: [IP_Flow 19-1686] Generating 'Change Log' target for IP 'bnn_vio'...
generate_target: Time (s): cpu = 00:00:03 ; elapsed = 00:00:05 . Memory (MB): peak = 771.348 ; gain = 3.977
P5 project created at C:/Users/yamle/OneDrive/Desktop/Project5_BNN_Safety_Complete_Pack_v1/Project5_BNN_Safety/build/BNN_Safety.xpr
P5: running tb_cores (all checks required).
Command: launch_simulation  -simset sim_1 -mode behavioral
INFO: [Vivado 12-12493] Simulation top is 'tb_cores'
INFO: [Vivado 12-5698] Checking validity of IPs in the design for the 'XSim' simulator...
INFO: [Vivado 12-5682] Launching behavioral simulation in 'C:/Users/yamle/OneDrive/Desktop/Project5_BNN_Safety_Complete_Pack_v1/Project5_BNN_Safety/build/BNN_Safety.sim/sim_1/behav/xsim'
INFO: [Vivado 12-13660] Precompiled IP simulation library mode is enabled (default). The design IP libraries will be referenced from the compiled library path. Please note that if the precompiled version of the library is not found from the path or the IP is in locked state, then the library source files for these IPs will be compiled locally as part of the compile order.
INFO: [Vivado 12-4795] Using compiled simulation libraries for IPs
INFO: [SIM-utils-51] Simulation object is 'sim_1'
INFO: [SIM-utils-72] Using boost library from 'C:/Xilinx/2025.1.1/Vivado/tps/boost_1_72_0'
INFO: [USF-XSim-7] Finding pre-compiled libraries...
INFO: [USF-XSim-11] File 'C:/Xilinx/2025.1.1/Vivado/data/xsim/xsim.ini' copied to run dir:'C:/Users/yamle/OneDrive/Desktop/Project5_BNN_Safety_Complete_Pack_v1/Project5_BNN_Safety/build/BNN_Safety.sim/sim_1/behav/xsim'
INFO: [SIM-utils-54] Inspecting design source files for 'tb_cores' in fileset 'sim_1'...
INFO: [USF-XSim-97] Finding global include files...
INFO: [USF-XSim-98] Fetching design files from 'sim_1'...
INFO: [USF-XSim-2] XSim::Compile design
INFO: [USF-XSim-61] Executing 'COMPILE and ANALYZE' step in 'C:/Users/yamle/OneDrive/Desktop/Project5_BNN_Safety_Complete_Pack_v1/Project5_BNN_Safety/build/BNN_Safety.sim/sim_1/behav/xsim'
"xvlog --incr --relax -L uvm -prj tb_cores_vlog.prj"
INFO: [VRFC 10-2263] Analyzing SystemVerilog file "C:/Users/yamle/OneDrive/Desktop/Project5_BNN_Safety_Complete_Pack_v1/Project5_BNN_Safety/RTL/bnn_math_pkg.sv" into library xil_defaultlib
INFO: [VRFC 10-2263] Analyzing SystemVerilog file "C:/Users/yamle/OneDrive/Desktop/Project5_BNN_Safety_Complete_Pack_v1/Project5_BNN_Safety/RTL/bnn_folded.sv" into library xil_defaultlib
INFO: [VRFC 10-311] analyzing module bnn_folded
INFO: [VRFC 10-2263] Analyzing SystemVerilog file "C:/Users/yamle/OneDrive/Desktop/Project5_BNN_Safety_Complete_Pack_v1/Project5_BNN_Safety/RTL/bnn_parallel.sv" into library xil_defaultlib
INFO: [VRFC 10-311] analyzing module bnn_parallel
INFO: [VRFC 10-2263] Analyzing SystemVerilog file "C:/Users/yamle/OneDrive/Desktop/Project5_BNN_Safety_Complete_Pack_v1/Project5_BNN_Safety/Testbench/tb_cores.sv" into library xil_defaultlib
INFO: [VRFC 10-311] analyzing module tb_cores
INFO: [VRFC 10-2263] Analyzing Verilog file "C:/Users/yamle/OneDrive/Desktop/Project5_BNN_Safety_Complete_Pack_v1/Project5_BNN_Safety/build/BNN_Safety.sim/sim_1/behav/xsim/glbl.v" into library xil_defaultlib
INFO: [VRFC 10-311] analyzing module glbl
INFO: [USF-XSim-69] 'compile' step finished in '4' seconds
INFO: [USF-XSim-3] XSim::Elaborate design
INFO: [USF-XSim-61] Executing 'ELABORATE' step in 'C:/Users/yamle/OneDrive/Desktop/Project5_BNN_Safety_Complete_Pack_v1/Project5_BNN_Safety/build/BNN_Safety.sim/sim_1/behav/xsim'
"xelab --incr --debug typical --relax --mt 2 -generic_top "PASS_FILE="C:/Users/yamle/OneDrive/Desktop/Project5_BNN_Safety_Complete_Pack_v1/Project5_BNN_Safety/Results/run_20261008_121952_125/CORE_TEST_PASS.txt"" -generic_top "DATA_DIR="C:/Users/yamle/OneDrive/Desktop/Project5_BNN_Safety_Complete_Pack_v1/Project5_BNN_Safety"" -L xil_defaultlib -L uvm -L unisims_ver -L unimacro_ver -L secureip -L xpm --snapshot tb_cores_behav xil_defaultlib.tb_cores xil_defaultlib.glbl -log elaborate.log"
Vivado Simulator v2025.1.1
Copyright 1986-2022 Xilinx, Inc. All Rights Reserved.
Copyright 2022-2025 Advanced Micro Devices, Inc. All Rights Reserved.
Running: C:/Xilinx/2025.1.1/Vivado/bin/unwrapped/win64.o/xelab.exe --incr --debug typical --relax --mt 2 -generic_top PASS_FILE=C:/Users/yamle/OneDrive/Desktop/Project5_BNN_Safety_Complete_Pack_v1/Project5_BNN_Safety/Results/run_20261008_121952_125/CORE_TEST_PASS.txt -generic_top DATA_DIR=C:/Users/yamle/OneDrive/Desktop/Project5_BNN_Safety_Complete_Pack_v1/Project5_BNN_Safety -L xil_defaultlib -L uvm -L unisims_ver -L unimacro_ver -L secureip -L xpm --snapshot tb_cores_behav xil_defaultlib.tb_cores xil_defaultlib.glbl -log elaborate.log 
Using 2 slave threads.
Starting static elaboration
Pass Through NonSizing Optimizer
WARNING: [VRFC 10-3532] module 'glbl' does not have a parameter named 'PASS_FILE' to override [C:/Users/yamle/OneDrive/Desktop/Project5_BNN_Safety_Complete_Pack_v1/Project5_BNN_Safety/build/BNN_Safety.sim/sim_1/behav/xsim/glbl.v:6]
Completed static elaboration
Starting simulation data flow analysis
Completed simulation data flow analysis
Time Resolution for simulation is 1ps
Compiling package xil_defaultlib.bnn_math_pkg
Compiling module xil_defaultlib.bnn_parallel
Compiling module xil_defaultlib.bnn_folded
Compiling module xil_defaultlib.tb_cores(PASS_FILE="C:/Users/yam...
Compiling module xil_defaultlib.glbl
Built simulation snapshot tb_cores_behav
run_program: Time (s): cpu = 00:00:00 ; elapsed = 00:00:06 . Memory (MB): peak = 773.336 ; gain = 0.000
INFO: [USF-XSim-69] 'elaborate' step finished in '7' seconds
INFO: [USF-XSim-4] XSim::Simulate design
INFO: [USF-XSim-61] Executing 'SIMULATE' step in 'C:/Users/yamle/OneDrive/Desktop/Project5_BNN_Safety_Complete_Pack_v1/Project5_BNN_Safety/build/BNN_Safety.sim/sim_1/behav/xsim'
INFO: [USF-XSim-98] *** Running xsim
   with args "tb_cores_behav -key {Behavioral:sim_1:Functional:tb_cores} -tclbatch {tb_cores.tcl} -log {simulate.log}"
INFO: [USF-XSim-8] Loading simulator feature
Time resolution is 1 ps
source tb_cores.tcl
WARNING: [Wavedata 42-489] Can't add object "/\tb_cores(PASS_FILE="C:/Users/yamle/OneDrive/Desktop/Project5_BNN_Safety_Complete_Pack_v1/Project5_BNN_Safety/Results/run_20261008_121952_125/CORE_TEST_PASS.txt",DATA_DIR="C:/Users/yamle/OneDrive/Desktop/Project5_BNN_Safety_Complete_Pack_v1/Project5_BNN_Safety") /golden" to the wave window because it has 5242880 bits, which exceeds the display limit of 65536 bits.  To change the display limit, use the command "set_property display_limit <new limit> [current_wave_config]".
WARNING: [Wavedata 42-489] Can't add object "/\tb_cores(PASS_FILE="C:/Users/yamle/OneDrive/Desktop/Project5_BNN_Safety_Complete_Pack_v1/Project5_BNN_Safety/Results/run_20261008_121952_125/CORE_TEST_PASS.txt",DATA_DIR="C:/Users/yamle/OneDrive/Desktop/Project5_BNN_Safety_Complete_Pack_v1/Project5_BNN_Safety") /stamps" to the wave window because it has 2097152 bits, which exceeds the display limit of 65536 bits.  To change the display limit, use the command "set_property display_limit <new limit> [current_wave_config]".
PARALLEL PASS profile 0: 65536 vectors, latency 5, II 1
FOLDED PASS profile 0: 65536 vectors, latency 21, II 22
PARALLEL PASS profile 1: 65536 vectors, latency 5, II 1
FOLDED PASS profile 1: 65536 vectors, latency 21, II 22
ALL CORE TESTS PASSED: 131072 parallel + 131072 folded golden vectors; 65536 popcounts; 4352 score extremes; reset/latency/encoding.
$finish called at time : 60309620 ns : File "C:/Users/yamle/OneDrive/Desktop/Project5_BNN_Safety_Complete_Pack_v1/Project5_BNN_Safety/Testbench/tb_cores.sv" Line 83
run: Time (s): cpu = 00:00:10 ; elapsed = 00:00:34 . Memory (MB): peak = 787.695 ; gain = 0.000
xsim: Time (s): cpu = 00:00:10 ; elapsed = 00:00:37 . Memory (MB): peak = 787.695 ; gain = 14.359
INFO: [USF-XSim-96] XSim completed. Design snapshot 'tb_cores_behav' loaded.
INFO: [USF-XSim-97] XSim simulation ran for 100ms
launch_simulation: Time (s): cpu = 00:00:12 ; elapsed = 00:00:55 . Memory (MB): peak = 787.695 ; gain = 16.348
INFO: xsimkernel Simulation Memory Usage: 30644 KB (Peak: 30644 KB), Simulation CPU Usage: 32468 ms
INFO: [Simtcl 6-16] Simulation closed
P5: running tb_diagnostics (all checks required).
Command: launch_simulation  -simset sim_1 -mode behavioral
INFO: [Vivado 12-12493] Simulation top is 'tb_diagnostics'
INFO: [Vivado 12-5698] Checking validity of IPs in the design for the 'XSim' simulator...
INFO: [Vivado 12-5682] Launching behavioral simulation in 'C:/Users/yamle/OneDrive/Desktop/Project5_BNN_Safety_Complete_Pack_v1/Project5_BNN_Safety/build/BNN_Safety.sim/sim_1/behav/xsim'
INFO: [Vivado 12-13660] Precompiled IP simulation library mode is enabled (default). The design IP libraries will be referenced from the compiled library path. Please note that if the precompiled version of the library is not found from the path or the IP is in locked state, then the library source files for these IPs will be compiled locally as part of the compile order.
INFO: [Vivado 12-4795] Using compiled simulation libraries for IPs
INFO: [SIM-utils-51] Simulation object is 'sim_1'
INFO: [SIM-utils-72] Using boost library from 'C:/Xilinx/2025.1.1/Vivado/tps/boost_1_72_0'
INFO: [USF-XSim-7] Finding pre-compiled libraries...
INFO: [USF-XSim-11] File 'C:/Xilinx/2025.1.1/Vivado/data/xsim/xsim.ini' copied to run dir:'C:/Users/yamle/OneDrive/Desktop/Project5_BNN_Safety_Complete_Pack_v1/Project5_BNN_Safety/build/BNN_Safety.sim/sim_1/behav/xsim'
INFO: [SIM-utils-54] Inspecting design source files for 'tb_diagnostics' in fileset 'sim_1'...
INFO: [USF-XSim-97] Finding global include files...
INFO: [USF-XSim-98] Fetching design files from 'sim_1'...
INFO: [USF-XSim-2] XSim::Compile design
INFO: [USF-XSim-61] Executing 'COMPILE and ANALYZE' step in 'C:/Users/yamle/OneDrive/Desktop/Project5_BNN_Safety_Complete_Pack_v1/Project5_BNN_Safety/build/BNN_Safety.sim/sim_1/behav/xsim'
"xvlog --incr --relax -L uvm -prj tb_diagnostics_vlog.prj"
INFO: [VRFC 10-2263] Analyzing SystemVerilog file "C:/Users/yamle/OneDrive/Desktop/Project5_BNN_Safety_Complete_Pack_v1/Project5_BNN_Safety/Testbench/tb_diagnostics.sv" into library xil_defaultlib
INFO: [VRFC 10-311] analyzing module tb_diagnostics
INFO: [USF-XSim-69] 'compile' step finished in '2' seconds
INFO: [USF-XSim-3] XSim::Elaborate design
INFO: [USF-XSim-61] Executing 'ELABORATE' step in 'C:/Users/yamle/OneDrive/Desktop/Project5_BNN_Safety_Complete_Pack_v1/Project5_BNN_Safety/build/BNN_Safety.sim/sim_1/behav/xsim'
"xelab --incr --debug typical --relax --mt 2 -generic_top "PASS_FILE="C:/Users/yamle/OneDrive/Desktop/Project5_BNN_Safety_Complete_Pack_v1/Project5_BNN_Safety/Results/run_20261008_121952_125/DIAGNOSTIC_TEST_PASS.txt"" -L xil_defaultlib -L uvm -L unisims_ver -L unimacro_ver -L secureip -L xpm --snapshot tb_diagnostics_behav xil_defaultlib.tb_diagnostics xil_defaultlib.glbl -log elaborate.log"
Vivado Simulator v2025.1.1
Copyright 1986-2022 Xilinx, Inc. All Rights Reserved.
Copyright 2022-2025 Advanced Micro Devices, Inc. All Rights Reserved.
Running: C:/Xilinx/2025.1.1/Vivado/bin/unwrapped/win64.o/xelab.exe --incr --debug typical --relax --mt 2 -generic_top PASS_FILE=C:/Users/yamle/OneDrive/Desktop/Project5_BNN_Safety_Complete_Pack_v1/Project5_BNN_Safety/Results/run_20261008_121952_125/DIAGNOSTIC_TEST_PASS.txt -L xil_defaultlib -L uvm -L unisims_ver -L unimacro_ver -L secureip -L xpm --snapshot tb_diagnostics_behav xil_defaultlib.tb_diagnostics xil_defaultlib.glbl -log elaborate.log 
Using 2 slave threads.
Starting static elaboration
Pass Through NonSizing Optimizer
WARNING: [VRFC 10-3532] module 'glbl' does not have a parameter named 'PASS_FILE' to override [C:/Users/yamle/OneDrive/Desktop/Project5_BNN_Safety_Complete_Pack_v1/Project5_BNN_Safety/build/BNN_Safety.sim/sim_1/behav/xsim/glbl.v:6]
Completed static elaboration
Starting simulation data flow analysis
Completed simulation data flow analysis
Time Resolution for simulation is 1ps
Compiling package xil_defaultlib.bnn_math_pkg
Compiling module xil_defaultlib.bnn_parallel
Compiling module xil_defaultlib.bnn_folded
Compiling module xil_defaultlib.tb_diagnostics(PASS_FILE="C:/Use...
Compiling module xil_defaultlib.glbl
Built simulation snapshot tb_diagnostics_behav
INFO: [USF-XSim-69] 'elaborate' step finished in '3' seconds
INFO: [USF-XSim-4] XSim::Simulate design
INFO: [USF-XSim-61] Executing 'SIMULATE' step in 'C:/Users/yamle/OneDrive/Desktop/Project5_BNN_Safety_Complete_Pack_v1/Project5_BNN_Safety/build/BNN_Safety.sim/sim_1/behav/xsim'
INFO: [USF-XSim-98] *** Running xsim
   with args "tb_diagnostics_behav -key {Behavioral:sim_1:Functional:tb_diagnostics} -tclbatch {tb_diagnostics.tcl} -log {simulate.log}"
INFO: [USF-XSim-8] Loading simulator feature
Time resolution is 1 ps
source tb_diagnostics.tcl
ALL DIAGNOSTIC TESTS PASSED: 1024 arbitrary parameter/input images including extrema and ties; 4096 checks.
$finish called at time : 450632 ns : File "C:/Users/yamle/OneDrive/Desktop/Project5_BNN_Safety_Complete_Pack_v1/Project5_BNN_Safety/Testbench/tb_diagnostics.sv" Line 45
INFO: [USF-XSim-96] XSim completed. Design snapshot 'tb_diagnostics_behav' loaded.
INFO: [USF-XSim-97] XSim simulation ran for 100ms
launch_simulation: Time (s): cpu = 00:00:01 ; elapsed = 00:00:10 . Memory (MB): peak = 787.695 ; gain = 0.000
INFO: [Simtcl 6-16] Simulation closed
P5: running tb_config (all checks required).
Command: launch_simulation  -simset sim_1 -mode behavioral
INFO: [Vivado 12-12493] Simulation top is 'tb_config'
INFO: [Vivado 12-5698] Checking validity of IPs in the design for the 'XSim' simulator...
INFO: [Vivado 12-5682] Launching behavioral simulation in 'C:/Users/yamle/OneDrive/Desktop/Project5_BNN_Safety_Complete_Pack_v1/Project5_BNN_Safety/build/BNN_Safety.sim/sim_1/behav/xsim'
INFO: [Vivado 12-13660] Precompiled IP simulation library mode is enabled (default). The design IP libraries will be referenced from the compiled library path. Please note that if the precompiled version of the library is not found from the path or the IP is in locked state, then the library source files for these IPs will be compiled locally as part of the compile order.
INFO: [Vivado 12-4795] Using compiled simulation libraries for IPs
INFO: [SIM-utils-51] Simulation object is 'sim_1'
INFO: [SIM-utils-72] Using boost library from 'C:/Xilinx/2025.1.1/Vivado/tps/boost_1_72_0'
INFO: [USF-XSim-7] Finding pre-compiled libraries...
INFO: [USF-XSim-11] File 'C:/Xilinx/2025.1.1/Vivado/data/xsim/xsim.ini' copied to run dir:'C:/Users/yamle/OneDrive/Desktop/Project5_BNN_Safety_Complete_Pack_v1/Project5_BNN_Safety/build/BNN_Safety.sim/sim_1/behav/xsim'
INFO: [SIM-utils-54] Inspecting design source files for 'tb_config' in fileset 'sim_1'...
INFO: [USF-XSim-97] Finding global include files...
INFO: [USF-XSim-98] Fetching design files from 'sim_1'...
INFO: [USF-XSim-2] XSim::Compile design
INFO: [USF-XSim-61] Executing 'COMPILE and ANALYZE' step in 'C:/Users/yamle/OneDrive/Desktop/Project5_BNN_Safety_Complete_Pack_v1/Project5_BNN_Safety/build/BNN_Safety.sim/sim_1/behav/xsim'
"xvlog --incr --relax -L uvm -prj tb_config_vlog.prj"
INFO: [VRFC 10-2263] Analyzing SystemVerilog file "C:/Users/yamle/OneDrive/Desktop/Project5_BNN_Safety_Complete_Pack_v1/Project5_BNN_Safety/RTL/bnn_config.sv" into library xil_defaultlib
INFO: [VRFC 10-311] analyzing module bnn_config
INFO: [VRFC 10-2263] Analyzing SystemVerilog file "C:/Users/yamle/OneDrive/Desktop/Project5_BNN_Safety_Complete_Pack_v1/Project5_BNN_Safety/Testbench/tb_config.sv" into library xil_defaultlib
INFO: [VRFC 10-311] analyzing module tb_config
INFO: [USF-XSim-69] 'compile' step finished in '2' seconds
INFO: [USF-XSim-3] XSim::Elaborate design
INFO: [USF-XSim-61] Executing 'ELABORATE' step in 'C:/Users/yamle/OneDrive/Desktop/Project5_BNN_Safety_Complete_Pack_v1/Project5_BNN_Safety/build/BNN_Safety.sim/sim_1/behav/xsim'
"xelab --incr --debug typical --relax --mt 2 -generic_top "PASS_FILE="C:/Users/yamle/OneDrive/Desktop/Project5_BNN_Safety_Complete_Pack_v1/Project5_BNN_Safety/Results/run_20261008_121952_125/CONFIG_TEST_PASS.txt"" -L xil_defaultlib -L uvm -L unisims_ver -L unimacro_ver -L secureip -L xpm --snapshot tb_config_behav xil_defaultlib.tb_config xil_defaultlib.glbl -log elaborate.log"
Vivado Simulator v2025.1.1
Copyright 1986-2022 Xilinx, Inc. All Rights Reserved.
Copyright 2022-2025 Advanced Micro Devices, Inc. All Rights Reserved.
Running: C:/Xilinx/2025.1.1/Vivado/bin/unwrapped/win64.o/xelab.exe --incr --debug typical --relax --mt 2 -generic_top PASS_FILE=C:/Users/yamle/OneDrive/Desktop/Project5_BNN_Safety_Complete_Pack_v1/Project5_BNN_Safety/Results/run_20261008_121952_125/CONFIG_TEST_PASS.txt -L xil_defaultlib -L uvm -L unisims_ver -L unimacro_ver -L secureip -L xpm --snapshot tb_config_behav xil_defaultlib.tb_config xil_defaultlib.glbl -log elaborate.log 
Using 2 slave threads.
Starting static elaboration
Pass Through NonSizing Optimizer
WARNING: [VRFC 10-3532] module 'glbl' does not have a parameter named 'PASS_FILE' to override [C:/Users/yamle/OneDrive/Desktop/Project5_BNN_Safety_Complete_Pack_v1/Project5_BNN_Safety/build/BNN_Safety.sim/sim_1/behav/xsim/glbl.v:6]
Completed static elaboration
Starting simulation data flow analysis
Completed simulation data flow analysis
Time Resolution for simulation is 1ps
Compiling package xil_defaultlib.bnn_math_pkg
Compiling module xil_defaultlib.bnn_config
Compiling module xil_defaultlib.tb_config(PASS_FILE="C:/Users/ya...
Compiling module xil_defaultlib.glbl
Built simulation snapshot tb_config_behav
INFO: [USF-XSim-69] 'elaborate' step finished in '4' seconds
INFO: [USF-XSim-4] XSim::Simulate design
INFO: [USF-XSim-61] Executing 'SIMULATE' step in 'C:/Users/yamle/OneDrive/Desktop/Project5_BNN_Safety_Complete_Pack_v1/Project5_BNN_Safety/build/BNN_Safety.sim/sim_1/behav/xsim'
INFO: [USF-XSim-98] *** Running xsim
   with args "tb_config_behav -key {Behavioral:sim_1:Functional:tb_config} -tclbatch {tb_config.tcl} -log {simulate.log}"
INFO: [USF-XSim-8] Loading simulator feature
Time resolution is 1 ps
source tb_config.tcl
ALL CONFIG TESTS PASSED: 1216 checks, occupancy 0..21, duplicate writes, random images, CRC rejection, abort and mid-seal reset.
$finish called at time : 565800 ns : File "C:/Users/yamle/OneDrive/Desktop/Project5_BNN_Safety_Complete_Pack_v1/Project5_BNN_Safety/Testbench/tb_config.sv" Line 61
INFO: [USF-XSim-96] XSim completed. Design snapshot 'tb_config_behav' loaded.
INFO: [USF-XSim-97] XSim simulation ran for 100ms
launch_simulation: Time (s): cpu = 00:00:01 ; elapsed = 00:00:10 . Memory (MB): peak = 787.695 ; gain = 0.000
INFO: [Simtcl 6-16] Simulation closed
P5: running tb_safety (all checks required).
Command: launch_simulation  -simset sim_1 -mode behavioral
INFO: [Vivado 12-12493] Simulation top is 'tb_safety'
INFO: [Vivado 12-5698] Checking validity of IPs in the design for the 'XSim' simulator...
INFO: [Vivado 12-5682] Launching behavioral simulation in 'C:/Users/yamle/OneDrive/Desktop/Project5_BNN_Safety_Complete_Pack_v1/Project5_BNN_Safety/build/BNN_Safety.sim/sim_1/behav/xsim'
INFO: [Vivado 12-13660] Precompiled IP simulation library mode is enabled (default). The design IP libraries will be referenced from the compiled library path. Please note that if the precompiled version of the library is not found from the path or the IP is in locked state, then the library source files for these IPs will be compiled locally as part of the compile order.
INFO: [Vivado 12-4795] Using compiled simulation libraries for IPs
INFO: [SIM-utils-51] Simulation object is 'sim_1'
INFO: [SIM-utils-72] Using boost library from 'C:/Xilinx/2025.1.1/Vivado/tps/boost_1_72_0'
INFO: [USF-XSim-7] Finding pre-compiled libraries...
INFO: [USF-XSim-11] File 'C:/Xilinx/2025.1.1/Vivado/data/xsim/xsim.ini' copied to run dir:'C:/Users/yamle/OneDrive/Desktop/Project5_BNN_Safety_Complete_Pack_v1/Project5_BNN_Safety/build/BNN_Safety.sim/sim_1/behav/xsim'
INFO: [SIM-utils-54] Inspecting design source files for 'tb_safety' in fileset 'sim_1'...
INFO: [USF-XSim-97] Finding global include files...
INFO: [USF-XSim-98] Fetching design files from 'sim_1'...
INFO: [USF-XSim-2] XSim::Compile design
INFO: [USF-XSim-61] Executing 'COMPILE and ANALYZE' step in 'C:/Users/yamle/OneDrive/Desktop/Project5_BNN_Safety_Complete_Pack_v1/Project5_BNN_Safety/build/BNN_Safety.sim/sim_1/behav/xsim'
"xvlog --incr --relax -L uvm -prj tb_safety_vlog.prj"
INFO: [VRFC 10-2263] Analyzing SystemVerilog file "C:/Users/yamle/OneDrive/Desktop/Project5_BNN_Safety_Complete_Pack_v1/Project5_BNN_Safety/RTL/bnn_safety.sv" into library xil_defaultlib
INFO: [VRFC 10-311] analyzing module bnn_safety
INFO: [VRFC 10-2263] Analyzing SystemVerilog file "C:/Users/yamle/OneDrive/Desktop/Project5_BNN_Safety_Complete_Pack_v1/Project5_BNN_Safety/Testbench/tb_safety.sv" into library xil_defaultlib
INFO: [VRFC 10-311] analyzing module tb_safety
INFO: [USF-XSim-69] 'compile' step finished in '2' seconds
INFO: [USF-XSim-3] XSim::Elaborate design
INFO: [USF-XSim-61] Executing 'ELABORATE' step in 'C:/Users/yamle/OneDrive/Desktop/Project5_BNN_Safety_Complete_Pack_v1/Project5_BNN_Safety/build/BNN_Safety.sim/sim_1/behav/xsim'
"xelab --incr --debug typical --relax --mt 2 -generic_top "PASS_FILE="C:/Users/yamle/OneDrive/Desktop/Project5_BNN_Safety_Complete_Pack_v1/Project5_BNN_Safety/Results/run_20261008_121952_125/SAFETY_TEST_PASS.txt"" -L xil_defaultlib -L uvm -L unisims_ver -L unimacro_ver -L secureip -L xpm --snapshot tb_safety_behav xil_defaultlib.tb_safety xil_defaultlib.glbl -log elaborate.log"
Vivado Simulator v2025.1.1
Copyright 1986-2022 Xilinx, Inc. All Rights Reserved.
Copyright 2022-2025 Advanced Micro Devices, Inc. All Rights Reserved.
Running: C:/Xilinx/2025.1.1/Vivado/bin/unwrapped/win64.o/xelab.exe --incr --debug typical --relax --mt 2 -generic_top PASS_FILE=C:/Users/yamle/OneDrive/Desktop/Project5_BNN_Safety_Complete_Pack_v1/Project5_BNN_Safety/Results/run_20261008_121952_125/SAFETY_TEST_PASS.txt -L xil_defaultlib -L uvm -L unisims_ver -L unimacro_ver -L secureip -L xpm --snapshot tb_safety_behav xil_defaultlib.tb_safety xil_defaultlib.glbl -log elaborate.log 
Using 2 slave threads.
Starting static elaboration
Pass Through NonSizing Optimizer
WARNING: [VRFC 10-3532] module 'glbl' does not have a parameter named 'PASS_FILE' to override [C:/Users/yamle/OneDrive/Desktop/Project5_BNN_Safety_Complete_Pack_v1/Project5_BNN_Safety/build/BNN_Safety.sim/sim_1/behav/xsim/glbl.v:6]
Completed static elaboration
Starting simulation data flow analysis
Completed simulation data flow analysis
Time Resolution for simulation is 1ps
Compiling package xil_defaultlib.bnn_math_pkg
Compiling module xil_defaultlib.bnn_safety(WATCHDOG=8)
Compiling module xil_defaultlib.tb_safety(PASS_FILE="C:/Users/ya...
Compiling module xil_defaultlib.glbl
Built simulation snapshot tb_safety_behav
INFO: [USF-XSim-69] 'elaborate' step finished in '3' seconds
INFO: [USF-XSim-4] XSim::Simulate design
INFO: [USF-XSim-61] Executing 'SIMULATE' step in 'C:/Users/yamle/OneDrive/Desktop/Project5_BNN_Safety_Complete_Pack_v1/Project5_BNN_Safety/build/BNN_Safety.sim/sim_1/behav/xsim'
INFO: [USF-XSim-98] *** Running xsim
   with args "tb_safety_behav -key {Behavioral:sim_1:Functional:tb_safety} -tclbatch {tb_safety.tcl} -log {simulate.log}"
INFO: [USF-XSim-8] Loading simulator feature
Time resolution is 1 ps
source tb_safety.tcl
ALL SAFETY TESTS PASSED: 26 directed race/priority/boundary checks.
$finish called at time : 1352 ns : File "C:/Users/yamle/OneDrive/Desktop/Project5_BNN_Safety_Complete_Pack_v1/Project5_BNN_Safety/Testbench/tb_safety.sv" Line 40
INFO: [USF-XSim-96] XSim completed. Design snapshot 'tb_safety_behav' loaded.
INFO: [USF-XSim-97] XSim simulation ran for 100ms
launch_simulation: Time (s): cpu = 00:00:01 ; elapsed = 00:00:09 . Memory (MB): peak = 787.695 ; gain = 0.000
INFO: [Simtcl 6-16] Simulation closed
P5: running tb_system (all checks required).
Command: launch_simulation  -simset sim_1 -mode behavioral
INFO: [Vivado 12-12493] Simulation top is 'tb_system'
INFO: [Vivado 12-5698] Checking validity of IPs in the design for the 'XSim' simulator...
INFO: [Vivado 12-5682] Launching behavioral simulation in 'C:/Users/yamle/OneDrive/Desktop/Project5_BNN_Safety_Complete_Pack_v1/Project5_BNN_Safety/build/BNN_Safety.sim/sim_1/behav/xsim'
INFO: [Vivado 12-13660] Precompiled IP simulation library mode is enabled (default). The design IP libraries will be referenced from the compiled library path. Please note that if the precompiled version of the library is not found from the path or the IP is in locked state, then the library source files for these IPs will be compiled locally as part of the compile order.
INFO: [Vivado 12-4795] Using compiled simulation libraries for IPs
INFO: [SIM-utils-51] Simulation object is 'sim_1'
INFO: [SIM-utils-72] Using boost library from 'C:/Xilinx/2025.1.1/Vivado/tps/boost_1_72_0'
INFO: [USF-XSim-7] Finding pre-compiled libraries...
INFO: [USF-XSim-11] File 'C:/Xilinx/2025.1.1/Vivado/data/xsim/xsim.ini' copied to run dir:'C:/Users/yamle/OneDrive/Desktop/Project5_BNN_Safety_Complete_Pack_v1/Project5_BNN_Safety/build/BNN_Safety.sim/sim_1/behav/xsim'
INFO: [SIM-utils-54] Inspecting design source files for 'tb_system' in fileset 'sim_1'...
INFO: [USF-XSim-97] Finding global include files...
INFO: [USF-XSim-98] Fetching design files from 'sim_1'...
INFO: [USF-XSim-2] XSim::Compile design
INFO: [USF-XSim-61] Executing 'COMPILE and ANALYZE' step in 'C:/Users/yamle/OneDrive/Desktop/Project5_BNN_Safety_Complete_Pack_v1/Project5_BNN_Safety/build/BNN_Safety.sim/sim_1/behav/xsim'
"xvlog --incr --relax -L uvm -prj tb_system_vlog.prj"
INFO: [VRFC 10-2263] Analyzing SystemVerilog file "C:/Users/yamle/OneDrive/Desktop/Project5_BNN_Safety_Complete_Pack_v1/Project5_BNN_Safety/RTL/bnn_system.sv" into library xil_defaultlib
INFO: [VRFC 10-311] analyzing module bnn_system
INFO: [VRFC 10-2263] Analyzing SystemVerilog file "C:/Users/yamle/OneDrive/Desktop/Project5_BNN_Safety_Complete_Pack_v1/Project5_BNN_Safety/Testbench/tb_system.sv" into library xil_defaultlib
INFO: [VRFC 10-311] analyzing module tb_system
INFO: [USF-XSim-69] 'compile' step finished in '2' seconds
INFO: [USF-XSim-3] XSim::Elaborate design
INFO: [USF-XSim-61] Executing 'ELABORATE' step in 'C:/Users/yamle/OneDrive/Desktop/Project5_BNN_Safety_Complete_Pack_v1/Project5_BNN_Safety/build/BNN_Safety.sim/sim_1/behav/xsim'
"xelab --incr --debug typical --relax --mt 2 -generic_top "PASS_FILE="C:/Users/yamle/OneDrive/Desktop/Project5_BNN_Safety_Complete_Pack_v1/Project5_BNN_Safety/Results/run_20261008_121952_125/SYSTEM_TEST_PASS.txt"" -generic_top "DATA_DIR="C:/Users/yamle/OneDrive/Desktop/Project5_BNN_Safety_Complete_Pack_v1/Project5_BNN_Safety"" -L xil_defaultlib -L uvm -L unisims_ver -L unimacro_ver -L secureip -L xpm --snapshot tb_system_behav xil_defaultlib.tb_system xil_defaultlib.glbl -log elaborate.log"
Vivado Simulator v2025.1.1
Copyright 1986-2022 Xilinx, Inc. All Rights Reserved.
Copyright 2022-2025 Advanced Micro Devices, Inc. All Rights Reserved.
Running: C:/Xilinx/2025.1.1/Vivado/bin/unwrapped/win64.o/xelab.exe --incr --debug typical --relax --mt 2 -generic_top PASS_FILE=C:/Users/yamle/OneDrive/Desktop/Project5_BNN_Safety_Complete_Pack_v1/Project5_BNN_Safety/Results/run_20261008_121952_125/SYSTEM_TEST_PASS.txt -generic_top DATA_DIR=C:/Users/yamle/OneDrive/Desktop/Project5_BNN_Safety_Complete_Pack_v1/Project5_BNN_Safety -L xil_defaultlib -L uvm -L unisims_ver -L unimacro_ver -L secureip -L xpm --snapshot tb_system_behav xil_defaultlib.tb_system xil_defaultlib.glbl -log elaborate.log 
Using 2 slave threads.
Starting static elaboration
Pass Through NonSizing Optimizer
WARNING: [VRFC 10-3532] module 'glbl' does not have a parameter named 'PASS_FILE' to override [C:/Users/yamle/OneDrive/Desktop/Project5_BNN_Safety_Complete_Pack_v1/Project5_BNN_Safety/build/BNN_Safety.sim/sim_1/behav/xsim/glbl.v:6]
Completed static elaboration
Starting simulation data flow analysis
Completed simulation data flow analysis
Time Resolution for simulation is 1ps
Compiling package xil_defaultlib.bnn_math_pkg
Compiling module xil_defaultlib.bnn_config
Compiling module xil_defaultlib.bnn_parallel
Compiling module xil_defaultlib.bnn_folded
Compiling module xil_defaultlib.bnn_safety(WATCHDOG=400)
Compiling module xil_defaultlib.bnn_system(PERIOD=40,WATCHDOG=40...
Compiling module xil_defaultlib.tb_system(PASS_FILE="C:/Users/ya...
Compiling module xil_defaultlib.glbl
Built simulation snapshot tb_system_behav
INFO: [USF-XSim-69] 'elaborate' step finished in '3' seconds
INFO: [USF-XSim-4] XSim::Simulate design
INFO: [USF-XSim-61] Executing 'SIMULATE' step in 'C:/Users/yamle/OneDrive/Desktop/Project5_BNN_Safety_Complete_Pack_v1/Project5_BNN_Safety/build/BNN_Safety.sim/sim_1/behav/xsim'
INFO: [USF-XSim-98] *** Running xsim
   with args "tb_system_behav -key {Behavioral:sim_1:Functional:tb_system} -tclbatch {tb_system.tcl} -log {simulate.log}"
INFO: [USF-XSim-8] Loading simulator feature
Time resolution is 1 ps
source tb_system.tcl
WARNING: [Wavedata 42-489] Can't add object "/\tb_system(PASS_FILE="C:/Users/yamle/OneDrive/Desktop/Project5_BNN_Safety_Complete_Pack_v1/Project5_BNN_Safety/Results/run_20261008_121952_125/SYSTEM_TEST_PASS.txt",DATA_DIR="C:/Users/yamle/OneDrive/Desktop/Project5_BNN_Safety_Complete_Pack_v1/Project5_BNN_Safety") /ga" to the wave window because it has 5242880 bits, which exceeds the display limit of 65536 bits.  To change the display limit, use the command "set_property display_limit <new limit> [current_wave_config]".
WARNING: [Wavedata 42-489] Can't add object "/\tb_system(PASS_FILE="C:/Users/yamle/OneDrive/Desktop/Project5_BNN_Safety_Complete_Pack_v1/Project5_BNN_Safety/Results/run_20261008_121952_125/SYSTEM_TEST_PASS.txt",DATA_DIR="C:/Users/yamle/OneDrive/Desktop/Project5_BNN_Safety_Complete_Pack_v1/Project5_BNN_Safety") /gb" to the wave window because it has 5242880 bits, which exceeds the display limit of 65536 bits.  To change the display limit, use the command "set_property display_limit <new limit> [current_wave_config]".
SYSTEM normal: all 625 raw cases, hardware-style mailbox and measured 5/21 cycles PASS
ALL SYSTEM TESTS PASSED: 6615 checks; 1250 raw comparisons, model loading/switch/rollback, CRC/range/readback, live faults and watchdog.
$finish called at time : 779200 ns : File "C:/Users/yamle/OneDrive/Desktop/Project5_BNN_Safety_Complete_Pack_v1/Project5_BNN_Safety/Testbench/tb_system.sv" Line 101
INFO: [USF-XSim-96] XSim completed. Design snapshot 'tb_system_behav' loaded.
INFO: [USF-XSim-97] XSim simulation ran for 100ms
launch_simulation: Time (s): cpu = 00:00:01 ; elapsed = 00:00:10 . Memory (MB): peak = 787.695 ; gain = 0.000
INFO: [Simtcl 6-16] Simulation closed
P5: all simulations passed; synthesis and implementation starting.
WARNING: [Vivado 12-7122] Auto Incremental Compile:: No reference checkpoint was found in run synth_1. Auto-incremental flow will not be run, the standard flow will be run instead.
[Thu Oct  8 12:23:10 2026] Launched bnn_vio_synth_1, bnn_clk_synth_1...
Run output will be captured here:
bnn_vio_synth_1: C:/Users/yamle/OneDrive/Desktop/Project5_BNN_Safety_Complete_Pack_v1/Project5_BNN_Safety/build/BNN_Safety.runs/bnn_vio_synth_1/runme.log
bnn_clk_synth_1: C:/Users/yamle/OneDrive/Desktop/Project5_BNN_Safety_Complete_Pack_v1/Project5_BNN_Safety/build/BNN_Safety.runs/bnn_clk_synth_1/runme.log
[Thu Oct  8 12:23:10 2026] Launched synth_1...
Run output will be captured here: C:/Users/yamle/OneDrive/Desktop/Project5_BNN_Safety_Complete_Pack_v1/Project5_BNN_Safety/build/BNN_Safety.runs/synth_1/runme.log
[Thu Oct  8 12:23:10 2026] Waiting for synth_1 to finish...

*** Running vivado
    with args -log bnn_board_top.vds -m64 -product Vivado -mode batch -messageDb vivado.pb -notrace -source bnn_board_top.tcl



****** Vivado v2025.1.1 (64-bit)
  **** SW Build 6233196 on Thu Sep 11 21:27:30 MDT 2025
  **** IP Build 6232796 on Fri Sep 12 01:46:16 MDT 2025
  **** SharedData Build 6233195 on Thu Sep 11 17:56:43 MDT 2025
  **** Start of session at: Thu Oct  8 12:26:57 2026
    ** Copyright 1986-2022 Xilinx, Inc. All Rights Reserved.
    ** Copyright 2022-2025 Advanced Micro Devices, Inc. All Rights Reserved.

source bnn_board_top.tcl -notrace
create_project: Time (s): cpu = 00:00:22 ; elapsed = 00:00:23 . Memory (MB): peak = 484.867 ; gain = 211.637
Command: synth_design -top bnn_board_top -part xc7z020clg400-1
Starting synth_design
Attempting to get a license for feature 'Synthesis' and/or device 'xc7z020'
INFO: [Common 17-349] Got license for feature 'Synthesis' and/or device 'xc7z020'
INFO: [Device 21-403] Loading part xc7z020clg400-1
INFO: [Synth 8-7079] Multithreading enabled for synth_design using a maximum of 2 processes.
INFO: [Synth 8-7078] Launching helper process for spawning children vivado processes
INFO: [Synth 8-7075] Helper process launched with PID 27384
---------------------------------------------------------------------------------
Starting RTL Elaboration : Time (s): cpu = 00:00:19 ; elapsed = 00:00:22 . Memory (MB): peak = 1220.691 ; gain = 485.582
---------------------------------------------------------------------------------
INFO: [Synth 8-6157] synthesizing module 'bnn_board_top' [C:/Users/yamle/OneDrive/Desktop/Project5_BNN_Safety_Complete_Pack_v1/Project5_BNN_Safety/RTL/bnn_board_top.sv:2]
INFO: [Synth 8-6157] synthesizing module 'bnn_clk' [C:/Users/yamle/OneDrive/Desktop/Project5_BNN_Safety_Complete_Pack_v1/Project5_BNN_Safety/build/BNN_Safety.runs/synth_1/.Xil/Vivado-12708-KARTIK-PC/realtime/bnn_clk_stub.v:6]
INFO: [Synth 8-6155] done synthesizing module 'bnn_clk' (0#1) [C:/Users/yamle/OneDrive/Desktop/Project5_BNN_Safety_Complete_Pack_v1/Project5_BNN_Safety/build/BNN_Safety.runs/synth_1/.Xil/Vivado-12708-KARTIK-PC/realtime/bnn_clk_stub.v:6]
INFO: [Synth 8-6157] synthesizing module 'bnn_system' [C:/Users/yamle/OneDrive/Desktop/Project5_BNN_Safety_Complete_Pack_v1/Project5_BNN_Safety/RTL/bnn_system.sv:2]
INFO: [Synth 8-6157] synthesizing module 'bnn_config' [C:/Users/yamle/OneDrive/Desktop/Project5_BNN_Safety_Complete_Pack_v1/Project5_BNN_Safety/RTL/bnn_config.sv:2]
INFO: [Synth 8-6155] done synthesizing module 'bnn_config' (0#1) [C:/Users/yamle/OneDrive/Desktop/Project5_BNN_Safety_Complete_Pack_v1/Project5_BNN_Safety/RTL/bnn_config.sv:2]
INFO: [Synth 8-6157] synthesizing module 'bnn_parallel' [C:/Users/yamle/OneDrive/Desktop/Project5_BNN_Safety_Complete_Pack_v1/Project5_BNN_Safety/RTL/bnn_parallel.sv:2]
INFO: [Synth 8-6155] done synthesizing module 'bnn_parallel' (0#1) [C:/Users/yamle/OneDrive/Desktop/Project5_BNN_Safety_Complete_Pack_v1/Project5_BNN_Safety/RTL/bnn_parallel.sv:2]
INFO: [Synth 8-6157] synthesizing module 'bnn_folded' [C:/Users/yamle/OneDrive/Desktop/Project5_BNN_Safety_Complete_Pack_v1/Project5_BNN_Safety/RTL/bnn_folded.sv:2]
INFO: [Synth 8-6155] done synthesizing module 'bnn_folded' (0#1) [C:/Users/yamle/OneDrive/Desktop/Project5_BNN_Safety_Complete_Pack_v1/Project5_BNN_Safety/RTL/bnn_folded.sv:2]
INFO: [Synth 8-6157] synthesizing module 'bnn_safety' [C:/Users/yamle/OneDrive/Desktop/Project5_BNN_Safety_Complete_Pack_v1/Project5_BNN_Safety/RTL/bnn_safety.sv:2]
	Parameter WATCHDOG bound to: 500000 - type: integer 
INFO: [Synth 8-6155] done synthesizing module 'bnn_safety' (0#1) [C:/Users/yamle/OneDrive/Desktop/Project5_BNN_Safety_Complete_Pack_v1/Project5_BNN_Safety/RTL/bnn_safety.sv:2]
INFO: [Synth 8-6155] done synthesizing module 'bnn_system' (0#1) [C:/Users/yamle/OneDrive/Desktop/Project5_BNN_Safety_Complete_Pack_v1/Project5_BNN_Safety/RTL/bnn_system.sv:2]
INFO: [Synth 8-6157] synthesizing module 'bnn_vio' [C:/Users/yamle/OneDrive/Desktop/Project5_BNN_Safety_Complete_Pack_v1/Project5_BNN_Safety/build/BNN_Safety.runs/synth_1/.Xil/Vivado-12708-KARTIK-PC/realtime/bnn_vio_stub.v:6]
INFO: [Synth 8-6155] done synthesizing module 'bnn_vio' (0#1) [C:/Users/yamle/OneDrive/Desktop/Project5_BNN_Safety_Complete_Pack_v1/Project5_BNN_Safety/build/BNN_Safety.runs/synth_1/.Xil/Vivado-12708-KARTIK-PC/realtime/bnn_vio_stub.v:6]
INFO: [Synth 8-6155] done synthesizing module 'bnn_board_top' (0#1) [C:/Users/yamle/OneDrive/Desktop/Project5_BNN_Safety_Complete_Pack_v1/Project5_BNN_Safety/RTL/bnn_board_top.sv:2]
INFO: [Synth 8-6071] Mark debug on the nets applies keep_hierarchy on instance 'vio_i'. This will prevent further optimization [C:/Users/yamle/OneDrive/Desktop/Project5_BNN_Safety_Complete_Pack_v1/Project5_BNN_Safety/RTL/bnn_board_top.sv:38]
INFO: [Synth 8-6071] Mark debug on the nets applies keep_hierarchy on instance 'system_i'. This will prevent further optimization [C:/Users/yamle/OneDrive/Desktop/Project5_BNN_Safety_Complete_Pack_v1/Project5_BNN_Safety/RTL/bnn_board_top.sv:29]
WARNING: [Synth 8-7129] Port payload[31] in module bnn_system is either unconnected or has no load
WARNING: [Synth 8-7129] Port payload[30] in module bnn_system is either unconnected or has no load
WARNING: [Synth 8-7129] Port payload[29] in module bnn_system is either unconnected or has no load
WARNING: [Synth 8-7129] Port payload[28] in module bnn_system is either unconnected or has no load
WARNING: [Synth 8-7129] Port payload[27] in module bnn_system is either unconnected or has no load
WARNING: [Synth 8-7129] Port payload[26] in module bnn_system is either unconnected or has no load
WARNING: [Synth 8-7129] Port payload[25] in module bnn_system is either unconnected or has no load
WARNING: [Synth 8-7129] Port payload[24] in module bnn_system is either unconnected or has no load
WARNING: [Synth 8-7129] Port payload[23] in module bnn_system is either unconnected or has no load
WARNING: [Synth 8-7129] Port payload[22] in module bnn_system is either unconnected or has no load
WARNING: [Synth 8-7129] Port payload[21] in module bnn_system is either unconnected or has no load
WARNING: [Synth 8-7129] Port payload[20] in module bnn_system is either unconnected or has no load
WARNING: [Synth 8-7129] Port payload[19] in module bnn_system is either unconnected or has no load
WARNING: [Synth 8-7129] Port payload[18] in module bnn_system is either unconnected or has no load
---------------------------------------------------------------------------------
Finished RTL Elaboration : Time (s): cpu = 00:00:28 ; elapsed = 00:00:32 . Memory (MB): peak = 1379.797 ; gain = 644.688
---------------------------------------------------------------------------------
---------------------------------------------------------------------------------
Start Handling Custom Attributes
---------------------------------------------------------------------------------
---------------------------------------------------------------------------------
Finished Handling Custom Attributes : Time (s): cpu = 00:00:28 ; elapsed = 00:00:33 . Memory (MB): peak = 1379.797 ; gain = 644.688
---------------------------------------------------------------------------------
---------------------------------------------------------------------------------
Finished RTL Optimization Phase 1 : Time (s): cpu = 00:00:28 ; elapsed = 00:00:33 . Memory (MB): peak = 1379.797 ; gain = 644.688
---------------------------------------------------------------------------------
Netlist sorting complete. Time (s): cpu = 00:00:00 ; elapsed = 00:00:00.255 . Memory (MB): peak = 1381.297 ; gain = 0.000
INFO: [Project 1-570] Preparing netlist for logic optimization

Processing XDC Constraints
Initializing timing engine
Parsing XDC File [c:/Users/yamle/OneDrive/Desktop/Project5_BNN_Safety_Complete_Pack_v1/Project5_BNN_Safety/build/BNN_Safety.gen/sources_1/ip/bnn_vio/bnn_vio/bnn_vio_in_context.xdc] for cell 'vio_i'
Finished Parsing XDC File [c:/Users/yamle/OneDrive/Desktop/Project5_BNN_Safety_Complete_Pack_v1/Project5_BNN_Safety/build/BNN_Safety.gen/sources_1/ip/bnn_vio/bnn_vio/bnn_vio_in_context.xdc] for cell 'vio_i'
Parsing XDC File [c:/Users/yamle/OneDrive/Desktop/Project5_BNN_Safety_Complete_Pack_v1/Project5_BNN_Safety/build/BNN_Safety.gen/sources_1/ip/bnn_clk/bnn_clk/bnn_clk_in_context.xdc] for cell 'clock_i'
Finished Parsing XDC File [c:/Users/yamle/OneDrive/Desktop/Project5_BNN_Safety_Complete_Pack_v1/Project5_BNN_Safety/build/BNN_Safety.gen/sources_1/ip/bnn_clk/bnn_clk/bnn_clk_in_context.xdc] for cell 'clock_i'
Parsing XDC File [C:/Users/yamle/OneDrive/Desktop/Project5_BNN_Safety_Complete_Pack_v1/Project5_BNN_Safety/RTL/pynq_z2.xdc]
Finished Parsing XDC File [C:/Users/yamle/OneDrive/Desktop/Project5_BNN_Safety_Complete_Pack_v1/Project5_BNN_Safety/RTL/pynq_z2.xdc]
INFO: [Project 1-236] Implementation specific constraints were found while reading constraint file [C:/Users/yamle/OneDrive/Desktop/Project5_BNN_Safety_Complete_Pack_v1/Project5_BNN_Safety/RTL/pynq_z2.xdc]. These constraints will be ignored for synthesis but will be used in implementation. Impacted constraints are listed in the file [.Xil/bnn_board_top_propImpl.xdc].
Resolution: To avoid this warning, move constraints listed in [.Xil/bnn_board_top_propImpl.xdc] to another XDC file and exclude this new file from synthesis with the used_in_synthesis property (File Properties dialog in GUI) and re-run elaboration/synthesis.
Completed Processing XDC Constraints

Netlist sorting complete. Time (s): cpu = 00:00:00 ; elapsed = 00:00:00.007 . Memory (MB): peak = 1490.191 ; gain = 0.000
INFO: [Project 1-111] Unisim Transformation Summary:
No Unisim elements were transformed.

Constraint Validation Runtime : Time (s): cpu = 00:00:00 ; elapsed = 00:00:00.054 . Memory (MB): peak = 1490.191 ; gain = 0.000
---------------------------------------------------------------------------------
Finished Constraint Validation : Time (s): cpu = 00:00:54 ; elapsed = 00:01:03 . Memory (MB): peak = 1490.191 ; gain = 755.082
---------------------------------------------------------------------------------
---------------------------------------------------------------------------------
Start Loading Part and Timing Information
---------------------------------------------------------------------------------
Loading part: xc7z020clg400-1
---------------------------------------------------------------------------------
Finished Loading Part and Timing Information : Time (s): cpu = 00:00:54 ; elapsed = 00:01:03 . Memory (MB): peak = 1490.191 ; gain = 755.082
---------------------------------------------------------------------------------
---------------------------------------------------------------------------------
Start Applying 'set_property' XDC Constraints
---------------------------------------------------------------------------------
---------------------------------------------------------------------------------
Finished applying 'set_property' XDC Constraints : Time (s): cpu = 00:00:54 ; elapsed = 00:01:03 . Memory (MB): peak = 1490.191 ; gain = 755.082
---------------------------------------------------------------------------------
INFO: [Synth 8-802] inferred FSM for state register 'state_reg' in module 'bnn_config'
---------------------------------------------------------------------------------------------------
                   State |                     New Encoding |                Previous Encoding 
---------------------------------------------------------------------------------------------------
                  iSTATE |                               00 |                               00
*
                 iSTATE1 |                               01 |                               01
                 iSTATE0 |                               10 |                               10
---------------------------------------------------------------------------------------------------
INFO: [Synth 8-3354] encoded FSM with state register 'state_reg' using encoding 'sequential' in module 'bnn_config'
---------------------------------------------------------------------------------
Finished RTL Optimization Phase 2 : Time (s): cpu = 00:00:59 ; elapsed = 00:01:09 . Memory (MB): peak = 1490.191 ; gain = 755.082
---------------------------------------------------------------------------------
---------------------------------------------------------------------------------
Start RTL Component Statistics 
---------------------------------------------------------------------------------
Detailed RTL Component Info : 
+---Adders : 
	   2 Input   32 Bit       Adders := 3     
	   3 Input   32 Bit       Adders := 2     
	   2 Input   26 Bit       Adders := 1     
	   2 Input   20 Bit       Adders := 1     
	   2 Input   19 Bit       Adders := 1     
	   3 Input    9 Bit       Adders := 7     
	   2 Input    6 Bit       Adders := 1     
	   2 Input    5 Bit       Adders := 23    
	   2 Input    4 Bit       Adders := 43    
	   2 Input    3 Bit       Adders := 84    
	   2 Input    2 Bit       Adders := 168   
+---XORs : 
	   2 Input     16 Bit         XORs := 22    
	   2 Input      1 Bit         XORs := 1     
+---Registers : 
	               80 Bit    Registers := 1     
	               42 Bit    Registers := 2     
	               36 Bit    Registers := 5     
	               32 Bit    Registers := 8     
	               26 Bit    Registers := 1     
	               20 Bit    Registers := 2     
	               16 Bit    Registers := 124   
	                9 Bit    Registers := 5     
	                8 Bit    Registers := 2     
	                6 Bit    Registers := 4     
	                5 Bit    Registers := 3     
	                4 Bit    Registers := 3     
	                3 Bit    Registers := 1     
	                2 Bit    Registers := 10    
	                1 Bit    Registers := 33    
+---Multipliers : 
	               4x32  Multipliers := 1     
+---Muxes : 
	   2 Input  256 Bit        Muxes := 1     
	   2 Input   80 Bit        Muxes := 1     
	   2 Input   64 Bit        Muxes := 1     
	   7 Input   42 Bit        Muxes := 4     
	   2 Input   42 Bit        Muxes := 11    
	   3 Input   42 Bit        Muxes := 2     
	   2 Input   36 Bit        Muxes := 2     
	   3 Input   36 Bit        Muxes := 1     
	   3 Input   32 Bit        Muxes := 2     
	   2 Input   32 Bit        Muxes := 1     
	   5 Input   32 Bit        Muxes := 1     
	   2 Input   16 Bit        Muxes := 118   
	   7 Input   16 Bit        Muxes := 1     
	   4 Input   16 Bit        Muxes := 1     
	   3 Input   16 Bit        Muxes := 1     
	   6 Input   16 Bit        Muxes := 1     
	   2 Input   14 Bit        Muxes := 1     
	   7 Input   14 Bit        Muxes := 1     
	   2 Input    9 Bit        Muxes := 22    
	   3 Input    9 Bit        Muxes := 1     
	   3 Input    8 Bit        Muxes := 1     
	   2 Input    8 Bit        Muxes := 5     
	   2 Input    6 Bit        Muxes := 1     
	   2 Input    5 Bit        Muxes := 19    
	   3 Input    5 Bit        Muxes := 1     
	   2 Input    4 Bit        Muxes := 1     
	   2 Input    3 Bit        Muxes := 1     
	   7 Input    2 Bit        Muxes := 3     
	   2 Input    2 Bit        Muxes := 16    
	   4 Input    2 Bit        Muxes := 1     
	   3 Input    2 Bit        Muxes := 4     
	   7 Input    1 Bit        Muxes := 88    
	   2 Input    1 Bit        Muxes := 120   
	   3 Input    1 Bit        Muxes := 95    
	   6 Input    1 Bit        Muxes := 18    
---------------------------------------------------------------------------------
Finished RTL Component Statistics 
---------------------------------------------------------------------------------
---------------------------------------------------------------------------------
Start Part Resource Summary
---------------------------------------------------------------------------------
Part Resources:
DSPs: 220 (col length:60)
BRAMs: 280 (col length: RAMB18 60 RAMB36 30)
---------------------------------------------------------------------------------
Finished Part Resource Summary
---------------------------------------------------------------------------------
---------------------------------------------------------------------------------
Start Cross Boundary and Area Optimization
---------------------------------------------------------------------------------
WARNING: [Synth 8-7080] Parallel synthesis criteria is not met
WARNING: [Synth 8-7129] Port payload[31] in module bnn_system is either unconnected or has no load
WARNING: [Synth 8-7129] Port payload[30] in module bnn_system is either unconnected or has no load
WARNING: [Synth 8-7129] Port payload[29] in module bnn_system is either unconnected or has no load
WARNING: [Synth 8-7129] Port payload[28] in module bnn_system is either unconnected or has no load
WARNING: [Synth 8-7129] Port payload[27] in module bnn_system is either unconnected or has no load
WARNING: [Synth 8-7129] Port payload[26] in module bnn_system is either unconnected or has no load
WARNING: [Synth 8-7129] Port payload[25] in module bnn_system is either unconnected or has no load
WARNING: [Synth 8-7129] Port payload[24] in module bnn_system is either unconnected or has no load
WARNING: [Synth 8-7129] Port payload[23] in module bnn_system is either unconnected or has no load
WARNING: [Synth 8-7129] Port payload[22] in module bnn_system is either unconnected or has no load
WARNING: [Synth 8-7129] Port payload[21] in module bnn_system is either unconnected or has no load
WARNING: [Synth 8-7129] Port payload[20] in module bnn_system is either unconnected or has no load
WARNING: [Synth 8-7129] Port payload[19] in module bnn_system is either unconnected or has no load
WARNING: [Synth 8-7129] Port payload[18] in module bnn_system is either unconnected or has no load
---------------------------------------------------------------------------------
Finished Cross Boundary and Area Optimization : Time (s): cpu = 00:02:29 ; elapsed = 00:02:52 . Memory (MB): peak = 1582.973 ; gain = 847.863
---------------------------------------------------------------------------------
---------------------------------------------------------------------------------
Start Applying XDC Timing Constraints
---------------------------------------------------------------------------------
---------------------------------------------------------------------------------
Finished Applying XDC Timing Constraints : Time (s): cpu = 00:02:51 ; elapsed = 00:03:18 . Memory (MB): peak = 1584.527 ; gain = 849.418
---------------------------------------------------------------------------------
---------------------------------------------------------------------------------
Start Timing Optimization
---------------------------------------------------------------------------------
---------------------------------------------------------------------------------
Finished Timing Optimization : Time (s): cpu = 00:02:57 ; elapsed = 00:03:23 . Memory (MB): peak = 1625.695 ; gain = 890.586
---------------------------------------------------------------------------------
---------------------------------------------------------------------------------
Start Technology Mapping
---------------------------------------------------------------------------------
---------------------------------------------------------------------------------
Finished Technology Mapping : Time (s): cpu = 00:03:06 ; elapsed = 00:03:34 . Memory (MB): peak = 1713.281 ; gain = 978.172
---------------------------------------------------------------------------------
---------------------------------------------------------------------------------
Start IO Insertion
---------------------------------------------------------------------------------
---------------------------------------------------------------------------------
Start Flattening Before IO Insertion
---------------------------------------------------------------------------------
---------------------------------------------------------------------------------
Finished Flattening Before IO Insertion
---------------------------------------------------------------------------------
---------------------------------------------------------------------------------
Start Final Netlist Cleanup
---------------------------------------------------------------------------------
---------------------------------------------------------------------------------
Finished Final Netlist Cleanup
---------------------------------------------------------------------------------
---------------------------------------------------------------------------------
Finished IO Insertion : Time (s): cpu = 00:03:21 ; elapsed = 00:03:50 . Memory (MB): peak = 1839.371 ; gain = 1104.262
---------------------------------------------------------------------------------
---------------------------------------------------------------------------------
Start Renaming Generated Instances
---------------------------------------------------------------------------------
---------------------------------------------------------------------------------
Finished Renaming Generated Instances : Time (s): cpu = 00:03:21 ; elapsed = 00:03:50 . Memory (MB): peak = 1839.371 ; gain = 1104.262
---------------------------------------------------------------------------------
---------------------------------------------------------------------------------
Start Rebuilding User Hierarchy
---------------------------------------------------------------------------------
---------------------------------------------------------------------------------
Finished Rebuilding User Hierarchy : Time (s): cpu = 00:03:23 ; elapsed = 00:03:52 . Memory (MB): peak = 1839.371 ; gain = 1104.262
---------------------------------------------------------------------------------
---------------------------------------------------------------------------------
Start Renaming Generated Ports
---------------------------------------------------------------------------------
---------------------------------------------------------------------------------
Finished Renaming Generated Ports : Time (s): cpu = 00:03:23 ; elapsed = 00:03:52 . Memory (MB): peak = 1839.371 ; gain = 1104.262
---------------------------------------------------------------------------------
---------------------------------------------------------------------------------
Start Handling Custom Attributes
---------------------------------------------------------------------------------
---------------------------------------------------------------------------------
Finished Handling Custom Attributes : Time (s): cpu = 00:03:24 ; elapsed = 00:03:53 . Memory (MB): peak = 1839.371 ; gain = 1104.262
---------------------------------------------------------------------------------
---------------------------------------------------------------------------------
Start Renaming Generated Nets
---------------------------------------------------------------------------------
---------------------------------------------------------------------------------
Finished Renaming Generated Nets : Time (s): cpu = 00:03:24 ; elapsed = 00:03:53 . Memory (MB): peak = 1839.371 ; gain = 1104.262
---------------------------------------------------------------------------------
---------------------------------------------------------------------------------
Start ROM, RAM, DSP, Shift Register and Retiming Reporting
---------------------------------------------------------------------------------

Static Shift Register Report:
+------------+---------------------------+--------+-------+--------------+--------------------+-------------------+--------+---------+
|Module Name | RTL Name                  | Length | Width | Reset Signal | Pull out first Reg | Pull out last Reg | SRL16E | SRLC32E | 
+------------+---------------------------+--------+-------+--------------+--------------------+-------------------+--------+---------+
|bnn_system  | parallel_i/sid_reg[4][15] | 4      | 16    | YES          | NO                 | YES               | 16     | 0       | 
|bnn_system  | parallel_i/mid_reg[4][15] | 4      | 16    | YES          | NO                 | YES               | 16     | 0       | 
+------------+---------------------------+--------+-------+--------------+--------------------+-------------------+--------+---------+

---------------------------------------------------------------------------------
Finished ROM, RAM, DSP, Shift Register and Retiming Reporting
---------------------------------------------------------------------------------
---------------------------------------------------------------------------------
Start Writing Synthesis Report
---------------------------------------------------------------------------------

Report BlackBoxes: 
+------+--------------+----------+
|      |BlackBox name |Instances |
+------+--------------+----------+
|1     |bnn_clk       |         1|
|2     |bnn_vio       |         1|
+------+--------------+----------+

Report Cell Usage: 
+------+--------+------+
|      |Cell    |Count |
+------+--------+------+
|1     |bnn_clk |     1|
|2     |bnn_vio |     1|
|3     |CARRY4  |   158|
|4     |LUT1    |    95|
|5     |LUT2    |   382|
|6     |LUT3    |   248|
|7     |LUT4    |   802|
|8     |LUT5    |   573|
|9     |LUT6    |  1969|
|10    |MUXF7   |   335|
|11    |MUXF8   |   115|
|12    |SRL16E  |    32|
|13    |FDPE    |     4|
|14    |FDRE    |  2774|
|15    |FDSE    |    39|
|16    |IBUF    |     6|
|17    |OBUF    |     4|
+------+--------+------+
---------------------------------------------------------------------------------
Finished Writing Synthesis Report : Time (s): cpu = 00:03:24 ; elapsed = 00:03:53 . Memory (MB): peak = 1839.371 ; gain = 1104.262
---------------------------------------------------------------------------------
Synthesis finished with 0 errors, 0 critical warnings and 15 warnings.
Synthesis Optimization Runtime : Time (s): cpu = 00:02:47 ; elapsed = 00:03:42 . Memory (MB): peak = 1839.371 ; gain = 993.867
Synthesis Optimization Complete : Time (s): cpu = 00:03:25 ; elapsed = 00:03:53 . Memory (MB): peak = 1839.371 ; gain = 1104.262
INFO: [Project 1-571] Translating synthesized netlist
Netlist sorting complete. Time (s): cpu = 00:00:00 ; elapsed = 00:00:00.196 . Memory (MB): peak = 1848.465 ; gain = 0.000
INFO: [Netlist 29-17] Analyzing 608 Unisim elements for replacement
INFO: [Netlist 29-28] Unisim Transformation completed in 0 CPU seconds
INFO: [Project 1-570] Preparing netlist for logic optimization
INFO: [Opt 31-138] Pushed 0 inverter(s) to 0 load pin(s).
Netlist sorting complete. Time (s): cpu = 00:00:00 ; elapsed = 00:00:00.004 . Memory (MB): peak = 1852.234 ; gain = 0.000
INFO: [Project 1-111] Unisim Transformation Summary:
No Unisim elements were transformed.

Synth Design complete | Checksum: 66f251f3
INFO: [Common 17-83] Releasing license: Synthesis
35 Infos, 29 Warnings, 0 Critical Warnings and 0 Errors encountered.
synth_design completed successfully
synth_design: Time (s): cpu = 00:03:37 ; elapsed = 00:04:34 . Memory (MB): peak = 1852.234 ; gain = 1348.871
Write ShapeDB Complete: Time (s): cpu = 00:00:00 ; elapsed = 00:00:00.019 . Memory (MB): peak = 1852.234 ; gain = 0.000
INFO: [Common 17-1381] The checkpoint 'C:/Users/yamle/OneDrive/Desktop/Project5_BNN_Safety_Complete_Pack_v1/Project5_BNN_Safety/build/BNN_Safety.runs/synth_1/bnn_board_top.dcp' has been generated.
INFO: [Vivado 12-24828] Executing command : report_utilization -file bnn_board_top_utilization_synth.rpt -pb bnn_board_top_utilization_synth.pb
INFO: [Common 17-206] Exiting Vivado at Thu Oct  8 12:32:02 2026...
[Thu Oct  8 12:32:07 2026] synth_1 finished
wait_on_runs: Time (s): cpu = 00:00:02 ; elapsed = 00:08:57 . Memory (MB): peak = 787.695 ; gain = 0.000
Design is defaulting to impl run constrset: constrs_1
Design is defaulting to synth run part: xc7z020clg400-1
INFO: [Project 1-5699] Read binary netlist with skipMacroContent - 1
INFO: [Project 1-454] Reading design checkpoint 'c:/Users/yamle/OneDrive/Desktop/Project5_BNN_Safety_Complete_Pack_v1/Project5_BNN_Safety/build/BNN_Safety.gen/sources_1/ip/bnn_clk/bnn_clk.dcp' for cell 'clock_i'
INFO: [Project 1-454] Reading design checkpoint 'c:/Users/yamle/OneDrive/Desktop/Project5_BNN_Safety_Complete_Pack_v1/Project5_BNN_Safety/build/BNN_Safety.gen/sources_1/ip/bnn_vio/bnn_vio.dcp' for cell 'vio_i'
Netlist sorting complete. Time (s): cpu = 00:00:01 ; elapsed = 00:00:00.184 . Memory (MB): peak = 822.621 ; gain = 0.000
INFO: [Netlist 29-17] Analyzing 881 Unisim elements for replacement
INFO: [Netlist 29-28] Unisim Transformation completed in 0 CPU seconds
INFO: [Project 1-479] Netlist was created with Vivado 2025.1.1
INFO: [Project 1-570] Preparing netlist for logic optimization
INFO: [Chipscope 16-324] Core: vio_i UUID: 8fcf4077-a0cd-5c90-acb3-acca0284b370 
Parsing XDC File [c:/Users/yamle/OneDrive/Desktop/Project5_BNN_Safety_Complete_Pack_v1/Project5_BNN_Safety/build/BNN_Safety.gen/sources_1/ip/bnn_vio/bnn_vio.xdc] for cell 'vio_i'
Finished Parsing XDC File [c:/Users/yamle/OneDrive/Desktop/Project5_BNN_Safety_Complete_Pack_v1/Project5_BNN_Safety/build/BNN_Safety.gen/sources_1/ip/bnn_vio/bnn_vio.xdc] for cell 'vio_i'
Parsing XDC File [c:/Users/yamle/OneDrive/Desktop/Project5_BNN_Safety_Complete_Pack_v1/Project5_BNN_Safety/build/BNN_Safety.gen/sources_1/ip/bnn_clk/bnn_clk_board.xdc] for cell 'clock_i/inst'
Finished Parsing XDC File [c:/Users/yamle/OneDrive/Desktop/Project5_BNN_Safety_Complete_Pack_v1/Project5_BNN_Safety/build/BNN_Safety.gen/sources_1/ip/bnn_clk/bnn_clk_board.xdc] for cell 'clock_i/inst'
Parsing XDC File [c:/Users/yamle/OneDrive/Desktop/Project5_BNN_Safety_Complete_Pack_v1/Project5_BNN_Safety/build/BNN_Safety.gen/sources_1/ip/bnn_clk/bnn_clk.xdc] for cell 'clock_i/inst'
INFO: [Timing 38-35] Done setting XDC timing constraints. [c:/Users/yamle/OneDrive/Desktop/Project5_BNN_Safety_Complete_Pack_v1/Project5_BNN_Safety/build/BNN_Safety.gen/sources_1/ip/bnn_clk/bnn_clk.xdc:54]
INFO: [Timing 38-2] Deriving generated clocks [c:/Users/yamle/OneDrive/Desktop/Project5_BNN_Safety_Complete_Pack_v1/Project5_BNN_Safety/build/BNN_Safety.gen/sources_1/ip/bnn_clk/bnn_clk.xdc:54]
get_clocks: Time (s): cpu = 00:00:24 ; elapsed = 00:00:28 . Memory (MB): peak = 1524.105 ; gain = 578.953
Finished Parsing XDC File [c:/Users/yamle/OneDrive/Desktop/Project5_BNN_Safety_Complete_Pack_v1/Project5_BNN_Safety/build/BNN_Safety.gen/sources_1/ip/bnn_clk/bnn_clk.xdc] for cell 'clock_i/inst'
Parsing XDC File [C:/Users/yamle/OneDrive/Desktop/Project5_BNN_Safety_Complete_Pack_v1/Project5_BNN_Safety/RTL/pynq_z2.xdc]
Finished Parsing XDC File [C:/Users/yamle/OneDrive/Desktop/Project5_BNN_Safety_Complete_Pack_v1/Project5_BNN_Safety/RTL/pynq_z2.xdc]
INFO: [Opt 31-138] Pushed 0 inverter(s) to 0 load pin(s).
Netlist sorting complete. Time (s): cpu = 00:00:00 ; elapsed = 00:00:00.006 . Memory (MB): peak = 1524.105 ; gain = 0.000
INFO: [Project 1-111] Unisim Transformation Summary:
No Unisim elements were transformed.

open_run: Time (s): cpu = 00:00:34 ; elapsed = 00:00:40 . Memory (MB): peak = 1524.105 ; gain = 736.410
[Thu Oct  8 12:32:49 2026] Launched impl_1...
Run output will be captured here: C:/Users/yamle/OneDrive/Desktop/Project5_BNN_Safety_Complete_Pack_v1/Project5_BNN_Safety/build/BNN_Safety.runs/impl_1/runme.log
[Thu Oct  8 12:32:49 2026] Waiting for impl_1 to finish...

*** Running vivado
    with args -log bnn_board_top.vdi -applog -m64 -product Vivado -messageDb vivado.pb -mode batch -source bnn_board_top.tcl -notrace



****** Vivado v2025.1.1 (64-bit)
  **** SW Build 6233196 on Thu Sep 11 21:27:30 MDT 2025
  **** IP Build 6232796 on Fri Sep 12 01:46:16 MDT 2025
  **** SharedData Build 6233195 on Thu Sep 11 17:56:43 MDT 2025
  **** Start of session at: Thu Oct  8 12:32:57 2026
    ** Copyright 1986-2022 Xilinx, Inc. All Rights Reserved.
    ** Copyright 2022-2025 Advanced Micro Devices, Inc. All Rights Reserved.

source bnn_board_top.tcl -notrace
create_project: Time (s): cpu = 00:00:17 ; elapsed = 00:00:17 . Memory (MB): peak = 484.691 ; gain = 213.266
Command: link_design -top bnn_board_top -part xc7z020clg400-1
Design is defaulting to srcset: sources_1
Design is defaulting to constrset: constrs_1
INFO: [Device 21-403] Loading part xc7z020clg400-1
INFO: [Project 1-5699] Read binary netlist with skipMacroContent - 1
INFO: [Project 1-454] Reading design checkpoint 'c:/Users/yamle/OneDrive/Desktop/Project5_BNN_Safety_Complete_Pack_v1/Project5_BNN_Safety/build/BNN_Safety.gen/sources_1/ip/bnn_clk/bnn_clk.dcp' for cell 'clock_i'
INFO: [Project 1-454] Reading design checkpoint 'c:/Users/yamle/OneDrive/Desktop/Project5_BNN_Safety_Complete_Pack_v1/Project5_BNN_Safety/build/BNN_Safety.gen/sources_1/ip/bnn_vio/bnn_vio.dcp' for cell 'vio_i'
Netlist sorting complete. Time (s): cpu = 00:00:00 ; elapsed = 00:00:00.200 . Memory (MB): peak = 761.984 ; gain = 0.000
INFO: [Netlist 29-17] Analyzing 881 Unisim elements for replacement
INFO: [Netlist 29-28] Unisim Transformation completed in 0 CPU seconds
INFO: [Project 1-479] Netlist was created with Vivado 2025.1.1
INFO: [Project 1-570] Preparing netlist for logic optimization
INFO: [Chipscope 16-324] Core: vio_i UUID: 8fcf4077-a0cd-5c90-acb3-acca0284b370 
Parsing XDC File [c:/Users/yamle/OneDrive/Desktop/Project5_BNN_Safety_Complete_Pack_v1/Project5_BNN_Safety/build/BNN_Safety.gen/sources_1/ip/bnn_vio/bnn_vio.xdc] for cell 'vio_i'
Finished Parsing XDC File [c:/Users/yamle/OneDrive/Desktop/Project5_BNN_Safety_Complete_Pack_v1/Project5_BNN_Safety/build/BNN_Safety.gen/sources_1/ip/bnn_vio/bnn_vio.xdc] for cell 'vio_i'
Parsing XDC File [c:/Users/yamle/OneDrive/Desktop/Project5_BNN_Safety_Complete_Pack_v1/Project5_BNN_Safety/build/BNN_Safety.gen/sources_1/ip/bnn_clk/bnn_clk_board.xdc] for cell 'clock_i/inst'
Finished Parsing XDC File [c:/Users/yamle/OneDrive/Desktop/Project5_BNN_Safety_Complete_Pack_v1/Project5_BNN_Safety/build/BNN_Safety.gen/sources_1/ip/bnn_clk/bnn_clk_board.xdc] for cell 'clock_i/inst'
Parsing XDC File [c:/Users/yamle/OneDrive/Desktop/Project5_BNN_Safety_Complete_Pack_v1/Project5_BNN_Safety/build/BNN_Safety.gen/sources_1/ip/bnn_clk/bnn_clk.xdc] for cell 'clock_i/inst'
INFO: [Timing 38-35] Done setting XDC timing constraints. [c:/Users/yamle/OneDrive/Desktop/Project5_BNN_Safety_Complete_Pack_v1/Project5_BNN_Safety/build/BNN_Safety.gen/sources_1/ip/bnn_clk/bnn_clk.xdc:54]
INFO: [Timing 38-2] Deriving generated clocks [c:/Users/yamle/OneDrive/Desktop/Project5_BNN_Safety_Complete_Pack_v1/Project5_BNN_Safety/build/BNN_Safety.gen/sources_1/ip/bnn_clk/bnn_clk.xdc:54]
get_clocks: Time (s): cpu = 00:00:25 ; elapsed = 00:00:27 . Memory (MB): peak = 1477.195 ; gain = 578.867
Finished Parsing XDC File [c:/Users/yamle/OneDrive/Desktop/Project5_BNN_Safety_Complete_Pack_v1/Project5_BNN_Safety/build/BNN_Safety.gen/sources_1/ip/bnn_clk/bnn_clk.xdc] for cell 'clock_i/inst'
Parsing XDC File [C:/Users/yamle/OneDrive/Desktop/Project5_BNN_Safety_Complete_Pack_v1/Project5_BNN_Safety/RTL/pynq_z2.xdc]
Finished Parsing XDC File [C:/Users/yamle/OneDrive/Desktop/Project5_BNN_Safety_Complete_Pack_v1/Project5_BNN_Safety/RTL/pynq_z2.xdc]
INFO: [Opt 31-138] Pushed 0 inverter(s) to 0 load pin(s).
Netlist sorting complete. Time (s): cpu = 00:00:00 ; elapsed = 00:00:00.021 . Memory (MB): peak = 1477.195 ; gain = 0.000
INFO: [Project 1-111] Unisim Transformation Summary:
No Unisim elements were transformed.

13 Infos, 0 Warnings, 0 Critical Warnings and 0 Errors encountered.
link_design completed successfully
link_design: Time (s): cpu = 00:00:45 ; elapsed = 00:00:53 . Memory (MB): peak = 1477.195 ; gain = 974.129
Command: opt_design
Attempting to get a license for feature 'Implementation' and/or device 'xc7z020'
INFO: [Common 17-349] Got license for feature 'Implementation' and/or device 'xc7z020'
Running DRC as a precondition to command opt_design

Starting DRC Task
INFO: [DRC 23-27] Running DRC with 2 threads
INFO: [Project 1-461] DRC finished with 0 Errors
INFO: [Project 1-462] Please refer to the DRC report (report_drc) for more information.

Time (s): cpu = 00:00:05 ; elapsed = 00:00:04 . Memory (MB): peak = 1477.195 ; gain = 0.000

Starting Cache Timing Information Task
INFO: [Timing 38-35] Done setting XDC timing constraints.
Ending Cache Timing Information Task | Checksum: 12681023f

Time (s): cpu = 00:00:01 ; elapsed = 00:00:00.908 . Memory (MB): peak = 1503.227 ; gain = 26.031

Starting Logic Optimization Task

Phase 1 Initialization

Phase 1.1 Core Generation And Design Setup

Phase 1.1.1 Generate And Synthesize Debug Cores
INFO: [Chipscope 16-329] Generating Script for core instance : dbg_hub 
INFO: [IP_Flow 19-3806] Processing IP xilinx.com:ip:xsdbm:3.0 for cell dbg_hub_CV.
Done building netlist checker database: Time (s): cpu = 00:00:00 ; elapsed = 00:00:00.005 . Memory (MB): peak = 1940.617 ; gain = 0.000
Netlist sorting complete. Time (s): cpu = 00:00:00 ; elapsed = 00:00:00.029 . Memory (MB): peak = 1940.617 ; gain = 0.000
Phase 1.1.1 Generate And Synthesize Debug Cores | Checksum: 1d63c5471

Time (s): cpu = 00:00:02 ; elapsed = 00:04:02 . Memory (MB): peak = 1940.617 ; gain = 21.328
Phase 1.1 Core Generation And Design Setup | Checksum: 1d63c5471

Time (s): cpu = 00:00:02 ; elapsed = 00:04:02 . Memory (MB): peak = 1940.617 ; gain = 21.328

Phase 1.2 Setup Constraints And Sort Netlist
Phase 1.2 Setup Constraints And Sort Netlist | Checksum: 1d63c5471

Time (s): cpu = 00:00:02 ; elapsed = 00:04:02 . Memory (MB): peak = 1940.617 ; gain = 21.328
Phase 1 Initialization | Checksum: 1d63c5471

Time (s): cpu = 00:00:02 ; elapsed = 00:04:02 . Memory (MB): peak = 1940.617 ; gain = 21.328

Phase 2 Timer Update And Timing Data Collection

Phase 2.1 Timer Update
Phase 2.1 Timer Update | Checksum: 1d63c5471

Time (s): cpu = 00:00:03 ; elapsed = 00:04:03 . Memory (MB): peak = 1940.617 ; gain = 21.328

Phase 2.2 Timing Data Collection
Phase 2.2 Timing Data Collection | Checksum: 1d63c5471

Time (s): cpu = 00:00:03 ; elapsed = 00:04:03 . Memory (MB): peak = 1940.617 ; gain = 21.328
Phase 2 Timer Update And Timing Data Collection | Checksum: 1d63c5471

Time (s): cpu = 00:00:03 ; elapsed = 00:04:03 . Memory (MB): peak = 1940.617 ; gain = 21.328

Phase 3 Retarget
INFO: [Opt 31-1851] Number of loadless carry chains removed were: 0
INFO: [Opt 31-1834] Total Chains To Be Transformed Were: 0 AND Number of Transformed insts Created are: 0
INFO: [Opt 31-1566] Pulled 2 inverters resulting in an inversion of 6 pins
INFO: [Opt 31-138] Pushed 0 inverter(s) to 0 load pin(s).
INFO: [Opt 31-49] Retargeted 0 cell(s).
Phase 3 Retarget | Checksum: 1b59efc07

Time (s): cpu = 00:00:03 ; elapsed = 00:04:03 . Memory (MB): peak = 1940.617 ; gain = 21.328
Retarget | Checksum: 1b59efc07
INFO: [Opt 31-389] Phase Retarget created 1 cells and removed 9 cells
INFO: [Opt 31-1021] In phase Retarget, 593 netlist objects are constrained preventing optimization. Please run opt_design with -debug_log to get more detail. 

Phase 4 Constant propagation
INFO: [Opt 31-138] Pushed 0 inverter(s) to 0 load pin(s).
Phase 4 Constant propagation | Checksum: 18e53de33

Time (s): cpu = 00:00:03 ; elapsed = 00:04:03 . Memory (MB): peak = 1940.617 ; gain = 21.328
Constant propagation | Checksum: 18e53de33
INFO: [Opt 31-389] Phase Constant propagation created 0 cells and removed 0 cells
INFO: [Opt 31-1021] In phase Constant propagation, 582 netlist objects are constrained preventing optimization. Please run opt_design with -debug_log to get more detail. 

Phase 5 Sweep
INFO: [Constraints 18-11670] Building netlist checker database with flags, 0x8
Done building netlist checker database: Time (s): cpu = 00:00:00 ; elapsed = 00:00:00.012 . Memory (MB): peak = 1940.617 ; gain = 0.000
INFO: [Constraints 18-11670] Building netlist checker database with flags, 0x8
Done building netlist checker database: Time (s): cpu = 00:00:00 ; elapsed = 00:00:00.012 . Memory (MB): peak = 1940.617 ; gain = 0.000
Phase 5 Sweep | Checksum: 1973a634d

Time (s): cpu = 00:00:04 ; elapsed = 00:04:03 . Memory (MB): peak = 1940.617 ; gain = 21.328
Sweep | Checksum: 1973a634d
INFO: [Opt 31-389] Phase Sweep created 0 cells and removed 0 cells
INFO: [Opt 31-1021] In phase Sweep, 2465 netlist objects are constrained preventing optimization. Please run opt_design with -debug_log to get more detail. 

Phase 6 BUFG optimization
Phase 6 BUFG optimization | Checksum: 1973a634d

Time (s): cpu = 00:00:04 ; elapsed = 00:04:04 . Memory (MB): peak = 1940.617 ; gain = 21.328
BUFG optimization | Checksum: 1973a634d
INFO: [Opt 31-662] Phase BUFG optimization created 0 cells of which 0 are BUFGs and removed 0 cells.

Phase 7 Shift Register Optimization
INFO: [Opt 31-1064] SRL Remap converted 0 SRLs to 0 registers and converted 0 registers of register chains to 0 SRLs
Phase 7 Shift Register Optimization | Checksum: 1973a634d

Time (s): cpu = 00:00:04 ; elapsed = 00:04:04 . Memory (MB): peak = 1940.617 ; gain = 21.328
Shift Register Optimization | Checksum: 1973a634d
INFO: [Opt 31-389] Phase Shift Register Optimization created 0 cells and removed 0 cells

Phase 8 Post Processing Netlist
Phase 8 Post Processing Netlist | Checksum: 1973a634d

Time (s): cpu = 00:00:04 ; elapsed = 00:04:04 . Memory (MB): peak = 1940.617 ; gain = 21.328
Post Processing Netlist | Checksum: 1973a634d
INFO: [Opt 31-389] Phase Post Processing Netlist created 0 cells and removed 0 cells
INFO: [Opt 31-1021] In phase Post Processing Netlist, 590 netlist objects are constrained preventing optimization. Please run opt_design with -debug_log to get more detail. 

Phase 9 Finalization

Phase 9.1 Finalizing Design Cores and Updating Shapes
Phase 9.1 Finalizing Design Cores and Updating Shapes | Checksum: 1fd21a3d1

Time (s): cpu = 00:00:04 ; elapsed = 00:04:04 . Memory (MB): peak = 1940.617 ; gain = 21.328

Phase 9.2 Verifying Netlist Connectivity

Starting Connectivity Check Task

Time (s): cpu = 00:00:01 ; elapsed = 00:00:00.082 . Memory (MB): peak = 1940.617 ; gain = 0.000
Phase 9.2 Verifying Netlist Connectivity | Checksum: 1fd21a3d1

Time (s): cpu = 00:00:05 ; elapsed = 00:04:04 . Memory (MB): peak = 1940.617 ; gain = 21.328
Phase 9 Finalization | Checksum: 1fd21a3d1

Time (s): cpu = 00:00:05 ; elapsed = 00:04:04 . Memory (MB): peak = 1940.617 ; gain = 21.328
Opt_design Change Summary
=========================


-------------------------------------------------------------------------------------------------------------------------
|  Phase                        |  #Cells created  |  #Cells Removed  |  #Constrained objects preventing optimizations  |
-------------------------------------------------------------------------------------------------------------------------
|  Retarget                     |               1  |               9  |                                            593  |
|  Constant propagation         |               0  |               0  |                                            582  |
|  Sweep                        |               0  |               0  |                                           2465  |
|  BUFG optimization            |               0  |               0  |                                              0  |
|  Shift Register Optimization  |               0  |               0  |                                              0  |
|  Post Processing Netlist      |               0  |               0  |                                            590  |
-------------------------------------------------------------------------------------------------------------------------


Ending Logic Optimization Task | Checksum: 1fd21a3d1

Time (s): cpu = 00:00:05 ; elapsed = 00:04:04 . Memory (MB): peak = 1940.617 ; gain = 21.328

Starting Power Optimization Task
INFO: [Pwropt 34-132] Skipping clock gating for clocks with a period < 2.00 ns.
Ending Power Optimization Task | Checksum: 1fd21a3d1

Time (s): cpu = 00:00:00 ; elapsed = 00:00:00.077 . Memory (MB): peak = 1940.617 ; gain = 0.000

Starting Final Cleanup Task
Ending Final Cleanup Task | Checksum: 1fd21a3d1

Time (s): cpu = 00:00:00 ; elapsed = 00:00:00.005 . Memory (MB): peak = 1940.617 ; gain = 0.000

Starting Netlist Obfuscation Task
Netlist sorting complete. Time (s): cpu = 00:00:00 ; elapsed = 00:00:00.019 . Memory (MB): peak = 1940.617 ; gain = 0.000
Ending Netlist Obfuscation Task | Checksum: 1fd21a3d1

Time (s): cpu = 00:00:00 ; elapsed = 00:00:00.024 . Memory (MB): peak = 1940.617 ; gain = 0.000
INFO: [Common 17-83] Releasing license: Implementation
45 Infos, 0 Warnings, 0 Critical Warnings and 0 Errors encountered.
opt_design completed successfully
opt_design: Time (s): cpu = 00:00:22 ; elapsed = 00:04:25 . Memory (MB): peak = 1940.617 ; gain = 463.422
INFO: [Vivado 12-24828] Executing command : report_drc -file bnn_board_top_drc_opted.rpt -pb bnn_board_top_drc_opted.pb -rpx bnn_board_top_drc_opted.rpx
Command: report_drc -file bnn_board_top_drc_opted.rpt -pb bnn_board_top_drc_opted.pb -rpx bnn_board_top_drc_opted.rpx
INFO: [IP_Flow 19-1839] IP Catalog is up to date.
INFO: [DRC 23-27] Running DRC with 2 threads
INFO: [Vivado_Tcl 2-168] The results of DRC are in file C:/Users/yamle/OneDrive/Desktop/Project5_BNN_Safety_Complete_Pack_v1/Project5_BNN_Safety/build/BNN_Safety.runs/impl_1/bnn_board_top_drc_opted.rpt.
report_drc completed successfully
report_drc: Time (s): cpu = 00:00:09 ; elapsed = 00:00:08 . Memory (MB): peak = 1940.617 ; gain = 0.000
generate_parallel_reports: Time (s): cpu = 00:00:09 ; elapsed = 00:00:08 . Memory (MB): peak = 1940.617 ; gain = 0.000
INFO: [Timing 38-35] Done setting XDC timing constraints.
INFO: [Timing 38-480] Writing timing data to binary archive.
Wrote PlaceDB: Time (s): cpu = 00:00:00 ; elapsed = 00:00:00.005 . Memory (MB): peak = 1940.617 ; gain = 0.000
Wrote PulsedLatchDB: Time (s): cpu = 00:00:00 ; elapsed = 00:00:00.002 . Memory (MB): peak = 1940.617 ; gain = 0.000
Writing XDEF routing.
Write ShapeDB Complete: Time (s): cpu = 00:00:00 ; elapsed = 00:00:00.079 . Memory (MB): peak = 1940.617 ; gain = 0.000
Writing XDEF routing logical nets.
Writing XDEF routing special nets.
Wrote RouteStorage: Time (s): cpu = 00:00:01 ; elapsed = 00:00:00.286 . Memory (MB): peak = 1940.617 ; gain = 0.000
Wrote Netlist Cache: Time (s): cpu = 00:00:00 ; elapsed = 00:00:00 . Memory (MB): peak = 1940.617 ; gain = 0.000
Wrote Device Cache: Time (s): cpu = 00:00:00 ; elapsed = 00:00:00.032 . Memory (MB): peak = 1940.617 ; gain = 0.000
Write Physdb Complete: Time (s): cpu = 00:00:01 ; elapsed = 00:00:00.354 . Memory (MB): peak = 1940.617 ; gain = 0.000
INFO: [Common 17-1381] The checkpoint 'C:/Users/yamle/OneDrive/Desktop/Project5_BNN_Safety_Complete_Pack_v1/Project5_BNN_Safety/build/BNN_Safety.runs/impl_1/bnn_board_top_opt.dcp' has been generated.
INFO: [Chipscope 16-240] Debug cores have already been implemented
Command: place_design
Attempting to get a license for feature 'Implementation' and/or device 'xc7z020'
INFO: [Common 17-349] Got license for feature 'Implementation' and/or device 'xc7z020'
INFO: [Common 17-83] Releasing license: Implementation
INFO: [DRC 23-27] Running DRC with 2 threads
INFO: [Vivado_Tcl 4-198] DRC finished with 0 Errors
INFO: [Vivado_Tcl 4-199] Please refer to the DRC report (report_drc) for more information.
Running DRC as a precondition to command place_design
INFO: [DRC 23-27] Running DRC with 2 threads
INFO: [Vivado_Tcl 4-198] DRC finished with 0 Errors
INFO: [Vivado_Tcl 4-199] Please refer to the DRC report (report_drc) for more information.
INFO: [Place 30-611] Multithreading enabled for place_design using a maximum of 2 CPUs

Starting Placer Task

Phase 1 Placer Initialization

Phase 1.1 Placer Initialization Netlist Sorting
Netlist sorting complete. Time (s): cpu = 00:00:00 ; elapsed = 00:00:00.019 . Memory (MB): peak = 1940.617 ; gain = 0.000
Phase 1.1 Placer Initialization Netlist Sorting | Checksum: 1c1bd568a

Time (s): cpu = 00:00:00 ; elapsed = 00:00:00.034 . Memory (MB): peak = 1940.617 ; gain = 0.000
Netlist sorting complete. Time (s): cpu = 00:00:00 ; elapsed = 00:00:00.017 . Memory (MB): peak = 1940.617 ; gain = 0.000

Phase 1.2 IO Placement/ Clock Placement/ Build Placer Device
Phase 1.2 IO Placement/ Clock Placement/ Build Placer Device | Checksum: 70531081

Time (s): cpu = 00:00:02 ; elapsed = 00:00:02 . Memory (MB): peak = 1940.617 ; gain = 0.000

Phase 1.3 Build Placer Netlist Model
Phase 1.3 Build Placer Netlist Model | Checksum: a7ee6d03

Time (s): cpu = 00:00:11 ; elapsed = 00:00:09 . Memory (MB): peak = 1940.617 ; gain = 0.000

Phase 1.4 Constrain Clocks/Macros
Phase 1.4 Constrain Clocks/Macros | Checksum: a7ee6d03

Time (s): cpu = 00:00:11 ; elapsed = 00:00:09 . Memory (MB): peak = 1940.617 ; gain = 0.000
Phase 1 Placer Initialization | Checksum: a7ee6d03

Time (s): cpu = 00:00:11 ; elapsed = 00:00:09 . Memory (MB): peak = 1940.617 ; gain = 0.000

Phase 2 Global Placement

Phase 2.1 Floorplanning
Phase 2.1 Floorplanning | Checksum: 138d40763

Time (s): cpu = 00:00:14 ; elapsed = 00:00:11 . Memory (MB): peak = 1940.617 ; gain = 0.000

Phase 2.2 Update Timing before SLR Path Opt
Phase 2.2 Update Timing before SLR Path Opt | Checksum: 1675a1c8e

Time (s): cpu = 00:00:17 ; elapsed = 00:00:13 . Memory (MB): peak = 1940.617 ; gain = 0.000

Phase 2.3 Post-Processing in Floorplanning
Phase 2.3 Post-Processing in Floorplanning | Checksum: 1675a1c8e

Time (s): cpu = 00:00:17 ; elapsed = 00:00:13 . Memory (MB): peak = 1940.617 ; gain = 0.000

Phase 2.4 Global Place Phase1
Phase 2.4 Global Place Phase1 | Checksum: 85e0ed94

Time (s): cpu = 00:00:29 ; elapsed = 00:00:21 . Memory (MB): peak = 1940.617 ; gain = 0.000

Phase 2.5 Global Place Phase2

Phase 2.5.1 UpdateTiming Before Physical Synthesis
Phase 2.5.1 UpdateTiming Before Physical Synthesis | Checksum: 85e0ed94

Time (s): cpu = 00:00:32 ; elapsed = 00:00:23 . Memory (MB): peak = 1940.617 ; gain = 0.000

Phase 2.5.2 Physical Synthesis In Placer
INFO: [Physopt 32-1035] Found 0 LUTNM shape to break, 178 LUT instances to create LUTNM shape
INFO: [Physopt 32-1044] Break lutnm for timing: one critical 0, two critical 0, total 0, new lutff created 0
INFO: [Physopt 32-1138] End 1 Pass. Optimized 81 nets or LUTs. Breaked 0 LUT, combined 81 existing LUTs and moved 0 existing LUT
INFO: [Physopt 32-65] No nets found for high-fanout optimization.
INFO: [Physopt 32-232] Optimized 0 net. Created 0 new instance.
INFO: [Physopt 32-775] End 1 Pass. Optimized 0 net or cell. Created 0 new cell, deleted 0 existing cell and moved 0 existing cell
INFO: [Physopt 32-670] No setup violation found.  DSP Register Optimization was not performed.
INFO: [Physopt 32-670] No setup violation found.  Shift Register to Pipeline Optimization was not performed.
INFO: [Physopt 32-670] No setup violation found.  Shift Register Optimization was not performed.
INFO: [Physopt 32-670] No setup violation found.  BRAM Register Optimization was not performed.
INFO: [Physopt 32-670] No setup violation found.  URAM Register Optimization was not performed.
INFO: [Physopt 32-949] No candidate nets found for dynamic/static region interface net replication
INFO: [Physopt 32-775] End 1 Pass. Optimized 0 net or cell. Created 0 new cell, deleted 0 existing cell and moved 0 existing cell
Netlist sorting complete. Time (s): cpu = 00:00:00 ; elapsed = 00:00:00.019 . Memory (MB): peak = 1940.617 ; gain = 0.000

Summary of Physical Synthesis Optimizations
============================================


-----------------------------------------------------------------------------------------------------------------------------------------------------------
|  Optimization                                     |  Added Cells  |  Removed Cells  |  Optimized Cells/Nets  |  Dont Touch  |  Iterations  |  Elapsed   |
-----------------------------------------------------------------------------------------------------------------------------------------------------------
|  LUT Combining                                    |            0  |             81  |                    81  |           0  |           1  |  00:00:01  |
|  Retime                                           |            0  |              0  |                     0  |           0  |           1  |  00:00:00  |
|  Very High Fanout                                 |            0  |              0  |                     0  |           0  |           1  |  00:00:00  |
|  DSP Register                                     |            0  |              0  |                     0  |           0  |           0  |  00:00:00  |
|  Shift Register to Pipeline                       |            0  |              0  |                     0  |           0  |           0  |  00:00:00  |
|  Shift Register                                   |            0  |              0  |                     0  |           0  |           0  |  00:00:00  |
|  BRAM Register                                    |            0  |              0  |                     0  |           0  |           0  |  00:00:00  |
|  URAM Register                                    |            0  |              0  |                     0  |           0  |           0  |  00:00:00  |
|  Dynamic/Static Region Interface Net Replication  |            0  |              0  |                     0  |           0  |           1  |  00:00:00  |
|  Total                                            |            0  |             81  |                    81  |           0  |           4  |  00:00:01  |
-----------------------------------------------------------------------------------------------------------------------------------------------------------


Phase 2.5.2 Physical Synthesis In Placer | Checksum: bf05f862

Time (s): cpu = 00:00:37 ; elapsed = 00:00:27 . Memory (MB): peak = 1940.617 ; gain = 0.000
Phase 2.5 Global Place Phase2 | Checksum: bd95ef02

Time (s): cpu = 00:00:39 ; elapsed = 00:00:29 . Memory (MB): peak = 1940.617 ; gain = 0.000
Phase 2 Global Placement | Checksum: bd95ef02

Time (s): cpu = 00:00:39 ; elapsed = 00:00:29 . Memory (MB): peak = 1940.617 ; gain = 0.000

Phase 3 Detail Placement

Phase 3.1 Commit Multi Column Macros
Phase 3.1 Commit Multi Column Macros | Checksum: b384e1ce

Time (s): cpu = 00:00:43 ; elapsed = 00:00:31 . Memory (MB): peak = 1940.617 ; gain = 0.000

Phase 3.2 Commit Most Macros & LUTRAMs
Phase 3.2 Commit Most Macros & LUTRAMs | Checksum: 201a1f2d3

Time (s): cpu = 00:00:48 ; elapsed = 00:00:35 . Memory (MB): peak = 1940.617 ; gain = 0.000

Phase 3.3 Area Swap Optimization
Phase 3.3 Area Swap Optimization | Checksum: 183ff557e

Time (s): cpu = 00:00:49 ; elapsed = 00:00:36 . Memory (MB): peak = 1940.617 ; gain = 0.000

Phase 3.4 Pipeline Register Optimization
Phase 3.4 Pipeline Register Optimization | Checksum: 117cf7483

Time (s): cpu = 00:00:49 ; elapsed = 00:00:36 . Memory (MB): peak = 1940.617 ; gain = 0.000

Phase 3.5 Small Shape Detail Placement
Phase 3.5 Small Shape Detail Placement | Checksum: ec0bfb63

Time (s): cpu = 00:01:00 ; elapsed = 00:00:49 . Memory (MB): peak = 1940.617 ; gain = 0.000

Phase 3.6 Re-assign LUT pins
Phase 3.6 Re-assign LUT pins | Checksum: 134f8392d

Time (s): cpu = 00:01:02 ; elapsed = 00:00:51 . Memory (MB): peak = 1940.617 ; gain = 0.000

Phase 3.7 Pipeline Register Optimization
Phase 3.7 Pipeline Register Optimization | Checksum: 22a08493e

Time (s): cpu = 00:01:02 ; elapsed = 00:00:51 . Memory (MB): peak = 1940.617 ; gain = 0.000
Phase 3 Detail Placement | Checksum: 22a08493e

Time (s): cpu = 00:01:02 ; elapsed = 00:00:51 . Memory (MB): peak = 1940.617 ; gain = 0.000

Phase 4 Post Placement Optimization and Clean-Up

Phase 4.1 Post Commit Optimization
INFO: [Timing 38-35] Done setting XDC timing constraints.

Phase 4.1.1 Post Placement Optimization
Post Placement Optimization Initialization | Checksum: 1bd4b27c8

Phase 4.1.1.1 BUFG Insertion

Starting Physical Synthesis Task

Phase 1 Physical Synthesis Initialization
INFO: [Physopt 32-721] Multithreading enabled for phys_opt_design using a maximum of 2 CPUs
INFO: [Physopt 32-619] Estimated Timing Summary | WNS=4.287 | TNS=0.000 |
Phase 1 Physical Synthesis Initialization | Checksum: 117c2de8d

Time (s): cpu = 00:00:02 ; elapsed = 00:00:00.811 . Memory (MB): peak = 1955.191 ; gain = 0.000
INFO: [Place 46-33] Processed net rst, BUFG insertion was skipped due to placement/routing conflicts.
INFO: [Place 46-56] BUFG insertion identified 1 candidate nets. Inserted BUFG: 0, Replicated BUFG Driver: 0, Skipped due to Placement/Routing Conflicts: 1, Skipped due to Timing Degradation: 0, Skipped due to netlist editing failed: 0.
Ending Physical Synthesis Task | Checksum: 18025977c

Time (s): cpu = 00:00:02 ; elapsed = 00:00:01 . Memory (MB): peak = 1955.191 ; gain = 0.000
Phase 4.1.1.1 BUFG Insertion | Checksum: 1bd4b27c8

Time (s): cpu = 00:01:15 ; elapsed = 00:01:00 . Memory (MB): peak = 1955.191 ; gain = 14.574

Phase 4.1.1.2 Post Placement Timing Optimization
INFO: [Place 30-746] Post Placement Timing Summary WNS=4.287. For the most accurate timing information please run report_timing.
Phase 4.1.1.2 Post Placement Timing Optimization | Checksum: 166746add

Time (s): cpu = 00:01:15 ; elapsed = 00:01:00 . Memory (MB): peak = 1955.191 ; gain = 14.574

Time (s): cpu = 00:01:15 ; elapsed = 00:01:00 . Memory (MB): peak = 1955.191 ; gain = 14.574
Phase 4.1 Post Commit Optimization | Checksum: 166746add

Time (s): cpu = 00:01:15 ; elapsed = 00:01:01 . Memory (MB): peak = 1955.191 ; gain = 14.574

Phase 4.2 Post Placement Cleanup
Phase 4.2 Post Placement Cleanup | Checksum: 166746add

Time (s): cpu = 00:01:16 ; elapsed = 00:01:01 . Memory (MB): peak = 1955.191 ; gain = 14.574

Phase 4.3 Placer Reporting

Phase 4.3.1 Print Estimated Congestion
INFO: [Place 30-612] Post-Placement Estimated Congestion 
 ____________________________________________________
|           | Global Congestion | Short Congestion  |
| Direction | Region Size       | Region Size       |
|___________|___________________|___________________|
|      North|                1x1|                1x1|
|___________|___________________|___________________|
|      South|                1x1|                1x1|
|___________|___________________|___________________|
|       East|                1x1|                1x1|
|___________|___________________|___________________|
|       West|                1x1|                1x1|
|___________|___________________|___________________|

Phase 4.3.1 Print Estimated Congestion | Checksum: 166746add

Time (s): cpu = 00:01:16 ; elapsed = 00:01:01 . Memory (MB): peak = 1955.191 ; gain = 14.574
Phase 4.3 Placer Reporting | Checksum: 166746add

Time (s): cpu = 00:01:16 ; elapsed = 00:01:01 . Memory (MB): peak = 1955.191 ; gain = 14.574

Phase 4.4 Final Placement Cleanup
Netlist sorting complete. Time (s): cpu = 00:00:00 ; elapsed = 00:00:00.019 . Memory (MB): peak = 1955.191 ; gain = 0.000

Time (s): cpu = 00:01:16 ; elapsed = 00:01:02 . Memory (MB): peak = 1955.191 ; gain = 14.574
Phase 4 Post Placement Optimization and Clean-Up | Checksum: 1c0e560b3

Time (s): cpu = 00:01:16 ; elapsed = 00:01:02 . Memory (MB): peak = 1955.191 ; gain = 14.574
Ending Placer Task | Checksum: 19f32400b

Time (s): cpu = 00:01:17 ; elapsed = 00:01:02 . Memory (MB): peak = 1955.191 ; gain = 14.574
82 Infos, 0 Warnings, 0 Critical Warnings and 0 Errors encountered.
place_design completed successfully
place_design: Time (s): cpu = 00:01:26 ; elapsed = 00:01:08 . Memory (MB): peak = 1955.191 ; gain = 14.574
INFO: [Vivado 12-24838] Running report commands "report_control_sets, report_io, report_utilization" in parallel.
Running report generation with 2 threads.
INFO: [Vivado 12-24828] Executing command : report_io -file bnn_board_top_io_placed.rpt
report_io: Time (s): cpu = 00:00:00 ; elapsed = 00:00:00.187 . Memory (MB): peak = 1955.191 ; gain = 0.000
INFO: [Vivado 12-24828] Executing command : report_control_sets -verbose -file bnn_board_top_control_sets_placed.rpt
report_control_sets: Time (s): cpu = 00:00:00 ; elapsed = 00:00:00.147 . Memory (MB): peak = 1955.191 ; gain = 0.000
INFO: [Vivado 12-24828] Executing command : report_utilization -file bnn_board_top_utilization_placed.rpt -pb bnn_board_top_utilization_placed.pb
INFO: [Timing 38-480] Writing timing data to binary archive.
Write ShapeDB Complete: Time (s): cpu = 00:00:00 ; elapsed = 00:00:00.099 . Memory (MB): peak = 1965.438 ; gain = 10.246
Wrote PlaceDB: Time (s): cpu = 00:00:05 ; elapsed = 00:00:03 . Memory (MB): peak = 1968.469 ; gain = 5.391
Wrote PulsedLatchDB: Time (s): cpu = 00:00:00 ; elapsed = 00:00:00 . Memory (MB): peak = 1968.469 ; gain = 0.000
Writing XDEF routing.
Writing XDEF routing logical nets.
Writing XDEF routing special nets.
Wrote RouteStorage: Time (s): cpu = 00:00:00 ; elapsed = 00:00:00.110 . Memory (MB): peak = 1968.469 ; gain = 0.000
Wrote Netlist Cache: Time (s): cpu = 00:00:00 ; elapsed = 00:00:00.067 . Memory (MB): peak = 1968.469 ; gain = 0.000
Wrote Device Cache: Time (s): cpu = 00:00:00 ; elapsed = 00:00:00.036 . Memory (MB): peak = 1968.469 ; gain = 0.000
Write Physdb Complete: Time (s): cpu = 00:00:06 ; elapsed = 00:00:04 . Memory (MB): peak = 1968.469 ; gain = 8.383
INFO: [Common 17-1381] The checkpoint 'C:/Users/yamle/OneDrive/Desktop/Project5_BNN_Safety_Complete_Pack_v1/Project5_BNN_Safety/build/BNN_Safety.runs/impl_1/bnn_board_top_placed.dcp' has been generated.
write_checkpoint: Time (s): cpu = 00:00:06 ; elapsed = 00:00:06 . Memory (MB): peak = 1968.469 ; gain = 13.277
Command: phys_opt_design
Attempting to get a license for feature 'Implementation' and/or device 'xc7z020'
INFO: [Common 17-349] Got license for feature 'Implementation' and/or device 'xc7z020'

Starting Initial Update Timing Task

Time (s): cpu = 00:00:08 ; elapsed = 00:00:05 . Memory (MB): peak = 1968.609 ; gain = 0.141
INFO: [Vivado_Tcl 4-2279] Estimated Timing Summary | WNS= 4.287 | TNS= 0.000 | 
INFO: [Vivado_Tcl 4-383] Design worst setup slack (WNS) is greater than or equal to 0.000 ns. All physical synthesis setup optimizations will be skipped.
INFO: [Vivado_Tcl 4-232] No setup violation found. The netlist was not modified.
INFO: [Common 17-83] Releasing license: Implementation
93 Infos, 0 Warnings, 0 Critical Warnings and 0 Errors encountered.
phys_opt_design completed successfully
phys_opt_design: Time (s): cpu = 00:00:09 ; elapsed = 00:00:05 . Memory (MB): peak = 1968.609 ; gain = 0.141
INFO: [Timing 38-480] Writing timing data to binary archive.
Write ShapeDB Complete: Time (s): cpu = 00:00:00 ; elapsed = 00:00:00.123 . Memory (MB): peak = 1997.793 ; gain = 11.320
Wrote PlaceDB: Time (s): cpu = 00:00:05 ; elapsed = 00:00:03 . Memory (MB): peak = 2000.863 ; gain = 5.465
Wrote PulsedLatchDB: Time (s): cpu = 00:00:00 ; elapsed = 00:00:00 . Memory (MB): peak = 2000.863 ; gain = 0.000
Writing XDEF routing.
Writing XDEF routing logical nets.
Writing XDEF routing special nets.
Wrote RouteStorage: Time (s): cpu = 00:00:00 ; elapsed = 00:00:00.111 . Memory (MB): peak = 2000.863 ; gain = 0.000
Wrote Netlist Cache: Time (s): cpu = 00:00:01 ; elapsed = 00:00:00.064 . Memory (MB): peak = 2000.863 ; gain = 0.000
Wrote Device Cache: Time (s): cpu = 00:00:00 ; elapsed = 00:00:00.035 . Memory (MB): peak = 2000.863 ; gain = 0.000
Write Physdb Complete: Time (s): cpu = 00:00:06 ; elapsed = 00:00:03 . Memory (MB): peak = 2000.863 ; gain = 5.465
INFO: [Common 17-1381] The checkpoint 'C:/Users/yamle/OneDrive/Desktop/Project5_BNN_Safety_Complete_Pack_v1/Project5_BNN_Safety/build/BNN_Safety.runs/impl_1/bnn_board_top_physopt.dcp' has been generated.
write_checkpoint: Time (s): cpu = 00:00:07 ; elapsed = 00:00:05 . Memory (MB): peak = 2000.863 ; gain = 32.254
Command: route_design
Attempting to get a license for feature 'Implementation' and/or device 'xc7z020'
INFO: [Common 17-349] Got license for feature 'Implementation' and/or device 'xc7z020'


Starting Routing Task
INFO: [Route 35-254] Multithreading enabled for route_design using a maximum of 2 CPUs

Phase 1 Build RT Design
Checksum: PlaceDB: caf32392 ConstDB: 0 ShapeSum: be45a989 RouteDB: 15f972f0
Post Restoration Checksum: NetGraph: 15a98444 | NumContArr: b61c297f | Constraints: c2a8fa9d | Timing: c2a8fa9d
Phase 1 Build RT Design | Checksum: 25117a2fd

Time (s): cpu = 00:02:00 ; elapsed = 00:01:55 . Memory (MB): peak = 2101.902 ; gain = 101.039

Phase 2 Router Initialization

Phase 2.1 Fix Topology Constraints
Phase 2.1 Fix Topology Constraints | Checksum: 25117a2fd

Time (s): cpu = 00:02:00 ; elapsed = 00:01:55 . Memory (MB): peak = 2101.902 ; gain = 101.039

Phase 2.2 Pre Route Cleanup
Phase 2.2 Pre Route Cleanup | Checksum: 25117a2fd

Time (s): cpu = 00:02:01 ; elapsed = 00:01:55 . Memory (MB): peak = 2101.902 ; gain = 101.039
 Number of Nodes with overlaps = 0

Phase 2.3 Update Timing
Phase 2.3 Update Timing | Checksum: 2156abce4

Time (s): cpu = 00:02:14 ; elapsed = 00:02:04 . Memory (MB): peak = 2148.168 ; gain = 147.305
INFO: [Route 35-416] Intermediate Timing Summary | WNS=4.565  | TNS=0.000  | WHS=-0.241 | THS=-184.996|


Phase 2.4 Update Timing for Bus Skew

Phase 2.4.1 Update Timing
Phase 2.4.1 Update Timing | Checksum: 147a9ef69

Time (s): cpu = 00:02:25 ; elapsed = 00:02:11 . Memory (MB): peak = 2148.168 ; gain = 147.305
INFO: [Route 35-416] Intermediate Timing Summary | WNS=4.565  | TNS=0.000  | WHS=-0.039 | THS=-0.039 |

Phase 2.4 Update Timing for Bus Skew | Checksum: 1c9c658c1

Time (s): cpu = 00:02:25 ; elapsed = 00:02:11 . Memory (MB): peak = 2148.168 ; gain = 147.305

Phase 2.5 Soft Constraint Pins - Fast Budgeting
Phase 2.5 Soft Constraint Pins - Fast Budgeting | Checksum: 1c9c658c1

Time (s): cpu = 00:02:26 ; elapsed = 00:02:11 . Memory (MB): peak = 2178.152 ; gain = 177.289

Router Utilization Summary
  Global Vertical Routing Utilization    = 0 %
  Global Horizontal Routing Utilization  = 0 %
  Routable Net Status*
  *Does not include unroutable nets such as driverless and loadless.
  Run report_route_status for detailed report.
  Number of Failed Nets               = 9931
    (Failed Nets is the sum of unrouted and partially routed nets)
  Number of Unrouted Nets             = 9931
  Number of Partially Routed Nets     = 0
  Number of Node Overlaps             = 0

Phase 2 Router Initialization | Checksum: 167bb3c86

Time (s): cpu = 00:02:27 ; elapsed = 00:02:12 . Memory (MB): peak = 2178.152 ; gain = 177.289

Phase 3 Global Routing
Phase 3 Global Routing | Checksum: 167bb3c86

Time (s): cpu = 00:02:27 ; elapsed = 00:02:12 . Memory (MB): peak = 2178.152 ; gain = 177.289

Phase 4 Initial Routing

Phase 4.1 Initial Net Routing Pass
Phase 4.1 Initial Net Routing Pass | Checksum: 27b18f1d8

Time (s): cpu = 00:02:34 ; elapsed = 00:02:16 . Memory (MB): peak = 2178.152 ; gain = 177.289
Phase 4 Initial Routing | Checksum: 27b18f1d8

Time (s): cpu = 00:02:34 ; elapsed = 00:02:16 . Memory (MB): peak = 2178.152 ; gain = 177.289

Phase 5 Rip-up And Reroute

Phase 5.1 Global Iteration 0
 Number of Nodes with overlaps = 1547
 Number of Nodes with overlaps = 242
 Number of Nodes with overlaps = 85
 Number of Nodes with overlaps = 28
 Number of Nodes with overlaps = 16
 Number of Nodes with overlaps = 2
 Number of Nodes with overlaps = 0
INFO: [Route 35-416] Intermediate Timing Summary | WNS=4.512  | TNS=0.000  | WHS=N/A    | THS=N/A    |

Phase 5.1 Global Iteration 0 | Checksum: 2bb9fa3bc

Time (s): cpu = 00:03:09 ; elapsed = 00:02:48 . Memory (MB): peak = 2178.152 ; gain = 177.289
Phase 5 Rip-up And Reroute | Checksum: 2bb9fa3bc

Time (s): cpu = 00:03:09 ; elapsed = 00:02:48 . Memory (MB): peak = 2178.152 ; gain = 177.289

Phase 6 Delay and Skew Optimization

Phase 6.1 Delay CleanUp

Phase 6.1.1 Update Timing
Phase 6.1.1 Update Timing | Checksum: 271d88d0b

Time (s): cpu = 00:03:10 ; elapsed = 00:02:48 . Memory (MB): peak = 2178.152 ; gain = 177.289
INFO: [Route 35-416] Intermediate Timing Summary | WNS=4.526  | TNS=0.000  | WHS=N/A    | THS=N/A    |

Phase 6.1 Delay CleanUp | Checksum: 241dbd0d5

Time (s): cpu = 00:03:10 ; elapsed = 00:02:48 . Memory (MB): peak = 2178.152 ; gain = 177.289

Phase 6.2 Clock Skew Optimization
Phase 6.2 Clock Skew Optimization | Checksum: 241dbd0d5

Time (s): cpu = 00:03:10 ; elapsed = 00:02:48 . Memory (MB): peak = 2178.152 ; gain = 177.289
Phase 6 Delay and Skew Optimization | Checksum: 241dbd0d5

Time (s): cpu = 00:03:10 ; elapsed = 00:02:49 . Memory (MB): peak = 2178.152 ; gain = 177.289

Phase 7 Post Hold Fix

Phase 7.1 Hold Fix Iter
INFO: [Route 35-416] Intermediate Timing Summary | WNS=4.526  | TNS=0.000  | WHS=0.035  | THS=0.000  |

Phase 7.1 Hold Fix Iter | Checksum: 2435483de

Time (s): cpu = 00:03:11 ; elapsed = 00:02:49 . Memory (MB): peak = 2178.152 ; gain = 177.289
Phase 7 Post Hold Fix | Checksum: 2435483de

Time (s): cpu = 00:03:11 ; elapsed = 00:02:49 . Memory (MB): peak = 2178.152 ; gain = 177.289

Phase 8 Route finalize

Router Utilization Summary
  Global Vertical Routing Utilization    = 2.0917 %
  Global Horizontal Routing Utilization  = 2.66379 %
  Routable Net Status*
  *Does not include unroutable nets such as driverless and loadless.
  Run report_route_status for detailed report.
  Number of Failed Nets               = 0
    (Failed Nets is the sum of unrouted and partially routed nets)
  Number of Unrouted Nets             = 0
  Number of Partially Routed Nets     = 0
  Number of Node Overlaps             = 0

Phase 8 Route finalize | Checksum: 2435483de

Time (s): cpu = 00:03:11 ; elapsed = 00:02:49 . Memory (MB): peak = 2178.152 ; gain = 177.289

Phase 9 Verifying routed nets

 Verification completed successfully
Phase 9 Verifying routed nets | Checksum: 2435483de

Time (s): cpu = 00:03:11 ; elapsed = 00:02:49 . Memory (MB): peak = 2178.152 ; gain = 177.289

Phase 10 Depositing Routes
Phase 10 Depositing Routes | Checksum: 20ef085b3

Time (s): cpu = 00:03:13 ; elapsed = 00:02:50 . Memory (MB): peak = 2178.152 ; gain = 177.289

Phase 11 Post Process Routing
Phase 11 Post Process Routing | Checksum: 20ef085b3

Time (s): cpu = 00:03:13 ; elapsed = 00:02:50 . Memory (MB): peak = 2178.152 ; gain = 177.289

Phase 12 Post Router Timing
INFO: [Route 35-57] Estimated Timing Summary | WNS=4.526  | TNS=0.000  | WHS=0.035  | THS=0.000  |

INFO: [Route 35-327] The final timing numbers are based on the router estimated timing analysis. For a complete and accurate timing signoff, please run report_timing_summary.
Phase 12 Post Router Timing | Checksum: 20ef085b3

Time (s): cpu = 00:03:13 ; elapsed = 00:02:50 . Memory (MB): peak = 2178.152 ; gain = 177.289
Total Elapsed time in route_design: 170.189 secs

Phase 13 Post-Route Event Processing
Phase 13 Post-Route Event Processing | Checksum: 19c06ab86

Time (s): cpu = 00:03:13 ; elapsed = 00:02:50 . Memory (MB): peak = 2178.152 ; gain = 177.289
INFO: [Route 35-16] Router Completed Successfully
Ending Routing Task | Checksum: 19c06ab86

Time (s): cpu = 00:03:13 ; elapsed = 00:02:50 . Memory (MB): peak = 2178.152 ; gain = 177.289

Routing Is Done.
INFO: [Common 17-83] Releasing license: Implementation
106 Infos, 0 Warnings, 0 Critical Warnings and 0 Errors encountered.
route_design completed successfully
route_design: Time (s): cpu = 00:03:13 ; elapsed = 00:02:51 . Memory (MB): peak = 2178.152 ; gain = 177.289
INFO: [Vivado 12-24828] Executing command : report_drc -file bnn_board_top_drc_routed.rpt -pb bnn_board_top_drc_routed.pb -rpx bnn_board_top_drc_routed.rpx
Command: report_drc -file bnn_board_top_drc_routed.rpt -pb bnn_board_top_drc_routed.pb -rpx bnn_board_top_drc_routed.rpx
INFO: [IP_Flow 19-1839] IP Catalog is up to date.
INFO: [DRC 23-27] Running DRC with 2 threads
INFO: [Vivado_Tcl 2-168] The results of DRC are in file C:/Users/yamle/OneDrive/Desktop/Project5_BNN_Safety_Complete_Pack_v1/Project5_BNN_Safety/build/BNN_Safety.runs/impl_1/bnn_board_top_drc_routed.rpt.
report_drc completed successfully
report_drc: Time (s): cpu = 00:00:24 ; elapsed = 00:00:13 . Memory (MB): peak = 2196.633 ; gain = 18.480
INFO: [Vivado 12-24828] Executing command : report_methodology -file bnn_board_top_methodology_drc_routed.rpt -pb bnn_board_top_methodology_drc_routed.pb -rpx bnn_board_top_methodology_drc_routed.rpx
Command: report_methodology -file bnn_board_top_methodology_drc_routed.rpt -pb bnn_board_top_methodology_drc_routed.pb -rpx bnn_board_top_methodology_drc_routed.rpx
INFO: [Timing 38-35] Done setting XDC timing constraints.
INFO: [DRC 23-133] Running Methodology with 2 threads
INFO: [Vivado_Tcl 2-1520] The results of Report Methodology are in file C:/Users/yamle/OneDrive/Desktop/Project5_BNN_Safety_Complete_Pack_v1/Project5_BNN_Safety/build/BNN_Safety.runs/impl_1/bnn_board_top_methodology_drc_routed.rpt.
report_methodology completed successfully
report_drc: Time (s): cpu = 00:00:38 ; elapsed = 00:00:21 . Memory (MB): peak = 2230.617 ; gain = 33.984
INFO: [Vivado 12-24828] Executing command : report_timing_summary -max_paths 10 -routable_nets -report_unconstrained -file bnn_board_top_timing_summary_routed.rpt -pb bnn_board_top_timing_summary_routed.pb -rpx bnn_board_top_timing_summary_routed.rpx -warn_on_violation 
INFO: [Timing 38-35] Done setting XDC timing constraints.
INFO: [Timing 38-91] UpdateTimingParams: Speed grade: -1, Delay Type: min_max.
INFO: [Timing 38-191] Multithreading enabled for timing update using a maximum of 2 CPUs
WARNING: [Timing 38-436] There are set_bus_skew constraint(s) in this design. Please run report_bus_skew to ensure that bus skew requirements are met.
INFO: [Vivado 12-24838] Running report commands "report_incremental_reuse, report_route_status" in parallel.
Running report generation with 2 threads.
INFO: [Vivado 12-24828] Executing command : report_incremental_reuse -file bnn_board_top_incremental_reuse_routed.rpt
INFO: [Vivado_Tcl 4-1062] Incremental flow is disabled. No incremental reuse Info to report.
INFO: [Vivado 12-24828] Executing command : report_route_status -file bnn_board_top_route_status.rpt -pb bnn_board_top_route_status.pb
INFO: [Vivado 12-24828] Executing command : report_power -file bnn_board_top_power_routed.rpt -pb bnn_board_top_power_summary_routed.pb -rpx bnn_board_top_power_routed.rpx
Command: report_power -file bnn_board_top_power_routed.rpt -pb bnn_board_top_power_summary_routed.pb -rpx bnn_board_top_power_routed.rpx
Running Vector-less Activity Propagation...

Finished Running Vector-less Activity Propagation
WARNING: [Power 33-332] Found switching activity that implies high-fanout reset nets being asserted for excessive periods of time which may result in inaccurate power analysis.
Resolution: To review and fix problems, please run Power Constraints Advisor in the GUI from Tools > Power Constraints Advisor or run report_power with the -advisory option to generate a text report.
123 Infos, 2 Warnings, 0 Critical Warnings and 0 Errors encountered.
report_power completed successfully
report_power: Time (s): cpu = 00:00:10 ; elapsed = 00:00:06 . Memory (MB): peak = 2249.395 ; gain = 18.777
INFO: [Vivado 12-24828] Executing command : report_clock_utilization -file bnn_board_top_clock_utilization_routed.rpt
INFO: [Vivado 12-24828] Executing command : report_bus_skew -warn_on_violation -file bnn_board_top_bus_skew_routed.rpt -pb bnn_board_top_bus_skew_routed.pb -rpx bnn_board_top_bus_skew_routed.rpx
INFO: [Timing 38-91] UpdateTimingParams: Speed grade: -1, Delay Type: min_max.
INFO: [Timing 38-191] Multithreading enabled for timing update using a maximum of 2 CPUs
generate_parallel_reports: Time (s): cpu = 00:01:19 ; elapsed = 00:00:46 . Memory (MB): peak = 2252.332 ; gain = 74.180
INFO: [Timing 38-480] Writing timing data to binary archive.
Write ShapeDB Complete: Time (s): cpu = 00:00:01 ; elapsed = 00:00:00.115 . Memory (MB): peak = 2282.086 ; gain = 13.301
Wrote PlaceDB: Time (s): cpu = 00:00:06 ; elapsed = 00:00:03 . Memory (MB): peak = 2286.590 ; gain = 8.750
Wrote PulsedLatchDB: Time (s): cpu = 00:00:00 ; elapsed = 00:00:00.001 . Memory (MB): peak = 2286.590 ; gain = 0.000
Writing XDEF routing.
Writing XDEF routing logical nets.
Writing XDEF routing special nets.
Wrote RouteStorage: Time (s): cpu = 00:00:01 ; elapsed = 00:00:00.450 . Memory (MB): peak = 2286.590 ; gain = 0.000
Wrote Netlist Cache: Time (s): cpu = 00:00:00 ; elapsed = 00:00:00.065 . Memory (MB): peak = 2286.590 ; gain = 0.000
Wrote Device Cache: Time (s): cpu = 00:00:00 ; elapsed = 00:00:00.032 . Memory (MB): peak = 2286.590 ; gain = 0.000
Write Physdb Complete: Time (s): cpu = 00:00:07 ; elapsed = 00:00:04 . Memory (MB): peak = 2286.590 ; gain = 11.770
INFO: [Common 17-1381] The checkpoint 'C:/Users/yamle/OneDrive/Desktop/Project5_BNN_Safety_Complete_Pack_v1/Project5_BNN_Safety/build/BNN_Safety.runs/impl_1/bnn_board_top_routed.dcp' has been generated.
write_checkpoint: Time (s): cpu = 00:00:08 ; elapsed = 00:00:06 . Memory (MB): peak = 2286.590 ; gain = 34.258
INFO: [Common 17-206] Exiting Vivado at Thu Oct  8 12:44:08 2026...
[Thu Oct  8 12:44:11 2026] impl_1 finished
wait_on_runs: Time (s): cpu = 00:00:04 ; elapsed = 00:11:22 . Memory (MB): peak = 1524.105 ; gain = 0.000
Netlist sorting complete. Time (s): cpu = 00:00:00 ; elapsed = 00:00:00.291 . Memory (MB): peak = 1524.105 ; gain = 0.000
INFO: [Netlist 29-17] Analyzing 899 Unisim elements for replacement
INFO: [Netlist 29-28] Unisim Transformation completed in 0 CPU seconds
INFO: [Project 1-479] Netlist was created with Vivado 2025.1.1
INFO: [Project 1-570] Preparing netlist for logic optimization
Read ShapeDB Complete: Time (s): cpu = 00:00:00 ; elapsed = 00:00:00.113 . Memory (MB): peak = 1524.105 ; gain = 0.000
INFO: [Timing 38-478] Restoring timing data from binary archive.
INFO: [Timing 38-479] Binary timing data restore complete.
INFO: [Project 1-856] Restoring constraints from binary archive.
INFO: [Project 1-853] Binary constraint restore complete.
INFO: [Designutils 20-5722] Start Reading Physical Databases.
Reading placement.
Read Netlist Cache: Time (s): cpu = 00:00:00 ; elapsed = 00:00:00.059 . Memory (MB): peak = 1544.277 ; gain = 0.000
Reading placer database...
Read Device Cache: Time (s): cpu = 00:00:00 ; elapsed = 00:00:00.051 . Memory (MB): peak = 1544.277 ; gain = 0.000
Read PlaceDB: Time (s): cpu = 00:00:02 ; elapsed = 00:00:02 . Memory (MB): peak = 1545.402 ; gain = 1.125
Read PulsedLatchDB: Time (s): cpu = 00:00:00 ; elapsed = 00:00:00 . Memory (MB): peak = 1545.402 ; gain = 0.000
Reading routing.
Read RouteStorage: Time (s): cpu = 00:00:01 ; elapsed = 00:00:00.637 . Memory (MB): peak = 1550.605 ; gain = 5.203
Read Physdb Files: Time (s): cpu = 00:00:03 ; elapsed = 00:00:03 . Memory (MB): peak = 1550.605 ; gain = 6.328
Restored from archive | CPU: 3.000000 secs | Memory: 0.000000 MB |
Finished XDEF File Restore: Time (s): cpu = 00:00:03 ; elapsed = 00:00:03 . Memory (MB): peak = 1550.605 ; gain = 6.328
Netlist sorting complete. Time (s): cpu = 00:00:00 ; elapsed = 00:00:00.014 . Memory (MB): peak = 1550.605 ; gain = 0.000
INFO: [Project 1-111] Unisim Transformation Summary:
  A total of 6 instances were transformed.
  RAM32M => RAM32M (RAMD32(x6), RAMS32(x2)): 6 instances

open_run: Time (s): cpu = 00:00:28 ; elapsed = 00:00:31 . Memory (MB): peak = 1550.605 ; gain = 26.500
INFO: [Timing 38-91] UpdateTimingParams: Speed grade: -1, Delay Type: min_max.
INFO: [Timing 38-191] Multithreading enabled for timing update using a maximum of 2 CPUs
WARNING: [Timing 38-436] There are set_bus_skew constraint(s) in this design. Please run report_bus_skew to ensure that bus skew requirements are met.
report_timing_summary: Time (s): cpu = 00:00:14 ; elapsed = 00:00:08 . Memory (MB): peak = 1580.875 ; gain = 30.270
Command: report_drc -file C:/Users/yamle/OneDrive/Desktop/Project5_BNN_Safety_Complete_Pack_v1/Project5_BNN_Safety/Results/run_20261008_121952_125/drc.rpt
INFO: [IP_Flow 19-1839] IP Catalog is up to date.
INFO: [DRC 23-27] Running DRC with 2 threads
INFO: [Vivado_Tcl 2-168] The results of DRC are in file C:/Users/yamle/OneDrive/Desktop/Project5_BNN_Safety_Complete_Pack_v1/Project5_BNN_Safety/Results/run_20261008_121952_125/drc.rpt.
report_drc completed successfully
report_drc: Time (s): cpu = 00:00:28 ; elapsed = 00:00:17 . Memory (MB): peak = 1723.691 ; gain = 142.816
Command: report_methodology -file C:/Users/yamle/OneDrive/Desktop/Project5_BNN_Safety_Complete_Pack_v1/Project5_BNN_Safety/Results/run_20261008_121952_125/methodology.rpt
INFO: [Timing 38-35] Done setting XDC timing constraints.
INFO: [DRC 23-133] Running Methodology with 2 threads
INFO: [Vivado_Tcl 2-1520] The results of Report Methodology are in file C:/Users/yamle/OneDrive/Desktop/Project5_BNN_Safety_Complete_Pack_v1/Project5_BNN_Safety/Results/run_20261008_121952_125/methodology.rpt.
report_methodology completed successfully
INFO: [Timing 38-91] UpdateTimingParams: No interconnect No Cell Dly, Speed grade: -1, Delay Type: min_max.
INFO: [Timing 38-191] Multithreading enabled for timing update using a maximum of 2 CPUs
INFO: [Timing 38-35] Done setting XDC timing constraints.
INFO: [Timing 38-314] The report_cdc command only analyzes and reports clock domain crossing paths where clocks have been defined on both source and destination sides. Ports with no input delay constraint are skipped. Please run check_timing to verify there are no missing clock definitions in your design, nor any unconstrained input port.
INFO: [Timing 38-91] UpdateTimingParams: Speed grade: -1, Delay Type: min_max.
INFO: [Timing 38-191] Multithreading enabled for timing update using a maximum of 2 CPUs
INFO: [Timing 38-91] UpdateTimingParams: Speed grade: -1, Delay Type: min_max.
INFO: [Timing 38-191] Multithreading enabled for timing update using a maximum of 2 CPUs
P5 routed gates pass. CDC, methodology and bus-skew reports are saved for review.
Command: write_bitstream -force C:/Users/yamle/OneDrive/Desktop/Project5_BNN_Safety_Complete_Pack_v1/Project5_BNN_Safety/Results/run_20261008_121952_125/bnn_board_top.bit
Attempting to get a license for feature 'Implementation' and/or device 'xc7z020'
INFO: [Common 17-349] Got license for feature 'Implementation' and/or device 'xc7z020'
Running DRC as a precondition to command write_bitstream
INFO: [IP_Flow 19-1839] IP Catalog is up to date.
INFO: [DRC 23-27] Running DRC with 2 threads
INFO: [Vivado 12-3199] DRC finished with 0 Errors
INFO: [Vivado 12-3200] Please refer to the DRC report (report_drc) for more information.
INFO: [Designutils 20-2272] Running write_bitstream with 2 threads.
Loading data files...
Loading site data...
Loading route data...
Processing options...
Creating bitmap...
Creating bitstream...
Writing bitstream C:/Users/yamle/OneDrive/Desktop/Project5_BNN_Safety_Complete_Pack_v1/Project5_BNN_Safety/Results/run_20261008_121952_125/bnn_board_top.bit...
INFO: [Vivado 12-1842] Bitgen Completed Successfully.
INFO: [Project 1-1876] WebTalk data collection is mandatory when using a ULT device. To see the specific WebTalk data collected for your design, open the usage_statistics_webtalk.html or usage_statistics_webtalk.xml file in the implementation directory.
INFO: [Common 17-83] Releasing license: Implementation
50 Infos, 4 Warnings, 0 Critical Warnings and 0 Errors encountered.
write_bitstream completed successfully
write_bitstream: Time (s): cpu = 00:00:49 ; elapsed = 00:00:34 . Memory (MB): peak = 2266.590 ; gain = 527.000
P5 BUILD SUCCESS: C:/Users/yamle/OneDrive/Desktop/Project5_BNN_Safety_Complete_Pack_v1/Project5_BNN_Safety/Results/run_20261008_121952_125
# set rc [catch {
#     set ver [version -short]
#     if {![string match 2025.1* $ver]} {error "Expected Vivado 2025.1 or 2025.1.1; found $ver"}
#     source [file join $p5_root Vivado create_project.tcl]
#     set datadir [string map {\\ /} $p5_root]
#     foreach {top marker uses_data} {tb_cores CORE 1 tb_diagnostics DIAGNOSTIC 0 tb_config CONFIG 0 tb_safety SAFETY 0 tb_system SYSTEM 1} {
#         set pass [file join $p5_results ${marker}_TEST_PASS.txt]
#         if {[file exists $pass]} {file delete $pass}
#         set passpath [string map {\\ /} $pass]
#         set generics [list "PASS_FILE=\"$passpath\""]
#         if {$uses_data} {lappend generics "DATA_DIR=\"$datadir\""}
#         set_property top $top [get_filesets sim_1]
#         set_property generic $generics [get_filesets sim_1]
#         set_property xsim.simulate.runtime 100ms [get_filesets sim_1]
#         update_compile_order -fileset sim_1
#         puts "P5: running $top (all checks required)."
#         launch_simulation -simset sim_1 -mode behavioral
#         close_sim
#         set simdir [file join $p5_build BNN_Safety.sim sim_1 behav xsim]
#         foreach logname {xsim.log xvlog.log elaborate.log} {
#             set p [file join $simdir $logname]
#             if {[file exists $p]} {file copy -force $p [file join $p5_results ${top}_${logname}]}
#         }
#         if {![file exists $pass]} {error "$top did not complete; missing pass marker. Inspect simulation logs."}
#         set fd [open $pass r];set text [read $fd];close $fd
#         if {![string match "PASS *" [string trim $text]]} {error "$top has an invalid pass marker."}
#     }
#     puts "P5: all simulations passed; synthesis and implementation starting."
#     launch_runs synth_1 -jobs 2
#     wait_on_runs synth_1
#     if {![string match "*synth_design Complete*" [get_property STATUS [get_runs synth_1]]]} {error "Synthesis failed."}
#     open_run synth_1
#     set latches [get_cells -hier -quiet -filter {REF_NAME =~ LD*}]
#     if {[llength $latches]} {error "Unexpected inferred latches: $latches"}
#     set dsps [get_cells -hier -quiet -filter {REF_NAME =~ DSP* && NAME =~ *system_i/*}]
#     if {[llength $dsps]} {error "BNN/safety datapath unexpectedly uses DSP blocks: $dsps"}
#     report_utilization -hierarchical -file [file join $p5_results utilization_synthesis.rpt]
#     close_design
#     launch_runs impl_1 -to_step route_design -jobs 2
#     wait_on_runs impl_1
#     if {![string match "*route_design Complete*" [get_property STATUS [get_runs impl_1]]]} {error "Routing failed."}
#     open_run impl_1
#     source [file join $p5_root Vivado collect_reports.tcl]
#     # Only publish programming artifacts after the routed checks pass.
#     write_bitstream -force [file join $p5_results bnn_board_top.bit]
#     write_debug_probes -force [file join $p5_results bnn_board_top.ltx]
#     set fd [open [file join $p5_results BUILD_SUCCESS.txt] w]
#     puts $fd "Project 5 build complete; hardware testing remains pending."
#     puts $fd "Source root: $p5_root"
#     puts $fd "Project: [file join $p5_build BNN_Safety.xpr]"
#     puts $fd "Vivado: $ver; target xc7z020clg400-1; accelerator clock 50 MHz."
#     puts $fd "Simulation: CORE, DIAGNOSTIC, CONFIG, SAFETY and SYSTEM pass."
#     puts $fd "Routed setup slack: $wns ns; hold slack: $whs ns; pulse-width failing endpoints: 0."
#     puts $fd "DRC errors: 0; datapath DSPs: 0. Review CDC/methodology warnings in these reports."
#     puts $fd "Programming pair: bnn_board_top.bit / bnn_board_top.ltx"
#     close $fd
#     set fd [open [file join $p5_root Results LATEST_SUCCESS_PATH.txt] w];puts $fd $p5_results;close $fd
#     puts "P5 BUILD SUCCESS: $p5_results"
# } message opts]
# if {$rc} {
#     catch {close_sim}
#     catch {file delete [file join $p5_results BUILD_SUCCESS.txt]}
#     set fd [open [file join $p5_results BUILD_FAILED.txt] w]
#     puts $fd $message
#     if {[dict exists $opts -errorinfo]} {puts $fd [dict get $opts -errorinfo]}
#     close $fd;puts stderr "P5 BUILD FAILED: $message";exit 1
# }
# close_project
# exit 0
INFO: [Common 17-206] Exiting Vivado at Thu Oct  8 12:45:48 2026...
